2026-05-13 17:25:52,239 - INFO - root - Hello! This is Joey-NMT (version 2.2.0).
2026-05-13 17:25:52,239 - INFO - joeynmt.helpers -                           cfg.name : bpe_2k
2026-05-13 17:25:52,239 - INFO - joeynmt.helpers -                cfg.joeynmt_version : 2.0.0
2026-05-13 17:25:52,239 - INFO - joeynmt.helpers -                     cfg.data.train : prep/train
2026-05-13 17:25:52,239 - INFO - joeynmt.helpers -                       cfg.data.dev : prep/dev
2026-05-13 17:25:52,239 - INFO - joeynmt.helpers -                      cfg.data.test : prep/test
2026-05-13 17:25:52,239 - INFO - joeynmt.helpers -              cfg.data.dataset_type : plain
2026-05-13 17:25:52,239 - INFO - joeynmt.helpers -                  cfg.data.src.lang : en
2026-05-13 17:25:52,239 - INFO - joeynmt.helpers -                 cfg.data.src.level : bpe
2026-05-13 17:25:52,239 - INFO - joeynmt.helpers -             cfg.data.src.lowercase : False
2026-05-13 17:25:52,239 - INFO - joeynmt.helpers -       cfg.data.src.max_sent_length : 100
2026-05-13 17:25:52,239 - INFO - joeynmt.helpers -              cfg.data.src.voc_file : bpe/2000/vocab.txt
2026-05-13 17:25:52,239 - INFO - joeynmt.helpers -        cfg.data.src.tokenizer_type : subword-nmt
2026-05-13 17:25:52,239 - INFO - joeynmt.helpers - cfg.data.src.tokenizer_cfg.pretokenizer : none
2026-05-13 17:25:52,239 - INFO - joeynmt.helpers - cfg.data.src.tokenizer_cfg.num_merges : 2000
2026-05-13 17:25:52,239 - INFO - joeynmt.helpers -   cfg.data.src.tokenizer_cfg.codes : bpe/2000/codes.bpe
2026-05-13 17:25:52,239 - INFO - joeynmt.helpers -                  cfg.data.trg.lang : fr
2026-05-13 17:25:52,239 - INFO - joeynmt.helpers -                 cfg.data.trg.level : bpe
2026-05-13 17:25:52,239 - INFO - joeynmt.helpers -             cfg.data.trg.lowercase : False
2026-05-13 17:25:52,239 - INFO - joeynmt.helpers -       cfg.data.trg.max_sent_length : 100
2026-05-13 17:25:52,240 - INFO - joeynmt.helpers -              cfg.data.trg.voc_file : bpe/2000/vocab.txt
2026-05-13 17:25:52,240 - INFO - joeynmt.helpers -        cfg.data.trg.tokenizer_type : subword-nmt
2026-05-13 17:25:52,240 - INFO - joeynmt.helpers - cfg.data.trg.tokenizer_cfg.pretokenizer : none
2026-05-13 17:25:52,240 - INFO - joeynmt.helpers - cfg.data.trg.tokenizer_cfg.num_merges : 2000
2026-05-13 17:25:52,240 - INFO - joeynmt.helpers -   cfg.data.trg.tokenizer_cfg.codes : bpe/2000/codes.bpe
2026-05-13 17:25:52,240 - INFO - joeynmt.helpers -              cfg.testing.beam_size : 5
2026-05-13 17:25:52,240 - INFO - joeynmt.helpers -                  cfg.testing.alpha : 1.0
2026-05-13 17:25:52,240 - INFO - joeynmt.helpers -           cfg.training.random_seed : 42
2026-05-13 17:25:52,240 - INFO - joeynmt.helpers -             cfg.training.optimizer : adam
2026-05-13 17:25:52,240 - INFO - joeynmt.helpers -         cfg.training.normalization : tokens
2026-05-13 17:25:52,240 - INFO - joeynmt.helpers -         cfg.training.learning_rate : 0.0003
2026-05-13 17:25:52,240 - INFO - joeynmt.helpers -            cfg.training.batch_size : 2048
2026-05-13 17:25:52,240 - INFO - joeynmt.helpers -            cfg.training.batch_type : token
2026-05-13 17:25:52,240 - INFO - joeynmt.helpers -       cfg.training.eval_batch_size : 1024
2026-05-13 17:25:52,240 - INFO - joeynmt.helpers -       cfg.training.eval_batch_type : token
2026-05-13 17:25:52,240 - INFO - joeynmt.helpers -            cfg.training.scheduling : plateau
2026-05-13 17:25:52,240 - INFO - joeynmt.helpers -              cfg.training.patience : 8
2026-05-13 17:25:52,240 - INFO - joeynmt.helpers -          cfg.training.weight_decay : 0.0
2026-05-13 17:25:52,240 - INFO - joeynmt.helpers -       cfg.training.decrease_factor : 0.7
2026-05-13 17:25:52,240 - INFO - joeynmt.helpers - cfg.training.early_stopping_metric : ppl
2026-05-13 17:25:52,240 - INFO - joeynmt.helpers -                cfg.training.epochs : 10
2026-05-13 17:25:52,240 - INFO - joeynmt.helpers -       cfg.training.validation_freq : 500
2026-05-13 17:25:52,240 - INFO - joeynmt.helpers -          cfg.training.logging_freq : 100
2026-05-13 17:25:52,240 - INFO - joeynmt.helpers -           cfg.training.eval_metric : bleu
2026-05-13 17:25:52,240 - INFO - joeynmt.helpers -             cfg.training.model_dir : models/bpe_2k
2026-05-13 17:25:52,240 - INFO - joeynmt.helpers -             cfg.training.overwrite : False
2026-05-13 17:25:52,240 - INFO - joeynmt.helpers -               cfg.training.shuffle : True
2026-05-13 17:25:52,240 - INFO - joeynmt.helpers -              cfg.training.use_cuda : False
2026-05-13 17:25:52,240 - INFO - joeynmt.helpers -     cfg.training.max_output_length : 100
2026-05-13 17:25:52,240 - INFO - joeynmt.helpers -     cfg.training.print_valid_sents : [0, 1, 2, 3, 4]
2026-05-13 17:25:52,240 - INFO - joeynmt.helpers -       cfg.training.label_smoothing : 0.3
2026-05-13 17:25:52,240 - INFO - joeynmt.helpers -              cfg.model.initializer : xavier_uniform
2026-05-13 17:25:52,240 - INFO - joeynmt.helpers -         cfg.model.bias_initializer : zeros
2026-05-13 17:25:52,240 - INFO - joeynmt.helpers -                cfg.model.init_gain : 1.0
2026-05-13 17:25:52,240 - INFO - joeynmt.helpers -        cfg.model.embed_initializer : xavier_uniform
2026-05-13 17:25:52,240 - INFO - joeynmt.helpers -          cfg.model.embed_init_gain : 1.0
2026-05-13 17:25:52,240 - INFO - joeynmt.helpers -          cfg.model.tied_embeddings : True
2026-05-13 17:25:52,240 - INFO - joeynmt.helpers -             cfg.model.tied_softmax : True
2026-05-13 17:25:52,240 - INFO - joeynmt.helpers -             cfg.model.encoder.type : transformer
2026-05-13 17:25:52,240 - INFO - joeynmt.helpers -       cfg.model.encoder.num_layers : 4
2026-05-13 17:25:52,240 - INFO - joeynmt.helpers -        cfg.model.encoder.num_heads : 2
2026-05-13 17:25:52,240 - INFO - joeynmt.helpers - cfg.model.encoder.embeddings.embedding_dim : 256
2026-05-13 17:25:52,240 - INFO - joeynmt.helpers - cfg.model.encoder.embeddings.scale : True
2026-05-13 17:25:52,240 - INFO - joeynmt.helpers - cfg.model.encoder.embeddings.dropout : 0
2026-05-13 17:25:52,240 - INFO - joeynmt.helpers -      cfg.model.encoder.hidden_size : 256
2026-05-13 17:25:52,240 - INFO - joeynmt.helpers -          cfg.model.encoder.ff_size : 512
2026-05-13 17:25:52,240 - INFO - joeynmt.helpers -          cfg.model.encoder.dropout : 0
2026-05-13 17:25:52,240 - INFO - joeynmt.helpers -             cfg.model.decoder.type : transformer
2026-05-13 17:25:52,240 - INFO - joeynmt.helpers -       cfg.model.decoder.num_layers : 1
2026-05-13 17:25:52,240 - INFO - joeynmt.helpers -        cfg.model.decoder.num_heads : 2
2026-05-13 17:25:52,240 - INFO - joeynmt.helpers - cfg.model.decoder.embeddings.embedding_dim : 256
2026-05-13 17:25:52,240 - INFO - joeynmt.helpers - cfg.model.decoder.embeddings.scale : True
2026-05-13 17:25:52,240 - INFO - joeynmt.helpers - cfg.model.decoder.embeddings.dropout : 0
2026-05-13 17:25:52,240 - INFO - joeynmt.helpers -      cfg.model.decoder.hidden_size : 256
2026-05-13 17:25:52,240 - INFO - joeynmt.helpers -          cfg.model.decoder.ff_size : 512
2026-05-13 17:25:52,240 - INFO - joeynmt.helpers -          cfg.model.decoder.dropout : 0
2026-05-13 17:25:52,242 - INFO - joeynmt.data - Building tokenizer...
2026-05-13 17:25:52,244 - INFO - joeynmt.tokenizers - en tokenizer: SubwordNMTTokenizer(level=bpe, lowercase=False, normalize=False, filter_by_length=(-1, -1), pretokenizer=none, tokenizer=BPE, separator=@@, dropout=0.0)
2026-05-13 17:25:52,244 - INFO - joeynmt.tokenizers - fr tokenizer: SubwordNMTTokenizer(level=bpe, lowercase=False, normalize=False, filter_by_length=(-1, -1), pretokenizer=none, tokenizer=BPE, separator=@@, dropout=0.0)
2026-05-13 17:25:52,244 - INFO - joeynmt.data - Loading train set...
2026-05-13 17:25:52,318 - INFO - joeynmt.data - Building vocabulary...
2026-05-13 17:25:52,335 - INFO - joeynmt.data - Loading dev set...
2026-05-13 17:25:52,336 - INFO - joeynmt.data - Loading test set...
2026-05-13 17:25:52,343 - INFO - joeynmt.data - Data loaded.
2026-05-13 17:25:52,343 - INFO - joeynmt.data - Train dataset: PlaintextDataset(split=train, len=100000, src_lang=en, trg_lang=fr, has_trg=True, random_subset=-1)
2026-05-13 17:25:52,343 - INFO - joeynmt.data - Valid dataset: PlaintextDataset(split=dev, len=890, src_lang=en, trg_lang=fr, has_trg=True, random_subset=-1)
2026-05-13 17:25:52,343 - INFO - joeynmt.data -  Test dataset: PlaintextDataset(split=test, len=8597, src_lang=en, trg_lang=fr, has_trg=True, random_subset=-1)
2026-05-13 17:25:52,344 - INFO - joeynmt.data - First training example:
	[SRC] Thank you so much , Ch@@ r@@ is . And it &apos;s tru@@ ly a great h@@ on@@ or to have the op@@ por@@ tun@@ ity to come to this st@@ age tw@@ ice ; I &apos;m ext@@ rem@@ ely gr@@ at@@ e@@ ful .
	[TRG] Merci beaucoup , Ch@@ r@@ is . C&apos; est vraiment un h@@ onn@@ eur de pou@@ voir ven@@ ir sur cette sc@@ ène une d@@ eu@@ x@@ i@@ ème fois . Je suis très re@@ connaiss@@ ant .
2026-05-13 17:25:52,344 - INFO - joeynmt.data - First 10 Src tokens: (0) <unk> (1) <pad> (2) <s> (3) </s> (4) , (5) . (6) the (7) de (8) a (9) to
2026-05-13 17:25:52,344 - INFO - joeynmt.data - First 10 Trg tokens: (0) <unk> (1) <pad> (2) <s> (3) </s> (4) , (5) . (6) the (7) de (8) a (9) to
2026-05-13 17:25:52,344 - INFO - joeynmt.data - Number of unique Src tokens (vocab_size): 1994
2026-05-13 17:25:52,344 - INFO - joeynmt.data - Number of unique Trg tokens (vocab_size): 1994
2026-05-13 17:25:52,344 - INFO - joeynmt.model - Building an encoder-decoder model...
2026-05-13 17:25:52,383 - INFO - joeynmt.model - Enc-dec model built.
2026-05-13 17:25:52,385 - INFO - joeynmt.model - Total params: 3409664
2026-05-13 17:25:52,385 - DEBUG - joeynmt.model - Trainable parameters: ['decoder.layers.0.dec_layer_norm.bias', 'decoder.layers.0.dec_layer_norm.weight', 'decoder.layers.0.feed_forward.layer_norm.bias', 'decoder.layers.0.feed_forward.layer_norm.weight', 'decoder.layers.0.feed_forward.pwff_layer.0.bias', 'decoder.layers.0.feed_forward.pwff_layer.0.weight', 'decoder.layers.0.feed_forward.pwff_layer.3.bias', 'decoder.layers.0.feed_forward.pwff_layer.3.weight', 'decoder.layers.0.src_trg_att.k_layer.bias', 'decoder.layers.0.src_trg_att.k_layer.weight', 'decoder.layers.0.src_trg_att.output_layer.bias', 'decoder.layers.0.src_trg_att.output_layer.weight', 'decoder.layers.0.src_trg_att.q_layer.bias', 'decoder.layers.0.src_trg_att.q_layer.weight', 'decoder.layers.0.src_trg_att.v_layer.bias', 'decoder.layers.0.src_trg_att.v_layer.weight', 'decoder.layers.0.trg_trg_att.k_layer.bias', 'decoder.layers.0.trg_trg_att.k_layer.weight', 'decoder.layers.0.trg_trg_att.output_layer.bias', 'decoder.layers.0.trg_trg_att.output_layer.weight', 'decoder.layers.0.trg_trg_att.q_layer.bias', 'decoder.layers.0.trg_trg_att.q_layer.weight', 'decoder.layers.0.trg_trg_att.v_layer.bias', 'decoder.layers.0.trg_trg_att.v_layer.weight', 'decoder.layers.0.x_layer_norm.bias', 'decoder.layers.0.x_layer_norm.weight', 'encoder.layers.0.feed_forward.layer_norm.bias', 'encoder.layers.0.feed_forward.layer_norm.weight', 'encoder.layers.0.feed_forward.pwff_layer.0.bias', 'encoder.layers.0.feed_forward.pwff_layer.0.weight', 'encoder.layers.0.feed_forward.pwff_layer.3.bias', 'encoder.layers.0.feed_forward.pwff_layer.3.weight', 'encoder.layers.0.layer_norm.bias', 'encoder.layers.0.layer_norm.weight', 'encoder.layers.0.src_src_att.k_layer.bias', 'encoder.layers.0.src_src_att.k_layer.weight', 'encoder.layers.0.src_src_att.output_layer.bias', 'encoder.layers.0.src_src_att.output_layer.weight', 'encoder.layers.0.src_src_att.q_layer.bias', 'encoder.layers.0.src_src_att.q_layer.weight', 'encoder.layers.0.src_src_att.v_layer.bias', 'encoder.layers.0.src_src_att.v_layer.weight', 'encoder.layers.1.feed_forward.layer_norm.bias', 'encoder.layers.1.feed_forward.layer_norm.weight', 'encoder.layers.1.feed_forward.pwff_layer.0.bias', 'encoder.layers.1.feed_forward.pwff_layer.0.weight', 'encoder.layers.1.feed_forward.pwff_layer.3.bias', 'encoder.layers.1.feed_forward.pwff_layer.3.weight', 'encoder.layers.1.layer_norm.bias', 'encoder.layers.1.layer_norm.weight', 'encoder.layers.1.src_src_att.k_layer.bias', 'encoder.layers.1.src_src_att.k_layer.weight', 'encoder.layers.1.src_src_att.output_layer.bias', 'encoder.layers.1.src_src_att.output_layer.weight', 'encoder.layers.1.src_src_att.q_layer.bias', 'encoder.layers.1.src_src_att.q_layer.weight', 'encoder.layers.1.src_src_att.v_layer.bias', 'encoder.layers.1.src_src_att.v_layer.weight', 'encoder.layers.2.feed_forward.layer_norm.bias', 'encoder.layers.2.feed_forward.layer_norm.weight', 'encoder.layers.2.feed_forward.pwff_layer.0.bias', 'encoder.layers.2.feed_forward.pwff_layer.0.weight', 'encoder.layers.2.feed_forward.pwff_layer.3.bias', 'encoder.layers.2.feed_forward.pwff_layer.3.weight', 'encoder.layers.2.layer_norm.bias', 'encoder.layers.2.layer_norm.weight', 'encoder.layers.2.src_src_att.k_layer.bias', 'encoder.layers.2.src_src_att.k_layer.weight', 'encoder.layers.2.src_src_att.output_layer.bias', 'encoder.layers.2.src_src_att.output_layer.weight', 'encoder.layers.2.src_src_att.q_layer.bias', 'encoder.layers.2.src_src_att.q_layer.weight', 'encoder.layers.2.src_src_att.v_layer.bias', 'encoder.layers.2.src_src_att.v_layer.weight', 'encoder.layers.3.feed_forward.layer_norm.bias', 'encoder.layers.3.feed_forward.layer_norm.weight', 'encoder.layers.3.feed_forward.pwff_layer.0.bias', 'encoder.layers.3.feed_forward.pwff_layer.0.weight', 'encoder.layers.3.feed_forward.pwff_layer.3.bias', 'encoder.layers.3.feed_forward.pwff_layer.3.weight', 'encoder.layers.3.layer_norm.bias', 'encoder.layers.3.layer_norm.weight', 'encoder.layers.3.src_src_att.k_layer.bias', 'encoder.layers.3.src_src_att.k_layer.weight', 'encoder.layers.3.src_src_att.output_layer.bias', 'encoder.layers.3.src_src_att.output_layer.weight', 'encoder.layers.3.src_src_att.q_layer.bias', 'encoder.layers.3.src_src_att.q_layer.weight', 'encoder.layers.3.src_src_att.v_layer.bias', 'encoder.layers.3.src_src_att.v_layer.weight', 'src_embed.lut.weight']
2026-05-13 17:25:52,385 - INFO - joeynmt.training - Model(
	encoder=TransformerEncoder(num_layers=4, num_heads=2, alpha=1.0, layer_norm="pre", activation=ReLU()),
	decoder=TransformerDecoder(num_layers=1, num_heads=2, alpha=1.0, layer_norm="post", activation=ReLU()),
	src_embed=Embeddings(embedding_dim=256, vocab_size=1994),
	trg_embed=Embeddings(embedding_dim=256, vocab_size=1994),
	loss_function=XentLoss(criterion=KLDivLoss(), smoothing=0.3))
2026-05-13 17:25:52,385 - INFO - joeynmt.builders - Adam(lr=0.0003, weight_decay=0.0, betas=(0.9, 0.999))
2026-05-13 17:25:52,385 - INFO - joeynmt.builders - ReduceLROnPlateau(mode=min, verbose=False, threshold_mode=abs, eps=0.0, factor=0.7, patience=8)
2026-05-13 17:25:52,385 - INFO - joeynmt.training - Train stats:
	device: cpu
	n_gpu: 0
	16-bits training: False
	gradient accumulation: 1
	batch size per device: 2048
	effective batch size (w. parallel & accumulation): 2048
2026-05-13 17:25:52,385 - INFO - joeynmt.training - EPOCH 1
2026-05-13 17:26:03,518 - INFO - joeynmt.training - Epoch   1, Step:      100, Batch Loss:     3.946320, Batch Acc: 0.053281, Tokens per Sec:     7096, Lr: 0.000300
2026-05-13 17:26:14,153 - INFO - joeynmt.training - Epoch   1, Step:      200, Batch Loss:     3.900070, Batch Acc: 0.080750, Tokens per Sec:     7282, Lr: 0.000300
2026-05-13 17:26:25,558 - INFO - joeynmt.training - Epoch   1, Step:      300, Batch Loss:     3.589443, Batch Acc: 0.093875, Tokens per Sec:     6975, Lr: 0.000300
2026-05-13 17:26:36,964 - INFO - joeynmt.training - Epoch   1, Step:      400, Batch Loss:     3.509830, Batch Acc: 0.111537, Tokens per Sec:     6832, Lr: 0.000300
2026-05-13 17:26:47,793 - INFO - joeynmt.training - Epoch   1, Step:      500, Batch Loss:     3.341849, Batch Acc: 0.126722, Tokens per Sec:     7353, Lr: 0.000300
2026-05-13 17:26:47,793 - WARNING - joeynmt.helpers - `alpha` option is obsolete. Please use `beam_alpha`, instead.
2026-05-13 17:26:47,793 - INFO - joeynmt.prediction - Predicting 890 example(s)... (Greedy decoding with min_output_length=1, max_output_length=-1, return_prob='none', generate_unk=True, repetition_penalty=-1, no_repeat_ngram_size=-1)
2026-05-13 17:27:49,659 - INFO - joeynmt.prediction - Evaluation result (greedy) loss:   3.44, ppl:  31.07, acc:   0.12, generation: 61.8563[sec], evaluation: 0.0000[sec]
2026-05-13 17:27:49,660 - INFO - joeynmt.training - Hooray! New best validation result [ppl]!
2026-05-13 17:27:49,714 - INFO - joeynmt.training - Example #0
2026-05-13 17:27:49,714 - DEBUG - joeynmt.training - 	Tokenized source:     ['L@@', 'ast', 'year', 'I', 'sho@@', 'w@@', 'ed', 'these', 'two', 's@@', 'li@@', 'des', 'so', 'that', 'dem@@', 'on@@', 'str@@', 'ate', 'that', 'the', 'ar@@', 'c@@', 'tic', 'ice', 'c@@', 'a@@', 'p', ',', 'which', 'for', 'most', 'of', 'the', 'last', 'three', 'million', 'years', 'has', 'been', 'the', 'si@@', 'ze', 'of', 'the', 'lo@@', 'wer', '4@@', '8', 'st@@', 'ates', ',', 'has', 'sh@@', 'r@@', 'un@@', 'k', 'by', '4@@', '0', 'percent', '.']
2026-05-13 17:27:49,714 - DEBUG - joeynmt.training - 	Tokenized reference:  ['L&apos;', 'année', 'derni@@', 'ère', ',', 'je', 'vous', 'ai', 'présent@@', 'é', 'ces', 'deux', 'di@@', 'apos@@', 'iti@@', 'ves', 'qui', 'montr@@', 'aient', 'que', 'la', 'cal@@', 'ot@@', 'te', 'gl@@', 'ac@@', 'ière', 'ar@@', 'c@@', 'tique', ',', 'qui', 'pendant', 'ces', '3', 'derni@@', 'ers', 'millions', 'd&apos;', 'année', 'avait', 'la', 't@@', 'ail@@', 'le', 'des', 'E@@', 'tat@@', 's-@@', 'Un@@', 'is', 'sans', 'l&apos;', 'Al@@', 'as@@', 'k@@', 'a', ',', 'qui', 'pendant', 'ces', '3', 'derni@@', 'ers', 'millions', 'd&apos;', 'année', 'avait', 'la', 't@@', 'ail@@', 'le', 'des', 'E@@', 'tat@@', 's-@@', 'Un@@', 'is', 'sans', 'l&apos;', 'Al@@', 'as@@', 'k@@', 'a', ',', 'avait', 'di@@', 'minu@@', 'é', 'de', '4@@', '0', '%', '.']
2026-05-13 17:27:49,714 - DEBUG - joeynmt.training - 	Tokenized hypothesis: ['Il', 'ai', 'un', 'c@@', 'é', 'que', 'je', 'ai', 'un', 'c@@', 'é', 'de', 'la', 'c@@', 'é', 'de', 'la', 'c@@', 'é@@', 'é@@', 'é@@', 'é@@', 'é@@', 'é@@', 'é@@', 'é@@', 'é@@', 'é@@', 'c@@', 'é@@', 'c@@', 'é@@', 'é@@', 'é@@', 'c@@', 'é@@', 'c@@', 't@@', 'é', ',', 'et', 'les', 'c@@', 'é@@', 'c@@', 'é@@', 'c@@', 'é', ',', 'et', 'et', 'et', 'et', 'et', 'et', 'et', 'et', 'et', 'et', 'et', 'et', 'et', 'et', 'les', 'c@@', 'er', 'les', 'c@@', 'é@@', 'c@@', 'é@@', 'c@@', 'é@@', 'é@@', 'c@@', 'é@@', 'c@@', 'é@@', 'c@@', 'é@@', 'c@@', 'é', '.', '</s>']
2026-05-13 17:27:49,714 - INFO - joeynmt.training - 	Source:     Last year I showed these two slides so that demonstrate that the arctic ice cap , which for most of the last three million years has been the size of the lower 48 states , has shrunk by 40 percent .
2026-05-13 17:27:49,714 - INFO - joeynmt.training - 	Reference:  L&apos; année dernière , je vous ai présenté ces deux diapositives qui montraient que la calotte glacière arctique , qui pendant ces 3 derniers millions d&apos; année avait la taille des Etats-Unis sans l&apos; Alaska , qui pendant ces 3 derniers millions d&apos; année avait la taille des Etats-Unis sans l&apos; Alaska , avait diminué de 40 % .
2026-05-13 17:27:49,714 - INFO - joeynmt.training - 	Hypothesis: Il ai un cé que je ai un cé de la cé de la céééééééééécécééécécté , et les cécécé , et et et et et et et et et et et et et et les cer les cécécéécécécécé .
2026-05-13 17:27:49,714 - INFO - joeynmt.training - Example #1
2026-05-13 17:27:49,714 - DEBUG - joeynmt.training - 	Tokenized source:     ['But', 'this', 'underst@@', 'ates', 'the', 'ser@@', 'i@@', 'ous@@', 'ness', 'of', 'this', 'partic@@', 'ul@@', 'ar', 'problem', 'because', 'it', 'doesn', '&apos;t', 'show', 'the', 'th@@', 'ick@@', 'ness', 'of', 'the', 'ice', '.']
2026-05-13 17:27:49,714 - DEBUG - joeynmt.training - 	Tokenized reference:  ['Mais', 'ceci', 'ten@@', 'd', 'à', 'a@@', 'mo@@', 'ind@@', 'rir', 'le', 'problème', 'parce', 'qu&apos;', 'on', 'ne', 'vo@@', 'it', 'pas', 'l&apos;', 'é@@', 'p@@', 'aiss@@', 'eur', 'de', 'la', 'gl@@', 'ace', '.']
2026-05-13 17:27:49,714 - DEBUG - joeynmt.training - 	Tokenized hypothesis: ['Mais', 'il', 'y', 'a', 'un', 'm@@', 'ez', 'le', 'le', 'le', 'le', 'le', 'le', 'le', 'le', 'le', '.', 'Mais', 'il', 'est', 'la', 'm@@', 'er', 'le', '.', '</s>']
2026-05-13 17:27:49,715 - INFO - joeynmt.training - 	Source:     But this understates the seriousness of this particular problem because it doesn &apos;t show the thickness of the ice .
2026-05-13 17:27:49,715 - INFO - joeynmt.training - 	Reference:  Mais ceci tend à amoindrir le problème parce qu&apos; on ne voit pas l&apos; épaisseur de la glace .
2026-05-13 17:27:49,715 - INFO - joeynmt.training - 	Hypothesis: Mais il y a un mez le le le le le le le le le . Mais il est la mer le .
2026-05-13 17:27:49,715 - INFO - joeynmt.training - Example #2
2026-05-13 17:27:49,715 - DEBUG - joeynmt.training - 	Tokenized source:     ['The', 'ar@@', 'c@@', 'tic', 'ice', 'c@@', 'a@@', 'p', 'is', ',', 'in', 'a', 'sense', ',', 'the', 'be@@', 'ating', 'he@@', 'art', 'of', 'the', 'glob@@', 'al', 'cli@@', 'm@@', 'ate', 'system', '.']
2026-05-13 17:27:49,715 - DEBUG - joeynmt.training - 	Tokenized reference:  ['On', 'peut', 'voir', 'la', 'cal@@', 'ot@@', 'te', 'gl@@', 'ac@@', 'ière', 'ar@@', 'c@@', 'tique', 'comme', 'le', 'co@@', 'eur', 'du', 'système', 'cli@@', 'ma@@', 'tique', 'glob@@', 'al', '.', 'On', 'peut', 'voir', 'la', 'cal@@', 'ot@@', 'te', 'gl@@', 'ac@@', 'ière', 'ar@@', 'c@@', 'tique', 'comme', 'le', 'co@@', 'eur', 'du', 'système', 'cli@@', 'ma@@', 'tique', 'glob@@', 'al', '.']
2026-05-13 17:27:49,715 - DEBUG - joeynmt.training - 	Tokenized hypothesis: ['Le', 'une', 'm@@', 'é@@', 'é@@', 'é@@', 'é@@', 'é@@', 'é@@', 'é@@', 'é@@', 'é@@', 'é@@', 'é@@', 'é@@', 'é@@', 'é@@', 'é@@', 'é@@', 'é@@', 'é@@', 'é@@', 'é@@', 'é@@', 'é@@', 'é@@', 'é@@', 'é@@', 'é@@', 'é@@', 'é@@', 'é@@', 'é@@', 'é@@', 'é@@', 'é@@', 'é@@', 'é@@', 'é@@', 'é@@', 'é@@', 'é@@', 'é@@', 'é@@', 'é@@', 'é@@', 'é@@', 'é@@', 'é@@', 'é@@', 'é@@', 'é@@', 'é@@', 'é@@', 'é@@', 'é@@', 'é@@', 'é@@', 'é@@', 'é@@', 'é@@', 'é@@', 'é@@', 'é@@', 'é@@', 'é@@', 'é@@', 'é@@', 'é@@', 'é@@', 'é@@', 'é@@', 'é@@', 'é@@', 'é@@', 'é@@', 'é@@', 'é@@', 'é@@', 'é@@', 'é@@', 'é@@', 'é@@', 'é@@', 'é@@', 'é@@', 'é@@', 'é@@', 'é@@', 'é@@', 'é@@', 'é@@', 'é@@', 'é@@', 'é@@', 'é@@', 'é@@', 'é@@', 'é@@', 'é@@', 'é@@', 'é@@']
2026-05-13 17:27:49,715 - INFO - joeynmt.training - 	Source:     The arctic ice cap is , in a sense , the beating heart of the global climate system .
2026-05-13 17:27:49,715 - INFO - joeynmt.training - 	Reference:  On peut voir la calotte glacière arctique comme le coeur du système climatique global . On peut voir la calotte glacière arctique comme le coeur du système climatique global .
2026-05-13 17:27:49,715 - INFO - joeynmt.training - 	Hypothesis: Le une mééééééééééééééééééééééééééééééééééééééééééééééééééééééééééééééééééééééééééééééééééééééééééééééééééé
2026-05-13 17:27:49,715 - INFO - joeynmt.training - Example #3
2026-05-13 17:27:49,715 - DEBUG - joeynmt.training - 	Tokenized source:     ['It', 'exp@@', 'ands', 'in', 'w@@', 'int@@', 'er', 'and', 'contr@@', 'ac@@', 'ts', 'in', 'su@@', 'm@@', 'mer', '.']
2026-05-13 17:27:49,715 - DEBUG - joeynmt.training - 	Tokenized reference:  ['Elle', 's&apos;', 'ét@@', 'end', 'en', 'hi@@', 'ver', 'et', 'se', 'contr@@', 'ac@@', 'te', 'en', 'été', '.']
2026-05-13 17:27:49,715 - DEBUG - joeynmt.training - 	Tokenized hypothesis: ['Il', 'est', 'la', 'm@@', 'é@@', 'é@@', 'é@@', 'é@@', 'é@@', 'é@@', 'é@@', 'é@@', 'é@@', 'é@@', 'é@@', 'é@@', 'é@@', 'é@@', 'é@@', 'é@@', 'é@@', 'é@@', 'é@@', 'é@@', 'é@@', 'é@@', 'é@@', 'é@@', 'é@@', 'é@@', 'é@@', 'é@@', 'é@@', 'é@@', 'é@@', 'é@@', 'é@@', 'é@@', 'é@@', 'é@@', 'é@@', 'é@@', 'é@@', 'é@@', 'é@@', 'é@@', 'é@@', 'é@@', 'é@@', 'é@@', 'é@@', 'é@@', 'é@@', 'é@@', 'é@@', 'é@@', 'é@@', 'é@@', 'é@@', 'é@@', 'é@@', 'é@@', 'é@@', 'é@@', 'é@@', 'é@@', 'é@@', 'é@@', 'é@@', 'é@@', 'é@@', 'é@@', 'é@@', 'é@@', 'é@@', 'é@@', 'é@@', 'é@@', 'é@@', 'é@@', 'é@@', 'é@@', 'é@@', 'é@@', 'é@@', 'é@@', 'é@@', 'é@@', 'é@@', 'é@@', 'é@@', 'é@@', 'é@@', 'é@@', 'é@@', 'é@@', 'é@@', 'é@@', 'é@@', 'é@@', 'é@@', 'é@@']
2026-05-13 17:27:49,715 - INFO - joeynmt.training - 	Source:     It expands in winter and contracts in summer .
2026-05-13 17:27:49,715 - INFO - joeynmt.training - 	Reference:  Elle s&apos; étend en hiver et se contracte en été .
2026-05-13 17:27:49,715 - INFO - joeynmt.training - 	Hypothesis: Il est la méééééééééééééééééééééééééééééééééééééééééééééééééééééééééééééééééééééééééééééééééééééééééééééééééé
2026-05-13 17:27:49,715 - INFO - joeynmt.training - Example #4
2026-05-13 17:27:49,715 - DEBUG - joeynmt.training - 	Tokenized source:     ['The', 'next', 's@@', 'li@@', 'de', 'I', 'show', 'you', 'will', 'be', 'a', 'rap@@', 'id', 'fas@@', 't-@@', 'for@@', 'w@@', 'ard', 'of', 'what', '&apos;s', 'happen@@', 'ed', 'over', 'the', 'last', '2@@', '5', 'years', '.']
2026-05-13 17:27:49,715 - DEBUG - joeynmt.training - 	Tokenized reference:  ['La', 'pro@@', 'ch@@', 'aine', 'di@@', 'apos@@', 'iti@@', 've', 'que', 'je', 'vais', 'vous', 'montrer', 'est', 'une', 'v@@', 'ue', 'en', 'acc@@', 'él@@', 'ér@@', 'é', 'de', 'ce', 'qui', 's&apos;', 'est', 'passé', 'ces', '2@@', '5', 'derni@@', 'ères', 'années', '.']
2026-05-13 17:27:49,715 - DEBUG - joeynmt.training - 	Tokenized hypothesis: ['Il', 'est', 'la', 'm@@', 'ez', 'que', 'vous', 'vous', 'vous', 'vous', 'vous', 'vous', 'vous', 'vous', 'vous', 'vous', 'vous', 'vous', 'vous', 'vous', 'vous', 'vous', 'vous', 'vous', 'vous', 'vous', 'vous', 'vous', 'vous', 'vous', 'vous', 'vous', 'vous', 'vous', 'vous', 'vous', 'vous', 'vous', 'vous', 'vous', 'vous', 'vous', 'vous', 'vous', 'vous', 'vous', 'vous', 'vous', 'vous', 'vous', 'vous', 'est', 'le', 'm@@', 'ez', '.', '</s>']
2026-05-13 17:27:49,715 - INFO - joeynmt.training - 	Source:     The next slide I show you will be a rapid fast-forward of what &apos;s happened over the last 25 years .
2026-05-13 17:27:49,715 - INFO - joeynmt.training - 	Reference:  La prochaine diapositive que je vais vous montrer est une vue en accéléré de ce qui s&apos; est passé ces 25 dernières années .
2026-05-13 17:27:49,715 - INFO - joeynmt.training - 	Hypothesis: Il est la mez que vous vous vous vous vous vous vous vous vous vous vous vous vous vous vous vous vous vous vous vous vous vous vous vous vous vous vous vous vous vous vous vous vous vous vous vous vous vous vous vous vous vous vous vous vous est le mez .
2026-05-13 17:28:00,915 - INFO - joeynmt.training - Epoch   1, Step:      600, Batch Loss:     3.344329, Batch Acc: 0.137208, Tokens per Sec:     7008, Lr: 0.000300
2026-05-13 17:28:11,476 - INFO - joeynmt.training - Epoch   1, Step:      700, Batch Loss:     3.340512, Batch Acc: 0.148882, Tokens per Sec:     7401, Lr: 0.000300
2026-05-13 17:28:22,358 - INFO - joeynmt.training - Epoch   1, Step:      800, Batch Loss:     3.220689, Batch Acc: 0.159778, Tokens per Sec:     7277, Lr: 0.000300
2026-05-13 17:28:33,292 - INFO - joeynmt.training - Epoch   1, Step:      900, Batch Loss:     3.087991, Batch Acc: 0.174197, Tokens per Sec:     7225, Lr: 0.000300
2026-05-13 17:28:44,089 - INFO - joeynmt.training - Epoch   1, Step:     1000, Batch Loss:     3.060227, Batch Acc: 0.186238, Tokens per Sec:     7213, Lr: 0.000300
2026-05-13 17:28:44,089 - WARNING - joeynmt.helpers - `alpha` option is obsolete. Please use `beam_alpha`, instead.
2026-05-13 17:28:44,089 - INFO - joeynmt.prediction - Predicting 890 example(s)... (Greedy decoding with min_output_length=1, max_output_length=-1, return_prob='none', generate_unk=True, repetition_penalty=-1, no_repeat_ngram_size=-1)
2026-05-13 17:29:25,187 - INFO - joeynmt.prediction - Evaluation result (greedy) loss:   3.07, ppl:  21.61, acc:   0.18, generation: 41.0938[sec], evaluation: 0.0000[sec]
2026-05-13 17:29:25,188 - INFO - joeynmt.training - Hooray! New best validation result [ppl]!
2026-05-13 17:29:25,246 - INFO - joeynmt.training - Example #0
2026-05-13 17:29:25,246 - DEBUG - joeynmt.training - 	Tokenized source:     ['L@@', 'ast', 'year', 'I', 'sho@@', 'w@@', 'ed', 'these', 'two', 's@@', 'li@@', 'des', 'so', 'that', 'dem@@', 'on@@', 'str@@', 'ate', 'that', 'the', 'ar@@', 'c@@', 'tic', 'ice', 'c@@', 'a@@', 'p', ',', 'which', 'for', 'most', 'of', 'the', 'last', 'three', 'million', 'years', 'has', 'been', 'the', 'si@@', 'ze', 'of', 'the', 'lo@@', 'wer', '4@@', '8', 'st@@', 'ates', ',', 'has', 'sh@@', 'r@@', 'un@@', 'k', 'by', '4@@', '0', 'percent', '.']
2026-05-13 17:29:25,246 - DEBUG - joeynmt.training - 	Tokenized reference:  ['L&apos;', 'année', 'derni@@', 'ère', ',', 'je', 'vous', 'ai', 'présent@@', 'é', 'ces', 'deux', 'di@@', 'apos@@', 'iti@@', 'ves', 'qui', 'montr@@', 'aient', 'que', 'la', 'cal@@', 'ot@@', 'te', 'gl@@', 'ac@@', 'ière', 'ar@@', 'c@@', 'tique', ',', 'qui', 'pendant', 'ces', '3', 'derni@@', 'ers', 'millions', 'd&apos;', 'année', 'avait', 'la', 't@@', 'ail@@', 'le', 'des', 'E@@', 'tat@@', 's-@@', 'Un@@', 'is', 'sans', 'l&apos;', 'Al@@', 'as@@', 'k@@', 'a', ',', 'qui', 'pendant', 'ces', '3', 'derni@@', 'ers', 'millions', 'd&apos;', 'année', 'avait', 'la', 't@@', 'ail@@', 'le', 'des', 'E@@', 'tat@@', 's-@@', 'Un@@', 'is', 'sans', 'l&apos;', 'Al@@', 'as@@', 'k@@', 'a', ',', 'avait', 'di@@', 'minu@@', 'é', 'de', '4@@', '0', '%', '.']
2026-05-13 17:29:25,246 - DEBUG - joeynmt.training - 	Tokenized hypothesis: ['P@@', 'our@@', 'que', 'j&apos;', 'ai', 'commencé', 'à', 'ce', 'que', 'j&apos;', 'ai', 'commencé', 'à', 'l&apos;', 'é@@', 'c@@', 'it@@', 'é', ',', 'et', 'les', 'gens', 'qui', 'sont', 'des', 'gens', 'qui', 'sont', 'des', 'des', 'des', 'des', 'b@@', 'é@@', 'b@@', 'é@@', 'c@@', 'é@@', 'c@@', 'ér@@', 'ér@@', 'ér@@', 'ér@@', 'ér@@', 'ér@@', 'ér@@', 'ér@@', 'ér@@', 'ér@@', 'ér@@', 'ér@@', 'ér@@', 'ér@@', 'ér@@', 'ér@@', 'ér@@', 'ér@@', 'é', ',', 'et', 'les', 'gens', '.', '</s>']
2026-05-13 17:29:25,246 - INFO - joeynmt.training - 	Source:     Last year I showed these two slides so that demonstrate that the arctic ice cap , which for most of the last three million years has been the size of the lower 48 states , has shrunk by 40 percent .
2026-05-13 17:29:25,246 - INFO - joeynmt.training - 	Reference:  L&apos; année dernière , je vous ai présenté ces deux diapositives qui montraient que la calotte glacière arctique , qui pendant ces 3 derniers millions d&apos; année avait la taille des Etats-Unis sans l&apos; Alaska , qui pendant ces 3 derniers millions d&apos; année avait la taille des Etats-Unis sans l&apos; Alaska , avait diminué de 40 % .
2026-05-13 17:29:25,246 - INFO - joeynmt.training - 	Hypothesis: Pourque j&apos; ai commencé à ce que j&apos; ai commencé à l&apos; écité , et les gens qui sont des gens qui sont des des des des bébécécéréréréréréréréréréréréréréréréréréré , et les gens .
2026-05-13 17:29:25,246 - INFO - joeynmt.training - Example #1
2026-05-13 17:29:25,246 - DEBUG - joeynmt.training - 	Tokenized source:     ['But', 'this', 'underst@@', 'ates', 'the', 'ser@@', 'i@@', 'ous@@', 'ness', 'of', 'this', 'partic@@', 'ul@@', 'ar', 'problem', 'because', 'it', 'doesn', '&apos;t', 'show', 'the', 'th@@', 'ick@@', 'ness', 'of', 'the', 'ice', '.']
2026-05-13 17:29:25,246 - DEBUG - joeynmt.training - 	Tokenized reference:  ['Mais', 'ceci', 'ten@@', 'd', 'à', 'a@@', 'mo@@', 'ind@@', 'rir', 'le', 'problème', 'parce', 'qu&apos;', 'on', 'ne', 'vo@@', 'it', 'pas', 'l&apos;', 'é@@', 'p@@', 'aiss@@', 'eur', 'de', 'la', 'gl@@', 'ace', '.']
2026-05-13 17:29:25,246 - DEBUG - joeynmt.training - 	Tokenized hypothesis: ['Mais', 'je', 'ne', 'ne', 'ne', 'ne', 'ne', 'ne', 'ne', 'ne', 'ne', 'ne', 'ne', 'ne', 'ne', 'ne', 'ne', 'ne', 'ne', 'ne', 'ne', 'ne', 'ne', 'ne', 'pas', 'pas', 'le', 'monde', '.', '</s>']
2026-05-13 17:29:25,246 - INFO - joeynmt.training - 	Source:     But this understates the seriousness of this particular problem because it doesn &apos;t show the thickness of the ice .
2026-05-13 17:29:25,246 - INFO - joeynmt.training - 	Reference:  Mais ceci tend à amoindrir le problème parce qu&apos; on ne voit pas l&apos; épaisseur de la glace .
2026-05-13 17:29:25,246 - INFO - joeynmt.training - 	Hypothesis: Mais je ne ne ne ne ne ne ne ne ne ne ne ne ne ne ne ne ne ne ne ne ne ne pas pas le monde .
2026-05-13 17:29:25,246 - INFO - joeynmt.training - Example #2
2026-05-13 17:29:25,247 - DEBUG - joeynmt.training - 	Tokenized source:     ['The', 'ar@@', 'c@@', 'tic', 'ice', 'c@@', 'a@@', 'p', 'is', ',', 'in', 'a', 'sense', ',', 'the', 'be@@', 'ating', 'he@@', 'art', 'of', 'the', 'glob@@', 'al', 'cli@@', 'm@@', 'ate', 'system', '.']
2026-05-13 17:29:25,247 - DEBUG - joeynmt.training - 	Tokenized reference:  ['On', 'peut', 'voir', 'la', 'cal@@', 'ot@@', 'te', 'gl@@', 'ac@@', 'ière', 'ar@@', 'c@@', 'tique', 'comme', 'le', 'co@@', 'eur', 'du', 'système', 'cli@@', 'ma@@', 'tique', 'glob@@', 'al', '.', 'On', 'peut', 'voir', 'la', 'cal@@', 'ot@@', 'te', 'gl@@', 'ac@@', 'ière', 'ar@@', 'c@@', 'tique', 'comme', 'le', 'co@@', 'eur', 'du', 'système', 'cli@@', 'ma@@', 'tique', 'glob@@', 'al', '.']
2026-05-13 17:29:25,247 - DEBUG - joeynmt.training - 	Tokenized hypothesis: ['La', 'm@@', 'ér@@', 'ér@@', 'ér@@', 'é', ',', 'le', 'monde', ',', 'le', 'monde', 'est', 'une', 'v@@', 'ér@@', 'ér@@', 'ér@@', 'ér@@', 'ér@@', 'ér@@', 'ér@@', 'ér@@', 'ér@@', 'é', '.', '</s>']
2026-05-13 17:29:25,247 - INFO - joeynmt.training - 	Source:     The arctic ice cap is , in a sense , the beating heart of the global climate system .
2026-05-13 17:29:25,247 - INFO - joeynmt.training - 	Reference:  On peut voir la calotte glacière arctique comme le coeur du système climatique global . On peut voir la calotte glacière arctique comme le coeur du système climatique global .
2026-05-13 17:29:25,247 - INFO - joeynmt.training - 	Hypothesis: La méréréré , le monde , le monde est une véréréréréréréréréré .
2026-05-13 17:29:25,247 - INFO - joeynmt.training - Example #3
2026-05-13 17:29:25,247 - DEBUG - joeynmt.training - 	Tokenized source:     ['It', 'exp@@', 'ands', 'in', 'w@@', 'int@@', 'er', 'and', 'contr@@', 'ac@@', 'ts', 'in', 'su@@', 'm@@', 'mer', '.']
2026-05-13 17:29:25,247 - DEBUG - joeynmt.training - 	Tokenized reference:  ['Elle', 's&apos;', 'ét@@', 'end', 'en', 'hi@@', 'ver', 'et', 'se', 'contr@@', 'ac@@', 'te', 'en', 'été', '.']
2026-05-13 17:29:25,247 - DEBUG - joeynmt.training - 	Tokenized hypothesis: ['Il', 'a', 'été', 'de', 'la', 'm@@', 'è@@', 'le', '.', '</s>']
2026-05-13 17:29:25,247 - INFO - joeynmt.training - 	Source:     It expands in winter and contracts in summer .
2026-05-13 17:29:25,247 - INFO - joeynmt.training - 	Reference:  Elle s&apos; étend en hiver et se contracte en été .
2026-05-13 17:29:25,247 - INFO - joeynmt.training - 	Hypothesis: Il a été de la mèle .
2026-05-13 17:29:25,247 - INFO - joeynmt.training - Example #4
2026-05-13 17:29:25,247 - DEBUG - joeynmt.training - 	Tokenized source:     ['The', 'next', 's@@', 'li@@', 'de', 'I', 'show', 'you', 'will', 'be', 'a', 'rap@@', 'id', 'fas@@', 't-@@', 'for@@', 'w@@', 'ard', 'of', 'what', '&apos;s', 'happen@@', 'ed', 'over', 'the', 'last', '2@@', '5', 'years', '.']
2026-05-13 17:29:25,247 - DEBUG - joeynmt.training - 	Tokenized reference:  ['La', 'pro@@', 'ch@@', 'aine', 'di@@', 'apos@@', 'iti@@', 've', 'que', 'je', 'vais', 'vous', 'montrer', 'est', 'une', 'v@@', 'ue', 'en', 'acc@@', 'él@@', 'ér@@', 'é', 'de', 'ce', 'qui', 's&apos;', 'est', 'passé', 'ces', '2@@', '5', 'derni@@', 'ères', 'années', '.']
2026-05-13 17:29:25,247 - DEBUG - joeynmt.training - 	Tokenized hypothesis: ['La', 'm@@', 'aison', ',', 'je', 'vais', 'vous', 'vous', 'vous', 'vous', 'vous', 'vous', 'vous', 'vous', 'vous', 'vous', 'vous', 'vous', 'vous', 'vous', 'vous', 'vous', 'vous', 'vous', 'vous', 'vous', 'vous', 'vous', 'vous', 'vous', 'vous', 'vous', 'vous', 'vous', 'vous', 'vous', 'vous', 'vous', 'ez', '.', '</s>']
2026-05-13 17:29:25,247 - INFO - joeynmt.training - 	Source:     The next slide I show you will be a rapid fast-forward of what &apos;s happened over the last 25 years .
2026-05-13 17:29:25,247 - INFO - joeynmt.training - 	Reference:  La prochaine diapositive que je vais vous montrer est une vue en accéléré de ce qui s&apos; est passé ces 25 dernières années .
2026-05-13 17:29:25,247 - INFO - joeynmt.training - 	Hypothesis: La maison , je vais vous vous vous vous vous vous vous vous vous vous vous vous vous vous vous vous vous vous vous vous vous vous vous vous vous vous vous vous vous vous vous vous ez .
2026-05-13 17:29:35,912 - INFO - joeynmt.training - Epoch   1, Step:     1100, Batch Loss:     2.883842, Batch Acc: 0.202117, Tokens per Sec:     7232, Lr: 0.000300
2026-05-13 17:29:46,533 - INFO - joeynmt.training - Epoch   1, Step:     1200, Batch Loss:     2.905850, Batch Acc: 0.215786, Tokens per Sec:     7478, Lr: 0.000300
2026-05-13 17:29:57,334 - INFO - joeynmt.training - Epoch   1, Step:     1300, Batch Loss:     2.802431, Batch Acc: 0.229933, Tokens per Sec:     7304, Lr: 0.000300
2026-05-13 17:30:07,938 - INFO - joeynmt.training - Epoch   1, Step:     1400, Batch Loss:     2.738362, Batch Acc: 0.243039, Tokens per Sec:     7353, Lr: 0.000300
2026-05-13 17:30:18,538 - INFO - joeynmt.training - Epoch   1, Step:     1500, Batch Loss:     2.584996, Batch Acc: 0.251360, Tokens per Sec:     7438, Lr: 0.000300
2026-05-13 17:30:18,538 - WARNING - joeynmt.helpers - `alpha` option is obsolete. Please use `beam_alpha`, instead.
2026-05-13 17:30:18,538 - INFO - joeynmt.prediction - Predicting 890 example(s)... (Greedy decoding with min_output_length=1, max_output_length=-1, return_prob='none', generate_unk=True, repetition_penalty=-1, no_repeat_ngram_size=-1)
2026-05-13 17:31:09,646 - INFO - joeynmt.prediction - Evaluation result (greedy) loss:   2.75, ppl:  15.59, acc:   0.24, generation: 51.1024[sec], evaluation: 0.0000[sec]
2026-05-13 17:31:09,647 - INFO - joeynmt.training - Hooray! New best validation result [ppl]!
2026-05-13 17:31:09,697 - INFO - joeynmt.training - Example #0
2026-05-13 17:31:09,697 - DEBUG - joeynmt.training - 	Tokenized source:     ['L@@', 'ast', 'year', 'I', 'sho@@', 'w@@', 'ed', 'these', 'two', 's@@', 'li@@', 'des', 'so', 'that', 'dem@@', 'on@@', 'str@@', 'ate', 'that', 'the', 'ar@@', 'c@@', 'tic', 'ice', 'c@@', 'a@@', 'p', ',', 'which', 'for', 'most', 'of', 'the', 'last', 'three', 'million', 'years', 'has', 'been', 'the', 'si@@', 'ze', 'of', 'the', 'lo@@', 'wer', '4@@', '8', 'st@@', 'ates', ',', 'has', 'sh@@', 'r@@', 'un@@', 'k', 'by', '4@@', '0', 'percent', '.']
2026-05-13 17:31:09,697 - DEBUG - joeynmt.training - 	Tokenized reference:  ['L&apos;', 'année', 'derni@@', 'ère', ',', 'je', 'vous', 'ai', 'présent@@', 'é', 'ces', 'deux', 'di@@', 'apos@@', 'iti@@', 'ves', 'qui', 'montr@@', 'aient', 'que', 'la', 'cal@@', 'ot@@', 'te', 'gl@@', 'ac@@', 'ière', 'ar@@', 'c@@', 'tique', ',', 'qui', 'pendant', 'ces', '3', 'derni@@', 'ers', 'millions', 'd&apos;', 'année', 'avait', 'la', 't@@', 'ail@@', 'le', 'des', 'E@@', 'tat@@', 's-@@', 'Un@@', 'is', 'sans', 'l&apos;', 'Al@@', 'as@@', 'k@@', 'a', ',', 'qui', 'pendant', 'ces', '3', 'derni@@', 'ers', 'millions', 'd&apos;', 'année', 'avait', 'la', 't@@', 'ail@@', 'le', 'des', 'E@@', 'tat@@', 's-@@', 'Un@@', 'is', 'sans', 'l&apos;', 'Al@@', 'as@@', 'k@@', 'a', ',', 'avait', 'di@@', 'minu@@', 'é', 'de', '4@@', '0', '%', '.']
2026-05-13 17:31:09,697 - DEBUG - joeynmt.training - 	Tokenized hypothesis: ['Et', 'les', 'gens', 'j&apos;', 'ai', 'été', 'été', 'de', 'ces', 'choses', 'qui', 'ont', 'été', 'été', 'été', 'de', 'la', 't@@', 'ête', ',', 'qui', 'a', 'été', 'été', 'été', 'été', 'été', 'de', 'la', 't@@', 'ête', 'de', 'la', 't@@', 'ête', 'de', 'la', 'première', 'fois', ',', 'qui', 'a', 'été', 'été', 'été', 'été', 'été', 'de', 'la', 't@@', 'ard', 'de', 'la', 'm@@', 'è@@', 'le', 'de', 'la', 't@@', 'ard', 'de', 'la', 'm@@', 'è@@', 'tement', 'de', 'la', 'v@@', 'ér@@', 'ation', '.', '</s>']
2026-05-13 17:31:09,697 - INFO - joeynmt.training - 	Source:     Last year I showed these two slides so that demonstrate that the arctic ice cap , which for most of the last three million years has been the size of the lower 48 states , has shrunk by 40 percent .
2026-05-13 17:31:09,697 - INFO - joeynmt.training - 	Reference:  L&apos; année dernière , je vous ai présenté ces deux diapositives qui montraient que la calotte glacière arctique , qui pendant ces 3 derniers millions d&apos; année avait la taille des Etats-Unis sans l&apos; Alaska , qui pendant ces 3 derniers millions d&apos; année avait la taille des Etats-Unis sans l&apos; Alaska , avait diminué de 40 % .
2026-05-13 17:31:09,697 - INFO - joeynmt.training - 	Hypothesis: Et les gens j&apos; ai été été de ces choses qui ont été été été de la tête , qui a été été été été été de la tête de la tête de la première fois , qui a été été été été été de la tard de la mèle de la tard de la mètement de la vération .
2026-05-13 17:31:09,697 - INFO - joeynmt.training - Example #1
2026-05-13 17:31:09,697 - DEBUG - joeynmt.training - 	Tokenized source:     ['But', 'this', 'underst@@', 'ates', 'the', 'ser@@', 'i@@', 'ous@@', 'ness', 'of', 'this', 'partic@@', 'ul@@', 'ar', 'problem', 'because', 'it', 'doesn', '&apos;t', 'show', 'the', 'th@@', 'ick@@', 'ness', 'of', 'the', 'ice', '.']
2026-05-13 17:31:09,697 - DEBUG - joeynmt.training - 	Tokenized reference:  ['Mais', 'ceci', 'ten@@', 'd', 'à', 'a@@', 'mo@@', 'ind@@', 'rir', 'le', 'problème', 'parce', 'qu&apos;', 'on', 'ne', 'vo@@', 'it', 'pas', 'l&apos;', 'é@@', 'p@@', 'aiss@@', 'eur', 'de', 'la', 'gl@@', 'ace', '.']
2026-05-13 17:31:09,697 - DEBUG - joeynmt.training - 	Tokenized hypothesis: ['Mais', 'ce', 'qui', 'est', 'la', 'v@@', 'ér@@', 'ation', 'de', 'la', 'façon', 'de', 'la', 'façon', 'de', 'la', 'façon', 'dont', 'nous', 'avons', 'pas', 'la', 'façon', 'de', 'la', 'même', 'même', 'même', 'de', 'la', 'façon', 'de', 'la', 'façon', 'de', 'la', 'façon', '.', '</s>']
2026-05-13 17:31:09,697 - INFO - joeynmt.training - 	Source:     But this understates the seriousness of this particular problem because it doesn &apos;t show the thickness of the ice .
2026-05-13 17:31:09,697 - INFO - joeynmt.training - 	Reference:  Mais ceci tend à amoindrir le problème parce qu&apos; on ne voit pas l&apos; épaisseur de la glace .
2026-05-13 17:31:09,697 - INFO - joeynmt.training - 	Hypothesis: Mais ce qui est la vération de la façon de la façon de la façon dont nous avons pas la façon de la même même même de la façon de la façon de la façon .
2026-05-13 17:31:09,697 - INFO - joeynmt.training - Example #2
2026-05-13 17:31:09,697 - DEBUG - joeynmt.training - 	Tokenized source:     ['The', 'ar@@', 'c@@', 'tic', 'ice', 'c@@', 'a@@', 'p', 'is', ',', 'in', 'a', 'sense', ',', 'the', 'be@@', 'ating', 'he@@', 'art', 'of', 'the', 'glob@@', 'al', 'cli@@', 'm@@', 'ate', 'system', '.']
2026-05-13 17:31:09,697 - DEBUG - joeynmt.training - 	Tokenized reference:  ['On', 'peut', 'voir', 'la', 'cal@@', 'ot@@', 'te', 'gl@@', 'ac@@', 'ière', 'ar@@', 'c@@', 'tique', 'comme', 'le', 'co@@', 'eur', 'du', 'système', 'cli@@', 'ma@@', 'tique', 'glob@@', 'al', '.', 'On', 'peut', 'voir', 'la', 'cal@@', 'ot@@', 'te', 'gl@@', 'ac@@', 'ière', 'ar@@', 'c@@', 'tique', 'comme', 'le', 'co@@', 'eur', 'du', 'système', 'cli@@', 'ma@@', 'tique', 'glob@@', 'al', '.']
2026-05-13 17:31:09,698 - DEBUG - joeynmt.training - 	Tokenized hypothesis: ['La', 'première', 'fois', 'de', 'la', 't@@', 'eur', ',', 'la', 'la', 'la', 'la', 'la', 'la', 'façon', ',', 'la', 'façon', 'de', 'la', 's@@', 'éri@@', 'e', 'de', 'la', 't@@', 'eur', '.', '</s>']
2026-05-13 17:31:09,698 - INFO - joeynmt.training - 	Source:     The arctic ice cap is , in a sense , the beating heart of the global climate system .
2026-05-13 17:31:09,698 - INFO - joeynmt.training - 	Reference:  On peut voir la calotte glacière arctique comme le coeur du système climatique global . On peut voir la calotte glacière arctique comme le coeur du système climatique global .
2026-05-13 17:31:09,698 - INFO - joeynmt.training - 	Hypothesis: La première fois de la teur , la la la la la la façon , la façon de la série de la teur .
2026-05-13 17:31:09,698 - INFO - joeynmt.training - Example #3
2026-05-13 17:31:09,698 - DEBUG - joeynmt.training - 	Tokenized source:     ['It', 'exp@@', 'ands', 'in', 'w@@', 'int@@', 'er', 'and', 'contr@@', 'ac@@', 'ts', 'in', 'su@@', 'm@@', 'mer', '.']
2026-05-13 17:31:09,698 - DEBUG - joeynmt.training - 	Tokenized reference:  ['Elle', 's&apos;', 'ét@@', 'end', 'en', 'hi@@', 'ver', 'et', 'se', 'contr@@', 'ac@@', 'te', 'en', 'été', '.']
2026-05-13 17:31:09,698 - DEBUG - joeynmt.training - 	Tokenized hypothesis: ['Il', 'y', 'a', 'des', 'm@@', 'è@@', 'nes', 'et', 'de', 'la', 't@@', 't@@', 'eur', '.', '</s>']
2026-05-13 17:31:09,698 - INFO - joeynmt.training - 	Source:     It expands in winter and contracts in summer .
2026-05-13 17:31:09,698 - INFO - joeynmt.training - 	Reference:  Elle s&apos; étend en hiver et se contracte en été .
2026-05-13 17:31:09,698 - INFO - joeynmt.training - 	Hypothesis: Il y a des mènes et de la tteur .
2026-05-13 17:31:09,698 - INFO - joeynmt.training - Example #4
2026-05-13 17:31:09,698 - DEBUG - joeynmt.training - 	Tokenized source:     ['The', 'next', 's@@', 'li@@', 'de', 'I', 'show', 'you', 'will', 'be', 'a', 'rap@@', 'id', 'fas@@', 't-@@', 'for@@', 'w@@', 'ard', 'of', 'what', '&apos;s', 'happen@@', 'ed', 'over', 'the', 'last', '2@@', '5', 'years', '.']
2026-05-13 17:31:09,698 - DEBUG - joeynmt.training - 	Tokenized reference:  ['La', 'pro@@', 'ch@@', 'aine', 'di@@', 'apos@@', 'iti@@', 've', 'que', 'je', 'vais', 'vous', 'montrer', 'est', 'une', 'v@@', 'ue', 'en', 'acc@@', 'él@@', 'ér@@', 'é', 'de', 'ce', 'qui', 's&apos;', 'est', 'passé', 'ces', '2@@', '5', 'derni@@', 'ères', 'années', '.']
2026-05-13 17:31:09,698 - DEBUG - joeynmt.training - 	Tokenized hypothesis: ['La', 'première', 'fois', 'que', 'je', 'me', 'me', 'me', 'me', 'me', 'me', 'me', 'me', 'dé@@', 'f@@', 'i', 'de', 'la', 'façon', 'de', 'la', 'première', 'fois', 'que', 'c&apos;', 'est', 'la', 'première', 'fois', '.', '</s>']
2026-05-13 17:31:09,698 - INFO - joeynmt.training - 	Source:     The next slide I show you will be a rapid fast-forward of what &apos;s happened over the last 25 years .
2026-05-13 17:31:09,698 - INFO - joeynmt.training - 	Reference:  La prochaine diapositive que je vais vous montrer est une vue en accéléré de ce qui s&apos; est passé ces 25 dernières années .
2026-05-13 17:31:09,698 - INFO - joeynmt.training - 	Hypothesis: La première fois que je me me me me me me me me défi de la façon de la première fois que c&apos; est la première fois .
2026-05-13 17:31:20,614 - INFO - joeynmt.training - Epoch   1, Step:     1600, Batch Loss:     2.740294, Batch Acc: 0.260986, Tokens per Sec:     7071, Lr: 0.000300
2026-05-13 17:31:31,574 - INFO - joeynmt.training - Epoch   1, Step:     1700, Batch Loss:     2.634878, Batch Acc: 0.266876, Tokens per Sec:     6921, Lr: 0.000300
2026-05-13 17:31:42,388 - INFO - joeynmt.training - Epoch   1, Step:     1800, Batch Loss:     2.541609, Batch Acc: 0.278900, Tokens per Sec:     7220, Lr: 0.000300
2026-05-13 17:31:53,255 - INFO - joeynmt.training - Epoch   1, Step:     1900, Batch Loss:     2.425010, Batch Acc: 0.293271, Tokens per Sec:     7258, Lr: 0.000300
2026-05-13 17:32:03,747 - INFO - joeynmt.training - Epoch   1, Step:     2000, Batch Loss:     2.357814, Batch Acc: 0.306151, Tokens per Sec:     7389, Lr: 0.000300
2026-05-13 17:32:03,747 - WARNING - joeynmt.helpers - `alpha` option is obsolete. Please use `beam_alpha`, instead.
2026-05-13 17:32:03,747 - INFO - joeynmt.prediction - Predicting 890 example(s)... (Greedy decoding with min_output_length=1, max_output_length=-1, return_prob='none', generate_unk=True, repetition_penalty=-1, no_repeat_ngram_size=-1)
2026-05-13 17:32:40,977 - INFO - joeynmt.prediction - Evaluation result (greedy) loss:   2.54, ppl:  12.69, acc:   0.28, generation: 37.2251[sec], evaluation: 0.0000[sec]
2026-05-13 17:32:40,978 - INFO - joeynmt.training - Hooray! New best validation result [ppl]!
2026-05-13 17:32:41,031 - INFO - joeynmt.training - Example #0
2026-05-13 17:32:41,031 - DEBUG - joeynmt.training - 	Tokenized source:     ['L@@', 'ast', 'year', 'I', 'sho@@', 'w@@', 'ed', 'these', 'two', 's@@', 'li@@', 'des', 'so', 'that', 'dem@@', 'on@@', 'str@@', 'ate', 'that', 'the', 'ar@@', 'c@@', 'tic', 'ice', 'c@@', 'a@@', 'p', ',', 'which', 'for', 'most', 'of', 'the', 'last', 'three', 'million', 'years', 'has', 'been', 'the', 'si@@', 'ze', 'of', 'the', 'lo@@', 'wer', '4@@', '8', 'st@@', 'ates', ',', 'has', 'sh@@', 'r@@', 'un@@', 'k', 'by', '4@@', '0', 'percent', '.']
2026-05-13 17:32:41,031 - DEBUG - joeynmt.training - 	Tokenized reference:  ['L&apos;', 'année', 'derni@@', 'ère', ',', 'je', 'vous', 'ai', 'présent@@', 'é', 'ces', 'deux', 'di@@', 'apos@@', 'iti@@', 'ves', 'qui', 'montr@@', 'aient', 'que', 'la', 'cal@@', 'ot@@', 'te', 'gl@@', 'ac@@', 'ière', 'ar@@', 'c@@', 'tique', ',', 'qui', 'pendant', 'ces', '3', 'derni@@', 'ers', 'millions', 'd&apos;', 'année', 'avait', 'la', 't@@', 'ail@@', 'le', 'des', 'E@@', 'tat@@', 's-@@', 'Un@@', 'is', 'sans', 'l&apos;', 'Al@@', 'as@@', 'k@@', 'a', ',', 'qui', 'pendant', 'ces', '3', 'derni@@', 'ers', 'millions', 'd&apos;', 'année', 'avait', 'la', 't@@', 'ail@@', 'le', 'des', 'E@@', 'tat@@', 's-@@', 'Un@@', 'is', 'sans', 'l&apos;', 'Al@@', 'as@@', 'k@@', 'a', ',', 'avait', 'di@@', 'minu@@', 'é', 'de', '4@@', '0', '%', '.']
2026-05-13 17:32:41,031 - DEBUG - joeynmt.training - 	Tokenized hypothesis: ['P@@', 'our@@', 'quoi', 'j&apos;', 'ai', 'commencé', 'à', 'ces', 'deux', 'deux', 'deux', 'ans', 'qui', 'a', 'été', 'été', 'dé@@', 'c@@', 'c@@', 'c@@', 'c@@', 'c@@', 'c@@', 'c@@', 'é@@', 'tique', ',', 'qui', 'est', 'le', 'plus', 'plus', 'de', 'la', 'plus', 'de', 'la', 'plu@@', 'part', 'de', 'la', 'plu@@', 'part', 'de', 'la', 'plu@@', 'part', 'de', 'la', 'plu@@', 'part', 'de', '4@@', '0', '%', 'de', '4@@', '0', '%', 'de', '4@@', '0', '%', 'de', '4@@', '0', '%', 'de', '4@@', '0', '%', '.', '</s>']
2026-05-13 17:32:41,031 - INFO - joeynmt.training - 	Source:     Last year I showed these two slides so that demonstrate that the arctic ice cap , which for most of the last three million years has been the size of the lower 48 states , has shrunk by 40 percent .
2026-05-13 17:32:41,032 - INFO - joeynmt.training - 	Reference:  L&apos; année dernière , je vous ai présenté ces deux diapositives qui montraient que la calotte glacière arctique , qui pendant ces 3 derniers millions d&apos; année avait la taille des Etats-Unis sans l&apos; Alaska , qui pendant ces 3 derniers millions d&apos; année avait la taille des Etats-Unis sans l&apos; Alaska , avait diminué de 40 % .
2026-05-13 17:32:41,032 - INFO - joeynmt.training - 	Hypothesis: Pourquoi j&apos; ai commencé à ces deux deux deux ans qui a été été décccccccétique , qui est le plus plus de la plus de la plupart de la plupart de la plupart de la plupart de 40 % de 40 % de 40 % de 40 % de 40 % .
2026-05-13 17:32:41,032 - INFO - joeynmt.training - Example #1
2026-05-13 17:32:41,032 - DEBUG - joeynmt.training - 	Tokenized source:     ['But', 'this', 'underst@@', 'ates', 'the', 'ser@@', 'i@@', 'ous@@', 'ness', 'of', 'this', 'partic@@', 'ul@@', 'ar', 'problem', 'because', 'it', 'doesn', '&apos;t', 'show', 'the', 'th@@', 'ick@@', 'ness', 'of', 'the', 'ice', '.']
2026-05-13 17:32:41,032 - DEBUG - joeynmt.training - 	Tokenized reference:  ['Mais', 'ceci', 'ten@@', 'd', 'à', 'a@@', 'mo@@', 'ind@@', 'rir', 'le', 'problème', 'parce', 'qu&apos;', 'on', 'ne', 'vo@@', 'it', 'pas', 'l&apos;', 'é@@', 'p@@', 'aiss@@', 'eur', 'de', 'la', 'gl@@', 'ace', '.']
2026-05-13 17:32:41,032 - DEBUG - joeynmt.training - 	Tokenized hypothesis: ['Mais', 'ce', 'qui', 'est', 'la', 'plu@@', 'part', 'de', 'la', 'plu@@', 'part', 'de', 'ce', 'qui', 'ne', 'sont', 'pas', 'le', 'problème', 'parce', 'que', 'c&apos;', 'est', 'le', 'problème', 'de', 'l&apos;', 'histoire', '.', '</s>']
2026-05-13 17:32:41,032 - INFO - joeynmt.training - 	Source:     But this understates the seriousness of this particular problem because it doesn &apos;t show the thickness of the ice .
2026-05-13 17:32:41,032 - INFO - joeynmt.training - 	Reference:  Mais ceci tend à amoindrir le problème parce qu&apos; on ne voit pas l&apos; épaisseur de la glace .
2026-05-13 17:32:41,032 - INFO - joeynmt.training - 	Hypothesis: Mais ce qui est la plupart de la plupart de ce qui ne sont pas le problème parce que c&apos; est le problème de l&apos; histoire .
2026-05-13 17:32:41,032 - INFO - joeynmt.training - Example #2
2026-05-13 17:32:41,032 - DEBUG - joeynmt.training - 	Tokenized source:     ['The', 'ar@@', 'c@@', 'tic', 'ice', 'c@@', 'a@@', 'p', 'is', ',', 'in', 'a', 'sense', ',', 'the', 'be@@', 'ating', 'he@@', 'art', 'of', 'the', 'glob@@', 'al', 'cli@@', 'm@@', 'ate', 'system', '.']
2026-05-13 17:32:41,032 - DEBUG - joeynmt.training - 	Tokenized reference:  ['On', 'peut', 'voir', 'la', 'cal@@', 'ot@@', 'te', 'gl@@', 'ac@@', 'ière', 'ar@@', 'c@@', 'tique', 'comme', 'le', 'co@@', 'eur', 'du', 'système', 'cli@@', 'ma@@', 'tique', 'glob@@', 'al', '.', 'On', 'peut', 'voir', 'la', 'cal@@', 'ot@@', 'te', 'gl@@', 'ac@@', 'ière', 'ar@@', 'c@@', 'tique', 'comme', 'le', 'co@@', 'eur', 'du', 'système', 'cli@@', 'ma@@', 'tique', 'glob@@', 'al', '.']
2026-05-13 17:32:41,032 - DEBUG - joeynmt.training - 	Tokenized hypothesis: ['Le', 'c@@', 'entre', 'de', 'l&apos;', 'é@@', 'c@@', 'c@@', 'c@@', 'c@@', 'elle', ',', 'est', 'une', 'm@@', 'aison', 'de', 'l&apos;', 'é@@', 'c@@', 'entre', 'de', 'l&apos;', 'é@@', 'c@@', 'ause', 'de', 'l&apos;', 'é@@', 'c@@', 'elle', '.', '</s>']
2026-05-13 17:32:41,032 - INFO - joeynmt.training - 	Source:     The arctic ice cap is , in a sense , the beating heart of the global climate system .
2026-05-13 17:32:41,032 - INFO - joeynmt.training - 	Reference:  On peut voir la calotte glacière arctique comme le coeur du système climatique global . On peut voir la calotte glacière arctique comme le coeur du système climatique global .
2026-05-13 17:32:41,032 - INFO - joeynmt.training - 	Hypothesis: Le centre de l&apos; éccccelle , est une maison de l&apos; écentre de l&apos; écause de l&apos; écelle .
2026-05-13 17:32:41,032 - INFO - joeynmt.training - Example #3
2026-05-13 17:32:41,032 - DEBUG - joeynmt.training - 	Tokenized source:     ['It', 'exp@@', 'ands', 'in', 'w@@', 'int@@', 'er', 'and', 'contr@@', 'ac@@', 'ts', 'in', 'su@@', 'm@@', 'mer', '.']
2026-05-13 17:32:41,032 - DEBUG - joeynmt.training - 	Tokenized reference:  ['Elle', 's&apos;', 'ét@@', 'end', 'en', 'hi@@', 'ver', 'et', 'se', 'contr@@', 'ac@@', 'te', 'en', 'été', '.']
2026-05-13 17:32:41,032 - DEBUG - joeynmt.training - 	Tokenized hypothesis: ['Il', 'y', 'a', 'des', 'm@@', 'auv@@', 'res', 'et', 'en', 'fait', '.', '</s>']
2026-05-13 17:32:41,032 - INFO - joeynmt.training - 	Source:     It expands in winter and contracts in summer .
2026-05-13 17:32:41,032 - INFO - joeynmt.training - 	Reference:  Elle s&apos; étend en hiver et se contracte en été .
2026-05-13 17:32:41,032 - INFO - joeynmt.training - 	Hypothesis: Il y a des mauvres et en fait .
2026-05-13 17:32:41,032 - INFO - joeynmt.training - Example #4
2026-05-13 17:32:41,032 - DEBUG - joeynmt.training - 	Tokenized source:     ['The', 'next', 's@@', 'li@@', 'de', 'I', 'show', 'you', 'will', 'be', 'a', 'rap@@', 'id', 'fas@@', 't-@@', 'for@@', 'w@@', 'ard', 'of', 'what', '&apos;s', 'happen@@', 'ed', 'over', 'the', 'last', '2@@', '5', 'years', '.']
2026-05-13 17:32:41,032 - DEBUG - joeynmt.training - 	Tokenized reference:  ['La', 'pro@@', 'ch@@', 'aine', 'di@@', 'apos@@', 'iti@@', 've', 'que', 'je', 'vais', 'vous', 'montrer', 'est', 'une', 'v@@', 'ue', 'en', 'acc@@', 'él@@', 'ér@@', 'é', 'de', 'ce', 'qui', 's&apos;', 'est', 'passé', 'ces', '2@@', '5', 'derni@@', 'ères', 'années', '.']
2026-05-13 17:32:41,032 - DEBUG - joeynmt.training - 	Tokenized hypothesis: ['Le', 'm@@', 'auv@@', 'ai@@', 'se', 'de', 'de', 'vous', 'vous', 'vous', 'avez', 'un', 'b@@', 'â@@', 'ge', 'de', 'ce', 'qui', 'est', 'en', 'fait', 'ce', 'qui', 'est', 'en', 'fait', '.', '</s>']
2026-05-13 17:32:41,032 - INFO - joeynmt.training - 	Source:     The next slide I show you will be a rapid fast-forward of what &apos;s happened over the last 25 years .
2026-05-13 17:32:41,032 - INFO - joeynmt.training - 	Reference:  La prochaine diapositive que je vais vous montrer est une vue en accéléré de ce qui s&apos; est passé ces 25 dernières années .
2026-05-13 17:32:41,032 - INFO - joeynmt.training - 	Hypothesis: Le mauvaise de de vous vous vous avez un bâge de ce qui est en fait ce qui est en fait .
2026-05-13 17:32:52,167 - INFO - joeynmt.training - Epoch   1, Step:     2100, Batch Loss:     2.337756, Batch Acc: 0.311229, Tokens per Sec:     6946, Lr: 0.000300
2026-05-13 17:33:02,903 - INFO - joeynmt.training - Epoch   1, Step:     2200, Batch Loss:     2.574233, Batch Acc: 0.319128, Tokens per Sec:     7166, Lr: 0.000300
2026-05-13 17:33:13,815 - INFO - joeynmt.training - Epoch   1, Step:     2300, Batch Loss:     2.330899, Batch Acc: 0.335350, Tokens per Sec:     7227, Lr: 0.000300
2026-05-13 17:33:24,586 - INFO - joeynmt.training - Epoch   1, Step:     2400, Batch Loss:     2.320357, Batch Acc: 0.337454, Tokens per Sec:     7142, Lr: 0.000300
2026-05-13 17:33:35,512 - INFO - joeynmt.training - Epoch   1, Step:     2500, Batch Loss:     2.441379, Batch Acc: 0.349257, Tokens per Sec:     7137, Lr: 0.000300
2026-05-13 17:33:35,512 - WARNING - joeynmt.helpers - `alpha` option is obsolete. Please use `beam_alpha`, instead.
2026-05-13 17:33:35,512 - INFO - joeynmt.prediction - Predicting 890 example(s)... (Greedy decoding with min_output_length=1, max_output_length=-1, return_prob='none', generate_unk=True, repetition_penalty=-1, no_repeat_ngram_size=-1)
2026-05-13 17:34:11,028 - INFO - joeynmt.prediction - Evaluation result (greedy) loss:   2.37, ppl:  10.75, acc:   0.32, generation: 35.5109[sec], evaluation: 0.0000[sec]
2026-05-13 17:34:11,029 - INFO - joeynmt.training - Hooray! New best validation result [ppl]!
2026-05-13 17:34:11,081 - INFO - joeynmt.training - Example #0
2026-05-13 17:34:11,081 - DEBUG - joeynmt.training - 	Tokenized source:     ['L@@', 'ast', 'year', 'I', 'sho@@', 'w@@', 'ed', 'these', 'two', 's@@', 'li@@', 'des', 'so', 'that', 'dem@@', 'on@@', 'str@@', 'ate', 'that', 'the', 'ar@@', 'c@@', 'tic', 'ice', 'c@@', 'a@@', 'p', ',', 'which', 'for', 'most', 'of', 'the', 'last', 'three', 'million', 'years', 'has', 'been', 'the', 'si@@', 'ze', 'of', 'the', 'lo@@', 'wer', '4@@', '8', 'st@@', 'ates', ',', 'has', 'sh@@', 'r@@', 'un@@', 'k', 'by', '4@@', '0', 'percent', '.']
2026-05-13 17:34:11,081 - DEBUG - joeynmt.training - 	Tokenized reference:  ['L&apos;', 'année', 'derni@@', 'ère', ',', 'je', 'vous', 'ai', 'présent@@', 'é', 'ces', 'deux', 'di@@', 'apos@@', 'iti@@', 'ves', 'qui', 'montr@@', 'aient', 'que', 'la', 'cal@@', 'ot@@', 'te', 'gl@@', 'ac@@', 'ière', 'ar@@', 'c@@', 'tique', ',', 'qui', 'pendant', 'ces', '3', 'derni@@', 'ers', 'millions', 'd&apos;', 'année', 'avait', 'la', 't@@', 'ail@@', 'le', 'des', 'E@@', 'tat@@', 's-@@', 'Un@@', 'is', 'sans', 'l&apos;', 'Al@@', 'as@@', 'k@@', 'a', ',', 'qui', 'pendant', 'ces', '3', 'derni@@', 'ers', 'millions', 'd&apos;', 'année', 'avait', 'la', 't@@', 'ail@@', 'le', 'des', 'E@@', 'tat@@', 's-@@', 'Un@@', 'is', 'sans', 'l&apos;', 'Al@@', 'as@@', 'k@@', 'a', ',', 'avait', 'di@@', 'minu@@', 'é', 'de', '4@@', '0', '%', '.']
2026-05-13 17:34:11,081 - DEBUG - joeynmt.training - 	Tokenized hypothesis: ['Et', 'le', 'an', 'a', 'deux', 'ans', ',', 'deux', 'deux', 'deux', 'deux', 'fois', 'que', 'ces', 'deux', 'qui', 'a', 'été', 'dé@@', 'c@@', 'a@@', 'th@@', 'è@@', 'ce', 'qui', 'a', 'été', 'été', 'de', 'la', 'derni@@', 'ère', 'derni@@', 'er', 'de', 'trois', 'ans', ',', 'qui', 'a', 'été', 'été', 'été', 'été', 'été', 'été', 'été', 'été', 'de', 'la', 'plan@@', 'ète', ',', 'la', 'plan@@', 'ète', ',', 'la', 'plan@@', 'ète', ',', 'il', 'y', 'a', '4@@', '0', '%', 'par', '4@@', '0', '%', '.', '</s>']
2026-05-13 17:34:11,081 - INFO - joeynmt.training - 	Source:     Last year I showed these two slides so that demonstrate that the arctic ice cap , which for most of the last three million years has been the size of the lower 48 states , has shrunk by 40 percent .
2026-05-13 17:34:11,081 - INFO - joeynmt.training - 	Reference:  L&apos; année dernière , je vous ai présenté ces deux diapositives qui montraient que la calotte glacière arctique , qui pendant ces 3 derniers millions d&apos; année avait la taille des Etats-Unis sans l&apos; Alaska , qui pendant ces 3 derniers millions d&apos; année avait la taille des Etats-Unis sans l&apos; Alaska , avait diminué de 40 % .
2026-05-13 17:34:11,081 - INFO - joeynmt.training - 	Hypothesis: Et le an a deux ans , deux deux deux deux fois que ces deux qui a été décathèce qui a été été de la dernière dernier de trois ans , qui a été été été été été été été été de la planète , la planète , la planète , il y a 40 % par 40 % .
2026-05-13 17:34:11,081 - INFO - joeynmt.training - Example #1
2026-05-13 17:34:11,081 - DEBUG - joeynmt.training - 	Tokenized source:     ['But', 'this', 'underst@@', 'ates', 'the', 'ser@@', 'i@@', 'ous@@', 'ness', 'of', 'this', 'partic@@', 'ul@@', 'ar', 'problem', 'because', 'it', 'doesn', '&apos;t', 'show', 'the', 'th@@', 'ick@@', 'ness', 'of', 'the', 'ice', '.']
2026-05-13 17:34:11,081 - DEBUG - joeynmt.training - 	Tokenized reference:  ['Mais', 'ceci', 'ten@@', 'd', 'à', 'a@@', 'mo@@', 'ind@@', 'rir', 'le', 'problème', 'parce', 'qu&apos;', 'on', 'ne', 'vo@@', 'it', 'pas', 'l&apos;', 'é@@', 'p@@', 'aiss@@', 'eur', 'de', 'la', 'gl@@', 'ace', '.']
2026-05-13 17:34:11,081 - DEBUG - joeynmt.training - 	Tokenized hypothesis: ['Mais', 'cette', 's@@', 'éri@@', 'e', 'de', 'la', 'ré@@', 'alité', 'de', 'cette', 's@@', 'éri@@', 'éri@@', 'e', 'parce', 'que', 'c&apos;', 'est', 'le', 'problème', 'de', 'la', 'm@@', 'aison', 'de', 'la', 'm@@', 'aison', '.', '</s>']
2026-05-13 17:34:11,081 - INFO - joeynmt.training - 	Source:     But this understates the seriousness of this particular problem because it doesn &apos;t show the thickness of the ice .
2026-05-13 17:34:11,082 - INFO - joeynmt.training - 	Reference:  Mais ceci tend à amoindrir le problème parce qu&apos; on ne voit pas l&apos; épaisseur de la glace .
2026-05-13 17:34:11,082 - INFO - joeynmt.training - 	Hypothesis: Mais cette série de la réalité de cette sériérie parce que c&apos; est le problème de la maison de la maison .
2026-05-13 17:34:11,082 - INFO - joeynmt.training - Example #2
2026-05-13 17:34:11,082 - DEBUG - joeynmt.training - 	Tokenized source:     ['The', 'ar@@', 'c@@', 'tic', 'ice', 'c@@', 'a@@', 'p', 'is', ',', 'in', 'a', 'sense', ',', 'the', 'be@@', 'ating', 'he@@', 'art', 'of', 'the', 'glob@@', 'al', 'cli@@', 'm@@', 'ate', 'system', '.']
2026-05-13 17:34:11,082 - DEBUG - joeynmt.training - 	Tokenized reference:  ['On', 'peut', 'voir', 'la', 'cal@@', 'ot@@', 'te', 'gl@@', 'ac@@', 'ière', 'ar@@', 'c@@', 'tique', 'comme', 'le', 'co@@', 'eur', 'du', 'système', 'cli@@', 'ma@@', 'tique', 'glob@@', 'al', '.', 'On', 'peut', 'voir', 'la', 'cal@@', 'ot@@', 'te', 'gl@@', 'ac@@', 'ière', 'ar@@', 'c@@', 'tique', 'comme', 'le', 'co@@', 'eur', 'du', 'système', 'cli@@', 'ma@@', 'tique', 'glob@@', 'al', '.']
2026-05-13 17:34:11,082 - DEBUG - joeynmt.training - 	Tokenized hypothesis: ['La', 'm@@', 'aison', 'de', 'la', 'm@@', 'aison', 'est', ',', 'dans', 'un', 'monde', ',', 'dans', 'la', 'ré@@', 'alité', ',', 'dans', 'l&apos;', 'eau', 'de', 'l&apos;', 'éco@@', 'le', 'de', 'l&apos;', 'système', '.', '</s>']
2026-05-13 17:34:11,082 - INFO - joeynmt.training - 	Source:     The arctic ice cap is , in a sense , the beating heart of the global climate system .
2026-05-13 17:34:11,082 - INFO - joeynmt.training - 	Reference:  On peut voir la calotte glacière arctique comme le coeur du système climatique global . On peut voir la calotte glacière arctique comme le coeur du système climatique global .
2026-05-13 17:34:11,082 - INFO - joeynmt.training - 	Hypothesis: La maison de la maison est , dans un monde , dans la réalité , dans l&apos; eau de l&apos; école de l&apos; système .
2026-05-13 17:34:11,082 - INFO - joeynmt.training - Example #3
2026-05-13 17:34:11,082 - DEBUG - joeynmt.training - 	Tokenized source:     ['It', 'exp@@', 'ands', 'in', 'w@@', 'int@@', 'er', 'and', 'contr@@', 'ac@@', 'ts', 'in', 'su@@', 'm@@', 'mer', '.']
2026-05-13 17:34:11,082 - DEBUG - joeynmt.training - 	Tokenized reference:  ['Elle', 's&apos;', 'ét@@', 'end', 'en', 'hi@@', 'ver', 'et', 'se', 'contr@@', 'ac@@', 'te', 'en', 'été', '.']
2026-05-13 17:34:11,082 - DEBUG - joeynmt.training - 	Tokenized hypothesis: ['Il', 'y', 'a', 'des', 'm@@', 'm@@', 'ots', 'et', 'les', 'm@@', 'ots', 'et', 'de', 'la', 'm@@', 'aison', '.', '</s>']
2026-05-13 17:34:11,082 - INFO - joeynmt.training - 	Source:     It expands in winter and contracts in summer .
2026-05-13 17:34:11,082 - INFO - joeynmt.training - 	Reference:  Elle s&apos; étend en hiver et se contracte en été .
2026-05-13 17:34:11,082 - INFO - joeynmt.training - 	Hypothesis: Il y a des mmots et les mots et de la maison .
2026-05-13 17:34:11,082 - INFO - joeynmt.training - Example #4
2026-05-13 17:34:11,082 - DEBUG - joeynmt.training - 	Tokenized source:     ['The', 'next', 's@@', 'li@@', 'de', 'I', 'show', 'you', 'will', 'be', 'a', 'rap@@', 'id', 'fas@@', 't-@@', 'for@@', 'w@@', 'ard', 'of', 'what', '&apos;s', 'happen@@', 'ed', 'over', 'the', 'last', '2@@', '5', 'years', '.']
2026-05-13 17:34:11,082 - DEBUG - joeynmt.training - 	Tokenized reference:  ['La', 'pro@@', 'ch@@', 'aine', 'di@@', 'apos@@', 'iti@@', 've', 'que', 'je', 'vais', 'vous', 'montrer', 'est', 'une', 'v@@', 'ue', 'en', 'acc@@', 'él@@', 'ér@@', 'é', 'de', 'ce', 'qui', 's&apos;', 'est', 'passé', 'ces', '2@@', '5', 'derni@@', 'ères', 'années', '.']
2026-05-13 17:34:11,082 - DEBUG - joeynmt.training - 	Tokenized hypothesis: ['La', 'première', 'fois', 'que', 'je', 'vais', 'vous', 'montrer', 'un', 'peu', 'de', 'la', 'f@@', 'ille', 'de', 'la', 'f@@', 'ille', 'de', 'ce', 'qui', 'est', 'le', 'derni@@', 'er', 'de', '2@@', '5', 'ans', '.', '</s>']
2026-05-13 17:34:11,082 - INFO - joeynmt.training - 	Source:     The next slide I show you will be a rapid fast-forward of what &apos;s happened over the last 25 years .
2026-05-13 17:34:11,082 - INFO - joeynmt.training - 	Reference:  La prochaine diapositive que je vais vous montrer est une vue en accéléré de ce qui s&apos; est passé ces 25 dernières années .
2026-05-13 17:34:11,082 - INFO - joeynmt.training - 	Hypothesis: La première fois que je vais vous montrer un peu de la fille de la fille de ce qui est le dernier de 25 ans .
2026-05-13 17:34:21,855 - INFO - joeynmt.training - Epoch   1, Step:     2600, Batch Loss:     2.111832, Batch Acc: 0.364946, Tokens per Sec:     7362, Lr: 0.000300
2026-05-13 17:34:32,603 - INFO - joeynmt.training - Epoch   1, Step:     2700, Batch Loss:     2.285771, Batch Acc: 0.368473, Tokens per Sec:     7412, Lr: 0.000300
2026-05-13 17:34:43,147 - INFO - joeynmt.training - Epoch   1, Step:     2800, Batch Loss:     2.196007, Batch Acc: 0.376599, Tokens per Sec:     7375, Lr: 0.000300
2026-05-13 17:34:53,686 - INFO - joeynmt.training - Epoch   1, Step:     2900, Batch Loss:     2.121030, Batch Acc: 0.390675, Tokens per Sec:     7640, Lr: 0.000300
2026-05-13 17:35:04,647 - INFO - joeynmt.training - Epoch   1, Step:     3000, Batch Loss:     2.025219, Batch Acc: 0.394838, Tokens per Sec:     7172, Lr: 0.000300
2026-05-13 17:35:04,647 - WARNING - joeynmt.helpers - `alpha` option is obsolete. Please use `beam_alpha`, instead.
2026-05-13 17:35:04,647 - INFO - joeynmt.prediction - Predicting 890 example(s)... (Greedy decoding with min_output_length=1, max_output_length=-1, return_prob='none', generate_unk=True, repetition_penalty=-1, no_repeat_ngram_size=-1)
2026-05-13 17:35:47,497 - INFO - joeynmt.prediction - Evaluation result (greedy) loss:   2.23, ppl:   9.27, acc:   0.37, generation: 42.8443[sec], evaluation: 0.0000[sec]
2026-05-13 17:35:47,497 - INFO - joeynmt.training - Hooray! New best validation result [ppl]!
2026-05-13 17:35:47,546 - INFO - joeynmt.helpers - delete models/bpe_2k/500.ckpt
2026-05-13 17:35:47,547 - INFO - joeynmt.training - Example #0
2026-05-13 17:35:47,547 - DEBUG - joeynmt.training - 	Tokenized source:     ['L@@', 'ast', 'year', 'I', 'sho@@', 'w@@', 'ed', 'these', 'two', 's@@', 'li@@', 'des', 'so', 'that', 'dem@@', 'on@@', 'str@@', 'ate', 'that', 'the', 'ar@@', 'c@@', 'tic', 'ice', 'c@@', 'a@@', 'p', ',', 'which', 'for', 'most', 'of', 'the', 'last', 'three', 'million', 'years', 'has', 'been', 'the', 'si@@', 'ze', 'of', 'the', 'lo@@', 'wer', '4@@', '8', 'st@@', 'ates', ',', 'has', 'sh@@', 'r@@', 'un@@', 'k', 'by', '4@@', '0', 'percent', '.']
2026-05-13 17:35:47,547 - DEBUG - joeynmt.training - 	Tokenized reference:  ['L&apos;', 'année', 'derni@@', 'ère', ',', 'je', 'vous', 'ai', 'présent@@', 'é', 'ces', 'deux', 'di@@', 'apos@@', 'iti@@', 'ves', 'qui', 'montr@@', 'aient', 'que', 'la', 'cal@@', 'ot@@', 'te', 'gl@@', 'ac@@', 'ière', 'ar@@', 'c@@', 'tique', ',', 'qui', 'pendant', 'ces', '3', 'derni@@', 'ers', 'millions', 'd&apos;', 'année', 'avait', 'la', 't@@', 'ail@@', 'le', 'des', 'E@@', 'tat@@', 's-@@', 'Un@@', 'is', 'sans', 'l&apos;', 'Al@@', 'as@@', 'k@@', 'a', ',', 'qui', 'pendant', 'ces', '3', 'derni@@', 'ers', 'millions', 'd&apos;', 'année', 'avait', 'la', 't@@', 'ail@@', 'le', 'des', 'E@@', 'tat@@', 's-@@', 'Un@@', 'is', 'sans', 'l&apos;', 'Al@@', 'as@@', 'k@@', 'a', ',', 'avait', 'di@@', 'minu@@', 'é', 'de', '4@@', '0', '%', '.']
2026-05-13 17:35:47,547 - DEBUG - joeynmt.training - 	Tokenized hypothesis: ['La', 'année', ',', 'j&apos;', 'ai', 'pris', 'ces', 'deux', 'deux', 'deux', 'ans', ',', 'des', 'dé@@', 'c@@', 'a@@', 'qu@@', 'qu@@', 'qu@@', 'qu@@', 'qu@@', 'qu@@', 'qu@@', 'it@@', 'tique', ',', 'qui', 'a', 'été', 'deux', 'millions', 'de', 'la', 'plus', 'de', 'la', 'derni@@', 'ère', 'de', 'la', 'plus', 'de', 'la', 't@@', 'élé@@', 'ments', ',', 'a', 'été', 'la', 't@@', 'élé@@', 'ments', 'de', '4@@', '0', '%', 'de', '4@@', '0', '%', '.', '</s>']
2026-05-13 17:35:47,547 - INFO - joeynmt.training - 	Source:     Last year I showed these two slides so that demonstrate that the arctic ice cap , which for most of the last three million years has been the size of the lower 48 states , has shrunk by 40 percent .
2026-05-13 17:35:47,547 - INFO - joeynmt.training - 	Reference:  L&apos; année dernière , je vous ai présenté ces deux diapositives qui montraient que la calotte glacière arctique , qui pendant ces 3 derniers millions d&apos; année avait la taille des Etats-Unis sans l&apos; Alaska , qui pendant ces 3 derniers millions d&apos; année avait la taille des Etats-Unis sans l&apos; Alaska , avait diminué de 40 % .
2026-05-13 17:35:47,547 - INFO - joeynmt.training - 	Hypothesis: La année , j&apos; ai pris ces deux deux deux ans , des décaquququququququittique , qui a été deux millions de la plus de la dernière de la plus de la téléments , a été la téléments de 40 % de 40 % .
2026-05-13 17:35:47,547 - INFO - joeynmt.training - Example #1
2026-05-13 17:35:47,547 - DEBUG - joeynmt.training - 	Tokenized source:     ['But', 'this', 'underst@@', 'ates', 'the', 'ser@@', 'i@@', 'ous@@', 'ness', 'of', 'this', 'partic@@', 'ul@@', 'ar', 'problem', 'because', 'it', 'doesn', '&apos;t', 'show', 'the', 'th@@', 'ick@@', 'ness', 'of', 'the', 'ice', '.']
2026-05-13 17:35:47,547 - DEBUG - joeynmt.training - 	Tokenized reference:  ['Mais', 'ceci', 'ten@@', 'd', 'à', 'a@@', 'mo@@', 'ind@@', 'rir', 'le', 'problème', 'parce', 'qu&apos;', 'on', 'ne', 'vo@@', 'it', 'pas', 'l&apos;', 'é@@', 'p@@', 'aiss@@', 'eur', 'de', 'la', 'gl@@', 'ace', '.']
2026-05-13 17:35:47,547 - DEBUG - joeynmt.training - 	Tokenized hypothesis: ['Mais', 'ce', 'problème', 'de', 'la', 's@@', 'éri@@', 'e', 'de', 'la', 's@@', 'éri@@', 'e', 'de', 'cette', 'question', 'parce', 'que', 'ce', 'ne', 'vous', 'ne', 'montrer', 'pas', 'le', 'montrer', 'de', 'la', 'p@@', 'ire', '.', '</s>']
2026-05-13 17:35:47,547 - INFO - joeynmt.training - 	Source:     But this understates the seriousness of this particular problem because it doesn &apos;t show the thickness of the ice .
2026-05-13 17:35:47,547 - INFO - joeynmt.training - 	Reference:  Mais ceci tend à amoindrir le problème parce qu&apos; on ne voit pas l&apos; épaisseur de la glace .
2026-05-13 17:35:47,547 - INFO - joeynmt.training - 	Hypothesis: Mais ce problème de la série de la série de cette question parce que ce ne vous ne montrer pas le montrer de la pire .
2026-05-13 17:35:47,547 - INFO - joeynmt.training - Example #2
2026-05-13 17:35:47,547 - DEBUG - joeynmt.training - 	Tokenized source:     ['The', 'ar@@', 'c@@', 'tic', 'ice', 'c@@', 'a@@', 'p', 'is', ',', 'in', 'a', 'sense', ',', 'the', 'be@@', 'ating', 'he@@', 'art', 'of', 'the', 'glob@@', 'al', 'cli@@', 'm@@', 'ate', 'system', '.']
2026-05-13 17:35:47,547 - DEBUG - joeynmt.training - 	Tokenized reference:  ['On', 'peut', 'voir', 'la', 'cal@@', 'ot@@', 'te', 'gl@@', 'ac@@', 'ière', 'ar@@', 'c@@', 'tique', 'comme', 'le', 'co@@', 'eur', 'du', 'système', 'cli@@', 'ma@@', 'tique', 'glob@@', 'al', '.', 'On', 'peut', 'voir', 'la', 'cal@@', 'ot@@', 'te', 'gl@@', 'ac@@', 'ière', 'ar@@', 'c@@', 'tique', 'comme', 'le', 'co@@', 'eur', 'du', 'système', 'cli@@', 'ma@@', 'tique', 'glob@@', 'al', '.']
2026-05-13 17:35:47,547 - DEBUG - joeynmt.training - 	Tokenized hypothesis: ['Le', 'c@@', 'tique', 'est', ',', 'est', ',', 'dans', 'un', 'sens', ',', 'dans', 'le', 'sens', ',', 'le', 'système', 'de', 'la', 'san@@', 'té', 'de', 'la', 'san@@', 'té', 'de', 'l&apos;', 'éco@@', 'le', '.', '</s>']
2026-05-13 17:35:47,547 - INFO - joeynmt.training - 	Source:     The arctic ice cap is , in a sense , the beating heart of the global climate system .
2026-05-13 17:35:47,547 - INFO - joeynmt.training - 	Reference:  On peut voir la calotte glacière arctique comme le coeur du système climatique global . On peut voir la calotte glacière arctique comme le coeur du système climatique global .
2026-05-13 17:35:47,547 - INFO - joeynmt.training - 	Hypothesis: Le ctique est , est , dans un sens , dans le sens , le système de la santé de la santé de l&apos; école .
2026-05-13 17:35:47,547 - INFO - joeynmt.training - Example #3
2026-05-13 17:35:47,547 - DEBUG - joeynmt.training - 	Tokenized source:     ['It', 'exp@@', 'ands', 'in', 'w@@', 'int@@', 'er', 'and', 'contr@@', 'ac@@', 'ts', 'in', 'su@@', 'm@@', 'mer', '.']
2026-05-13 17:35:47,547 - DEBUG - joeynmt.training - 	Tokenized reference:  ['Elle', 's&apos;', 'ét@@', 'end', 'en', 'hi@@', 'ver', 'et', 'se', 'contr@@', 'ac@@', 'te', 'en', 'été', '.']
2026-05-13 17:35:47,547 - DEBUG - joeynmt.training - 	Tokenized hypothesis: ['Il', 'y', 'a', 'des', 'm@@', 'ots', 'et', 'des', 'ac@@', 'ac@@', 'es', 'et', 'des', 'm@@', 'ots', '.', '</s>']
2026-05-13 17:35:47,548 - INFO - joeynmt.training - 	Source:     It expands in winter and contracts in summer .
2026-05-13 17:35:47,548 - INFO - joeynmt.training - 	Reference:  Elle s&apos; étend en hiver et se contracte en été .
2026-05-13 17:35:47,548 - INFO - joeynmt.training - 	Hypothesis: Il y a des mots et des acaces et des mots .
2026-05-13 17:35:47,548 - INFO - joeynmt.training - Example #4
2026-05-13 17:35:47,548 - DEBUG - joeynmt.training - 	Tokenized source:     ['The', 'next', 's@@', 'li@@', 'de', 'I', 'show', 'you', 'will', 'be', 'a', 'rap@@', 'id', 'fas@@', 't-@@', 'for@@', 'w@@', 'ard', 'of', 'what', '&apos;s', 'happen@@', 'ed', 'over', 'the', 'last', '2@@', '5', 'years', '.']
2026-05-13 17:35:47,548 - DEBUG - joeynmt.training - 	Tokenized reference:  ['La', 'pro@@', 'ch@@', 'aine', 'di@@', 'apos@@', 'iti@@', 've', 'que', 'je', 'vais', 'vous', 'montrer', 'est', 'une', 'v@@', 'ue', 'en', 'acc@@', 'él@@', 'ér@@', 'é', 'de', 'ce', 'qui', 's&apos;', 'est', 'passé', 'ces', '2@@', '5', 'derni@@', 'ères', 'années', '.']
2026-05-13 17:35:47,548 - DEBUG - joeynmt.training - 	Tokenized hypothesis: ['La', 'ch@@', 'aine', 'ch@@', 'aine', ',', 'je', 'vous', 'montrer', 'un', 'dé@@', 'f@@', 'ille', 'de', 'la', 'for@@', 't', 'de', 'ce', 'qui', 'se', 'passe', 'à', 'la', 'derni@@', 'ère', '2@@', '5', 'ans', '.', '</s>']
2026-05-13 17:35:47,548 - INFO - joeynmt.training - 	Source:     The next slide I show you will be a rapid fast-forward of what &apos;s happened over the last 25 years .
2026-05-13 17:35:47,548 - INFO - joeynmt.training - 	Reference:  La prochaine diapositive que je vais vous montrer est une vue en accéléré de ce qui s&apos; est passé ces 25 dernières années .
2026-05-13 17:35:47,548 - INFO - joeynmt.training - 	Hypothesis: La chaine chaine , je vous montrer un défille de la fort de ce qui se passe à la dernière 25 ans .
2026-05-13 17:35:58,348 - INFO - joeynmt.training - Epoch   1, Step:     3100, Batch Loss:     2.028820, Batch Acc: 0.398949, Tokens per Sec:     7310, Lr: 0.000300
2026-05-13 17:36:09,031 - INFO - joeynmt.training - Epoch   1, Step:     3200, Batch Loss:     1.996636, Batch Acc: 0.412923, Tokens per Sec:     7521, Lr: 0.000300
2026-05-13 17:36:19,774 - INFO - joeynmt.training - Epoch   1, Step:     3300, Batch Loss:     1.926207, Batch Acc: 0.420559, Tokens per Sec:     7213, Lr: 0.000300
2026-05-13 17:36:30,892 - INFO - joeynmt.training - Epoch   1, Step:     3400, Batch Loss:     2.101172, Batch Acc: 0.424175, Tokens per Sec:     7011, Lr: 0.000300
2026-05-13 17:36:41,695 - INFO - joeynmt.training - Epoch   1, Step:     3500, Batch Loss:     1.761535, Batch Acc: 0.429836, Tokens per Sec:     7152, Lr: 0.000300
2026-05-13 17:36:41,695 - WARNING - joeynmt.helpers - `alpha` option is obsolete. Please use `beam_alpha`, instead.
2026-05-13 17:36:41,695 - INFO - joeynmt.prediction - Predicting 890 example(s)... (Greedy decoding with min_output_length=1, max_output_length=-1, return_prob='none', generate_unk=True, repetition_penalty=-1, no_repeat_ngram_size=-1)
2026-05-13 17:37:12,797 - INFO - joeynmt.prediction - Evaluation result (greedy) loss:   2.10, ppl:   8.17, acc:   0.40, generation: 31.0967[sec], evaluation: 0.0000[sec]
2026-05-13 17:37:12,797 - INFO - joeynmt.training - Hooray! New best validation result [ppl]!
2026-05-13 17:37:12,846 - INFO - joeynmt.helpers - delete models/bpe_2k/1000.ckpt
2026-05-13 17:37:12,846 - INFO - joeynmt.training - Example #0
2026-05-13 17:37:12,846 - DEBUG - joeynmt.training - 	Tokenized source:     ['L@@', 'ast', 'year', 'I', 'sho@@', 'w@@', 'ed', 'these', 'two', 's@@', 'li@@', 'des', 'so', 'that', 'dem@@', 'on@@', 'str@@', 'ate', 'that', 'the', 'ar@@', 'c@@', 'tic', 'ice', 'c@@', 'a@@', 'p', ',', 'which', 'for', 'most', 'of', 'the', 'last', 'three', 'million', 'years', 'has', 'been', 'the', 'si@@', 'ze', 'of', 'the', 'lo@@', 'wer', '4@@', '8', 'st@@', 'ates', ',', 'has', 'sh@@', 'r@@', 'un@@', 'k', 'by', '4@@', '0', 'percent', '.']
2026-05-13 17:37:12,846 - DEBUG - joeynmt.training - 	Tokenized reference:  ['L&apos;', 'année', 'derni@@', 'ère', ',', 'je', 'vous', 'ai', 'présent@@', 'é', 'ces', 'deux', 'di@@', 'apos@@', 'iti@@', 'ves', 'qui', 'montr@@', 'aient', 'que', 'la', 'cal@@', 'ot@@', 'te', 'gl@@', 'ac@@', 'ière', 'ar@@', 'c@@', 'tique', ',', 'qui', 'pendant', 'ces', '3', 'derni@@', 'ers', 'millions', 'd&apos;', 'année', 'avait', 'la', 't@@', 'ail@@', 'le', 'des', 'E@@', 'tat@@', 's-@@', 'Un@@', 'is', 'sans', 'l&apos;', 'Al@@', 'as@@', 'k@@', 'a', ',', 'qui', 'pendant', 'ces', '3', 'derni@@', 'ers', 'millions', 'd&apos;', 'année', 'avait', 'la', 't@@', 'ail@@', 'le', 'des', 'E@@', 'tat@@', 's-@@', 'Un@@', 'is', 'sans', 'l&apos;', 'Al@@', 'as@@', 'k@@', 'a', ',', 'avait', 'di@@', 'minu@@', 'é', 'de', '4@@', '0', '%', '.']
2026-05-13 17:37:12,846 - DEBUG - joeynmt.training - 	Tokenized hypothesis: ['L@@', 'ors@@', 'que', 'j&apos;', 'ai', 'passé', 'ces', 'deux', 'deux', 'deux', 'deux', 'deux', 'deux', ',', 'qui', 'dé@@', 'pend@@', 'ent', 'que', 'le', 'c@@', 'a@@', 'que', ',', 'pour', 'la', 'plu@@', 'part', 'des', 'années', ',', 'qui', 'a', 'été', 'la', 'plu@@', 'part', 'des', 'années', 'années', ',', 'qui', 'a', 'été', 'le', 't@@', 'élé@@', 'ments', 'de', '4@@', '8', 'millions', 'de', ',', 'a', 'été', ',', 'il', 'y', 'a', '4@@', '0', '%', 'de', '4@@', '0', '%', '.', '</s>']
2026-05-13 17:37:12,847 - INFO - joeynmt.training - 	Source:     Last year I showed these two slides so that demonstrate that the arctic ice cap , which for most of the last three million years has been the size of the lower 48 states , has shrunk by 40 percent .
2026-05-13 17:37:12,847 - INFO - joeynmt.training - 	Reference:  L&apos; année dernière , je vous ai présenté ces deux diapositives qui montraient que la calotte glacière arctique , qui pendant ces 3 derniers millions d&apos; année avait la taille des Etats-Unis sans l&apos; Alaska , qui pendant ces 3 derniers millions d&apos; année avait la taille des Etats-Unis sans l&apos; Alaska , avait diminué de 40 % .
2026-05-13 17:37:12,847 - INFO - joeynmt.training - 	Hypothesis: Lorsque j&apos; ai passé ces deux deux deux deux deux deux , qui dépendent que le caque , pour la plupart des années , qui a été la plupart des années années , qui a été le téléments de 48 millions de , a été , il y a 40 % de 40 % .
2026-05-13 17:37:12,847 - INFO - joeynmt.training - Example #1
2026-05-13 17:37:12,847 - DEBUG - joeynmt.training - 	Tokenized source:     ['But', 'this', 'underst@@', 'ates', 'the', 'ser@@', 'i@@', 'ous@@', 'ness', 'of', 'this', 'partic@@', 'ul@@', 'ar', 'problem', 'because', 'it', 'doesn', '&apos;t', 'show', 'the', 'th@@', 'ick@@', 'ness', 'of', 'the', 'ice', '.']
2026-05-13 17:37:12,847 - DEBUG - joeynmt.training - 	Tokenized reference:  ['Mais', 'ceci', 'ten@@', 'd', 'à', 'a@@', 'mo@@', 'ind@@', 'rir', 'le', 'problème', 'parce', 'qu&apos;', 'on', 'ne', 'vo@@', 'it', 'pas', 'l&apos;', 'é@@', 'p@@', 'aiss@@', 'eur', 'de', 'la', 'gl@@', 'ace', '.']
2026-05-13 17:37:12,847 - DEBUG - joeynmt.training - 	Tokenized hypothesis: ['Mais', 'cette', 'com@@', 'pos@@', 'ition', 'de', 'la', 's@@', 'éri@@', 'eu@@', 'se', 'de', 'cette', 'particu@@', 'li@@', 'ère', 'parce', 'que', 'ce', 'n&apos;', 'est', 'pas', 'le', 'montrer', 'parce', 'que', 'ce', 'soit', 'de', 'la', 'gl@@', 'ace', '.', '</s>']
2026-05-13 17:37:12,847 - INFO - joeynmt.training - 	Source:     But this understates the seriousness of this particular problem because it doesn &apos;t show the thickness of the ice .
2026-05-13 17:37:12,847 - INFO - joeynmt.training - 	Reference:  Mais ceci tend à amoindrir le problème parce qu&apos; on ne voit pas l&apos; épaisseur de la glace .
2026-05-13 17:37:12,847 - INFO - joeynmt.training - 	Hypothesis: Mais cette composition de la sérieuse de cette particulière parce que ce n&apos; est pas le montrer parce que ce soit de la glace .
2026-05-13 17:37:12,847 - INFO - joeynmt.training - Example #2
2026-05-13 17:37:12,847 - DEBUG - joeynmt.training - 	Tokenized source:     ['The', 'ar@@', 'c@@', 'tic', 'ice', 'c@@', 'a@@', 'p', 'is', ',', 'in', 'a', 'sense', ',', 'the', 'be@@', 'ating', 'he@@', 'art', 'of', 'the', 'glob@@', 'al', 'cli@@', 'm@@', 'ate', 'system', '.']
2026-05-13 17:37:12,847 - DEBUG - joeynmt.training - 	Tokenized reference:  ['On', 'peut', 'voir', 'la', 'cal@@', 'ot@@', 'te', 'gl@@', 'ac@@', 'ière', 'ar@@', 'c@@', 'tique', 'comme', 'le', 'co@@', 'eur', 'du', 'système', 'cli@@', 'ma@@', 'tique', 'glob@@', 'al', '.', 'On', 'peut', 'voir', 'la', 'cal@@', 'ot@@', 'te', 'gl@@', 'ac@@', 'ière', 'ar@@', 'c@@', 'tique', 'comme', 'le', 'co@@', 'eur', 'du', 'système', 'cli@@', 'ma@@', 'tique', 'glob@@', 'al', '.']
2026-05-13 17:37:12,847 - DEBUG - joeynmt.training - 	Tokenized hypothesis: ['Le', 'système', 'c@@', 'tique', 'est', ',', 'dans', 'un', 'sens', ',', 'dans', 'un', 'sens', ',', 'le', 'sens', ',', 'le', 'dé@@', 'but', 'de', 'l&apos;', 'art', 'du', 'système', 'de', 'cli@@', 'ma@@', 'tique', '.', '</s>']
2026-05-13 17:37:12,847 - INFO - joeynmt.training - 	Source:     The arctic ice cap is , in a sense , the beating heart of the global climate system .
2026-05-13 17:37:12,847 - INFO - joeynmt.training - 	Reference:  On peut voir la calotte glacière arctique comme le coeur du système climatique global . On peut voir la calotte glacière arctique comme le coeur du système climatique global .
2026-05-13 17:37:12,847 - INFO - joeynmt.training - 	Hypothesis: Le système ctique est , dans un sens , dans un sens , le sens , le début de l&apos; art du système de climatique .
2026-05-13 17:37:12,847 - INFO - joeynmt.training - Example #3
2026-05-13 17:37:12,847 - DEBUG - joeynmt.training - 	Tokenized source:     ['It', 'exp@@', 'ands', 'in', 'w@@', 'int@@', 'er', 'and', 'contr@@', 'ac@@', 'ts', 'in', 'su@@', 'm@@', 'mer', '.']
2026-05-13 17:37:12,847 - DEBUG - joeynmt.training - 	Tokenized reference:  ['Elle', 's&apos;', 'ét@@', 'end', 'en', 'hi@@', 'ver', 'et', 'se', 'contr@@', 'ac@@', 'te', 'en', 'été', '.']
2026-05-13 17:37:12,847 - DEBUG - joeynmt.training - 	Tokenized hypothesis: ['Il', 's&apos;', 'ex@@', 'pos@@', 'ent', 'des', 'm@@', 'ang@@', 'es', 'et', 'des', 'ma@@', 'ma@@', 'ma@@', 'ma@@', 'tique', '.', '</s>']
2026-05-13 17:37:12,847 - INFO - joeynmt.training - 	Source:     It expands in winter and contracts in summer .
2026-05-13 17:37:12,847 - INFO - joeynmt.training - 	Reference:  Elle s&apos; étend en hiver et se contracte en été .
2026-05-13 17:37:12,847 - INFO - joeynmt.training - 	Hypothesis: Il s&apos; exposent des manges et des mamamamatique .
2026-05-13 17:37:12,847 - INFO - joeynmt.training - Example #4
2026-05-13 17:37:12,847 - DEBUG - joeynmt.training - 	Tokenized source:     ['The', 'next', 's@@', 'li@@', 'de', 'I', 'show', 'you', 'will', 'be', 'a', 'rap@@', 'id', 'fas@@', 't-@@', 'for@@', 'w@@', 'ard', 'of', 'what', '&apos;s', 'happen@@', 'ed', 'over', 'the', 'last', '2@@', '5', 'years', '.']
2026-05-13 17:37:12,847 - DEBUG - joeynmt.training - 	Tokenized reference:  ['La', 'pro@@', 'ch@@', 'aine', 'di@@', 'apos@@', 'iti@@', 've', 'que', 'je', 'vais', 'vous', 'montrer', 'est', 'une', 'v@@', 'ue', 'en', 'acc@@', 'él@@', 'ér@@', 'é', 'de', 'ce', 'qui', 's&apos;', 'est', 'passé', 'ces', '2@@', '5', 'derni@@', 'ères', 'années', '.']
2026-05-13 17:37:12,847 - DEBUG - joeynmt.training - 	Tokenized hypothesis: ['La', 'pro@@', 'ch@@', 'aine', 'pro@@', 'ch@@', 'aine', 'que', 'je', 'vais', 'vous', 'vous', 'vous', 'vous', 'ser@@', 'ez', 'un', 'peu', 'plus', 'de', 'ce', 'qui', 'se', 'passe', 'sur', 'le', 'derni@@', 'er', '2@@', '5', 'ans', '.', '</s>']
2026-05-13 17:37:12,848 - INFO - joeynmt.training - 	Source:     The next slide I show you will be a rapid fast-forward of what &apos;s happened over the last 25 years .
2026-05-13 17:37:12,848 - INFO - joeynmt.training - 	Reference:  La prochaine diapositive que je vais vous montrer est une vue en accéléré de ce qui s&apos; est passé ces 25 dernières années .
2026-05-13 17:37:12,848 - INFO - joeynmt.training - 	Hypothesis: La prochaine prochaine que je vais vous vous vous vous serez un peu plus de ce qui se passe sur le dernier 25 ans .
2026-05-13 17:37:23,644 - INFO - joeynmt.training - Epoch   1, Step:     3600, Batch Loss:     2.141794, Batch Acc: 0.436044, Tokens per Sec:     7272, Lr: 0.000300
2026-05-13 17:37:33,982 - INFO - joeynmt.training - Epoch   1, Step:     3700, Batch Loss:     1.908318, Batch Acc: 0.447063, Tokens per Sec:     7606, Lr: 0.000300
2026-05-13 17:37:45,271 - INFO - joeynmt.training - Epoch   1, Step:     3800, Batch Loss:     1.833808, Batch Acc: 0.449703, Tokens per Sec:     6957, Lr: 0.000300
2026-05-13 17:37:55,790 - INFO - joeynmt.training - Epoch   1, Step:     3900, Batch Loss:     1.829631, Batch Acc: 0.458335, Tokens per Sec:     7473, Lr: 0.000300
2026-05-13 17:38:06,604 - INFO - joeynmt.training - Epoch   1, Step:     4000, Batch Loss:     1.803527, Batch Acc: 0.464122, Tokens per Sec:     7355, Lr: 0.000300
2026-05-13 17:38:06,604 - WARNING - joeynmt.helpers - `alpha` option is obsolete. Please use `beam_alpha`, instead.
2026-05-13 17:38:06,604 - INFO - joeynmt.prediction - Predicting 890 example(s)... (Greedy decoding with min_output_length=1, max_output_length=-1, return_prob='none', generate_unk=True, repetition_penalty=-1, no_repeat_ngram_size=-1)
2026-05-13 17:38:46,336 - INFO - joeynmt.prediction - Evaluation result (greedy) loss:   2.01, ppl:   7.47, acc:   0.43, generation: 39.7261[sec], evaluation: 0.0000[sec]
2026-05-13 17:38:46,336 - INFO - joeynmt.training - Hooray! New best validation result [ppl]!
2026-05-13 17:38:46,387 - INFO - joeynmt.helpers - delete models/bpe_2k/1500.ckpt
2026-05-13 17:38:46,391 - INFO - joeynmt.training - Example #0
2026-05-13 17:38:46,391 - DEBUG - joeynmt.training - 	Tokenized source:     ['L@@', 'ast', 'year', 'I', 'sho@@', 'w@@', 'ed', 'these', 'two', 's@@', 'li@@', 'des', 'so', 'that', 'dem@@', 'on@@', 'str@@', 'ate', 'that', 'the', 'ar@@', 'c@@', 'tic', 'ice', 'c@@', 'a@@', 'p', ',', 'which', 'for', 'most', 'of', 'the', 'last', 'three', 'million', 'years', 'has', 'been', 'the', 'si@@', 'ze', 'of', 'the', 'lo@@', 'wer', '4@@', '8', 'st@@', 'ates', ',', 'has', 'sh@@', 'r@@', 'un@@', 'k', 'by', '4@@', '0', 'percent', '.']
2026-05-13 17:38:46,391 - DEBUG - joeynmt.training - 	Tokenized reference:  ['L&apos;', 'année', 'derni@@', 'ère', ',', 'je', 'vous', 'ai', 'présent@@', 'é', 'ces', 'deux', 'di@@', 'apos@@', 'iti@@', 'ves', 'qui', 'montr@@', 'aient', 'que', 'la', 'cal@@', 'ot@@', 'te', 'gl@@', 'ac@@', 'ière', 'ar@@', 'c@@', 'tique', ',', 'qui', 'pendant', 'ces', '3', 'derni@@', 'ers', 'millions', 'd&apos;', 'année', 'avait', 'la', 't@@', 'ail@@', 'le', 'des', 'E@@', 'tat@@', 's-@@', 'Un@@', 'is', 'sans', 'l&apos;', 'Al@@', 'as@@', 'k@@', 'a', ',', 'qui', 'pendant', 'ces', '3', 'derni@@', 'ers', 'millions', 'd&apos;', 'année', 'avait', 'la', 't@@', 'ail@@', 'le', 'des', 'E@@', 'tat@@', 's-@@', 'Un@@', 'is', 'sans', 'l&apos;', 'Al@@', 'as@@', 'k@@', 'a', ',', 'avait', 'di@@', 'minu@@', 'é', 'de', '4@@', '0', '%', '.']
2026-05-13 17:38:46,391 - DEBUG - joeynmt.training - 	Tokenized hypothesis: ['L@@', 'à', 'l&apos;', 'année', 'derni@@', 'ère', 'que', 'j&apos;', 'ai', 'pris', 'ces', 'deux', 'deux', 's@@', 'li@@', 'des', 'de', 'cette', 'dé@@', 'mo@@', 'di@@', 'e', 'qui', 'a', 'été', 'le', 'c@@', 'a@@', 'z', ',', 'qui', 'a', 'la', 'plu@@', 'part', 'des', 'années', 'a', 'été', 'la', 't@@', 'ail@@', 'le', 'de', 'la', 't@@', 'ête', 'de', 'la', 't@@', 'ail@@', 'le', 'de', 'la', 'v@@', 'ille', '.', '</s>']
2026-05-13 17:38:46,391 - INFO - joeynmt.training - 	Source:     Last year I showed these two slides so that demonstrate that the arctic ice cap , which for most of the last three million years has been the size of the lower 48 states , has shrunk by 40 percent .
2026-05-13 17:38:46,391 - INFO - joeynmt.training - 	Reference:  L&apos; année dernière , je vous ai présenté ces deux diapositives qui montraient que la calotte glacière arctique , qui pendant ces 3 derniers millions d&apos; année avait la taille des Etats-Unis sans l&apos; Alaska , qui pendant ces 3 derniers millions d&apos; année avait la taille des Etats-Unis sans l&apos; Alaska , avait diminué de 40 % .
2026-05-13 17:38:46,391 - INFO - joeynmt.training - 	Hypothesis: Là l&apos; année dernière que j&apos; ai pris ces deux deux slides de cette démodie qui a été le caz , qui a la plupart des années a été la taille de la tête de la taille de la ville .
2026-05-13 17:38:46,391 - INFO - joeynmt.training - Example #1
2026-05-13 17:38:46,391 - DEBUG - joeynmt.training - 	Tokenized source:     ['But', 'this', 'underst@@', 'ates', 'the', 'ser@@', 'i@@', 'ous@@', 'ness', 'of', 'this', 'partic@@', 'ul@@', 'ar', 'problem', 'because', 'it', 'doesn', '&apos;t', 'show', 'the', 'th@@', 'ick@@', 'ness', 'of', 'the', 'ice', '.']
2026-05-13 17:38:46,391 - DEBUG - joeynmt.training - 	Tokenized reference:  ['Mais', 'ceci', 'ten@@', 'd', 'à', 'a@@', 'mo@@', 'ind@@', 'rir', 'le', 'problème', 'parce', 'qu&apos;', 'on', 'ne', 'vo@@', 'it', 'pas', 'l&apos;', 'é@@', 'p@@', 'aiss@@', 'eur', 'de', 'la', 'gl@@', 'ace', '.']
2026-05-13 17:38:46,391 - DEBUG - joeynmt.training - 	Tokenized hypothesis: ['Mais', 'cette', 'com@@', 'com@@', 'pré@@', 'pré@@', 'h@@', 'é@@', 'li@@', 'e', 'de', 'cette', 'particu@@', 'li@@', 'er', 'parce', 'que', 'ça', 'ne', 'le', 'montrer', 'parce', 'que', 'ce', 'n&apos;', 'est', 'pas', 'le', 'dé@@', 't@@', 'at', '.', '</s>']
2026-05-13 17:38:46,391 - INFO - joeynmt.training - 	Source:     But this understates the seriousness of this particular problem because it doesn &apos;t show the thickness of the ice .
2026-05-13 17:38:46,391 - INFO - joeynmt.training - 	Reference:  Mais ceci tend à amoindrir le problème parce qu&apos; on ne voit pas l&apos; épaisseur de la glace .
2026-05-13 17:38:46,391 - INFO - joeynmt.training - 	Hypothesis: Mais cette comcomprépréhélie de cette particulier parce que ça ne le montrer parce que ce n&apos; est pas le détat .
2026-05-13 17:38:46,391 - INFO - joeynmt.training - Example #2
2026-05-13 17:38:46,391 - DEBUG - joeynmt.training - 	Tokenized source:     ['The', 'ar@@', 'c@@', 'tic', 'ice', 'c@@', 'a@@', 'p', 'is', ',', 'in', 'a', 'sense', ',', 'the', 'be@@', 'ating', 'he@@', 'art', 'of', 'the', 'glob@@', 'al', 'cli@@', 'm@@', 'ate', 'system', '.']
2026-05-13 17:38:46,391 - DEBUG - joeynmt.training - 	Tokenized reference:  ['On', 'peut', 'voir', 'la', 'cal@@', 'ot@@', 'te', 'gl@@', 'ac@@', 'ière', 'ar@@', 'c@@', 'tique', 'comme', 'le', 'co@@', 'eur', 'du', 'système', 'cli@@', 'ma@@', 'tique', 'glob@@', 'al', '.', 'On', 'peut', 'voir', 'la', 'cal@@', 'ot@@', 'te', 'gl@@', 'ac@@', 'ière', 'ar@@', 'c@@', 'tique', 'comme', 'le', 'co@@', 'eur', 'du', 'système', 'cli@@', 'ma@@', 'tique', 'glob@@', 'al', '.']
2026-05-13 17:38:46,391 - DEBUG - joeynmt.training - 	Tokenized hypothesis: ['Le', 'c@@', 'a@@', 'que', 'de', 'c@@', 'a@@', 'tri@@', 'e', ',', 'dans', 'un', 'sens', ',', 'le', 'sens', 'de', 'la', 'san@@', 'té', 'de', 'la', 'm@@', 'aison', 'de', 'la', 'cli@@', 'ma@@', 'tique', '.', '</s>']
2026-05-13 17:38:46,392 - INFO - joeynmt.training - 	Source:     The arctic ice cap is , in a sense , the beating heart of the global climate system .
2026-05-13 17:38:46,392 - INFO - joeynmt.training - 	Reference:  On peut voir la calotte glacière arctique comme le coeur du système climatique global . On peut voir la calotte glacière arctique comme le coeur du système climatique global .
2026-05-13 17:38:46,392 - INFO - joeynmt.training - 	Hypothesis: Le caque de catrie , dans un sens , le sens de la santé de la maison de la climatique .
2026-05-13 17:38:46,392 - INFO - joeynmt.training - Example #3
2026-05-13 17:38:46,392 - DEBUG - joeynmt.training - 	Tokenized source:     ['It', 'exp@@', 'ands', 'in', 'w@@', 'int@@', 'er', 'and', 'contr@@', 'ac@@', 'ts', 'in', 'su@@', 'm@@', 'mer', '.']
2026-05-13 17:38:46,392 - DEBUG - joeynmt.training - 	Tokenized reference:  ['Elle', 's&apos;', 'ét@@', 'end', 'en', 'hi@@', 'ver', 'et', 'se', 'contr@@', 'ac@@', 'te', 'en', 'été', '.']
2026-05-13 17:38:46,392 - DEBUG - joeynmt.training - 	Tokenized hypothesis: ['Il', 'y', 'a', 'des', 'm@@', 'ots', 'et', 'contr@@', 'ac@@', 'tes', 'dans', 'les', 'su@@', 'm@@', 'm@@', 'm@@', 'm@@', 'eu@@', 'ses', '.', '</s>']
2026-05-13 17:38:46,392 - INFO - joeynmt.training - 	Source:     It expands in winter and contracts in summer .
2026-05-13 17:38:46,392 - INFO - joeynmt.training - 	Reference:  Elle s&apos; étend en hiver et se contracte en été .
2026-05-13 17:38:46,392 - INFO - joeynmt.training - 	Hypothesis: Il y a des mots et contractes dans les summmmeuses .
2026-05-13 17:38:46,392 - INFO - joeynmt.training - Example #4
2026-05-13 17:38:46,392 - DEBUG - joeynmt.training - 	Tokenized source:     ['The', 'next', 's@@', 'li@@', 'de', 'I', 'show', 'you', 'will', 'be', 'a', 'rap@@', 'id', 'fas@@', 't-@@', 'for@@', 'w@@', 'ard', 'of', 'what', '&apos;s', 'happen@@', 'ed', 'over', 'the', 'last', '2@@', '5', 'years', '.']
2026-05-13 17:38:46,392 - DEBUG - joeynmt.training - 	Tokenized reference:  ['La', 'pro@@', 'ch@@', 'aine', 'di@@', 'apos@@', 'iti@@', 've', 'que', 'je', 'vais', 'vous', 'montrer', 'est', 'une', 'v@@', 'ue', 'en', 'acc@@', 'él@@', 'ér@@', 'é', 'de', 'ce', 'qui', 's&apos;', 'est', 'passé', 'ces', '2@@', '5', 'derni@@', 'ères', 'années', '.']
2026-05-13 17:38:46,392 - DEBUG - joeynmt.training - 	Tokenized hypothesis: ['La', 'pro@@', 'ch@@', 'aine', 'pro@@', 'ch@@', 'aine', 'de', 'je', 'vous', 'ser@@', 'ai', 'un', 'peu', 'plus', 'pro@@', 'fon@@', 'de', 'ce', 'que', 'c&apos;', 'est', 'passé', 'le', 'derni@@', 'er', 'de', 'ce', 'ce', 'qui', 'se', 'passe', 'à', 'la', 'derni@@', 'ère', '2@@', '5', 'ans', '.', '</s>']
2026-05-13 17:38:46,392 - INFO - joeynmt.training - 	Source:     The next slide I show you will be a rapid fast-forward of what &apos;s happened over the last 25 years .
2026-05-13 17:38:46,392 - INFO - joeynmt.training - 	Reference:  La prochaine diapositive que je vais vous montrer est une vue en accéléré de ce qui s&apos; est passé ces 25 dernières années .
2026-05-13 17:38:46,392 - INFO - joeynmt.training - 	Hypothesis: La prochaine prochaine de je vous serai un peu plus profonde ce que c&apos; est passé le dernier de ce ce qui se passe à la dernière 25 ans .
2026-05-13 17:38:57,177 - INFO - joeynmt.training - Epoch   1, Step:     4100, Batch Loss:     1.893891, Batch Acc: 0.468211, Tokens per Sec:     7288, Lr: 0.000300
2026-05-13 17:39:08,013 - INFO - joeynmt.training - Epoch   1, Step:     4200, Batch Loss:     1.884714, Batch Acc: 0.469474, Tokens per Sec:     7241, Lr: 0.000300
2026-05-13 17:39:18,398 - INFO - joeynmt.training - Epoch   1, Step:     4300, Batch Loss:     1.927818, Batch Acc: 0.472260, Tokens per Sec:     7764, Lr: 0.000300
2026-05-13 17:39:27,287 - INFO - joeynmt.training - Epoch   1: total training loss 11094.28
2026-05-13 17:39:27,287 - INFO - joeynmt.training - EPOCH 2
2026-05-13 17:39:29,100 - INFO - joeynmt.training - Epoch   2, Step:     4400, Batch Loss:     1.861207, Batch Acc: 0.489295, Tokens per Sec:     6676, Lr: 0.000300
2026-05-13 17:39:39,525 - INFO - joeynmt.training - Epoch   2, Step:     4500, Batch Loss:     1.844765, Batch Acc: 0.488485, Tokens per Sec:     7730, Lr: 0.000300
2026-05-13 17:39:39,525 - WARNING - joeynmt.helpers - `alpha` option is obsolete. Please use `beam_alpha`, instead.
2026-05-13 17:39:39,526 - INFO - joeynmt.prediction - Predicting 890 example(s)... (Greedy decoding with min_output_length=1, max_output_length=-1, return_prob='none', generate_unk=True, repetition_penalty=-1, no_repeat_ngram_size=-1)
2026-05-13 17:40:20,864 - INFO - joeynmt.prediction - Evaluation result (greedy) loss:   1.94, ppl:   6.97, acc:   0.44, generation: 41.3328[sec], evaluation: 0.0000[sec]
2026-05-13 17:40:20,865 - INFO - joeynmt.training - Hooray! New best validation result [ppl]!
2026-05-13 17:40:20,912 - INFO - joeynmt.helpers - delete models/bpe_2k/2000.ckpt
2026-05-13 17:40:20,912 - INFO - joeynmt.training - Example #0
2026-05-13 17:40:20,912 - DEBUG - joeynmt.training - 	Tokenized source:     ['L@@', 'ast', 'year', 'I', 'sho@@', 'w@@', 'ed', 'these', 'two', 's@@', 'li@@', 'des', 'so', 'that', 'dem@@', 'on@@', 'str@@', 'ate', 'that', 'the', 'ar@@', 'c@@', 'tic', 'ice', 'c@@', 'a@@', 'p', ',', 'which', 'for', 'most', 'of', 'the', 'last', 'three', 'million', 'years', 'has', 'been', 'the', 'si@@', 'ze', 'of', 'the', 'lo@@', 'wer', '4@@', '8', 'st@@', 'ates', ',', 'has', 'sh@@', 'r@@', 'un@@', 'k', 'by', '4@@', '0', 'percent', '.']
2026-05-13 17:40:20,912 - DEBUG - joeynmt.training - 	Tokenized reference:  ['L&apos;', 'année', 'derni@@', 'ère', ',', 'je', 'vous', 'ai', 'présent@@', 'é', 'ces', 'deux', 'di@@', 'apos@@', 'iti@@', 'ves', 'qui', 'montr@@', 'aient', 'que', 'la', 'cal@@', 'ot@@', 'te', 'gl@@', 'ac@@', 'ière', 'ar@@', 'c@@', 'tique', ',', 'qui', 'pendant', 'ces', '3', 'derni@@', 'ers', 'millions', 'd&apos;', 'année', 'avait', 'la', 't@@', 'ail@@', 'le', 'des', 'E@@', 'tat@@', 's-@@', 'Un@@', 'is', 'sans', 'l&apos;', 'Al@@', 'as@@', 'k@@', 'a', ',', 'qui', 'pendant', 'ces', '3', 'derni@@', 'ers', 'millions', 'd&apos;', 'année', 'avait', 'la', 't@@', 'ail@@', 'le', 'des', 'E@@', 'tat@@', 's-@@', 'Un@@', 'is', 'sans', 'l&apos;', 'Al@@', 'as@@', 'k@@', 'a', ',', 'avait', 'di@@', 'minu@@', 'é', 'de', '4@@', '0', '%', '.']
2026-05-13 17:40:20,912 - DEBUG - joeynmt.training - 	Tokenized hypothesis: ['L@@', 'à', 'à', 'l&apos;', 'année', 'année', ',', 'j&apos;', 'ai', 'montr@@', 'é', 'ces', 'deux', 'derni@@', 'ères', 'derni@@', 'ères', 'derni@@', 'ères', 'années', 'qui', 'dé@@', 'mo@@', 'qu@@', 'ent', 'le', 'c@@', 'entre', 'de', 'la', 'v@@', 'ille', ',', 'qui', 'a', 'été', 'la', 't@@', 'ail@@', 'le', 'de', 'trois', 'millions', 'de', 'années', 'a', 'été', 'la', 't@@', 'ail@@', 'le', 'de', '4@@', '8', '%', 'de', 'la', 't@@', 'ail@@', 'le', 'de', '4@@', '8', 'pour', 'cent', '.', '</s>']
2026-05-13 17:40:20,912 - INFO - joeynmt.training - 	Source:     Last year I showed these two slides so that demonstrate that the arctic ice cap , which for most of the last three million years has been the size of the lower 48 states , has shrunk by 40 percent .
2026-05-13 17:40:20,912 - INFO - joeynmt.training - 	Reference:  L&apos; année dernière , je vous ai présenté ces deux diapositives qui montraient que la calotte glacière arctique , qui pendant ces 3 derniers millions d&apos; année avait la taille des Etats-Unis sans l&apos; Alaska , qui pendant ces 3 derniers millions d&apos; année avait la taille des Etats-Unis sans l&apos; Alaska , avait diminué de 40 % .
2026-05-13 17:40:20,912 - INFO - joeynmt.training - 	Hypothesis: Là à l&apos; année année , j&apos; ai montré ces deux dernières dernières dernières années qui démoquent le centre de la ville , qui a été la taille de trois millions de années a été la taille de 48 % de la taille de 48 pour cent .
2026-05-13 17:40:20,912 - INFO - joeynmt.training - Example #1
2026-05-13 17:40:20,912 - DEBUG - joeynmt.training - 	Tokenized source:     ['But', 'this', 'underst@@', 'ates', 'the', 'ser@@', 'i@@', 'ous@@', 'ness', 'of', 'this', 'partic@@', 'ul@@', 'ar', 'problem', 'because', 'it', 'doesn', '&apos;t', 'show', 'the', 'th@@', 'ick@@', 'ness', 'of', 'the', 'ice', '.']
2026-05-13 17:40:20,912 - DEBUG - joeynmt.training - 	Tokenized reference:  ['Mais', 'ceci', 'ten@@', 'd', 'à', 'a@@', 'mo@@', 'ind@@', 'rir', 'le', 'problème', 'parce', 'qu&apos;', 'on', 'ne', 'vo@@', 'it', 'pas', 'l&apos;', 'é@@', 'p@@', 'aiss@@', 'eur', 'de', 'la', 'gl@@', 'ace', '.']
2026-05-13 17:40:20,913 - DEBUG - joeynmt.training - 	Tokenized hypothesis: ['Mais', 'cette', 'com@@', 'com@@', 'pris', 'la', 'ser@@', 've', 'de', 'cette', 's@@', 'éri@@', 'e', 'problème', 'parce', 'que', 'ce', 'problème', 'parce', 'que', 'ce', 'n&apos;', 'est', 'pas', 'le', 'tro@@', 'p', 'de', 'gl@@', 'ace', '.', '</s>']
2026-05-13 17:40:20,913 - INFO - joeynmt.training - 	Source:     But this understates the seriousness of this particular problem because it doesn &apos;t show the thickness of the ice .
2026-05-13 17:40:20,913 - INFO - joeynmt.training - 	Reference:  Mais ceci tend à amoindrir le problème parce qu&apos; on ne voit pas l&apos; épaisseur de la glace .
2026-05-13 17:40:20,913 - INFO - joeynmt.training - 	Hypothesis: Mais cette comcompris la serve de cette série problème parce que ce problème parce que ce n&apos; est pas le trop de glace .
2026-05-13 17:40:20,913 - INFO - joeynmt.training - Example #2
2026-05-13 17:40:20,913 - DEBUG - joeynmt.training - 	Tokenized source:     ['The', 'ar@@', 'c@@', 'tic', 'ice', 'c@@', 'a@@', 'p', 'is', ',', 'in', 'a', 'sense', ',', 'the', 'be@@', 'ating', 'he@@', 'art', 'of', 'the', 'glob@@', 'al', 'cli@@', 'm@@', 'ate', 'system', '.']
2026-05-13 17:40:20,913 - DEBUG - joeynmt.training - 	Tokenized reference:  ['On', 'peut', 'voir', 'la', 'cal@@', 'ot@@', 'te', 'gl@@', 'ac@@', 'ière', 'ar@@', 'c@@', 'tique', 'comme', 'le', 'co@@', 'eur', 'du', 'système', 'cli@@', 'ma@@', 'tique', 'glob@@', 'al', '.', 'On', 'peut', 'voir', 'la', 'cal@@', 'ot@@', 'te', 'gl@@', 'ac@@', 'ière', 'ar@@', 'c@@', 'tique', 'comme', 'le', 'co@@', 'eur', 'du', 'système', 'cli@@', 'ma@@', 'tique', 'glob@@', 'al', '.']
2026-05-13 17:40:20,913 - DEBUG - joeynmt.training - 	Tokenized hypothesis: ['Le', 'c@@', 'entre', 'de', 'c@@', 'ause', 'est', ',', 'dans', 'un', 'sens', ',', 'dans', 'un', 'sens', ',', 'le', 'système', 'de', 'la', 'san@@', 'té', 'du', 'système', 'de', 'm@@', 'at', '.', '</s>']
2026-05-13 17:40:20,913 - INFO - joeynmt.training - 	Source:     The arctic ice cap is , in a sense , the beating heart of the global climate system .
2026-05-13 17:40:20,913 - INFO - joeynmt.training - 	Reference:  On peut voir la calotte glacière arctique comme le coeur du système climatique global . On peut voir la calotte glacière arctique comme le coeur du système climatique global .
2026-05-13 17:40:20,913 - INFO - joeynmt.training - 	Hypothesis: Le centre de cause est , dans un sens , dans un sens , le système de la santé du système de mat .
2026-05-13 17:40:20,913 - INFO - joeynmt.training - Example #3
2026-05-13 17:40:20,913 - DEBUG - joeynmt.training - 	Tokenized source:     ['It', 'exp@@', 'ands', 'in', 'w@@', 'int@@', 'er', 'and', 'contr@@', 'ac@@', 'ts', 'in', 'su@@', 'm@@', 'mer', '.']
2026-05-13 17:40:20,913 - DEBUG - joeynmt.training - 	Tokenized reference:  ['Elle', 's&apos;', 'ét@@', 'end', 'en', 'hi@@', 'ver', 'et', 'se', 'contr@@', 'ac@@', 'te', 'en', 'été', '.']
2026-05-13 17:40:20,913 - DEBUG - joeynmt.training - 	Tokenized hypothesis: ['Il', 'y', 'a', 'des', 'ma@@', 'ins', 'et', 'contr@@', 'ac@@', 'te', 'dans', 'les', 'su@@', 'm@@', 'm@@', 'm@@', 'm@@', 'm@@', 'ons', '.', '</s>']
2026-05-13 17:40:20,913 - INFO - joeynmt.training - 	Source:     It expands in winter and contracts in summer .
2026-05-13 17:40:20,913 - INFO - joeynmt.training - 	Reference:  Elle s&apos; étend en hiver et se contracte en été .
2026-05-13 17:40:20,913 - INFO - joeynmt.training - 	Hypothesis: Il y a des mains et contracte dans les summmmmons .
2026-05-13 17:40:20,913 - INFO - joeynmt.training - Example #4
2026-05-13 17:40:20,913 - DEBUG - joeynmt.training - 	Tokenized source:     ['The', 'next', 's@@', 'li@@', 'de', 'I', 'show', 'you', 'will', 'be', 'a', 'rap@@', 'id', 'fas@@', 't-@@', 'for@@', 'w@@', 'ard', 'of', 'what', '&apos;s', 'happen@@', 'ed', 'over', 'the', 'last', '2@@', '5', 'years', '.']
2026-05-13 17:40:20,913 - DEBUG - joeynmt.training - 	Tokenized reference:  ['La', 'pro@@', 'ch@@', 'aine', 'di@@', 'apos@@', 'iti@@', 've', 'que', 'je', 'vais', 'vous', 'montrer', 'est', 'une', 'v@@', 'ue', 'en', 'acc@@', 'él@@', 'ér@@', 'é', 'de', 'ce', 'qui', 's&apos;', 'est', 'passé', 'ces', '2@@', '5', 'derni@@', 'ères', 'années', '.']
2026-05-13 17:40:20,913 - DEBUG - joeynmt.training - 	Tokenized hypothesis: ['La', 'pro@@', 'ch@@', 'aine', 'di@@', 'di@@', 'e', 'que', 'je', 'vous', 'mon@@', 'tre', 'un', 'plus', 'rap@@', 'ide', 'de', 'ce', 'qui', 'se', 'passe', 'sur', 'la', 'derni@@', 'ère', '2@@', '5', 'ans', '.', '</s>']
2026-05-13 17:40:20,913 - INFO - joeynmt.training - 	Source:     The next slide I show you will be a rapid fast-forward of what &apos;s happened over the last 25 years .
2026-05-13 17:40:20,913 - INFO - joeynmt.training - 	Reference:  La prochaine diapositive que je vais vous montrer est une vue en accéléré de ce qui s&apos; est passé ces 25 dernières années .
2026-05-13 17:40:20,913 - INFO - joeynmt.training - 	Hypothesis: La prochaine didie que je vous montre un plus rapide de ce qui se passe sur la dernière 25 ans .
2026-05-13 17:40:31,582 - INFO - joeynmt.training - Epoch   2, Step:     4600, Batch Loss:     1.653529, Batch Acc: 0.492350, Tokens per Sec:     7294, Lr: 0.000300
2026-05-13 17:40:42,126 - INFO - joeynmt.training - Epoch   2, Step:     4700, Batch Loss:     1.838169, Batch Acc: 0.499291, Tokens per Sec:     7420, Lr: 0.000300
2026-05-13 17:40:52,695 - INFO - joeynmt.training - Epoch   2, Step:     4800, Batch Loss:     1.884530, Batch Acc: 0.493903, Tokens per Sec:     7395, Lr: 0.000300
2026-05-13 17:41:03,437 - INFO - joeynmt.training - Epoch   2, Step:     4900, Batch Loss:     1.660987, Batch Acc: 0.504857, Tokens per Sec:     7388, Lr: 0.000300
2026-05-13 17:41:14,046 - INFO - joeynmt.training - Epoch   2, Step:     5000, Batch Loss:     1.740563, Batch Acc: 0.498324, Tokens per Sec:     7452, Lr: 0.000300
2026-05-13 17:41:14,046 - WARNING - joeynmt.helpers - `alpha` option is obsolete. Please use `beam_alpha`, instead.
2026-05-13 17:41:14,046 - INFO - joeynmt.prediction - Predicting 890 example(s)... (Greedy decoding with min_output_length=1, max_output_length=-1, return_prob='none', generate_unk=True, repetition_penalty=-1, no_repeat_ngram_size=-1)
2026-05-13 17:41:50,316 - INFO - joeynmt.prediction - Evaluation result (greedy) loss:   1.89, ppl:   6.62, acc:   0.46, generation: 36.2646[sec], evaluation: 0.0000[sec]
2026-05-13 17:41:50,317 - INFO - joeynmt.training - Hooray! New best validation result [ppl]!
2026-05-13 17:41:50,367 - INFO - joeynmt.helpers - delete models/bpe_2k/2500.ckpt
2026-05-13 17:41:50,367 - INFO - joeynmt.training - Example #0
2026-05-13 17:41:50,367 - DEBUG - joeynmt.training - 	Tokenized source:     ['L@@', 'ast', 'year', 'I', 'sho@@', 'w@@', 'ed', 'these', 'two', 's@@', 'li@@', 'des', 'so', 'that', 'dem@@', 'on@@', 'str@@', 'ate', 'that', 'the', 'ar@@', 'c@@', 'tic', 'ice', 'c@@', 'a@@', 'p', ',', 'which', 'for', 'most', 'of', 'the', 'last', 'three', 'million', 'years', 'has', 'been', 'the', 'si@@', 'ze', 'of', 'the', 'lo@@', 'wer', '4@@', '8', 'st@@', 'ates', ',', 'has', 'sh@@', 'r@@', 'un@@', 'k', 'by', '4@@', '0', 'percent', '.']
2026-05-13 17:41:50,367 - DEBUG - joeynmt.training - 	Tokenized reference:  ['L&apos;', 'année', 'derni@@', 'ère', ',', 'je', 'vous', 'ai', 'présent@@', 'é', 'ces', 'deux', 'di@@', 'apos@@', 'iti@@', 'ves', 'qui', 'montr@@', 'aient', 'que', 'la', 'cal@@', 'ot@@', 'te', 'gl@@', 'ac@@', 'ière', 'ar@@', 'c@@', 'tique', ',', 'qui', 'pendant', 'ces', '3', 'derni@@', 'ers', 'millions', 'd&apos;', 'année', 'avait', 'la', 't@@', 'ail@@', 'le', 'des', 'E@@', 'tat@@', 's-@@', 'Un@@', 'is', 'sans', 'l&apos;', 'Al@@', 'as@@', 'k@@', 'a', ',', 'qui', 'pendant', 'ces', '3', 'derni@@', 'ers', 'millions', 'd&apos;', 'année', 'avait', 'la', 't@@', 'ail@@', 'le', 'des', 'E@@', 'tat@@', 's-@@', 'Un@@', 'is', 'sans', 'l&apos;', 'Al@@', 'as@@', 'k@@', 'a', ',', 'avait', 'di@@', 'minu@@', 'é', 'de', '4@@', '0', '%', '.']
2026-05-13 17:41:50,367 - DEBUG - joeynmt.training - 	Tokenized hypothesis: ['La', 'année', 'derni@@', 'ère', 'derni@@', 'ère', 'ère', 'dé@@', 'ch@@', 'é', 'ces', 'deux', 'deux', 'derni@@', 'ères', 't@@', 'ellement', 'qui', 'dé@@', 'sor@@', 'ti@@', 'e', 'que', 'le', 'c@@', 'a@@', 'p', 'de', 'gl@@', 'ace', ',', 'qui', 'qui', 'a', 'été', 'le', 'plus', 't@@', 'ard', 'de', 'la', 't@@', 'ail@@', 'le', 'de', 'la', 't@@', 'ail@@', 'le', 'de', '4@@', '8', '%', 'de', 'la', 't@@', 'ail@@', 'le', 'de', '4@@', '8', 'pour', 'cent', '.', '</s>']
2026-05-13 17:41:50,367 - INFO - joeynmt.training - 	Source:     Last year I showed these two slides so that demonstrate that the arctic ice cap , which for most of the last three million years has been the size of the lower 48 states , has shrunk by 40 percent .
2026-05-13 17:41:50,367 - INFO - joeynmt.training - 	Reference:  L&apos; année dernière , je vous ai présenté ces deux diapositives qui montraient que la calotte glacière arctique , qui pendant ces 3 derniers millions d&apos; année avait la taille des Etats-Unis sans l&apos; Alaska , qui pendant ces 3 derniers millions d&apos; année avait la taille des Etats-Unis sans l&apos; Alaska , avait diminué de 40 % .
2026-05-13 17:41:50,367 - INFO - joeynmt.training - 	Hypothesis: La année dernière dernière ère déché ces deux deux dernières tellement qui désortie que le cap de glace , qui qui a été le plus tard de la taille de la taille de 48 % de la taille de 48 pour cent .
2026-05-13 17:41:50,367 - INFO - joeynmt.training - Example #1
2026-05-13 17:41:50,367 - DEBUG - joeynmt.training - 	Tokenized source:     ['But', 'this', 'underst@@', 'ates', 'the', 'ser@@', 'i@@', 'ous@@', 'ness', 'of', 'this', 'partic@@', 'ul@@', 'ar', 'problem', 'because', 'it', 'doesn', '&apos;t', 'show', 'the', 'th@@', 'ick@@', 'ness', 'of', 'the', 'ice', '.']
2026-05-13 17:41:50,367 - DEBUG - joeynmt.training - 	Tokenized reference:  ['Mais', 'ceci', 'ten@@', 'd', 'à', 'a@@', 'mo@@', 'ind@@', 'rir', 'le', 'problème', 'parce', 'qu&apos;', 'on', 'ne', 'vo@@', 'it', 'pas', 'l&apos;', 'é@@', 'p@@', 'aiss@@', 'eur', 'de', 'la', 'gl@@', 'ace', '.']
2026-05-13 17:41:50,367 - DEBUG - joeynmt.training - 	Tokenized hypothesis: ['Mais', 'cette', 'com@@', 'com@@', 'pré@@', 'pré@@', 'sen@@', 'te', 'le', 's@@', 'éri@@', 'e', 'de', 'ce', 'problème', 'parce', 'que', 'ce', 'ne', 'mon@@', 'tre', 'pas', 'le', 'th@@', 'è@@', 'se', 'de', 'la', 'gl@@', 'ace', '.', '</s>']
2026-05-13 17:41:50,367 - INFO - joeynmt.training - 	Source:     But this understates the seriousness of this particular problem because it doesn &apos;t show the thickness of the ice .
2026-05-13 17:41:50,367 - INFO - joeynmt.training - 	Reference:  Mais ceci tend à amoindrir le problème parce qu&apos; on ne voit pas l&apos; épaisseur de la glace .
2026-05-13 17:41:50,367 - INFO - joeynmt.training - 	Hypothesis: Mais cette comcompréprésente le série de ce problème parce que ce ne montre pas le thèse de la glace .
2026-05-13 17:41:50,368 - INFO - joeynmt.training - Example #2
2026-05-13 17:41:50,368 - DEBUG - joeynmt.training - 	Tokenized source:     ['The', 'ar@@', 'c@@', 'tic', 'ice', 'c@@', 'a@@', 'p', 'is', ',', 'in', 'a', 'sense', ',', 'the', 'be@@', 'ating', 'he@@', 'art', 'of', 'the', 'glob@@', 'al', 'cli@@', 'm@@', 'ate', 'system', '.']
2026-05-13 17:41:50,368 - DEBUG - joeynmt.training - 	Tokenized reference:  ['On', 'peut', 'voir', 'la', 'cal@@', 'ot@@', 'te', 'gl@@', 'ac@@', 'ière', 'ar@@', 'c@@', 'tique', 'comme', 'le', 'co@@', 'eur', 'du', 'système', 'cli@@', 'ma@@', 'tique', 'glob@@', 'al', '.', 'On', 'peut', 'voir', 'la', 'cal@@', 'ot@@', 'te', 'gl@@', 'ac@@', 'ière', 'ar@@', 'c@@', 'tique', 'comme', 'le', 'co@@', 'eur', 'du', 'système', 'cli@@', 'ma@@', 'tique', 'glob@@', 'al', '.']
2026-05-13 17:41:50,368 - DEBUG - joeynmt.training - 	Tokenized hypothesis: ['La', 'z@@', 'one', 'de', 'gl@@', 'ace', 'est', ',', 'dans', 'un', 'sens', ',', 'dans', 'un', 'sens', ',', 'le', 'dé@@', 'b@@', 'â@@', 'ge', 'de', 'l&apos;', 'art', 'du', 'système', 'de', 'm@@', 'at', 'mon@@', 'di@@', 'ale', '.', '</s>']
2026-05-13 17:41:50,368 - INFO - joeynmt.training - 	Source:     The arctic ice cap is , in a sense , the beating heart of the global climate system .
2026-05-13 17:41:50,368 - INFO - joeynmt.training - 	Reference:  On peut voir la calotte glacière arctique comme le coeur du système climatique global . On peut voir la calotte glacière arctique comme le coeur du système climatique global .
2026-05-13 17:41:50,368 - INFO - joeynmt.training - 	Hypothesis: La zone de glace est , dans un sens , dans un sens , le débâge de l&apos; art du système de mat mondiale .
2026-05-13 17:41:50,368 - INFO - joeynmt.training - Example #3
2026-05-13 17:41:50,368 - DEBUG - joeynmt.training - 	Tokenized source:     ['It', 'exp@@', 'ands', 'in', 'w@@', 'int@@', 'er', 'and', 'contr@@', 'ac@@', 'ts', 'in', 'su@@', 'm@@', 'mer', '.']
2026-05-13 17:41:50,368 - DEBUG - joeynmt.training - 	Tokenized reference:  ['Elle', 's&apos;', 'ét@@', 'end', 'en', 'hi@@', 'ver', 'et', 'se', 'contr@@', 'ac@@', 'te', 'en', 'été', '.']
2026-05-13 17:41:50,368 - DEBUG - joeynmt.training - 	Tokenized hypothesis: ['Il', 's&apos;', 'at@@', 'ta@@', 'che', 'en', 'train', 'de', 'contr@@', 'ac@@', 'ts', 'et', 'des', 'contr@@', 'ac@@', 'ts', 'dans', 'le', 'su@@', 'm@@', 'm@@', 'm@@', 'i', '.', '</s>']
2026-05-13 17:41:50,368 - INFO - joeynmt.training - 	Source:     It expands in winter and contracts in summer .
2026-05-13 17:41:50,368 - INFO - joeynmt.training - 	Reference:  Elle s&apos; étend en hiver et se contracte en été .
2026-05-13 17:41:50,368 - INFO - joeynmt.training - 	Hypothesis: Il s&apos; attache en train de contracts et des contracts dans le summmi .
2026-05-13 17:41:50,368 - INFO - joeynmt.training - Example #4
2026-05-13 17:41:50,368 - DEBUG - joeynmt.training - 	Tokenized source:     ['The', 'next', 's@@', 'li@@', 'de', 'I', 'show', 'you', 'will', 'be', 'a', 'rap@@', 'id', 'fas@@', 't-@@', 'for@@', 'w@@', 'ard', 'of', 'what', '&apos;s', 'happen@@', 'ed', 'over', 'the', 'last', '2@@', '5', 'years', '.']
2026-05-13 17:41:50,368 - DEBUG - joeynmt.training - 	Tokenized reference:  ['La', 'pro@@', 'ch@@', 'aine', 'di@@', 'apos@@', 'iti@@', 've', 'que', 'je', 'vais', 'vous', 'montrer', 'est', 'une', 'v@@', 'ue', 'en', 'acc@@', 'él@@', 'ér@@', 'é', 'de', 'ce', 'qui', 's&apos;', 'est', 'passé', 'ces', '2@@', '5', 'derni@@', 'ères', 'années', '.']
2026-05-13 17:41:50,368 - DEBUG - joeynmt.training - 	Tokenized hypothesis: ['La', 'pro@@', 'ch@@', 'aine', 'pro@@', 'ch@@', 'aine', 'de', 'vous', 'montrer', 'un', 'dé@@', 'but', 'de', 'ce', 'qui', 'se', 'passe', 'à', 'ce', 'qui', 'se', 'passe', 'à', 'ce', 'qui', 'se', 'passe', 'en', '2@@', '5', 'derni@@', 'ères', 'années', '.', '</s>']
2026-05-13 17:41:50,368 - INFO - joeynmt.training - 	Source:     The next slide I show you will be a rapid fast-forward of what &apos;s happened over the last 25 years .
2026-05-13 17:41:50,368 - INFO - joeynmt.training - 	Reference:  La prochaine diapositive que je vais vous montrer est une vue en accéléré de ce qui s&apos; est passé ces 25 dernières années .
2026-05-13 17:41:50,368 - INFO - joeynmt.training - 	Hypothesis: La prochaine prochaine de vous montrer un début de ce qui se passe à ce qui se passe à ce qui se passe en 25 dernières années .
2026-05-13 17:42:01,203 - INFO - joeynmt.training - Epoch   2, Step:     5100, Batch Loss:     1.780365, Batch Acc: 0.502250, Tokens per Sec:     7370, Lr: 0.000300
2026-05-13 17:42:12,051 - INFO - joeynmt.training - Epoch   2, Step:     5200, Batch Loss:     1.746542, Batch Acc: 0.501155, Tokens per Sec:     7142, Lr: 0.000300
2026-05-13 17:42:22,746 - INFO - joeynmt.training - Epoch   2, Step:     5300, Batch Loss:     1.656223, Batch Acc: 0.506265, Tokens per Sec:     7328, Lr: 0.000300
2026-05-13 17:42:33,678 - INFO - joeynmt.training - Epoch   2, Step:     5400, Batch Loss:     1.679830, Batch Acc: 0.506341, Tokens per Sec:     7249, Lr: 0.000300
2026-05-13 17:42:44,677 - INFO - joeynmt.training - Epoch   2, Step:     5500, Batch Loss:     1.673117, Batch Acc: 0.513177, Tokens per Sec:     7276, Lr: 0.000300
2026-05-13 17:42:44,677 - WARNING - joeynmt.helpers - `alpha` option is obsolete. Please use `beam_alpha`, instead.
2026-05-13 17:42:44,677 - INFO - joeynmt.prediction - Predicting 890 example(s)... (Greedy decoding with min_output_length=1, max_output_length=-1, return_prob='none', generate_unk=True, repetition_penalty=-1, no_repeat_ngram_size=-1)
2026-05-13 17:43:19,355 - INFO - joeynmt.prediction - Evaluation result (greedy) loss:   1.85, ppl:   6.36, acc:   0.47, generation: 34.6718[sec], evaluation: 0.0000[sec]
2026-05-13 17:43:19,355 - INFO - joeynmt.training - Hooray! New best validation result [ppl]!
2026-05-13 17:43:19,403 - INFO - joeynmt.helpers - delete models/bpe_2k/3000.ckpt
2026-05-13 17:43:19,403 - INFO - joeynmt.training - Example #0
2026-05-13 17:43:19,403 - DEBUG - joeynmt.training - 	Tokenized source:     ['L@@', 'ast', 'year', 'I', 'sho@@', 'w@@', 'ed', 'these', 'two', 's@@', 'li@@', 'des', 'so', 'that', 'dem@@', 'on@@', 'str@@', 'ate', 'that', 'the', 'ar@@', 'c@@', 'tic', 'ice', 'c@@', 'a@@', 'p', ',', 'which', 'for', 'most', 'of', 'the', 'last', 'three', 'million', 'years', 'has', 'been', 'the', 'si@@', 'ze', 'of', 'the', 'lo@@', 'wer', '4@@', '8', 'st@@', 'ates', ',', 'has', 'sh@@', 'r@@', 'un@@', 'k', 'by', '4@@', '0', 'percent', '.']
2026-05-13 17:43:19,403 - DEBUG - joeynmt.training - 	Tokenized reference:  ['L&apos;', 'année', 'derni@@', 'ère', ',', 'je', 'vous', 'ai', 'présent@@', 'é', 'ces', 'deux', 'di@@', 'apos@@', 'iti@@', 'ves', 'qui', 'montr@@', 'aient', 'que', 'la', 'cal@@', 'ot@@', 'te', 'gl@@', 'ac@@', 'ière', 'ar@@', 'c@@', 'tique', ',', 'qui', 'pendant', 'ces', '3', 'derni@@', 'ers', 'millions', 'd&apos;', 'année', 'avait', 'la', 't@@', 'ail@@', 'le', 'des', 'E@@', 'tat@@', 's-@@', 'Un@@', 'is', 'sans', 'l&apos;', 'Al@@', 'as@@', 'k@@', 'a', ',', 'qui', 'pendant', 'ces', '3', 'derni@@', 'ers', 'millions', 'd&apos;', 'année', 'avait', 'la', 't@@', 'ail@@', 'le', 'des', 'E@@', 'tat@@', 's-@@', 'Un@@', 'is', 'sans', 'l&apos;', 'Al@@', 'as@@', 'k@@', 'a', ',', 'avait', 'di@@', 'minu@@', 'é', 'de', '4@@', '0', '%', '.']
2026-05-13 17:43:19,403 - DEBUG - joeynmt.training - 	Tokenized hypothesis: ['L@@', 'à', 'année', ',', 'j&apos;', 'ai', 'montr@@', 'é', 'ces', 'deux', 'deux', 's@@', 'itu@@', 'res', 'qui', 'dé@@', 'sor@@', 'ti@@', 'r', 'que', 'la', 'gl@@', 'ace', 'des', 'z@@', 'ones', 'de', 'la', 'gl@@', 'ace', ',', 'qui', 'a', 'été', 'la', 'plu@@', 'part', 'des', 'trois', 'millions', 'd&apos;', 'années', 'ont', 'été', 'la', 't@@', 'ail@@', 'le', 'de', '4@@', '8', 'ét@@', 'es', ',', 'a', 'part@@', 'i', 'de', '4@@', '8', '%', '.', '</s>']
2026-05-13 17:43:19,403 - INFO - joeynmt.training - 	Source:     Last year I showed these two slides so that demonstrate that the arctic ice cap , which for most of the last three million years has been the size of the lower 48 states , has shrunk by 40 percent .
2026-05-13 17:43:19,404 - INFO - joeynmt.training - 	Reference:  L&apos; année dernière , je vous ai présenté ces deux diapositives qui montraient que la calotte glacière arctique , qui pendant ces 3 derniers millions d&apos; année avait la taille des Etats-Unis sans l&apos; Alaska , qui pendant ces 3 derniers millions d&apos; année avait la taille des Etats-Unis sans l&apos; Alaska , avait diminué de 40 % .
2026-05-13 17:43:19,404 - INFO - joeynmt.training - 	Hypothesis: Là année , j&apos; ai montré ces deux deux situres qui désortir que la glace des zones de la glace , qui a été la plupart des trois millions d&apos; années ont été la taille de 48 étes , a parti de 48 % .
2026-05-13 17:43:19,404 - INFO - joeynmt.training - Example #1
2026-05-13 17:43:19,404 - DEBUG - joeynmt.training - 	Tokenized source:     ['But', 'this', 'underst@@', 'ates', 'the', 'ser@@', 'i@@', 'ous@@', 'ness', 'of', 'this', 'partic@@', 'ul@@', 'ar', 'problem', 'because', 'it', 'doesn', '&apos;t', 'show', 'the', 'th@@', 'ick@@', 'ness', 'of', 'the', 'ice', '.']
2026-05-13 17:43:19,404 - DEBUG - joeynmt.training - 	Tokenized reference:  ['Mais', 'ceci', 'ten@@', 'd', 'à', 'a@@', 'mo@@', 'ind@@', 'rir', 'le', 'problème', 'parce', 'qu&apos;', 'on', 'ne', 'vo@@', 'it', 'pas', 'l&apos;', 'é@@', 'p@@', 'aiss@@', 'eur', 'de', 'la', 'gl@@', 'ace', '.']
2026-05-13 17:43:19,404 - DEBUG - joeynmt.training - 	Tokenized hypothesis: ['Mais', 'cette', 'com@@', 'pré@@', 'pré@@', 'pré@@', 'pré@@', 'sen@@', 'te', 'le', 's@@', 'éri@@', 'eur', 'de', 'ce', 'problème', 'parce', 'qu&apos;', 'il', 'ne', 'mon@@', 'tre', 'pas', 'le', 'th@@', 'è@@', 'se', 'de', 'la', 'gl@@', 'ace', '.', '</s>']
2026-05-13 17:43:19,404 - INFO - joeynmt.training - 	Source:     But this understates the seriousness of this particular problem because it doesn &apos;t show the thickness of the ice .
2026-05-13 17:43:19,404 - INFO - joeynmt.training - 	Reference:  Mais ceci tend à amoindrir le problème parce qu&apos; on ne voit pas l&apos; épaisseur de la glace .
2026-05-13 17:43:19,404 - INFO - joeynmt.training - 	Hypothesis: Mais cette compréprépréprésente le sérieur de ce problème parce qu&apos; il ne montre pas le thèse de la glace .
2026-05-13 17:43:19,404 - INFO - joeynmt.training - Example #2
2026-05-13 17:43:19,404 - DEBUG - joeynmt.training - 	Tokenized source:     ['The', 'ar@@', 'c@@', 'tic', 'ice', 'c@@', 'a@@', 'p', 'is', ',', 'in', 'a', 'sense', ',', 'the', 'be@@', 'ating', 'he@@', 'art', 'of', 'the', 'glob@@', 'al', 'cli@@', 'm@@', 'ate', 'system', '.']
2026-05-13 17:43:19,404 - DEBUG - joeynmt.training - 	Tokenized reference:  ['On', 'peut', 'voir', 'la', 'cal@@', 'ot@@', 'te', 'gl@@', 'ac@@', 'ière', 'ar@@', 'c@@', 'tique', 'comme', 'le', 'co@@', 'eur', 'du', 'système', 'cli@@', 'ma@@', 'tique', 'glob@@', 'al', '.', 'On', 'peut', 'voir', 'la', 'cal@@', 'ot@@', 'te', 'gl@@', 'ac@@', 'ière', 'ar@@', 'c@@', 'tique', 'comme', 'le', 'co@@', 'eur', 'du', 'système', 'cli@@', 'ma@@', 'tique', 'glob@@', 'al', '.']
2026-05-13 17:43:19,404 - DEBUG - joeynmt.training - 	Tokenized hypothesis: ['Le', 'c@@', 'tique', 'tique', 'c@@', 'é@@', 'tique', 'est', ',', 'dans', 'un', 'sens', ',', 'le', 'sens', ',', 'le', 'dé@@', 'b@@', 'at', 'de', 'l&apos;', 'art', 'mon@@', 'di@@', 'ale', '.', '</s>']
2026-05-13 17:43:19,404 - INFO - joeynmt.training - 	Source:     The arctic ice cap is , in a sense , the beating heart of the global climate system .
2026-05-13 17:43:19,404 - INFO - joeynmt.training - 	Reference:  On peut voir la calotte glacière arctique comme le coeur du système climatique global . On peut voir la calotte glacière arctique comme le coeur du système climatique global .
2026-05-13 17:43:19,404 - INFO - joeynmt.training - 	Hypothesis: Le ctique tique cétique est , dans un sens , le sens , le débat de l&apos; art mondiale .
2026-05-13 17:43:19,404 - INFO - joeynmt.training - Example #3
2026-05-13 17:43:19,404 - DEBUG - joeynmt.training - 	Tokenized source:     ['It', 'exp@@', 'ands', 'in', 'w@@', 'int@@', 'er', 'and', 'contr@@', 'ac@@', 'ts', 'in', 'su@@', 'm@@', 'mer', '.']
2026-05-13 17:43:19,404 - DEBUG - joeynmt.training - 	Tokenized reference:  ['Elle', 's&apos;', 'ét@@', 'end', 'en', 'hi@@', 'ver', 'et', 'se', 'contr@@', 'ac@@', 'te', 'en', 'été', '.']
2026-05-13 17:43:19,404 - DEBUG - joeynmt.training - 	Tokenized hypothesis: ['Il', 's&apos;', 'ag@@', 'it', 'de', 'la', 'gu@@', 'erre', 'et', 'contr@@', 'ac@@', 'ts', 'dans', 'le', 'su@@', 'm@@', 'm@@', 'm@@', 'eu@@', 'bles', '.', '</s>']
2026-05-13 17:43:19,404 - INFO - joeynmt.training - 	Source:     It expands in winter and contracts in summer .
2026-05-13 17:43:19,404 - INFO - joeynmt.training - 	Reference:  Elle s&apos; étend en hiver et se contracte en été .
2026-05-13 17:43:19,404 - INFO - joeynmt.training - 	Hypothesis: Il s&apos; agit de la guerre et contracts dans le summmeubles .
2026-05-13 17:43:19,404 - INFO - joeynmt.training - Example #4
2026-05-13 17:43:19,404 - DEBUG - joeynmt.training - 	Tokenized source:     ['The', 'next', 's@@', 'li@@', 'de', 'I', 'show', 'you', 'will', 'be', 'a', 'rap@@', 'id', 'fas@@', 't-@@', 'for@@', 'w@@', 'ard', 'of', 'what', '&apos;s', 'happen@@', 'ed', 'over', 'the', 'last', '2@@', '5', 'years', '.']
2026-05-13 17:43:19,404 - DEBUG - joeynmt.training - 	Tokenized reference:  ['La', 'pro@@', 'ch@@', 'aine', 'di@@', 'apos@@', 'iti@@', 've', 'que', 'je', 'vais', 'vous', 'montrer', 'est', 'une', 'v@@', 'ue', 'en', 'acc@@', 'él@@', 'ér@@', 'é', 'de', 'ce', 'qui', 's&apos;', 'est', 'passé', 'ces', '2@@', '5', 'derni@@', 'ères', 'années', '.']
2026-05-13 17:43:19,404 - DEBUG - joeynmt.training - 	Tokenized hypothesis: ['La', 'pro@@', 'ch@@', 'aine', 's@@', 'li@@', 'de', 'que', 'je', 'vais', 'vous', 'montrer', 'un', 'plus', 'v@@', 'ite', 'de', 'ce', 'qui', 'se', 'passe', 'sur', 'le', 'derni@@', 'er', '2@@', '5', 'ans', '.', '</s>']
2026-05-13 17:43:19,404 - INFO - joeynmt.training - 	Source:     The next slide I show you will be a rapid fast-forward of what &apos;s happened over the last 25 years .
2026-05-13 17:43:19,404 - INFO - joeynmt.training - 	Reference:  La prochaine diapositive que je vais vous montrer est une vue en accéléré de ce qui s&apos; est passé ces 25 dernières années .
2026-05-13 17:43:19,404 - INFO - joeynmt.training - 	Hypothesis: La prochaine slide que je vais vous montrer un plus vite de ce qui se passe sur le dernier 25 ans .
2026-05-13 17:43:30,110 - INFO - joeynmt.training - Epoch   2, Step:     5600, Batch Loss:     1.653939, Batch Acc: 0.510521, Tokens per Sec:     7344, Lr: 0.000300
2026-05-13 17:43:40,736 - INFO - joeynmt.training - Epoch   2, Step:     5700, Batch Loss:     1.616696, Batch Acc: 0.514496, Tokens per Sec:     7317, Lr: 0.000300
2026-05-13 17:43:51,270 - INFO - joeynmt.training - Epoch   2, Step:     5800, Batch Loss:     1.694038, Batch Acc: 0.515515, Tokens per Sec:     7382, Lr: 0.000300
2026-05-13 17:44:01,878 - INFO - joeynmt.training - Epoch   2, Step:     5900, Batch Loss:     1.745261, Batch Acc: 0.521331, Tokens per Sec:     7404, Lr: 0.000300
2026-05-13 17:44:12,298 - INFO - joeynmt.training - Epoch   2, Step:     6000, Batch Loss:     1.604801, Batch Acc: 0.521916, Tokens per Sec:     7613, Lr: 0.000300
2026-05-13 17:44:12,298 - WARNING - joeynmt.helpers - `alpha` option is obsolete. Please use `beam_alpha`, instead.
2026-05-13 17:44:12,298 - INFO - joeynmt.prediction - Predicting 890 example(s)... (Greedy decoding with min_output_length=1, max_output_length=-1, return_prob='none', generate_unk=True, repetition_penalty=-1, no_repeat_ngram_size=-1)
2026-05-13 17:44:52,547 - INFO - joeynmt.prediction - Evaluation result (greedy) loss:   1.80, ppl:   6.08, acc:   0.48, generation: 40.2440[sec], evaluation: 0.0000[sec]
2026-05-13 17:44:52,548 - INFO - joeynmt.training - Hooray! New best validation result [ppl]!
2026-05-13 17:44:52,597 - INFO - joeynmt.helpers - delete models/bpe_2k/3500.ckpt
2026-05-13 17:44:52,597 - INFO - joeynmt.training - Example #0
2026-05-13 17:44:52,597 - DEBUG - joeynmt.training - 	Tokenized source:     ['L@@', 'ast', 'year', 'I', 'sho@@', 'w@@', 'ed', 'these', 'two', 's@@', 'li@@', 'des', 'so', 'that', 'dem@@', 'on@@', 'str@@', 'ate', 'that', 'the', 'ar@@', 'c@@', 'tic', 'ice', 'c@@', 'a@@', 'p', ',', 'which', 'for', 'most', 'of', 'the', 'last', 'three', 'million', 'years', 'has', 'been', 'the', 'si@@', 'ze', 'of', 'the', 'lo@@', 'wer', '4@@', '8', 'st@@', 'ates', ',', 'has', 'sh@@', 'r@@', 'un@@', 'k', 'by', '4@@', '0', 'percent', '.']
2026-05-13 17:44:52,597 - DEBUG - joeynmt.training - 	Tokenized reference:  ['L&apos;', 'année', 'derni@@', 'ère', ',', 'je', 'vous', 'ai', 'présent@@', 'é', 'ces', 'deux', 'di@@', 'apos@@', 'iti@@', 'ves', 'qui', 'montr@@', 'aient', 'que', 'la', 'cal@@', 'ot@@', 'te', 'gl@@', 'ac@@', 'ière', 'ar@@', 'c@@', 'tique', ',', 'qui', 'pendant', 'ces', '3', 'derni@@', 'ers', 'millions', 'd&apos;', 'année', 'avait', 'la', 't@@', 'ail@@', 'le', 'des', 'E@@', 'tat@@', 's-@@', 'Un@@', 'is', 'sans', 'l&apos;', 'Al@@', 'as@@', 'k@@', 'a', ',', 'qui', 'pendant', 'ces', '3', 'derni@@', 'ers', 'millions', 'd&apos;', 'année', 'avait', 'la', 't@@', 'ail@@', 'le', 'des', 'E@@', 'tat@@', 's-@@', 'Un@@', 'is', 'sans', 'l&apos;', 'Al@@', 'as@@', 'k@@', 'a', ',', 'avait', 'di@@', 'minu@@', 'é', 'de', '4@@', '0', '%', '.']
2026-05-13 17:44:52,597 - DEBUG - joeynmt.training - 	Tokenized hypothesis: ['L&apos;', 'année', ',', 'j&apos;', 'ai', 'montr@@', 'é', 'ces', 'deux', 's@@', 'al@@', 'des', 't@@', 'aux', 'de', 't@@', 'ail@@', 'les', 'que', 'le', 'c@@', 'tique', 'ar@@', 'c@@', 'tique', ',', 'pour', 'que', 'les', 'trois', 'millions', 'd&apos;', 'années', 'ont', 'été', 'les', 'trois', 'millions', 'd&apos;', 'années', 'ont', 'été', 'la', 't@@', 'ail@@', 'le', 'de', 'la', 'plus', 'grande', ',', 'a', 'été', 'la', 't@@', 'ail@@', 'le', 'de', '4@@', '8', 'pour', 'cent', '.', '</s>']
2026-05-13 17:44:52,597 - INFO - joeynmt.training - 	Source:     Last year I showed these two slides so that demonstrate that the arctic ice cap , which for most of the last three million years has been the size of the lower 48 states , has shrunk by 40 percent .
2026-05-13 17:44:52,597 - INFO - joeynmt.training - 	Reference:  L&apos; année dernière , je vous ai présenté ces deux diapositives qui montraient que la calotte glacière arctique , qui pendant ces 3 derniers millions d&apos; année avait la taille des Etats-Unis sans l&apos; Alaska , qui pendant ces 3 derniers millions d&apos; année avait la taille des Etats-Unis sans l&apos; Alaska , avait diminué de 40 % .
2026-05-13 17:44:52,597 - INFO - joeynmt.training - 	Hypothesis: L&apos; année , j&apos; ai montré ces deux saldes taux de tailles que le ctique arctique , pour que les trois millions d&apos; années ont été les trois millions d&apos; années ont été la taille de la plus grande , a été la taille de 48 pour cent .
2026-05-13 17:44:52,597 - INFO - joeynmt.training - Example #1
2026-05-13 17:44:52,597 - DEBUG - joeynmt.training - 	Tokenized source:     ['But', 'this', 'underst@@', 'ates', 'the', 'ser@@', 'i@@', 'ous@@', 'ness', 'of', 'this', 'partic@@', 'ul@@', 'ar', 'problem', 'because', 'it', 'doesn', '&apos;t', 'show', 'the', 'th@@', 'ick@@', 'ness', 'of', 'the', 'ice', '.']
2026-05-13 17:44:52,597 - DEBUG - joeynmt.training - 	Tokenized reference:  ['Mais', 'ceci', 'ten@@', 'd', 'à', 'a@@', 'mo@@', 'ind@@', 'rir', 'le', 'problème', 'parce', 'qu&apos;', 'on', 'ne', 'vo@@', 'it', 'pas', 'l&apos;', 'é@@', 'p@@', 'aiss@@', 'eur', 'de', 'la', 'gl@@', 'ace', '.']
2026-05-13 17:44:52,597 - DEBUG - joeynmt.training - 	Tokenized hypothesis: ['Mais', 'cette', 'com@@', 'com@@', 'com@@', 'com@@', 'com@@', 'com@@', 'com@@', 'com@@', 'com@@', 'com@@', 'com@@', 'pos@@', 'er', 'parce', 'que', 'ce', 'problème', 'parce', 'que', 'ça', 'ne', 'vous', 'montrer', 'la', 'gl@@', 'ace', 'de', 'la', 'gl@@', 'ace', '.', '</s>']
2026-05-13 17:44:52,597 - INFO - joeynmt.training - 	Source:     But this understates the seriousness of this particular problem because it doesn &apos;t show the thickness of the ice .
2026-05-13 17:44:52,597 - INFO - joeynmt.training - 	Reference:  Mais ceci tend à amoindrir le problème parce qu&apos; on ne voit pas l&apos; épaisseur de la glace .
2026-05-13 17:44:52,597 - INFO - joeynmt.training - 	Hypothesis: Mais cette comcomcomcomcomcomcomcomcomcomcomposer parce que ce problème parce que ça ne vous montrer la glace de la glace .
2026-05-13 17:44:52,597 - INFO - joeynmt.training - Example #2
2026-05-13 17:44:52,597 - DEBUG - joeynmt.training - 	Tokenized source:     ['The', 'ar@@', 'c@@', 'tic', 'ice', 'c@@', 'a@@', 'p', 'is', ',', 'in', 'a', 'sense', ',', 'the', 'be@@', 'ating', 'he@@', 'art', 'of', 'the', 'glob@@', 'al', 'cli@@', 'm@@', 'ate', 'system', '.']
2026-05-13 17:44:52,597 - DEBUG - joeynmt.training - 	Tokenized reference:  ['On', 'peut', 'voir', 'la', 'cal@@', 'ot@@', 'te', 'gl@@', 'ac@@', 'ière', 'ar@@', 'c@@', 'tique', 'comme', 'le', 'co@@', 'eur', 'du', 'système', 'cli@@', 'ma@@', 'tique', 'glob@@', 'al', '.', 'On', 'peut', 'voir', 'la', 'cal@@', 'ot@@', 'te', 'gl@@', 'ac@@', 'ière', 'ar@@', 'c@@', 'tique', 'comme', 'le', 'co@@', 'eur', 'du', 'système', 'cli@@', 'ma@@', 'tique', 'glob@@', 'al', '.']
2026-05-13 17:44:52,598 - DEBUG - joeynmt.training - 	Tokenized hypothesis: ['Le', 'c@@', 'â@@', 'ce', 'est', ',', 'dans', 'un', 'c@@', 'a@@', 'che', ',', 'dans', 'un', 'sens', ',', 'le', 'dé@@', 't@@', 'aux', 'de', 'l&apos;', 'art', 'mon@@', 'di@@', 'al', '.', '</s>']
2026-05-13 17:44:52,598 - INFO - joeynmt.training - 	Source:     The arctic ice cap is , in a sense , the beating heart of the global climate system .
2026-05-13 17:44:52,598 - INFO - joeynmt.training - 	Reference:  On peut voir la calotte glacière arctique comme le coeur du système climatique global . On peut voir la calotte glacière arctique comme le coeur du système climatique global .
2026-05-13 17:44:52,598 - INFO - joeynmt.training - 	Hypothesis: Le câce est , dans un cache , dans un sens , le détaux de l&apos; art mondial .
2026-05-13 17:44:52,598 - INFO - joeynmt.training - Example #3
2026-05-13 17:44:52,598 - DEBUG - joeynmt.training - 	Tokenized source:     ['It', 'exp@@', 'ands', 'in', 'w@@', 'int@@', 'er', 'and', 'contr@@', 'ac@@', 'ts', 'in', 'su@@', 'm@@', 'mer', '.']
2026-05-13 17:44:52,598 - DEBUG - joeynmt.training - 	Tokenized reference:  ['Elle', 's&apos;', 'ét@@', 'end', 'en', 'hi@@', 'ver', 'et', 'se', 'contr@@', 'ac@@', 'te', 'en', 'été', '.']
2026-05-13 17:44:52,598 - DEBUG - joeynmt.training - 	Tokenized hypothesis: ['Il', 's&apos;', 'att@@', 'end@@', 'ent', 'dans', 'les', 'g@@', 'ag@@', 'n@@', 'ent', 'et', 'les', 'contr@@', 'ô@@', 'les', '.', '</s>']
2026-05-13 17:44:52,598 - INFO - joeynmt.training - 	Source:     It expands in winter and contracts in summer .
2026-05-13 17:44:52,598 - INFO - joeynmt.training - 	Reference:  Elle s&apos; étend en hiver et se contracte en été .
2026-05-13 17:44:52,598 - INFO - joeynmt.training - 	Hypothesis: Il s&apos; attendent dans les gagnent et les contrôles .
2026-05-13 17:44:52,598 - INFO - joeynmt.training - Example #4
2026-05-13 17:44:52,598 - DEBUG - joeynmt.training - 	Tokenized source:     ['The', 'next', 's@@', 'li@@', 'de', 'I', 'show', 'you', 'will', 'be', 'a', 'rap@@', 'id', 'fas@@', 't-@@', 'for@@', 'w@@', 'ard', 'of', 'what', '&apos;s', 'happen@@', 'ed', 'over', 'the', 'last', '2@@', '5', 'years', '.']
2026-05-13 17:44:52,598 - DEBUG - joeynmt.training - 	Tokenized reference:  ['La', 'pro@@', 'ch@@', 'aine', 'di@@', 'apos@@', 'iti@@', 've', 'que', 'je', 'vais', 'vous', 'montrer', 'est', 'une', 'v@@', 'ue', 'en', 'acc@@', 'él@@', 'ér@@', 'é', 'de', 'ce', 'qui', 's&apos;', 'est', 'passé', 'ces', '2@@', '5', 'derni@@', 'ères', 'années', '.']
2026-05-13 17:44:52,598 - DEBUG - joeynmt.training - 	Tokenized hypothesis: ['La', 'pro@@', 'ch@@', 'aine', 'pro@@', 'ch@@', 'aine', ',', 'je', 'vais', 'vous', 'montrer', 'un', 'rap@@', 'ide', 'plus', 'v@@', 'ite', ',', 'la', 'for@@', 'ce', 'ce', 'qui', 'se', 'passe', 'sur', 'les', 'derni@@', 'ères', 'années', '.', '</s>']
2026-05-13 17:44:52,598 - INFO - joeynmt.training - 	Source:     The next slide I show you will be a rapid fast-forward of what &apos;s happened over the last 25 years .
2026-05-13 17:44:52,598 - INFO - joeynmt.training - 	Reference:  La prochaine diapositive que je vais vous montrer est une vue en accéléré de ce qui s&apos; est passé ces 25 dernières années .
2026-05-13 17:44:52,598 - INFO - joeynmt.training - 	Hypothesis: La prochaine prochaine , je vais vous montrer un rapide plus vite , la force ce qui se passe sur les dernières années .
2026-05-13 17:45:03,220 - INFO - joeynmt.training - Epoch   2, Step:     6100, Batch Loss:     1.497920, Batch Acc: 0.524015, Tokens per Sec:     7366, Lr: 0.000300
2026-05-13 17:45:13,657 - INFO - joeynmt.training - Epoch   2, Step:     6200, Batch Loss:     1.704155, Batch Acc: 0.530257, Tokens per Sec:     7656, Lr: 0.000300
2026-05-13 17:45:24,193 - INFO - joeynmt.training - Epoch   2, Step:     6300, Batch Loss:     1.545436, Batch Acc: 0.530025, Tokens per Sec:     7370, Lr: 0.000300
2026-05-13 17:45:34,796 - INFO - joeynmt.training - Epoch   2, Step:     6400, Batch Loss:     1.526894, Batch Acc: 0.526770, Tokens per Sec:     7332, Lr: 0.000300
2026-05-13 17:45:45,505 - INFO - joeynmt.training - Epoch   2, Step:     6500, Batch Loss:     1.651242, Batch Acc: 0.533327, Tokens per Sec:     7360, Lr: 0.000300
2026-05-13 17:45:45,505 - WARNING - joeynmt.helpers - `alpha` option is obsolete. Please use `beam_alpha`, instead.
2026-05-13 17:45:45,505 - INFO - joeynmt.prediction - Predicting 890 example(s)... (Greedy decoding with min_output_length=1, max_output_length=-1, return_prob='none', generate_unk=True, repetition_penalty=-1, no_repeat_ngram_size=-1)
2026-05-13 17:46:30,718 - INFO - joeynmt.prediction - Evaluation result (greedy) loss:   1.77, ppl:   5.90, acc:   0.49, generation: 45.2069[sec], evaluation: 0.0000[sec]
2026-05-13 17:46:30,718 - INFO - joeynmt.training - Hooray! New best validation result [ppl]!
2026-05-13 17:46:30,769 - INFO - joeynmt.helpers - delete models/bpe_2k/4000.ckpt
2026-05-13 17:46:30,769 - INFO - joeynmt.training - Example #0
2026-05-13 17:46:30,769 - DEBUG - joeynmt.training - 	Tokenized source:     ['L@@', 'ast', 'year', 'I', 'sho@@', 'w@@', 'ed', 'these', 'two', 's@@', 'li@@', 'des', 'so', 'that', 'dem@@', 'on@@', 'str@@', 'ate', 'that', 'the', 'ar@@', 'c@@', 'tic', 'ice', 'c@@', 'a@@', 'p', ',', 'which', 'for', 'most', 'of', 'the', 'last', 'three', 'million', 'years', 'has', 'been', 'the', 'si@@', 'ze', 'of', 'the', 'lo@@', 'wer', '4@@', '8', 'st@@', 'ates', ',', 'has', 'sh@@', 'r@@', 'un@@', 'k', 'by', '4@@', '0', 'percent', '.']
2026-05-13 17:46:30,769 - DEBUG - joeynmt.training - 	Tokenized reference:  ['L&apos;', 'année', 'derni@@', 'ère', ',', 'je', 'vous', 'ai', 'présent@@', 'é', 'ces', 'deux', 'di@@', 'apos@@', 'iti@@', 'ves', 'qui', 'montr@@', 'aient', 'que', 'la', 'cal@@', 'ot@@', 'te', 'gl@@', 'ac@@', 'ière', 'ar@@', 'c@@', 'tique', ',', 'qui', 'pendant', 'ces', '3', 'derni@@', 'ers', 'millions', 'd&apos;', 'année', 'avait', 'la', 't@@', 'ail@@', 'le', 'des', 'E@@', 'tat@@', 's-@@', 'Un@@', 'is', 'sans', 'l&apos;', 'Al@@', 'as@@', 'k@@', 'a', ',', 'qui', 'pendant', 'ces', '3', 'derni@@', 'ers', 'millions', 'd&apos;', 'année', 'avait', 'la', 't@@', 'ail@@', 'le', 'des', 'E@@', 'tat@@', 's-@@', 'Un@@', 'is', 'sans', 'l&apos;', 'Al@@', 'as@@', 'k@@', 'a', ',', 'avait', 'di@@', 'minu@@', 'é', 'de', '4@@', '0', '%', '.']
2026-05-13 17:46:30,769 - DEBUG - joeynmt.training - 	Tokenized hypothesis: ['L&apos;', 'année', ',', 'j&apos;', 'ai', 'montr@@', 'é', 'ces', 'deux', 'deux', 's@@', 'li@@', 'des', 'de', 't@@', 'ail@@', 'le', 'de', 'si', 'dé@@', 's@@', 'on@@', 'c@@', 'tique', ',', 'qui', 'pour', 'la', 'plu@@', 'part', 'des', 'trois', 'millions', 'd&apos;', 'années', 'ont', 'été', 'été', 'le', 't@@', 'ail@@', 'le', 'de', 'la', 't@@', 'ail@@', 'le', 'de', '4@@', '8', 'ét@@', 'at@@', 's', ',', 'a', 're@@', 'qu@@', 'is', 'de', '4@@', '0', 'pour', 'cent', '.', '</s>']
2026-05-13 17:46:30,769 - INFO - joeynmt.training - 	Source:     Last year I showed these two slides so that demonstrate that the arctic ice cap , which for most of the last three million years has been the size of the lower 48 states , has shrunk by 40 percent .
2026-05-13 17:46:30,769 - INFO - joeynmt.training - 	Reference:  L&apos; année dernière , je vous ai présenté ces deux diapositives qui montraient que la calotte glacière arctique , qui pendant ces 3 derniers millions d&apos; année avait la taille des Etats-Unis sans l&apos; Alaska , qui pendant ces 3 derniers millions d&apos; année avait la taille des Etats-Unis sans l&apos; Alaska , avait diminué de 40 % .
2026-05-13 17:46:30,769 - INFO - joeynmt.training - 	Hypothesis: L&apos; année , j&apos; ai montré ces deux deux slides de taille de si désonctique , qui pour la plupart des trois millions d&apos; années ont été été le taille de la taille de 48 états , a requis de 40 pour cent .
2026-05-13 17:46:30,769 - INFO - joeynmt.training - Example #1
2026-05-13 17:46:30,769 - DEBUG - joeynmt.training - 	Tokenized source:     ['But', 'this', 'underst@@', 'ates', 'the', 'ser@@', 'i@@', 'ous@@', 'ness', 'of', 'this', 'partic@@', 'ul@@', 'ar', 'problem', 'because', 'it', 'doesn', '&apos;t', 'show', 'the', 'th@@', 'ick@@', 'ness', 'of', 'the', 'ice', '.']
2026-05-13 17:46:30,769 - DEBUG - joeynmt.training - 	Tokenized reference:  ['Mais', 'ceci', 'ten@@', 'd', 'à', 'a@@', 'mo@@', 'ind@@', 'rir', 'le', 'problème', 'parce', 'qu&apos;', 'on', 'ne', 'vo@@', 'it', 'pas', 'l&apos;', 'é@@', 'p@@', 'aiss@@', 'eur', 'de', 'la', 'gl@@', 'ace', '.']
2026-05-13 17:46:30,769 - DEBUG - joeynmt.training - 	Tokenized hypothesis: ['Mais', 'cette', 'com@@', 'pré@@', 'pré@@', 'pré@@', 'sen@@', 'te', 'le', 's@@', 'éri@@', 'e', 'de', 'ce', 'problème', 'parce', 'que', 'ce', 'n&apos;', 'est', 'pas', 'le', 'dé@@', 'montrer', 'parce', 'que', 'ce', 'n&apos;', 'est', 'pas', 'le', 'dé@@', 'but', 'de', 'la', 'gl@@', 'ace', '.', '</s>']
2026-05-13 17:46:30,769 - INFO - joeynmt.training - 	Source:     But this understates the seriousness of this particular problem because it doesn &apos;t show the thickness of the ice .
2026-05-13 17:46:30,769 - INFO - joeynmt.training - 	Reference:  Mais ceci tend à amoindrir le problème parce qu&apos; on ne voit pas l&apos; épaisseur de la glace .
2026-05-13 17:46:30,769 - INFO - joeynmt.training - 	Hypothesis: Mais cette comprépréprésente le série de ce problème parce que ce n&apos; est pas le démontrer parce que ce n&apos; est pas le début de la glace .
2026-05-13 17:46:30,769 - INFO - joeynmt.training - Example #2
2026-05-13 17:46:30,769 - DEBUG - joeynmt.training - 	Tokenized source:     ['The', 'ar@@', 'c@@', 'tic', 'ice', 'c@@', 'a@@', 'p', 'is', ',', 'in', 'a', 'sense', ',', 'the', 'be@@', 'ating', 'he@@', 'art', 'of', 'the', 'glob@@', 'al', 'cli@@', 'm@@', 'ate', 'system', '.']
2026-05-13 17:46:30,769 - DEBUG - joeynmt.training - 	Tokenized reference:  ['On', 'peut', 'voir', 'la', 'cal@@', 'ot@@', 'te', 'gl@@', 'ac@@', 'ière', 'ar@@', 'c@@', 'tique', 'comme', 'le', 'co@@', 'eur', 'du', 'système', 'cli@@', 'ma@@', 'tique', 'glob@@', 'al', '.', 'On', 'peut', 'voir', 'la', 'cal@@', 'ot@@', 'te', 'gl@@', 'ac@@', 'ière', 'ar@@', 'c@@', 'tique', 'comme', 'le', 'co@@', 'eur', 'du', 'système', 'cli@@', 'ma@@', 'tique', 'glob@@', 'al', '.']
2026-05-13 17:46:30,769 - DEBUG - joeynmt.training - 	Tokenized hypothesis: ['Le', 'c@@', 'â@@', 'ble', 'de', 'la', 'gl@@', 'ace', 'est', ',', 'dans', 'un', 'sens', ',', 'le', 'c@@', 'a@@', 'de@@', 'dans', 'du', 'cli@@', 'm@@', 'at', 'de', 'l&apos;', 'art', 'mon@@', 'di@@', 'ale', '.', '</s>']
2026-05-13 17:46:30,770 - INFO - joeynmt.training - 	Source:     The arctic ice cap is , in a sense , the beating heart of the global climate system .
2026-05-13 17:46:30,770 - INFO - joeynmt.training - 	Reference:  On peut voir la calotte glacière arctique comme le coeur du système climatique global . On peut voir la calotte glacière arctique comme le coeur du système climatique global .
2026-05-13 17:46:30,770 - INFO - joeynmt.training - 	Hypothesis: Le câble de la glace est , dans un sens , le cadedans du climat de l&apos; art mondiale .
2026-05-13 17:46:30,770 - INFO - joeynmt.training - Example #3
2026-05-13 17:46:30,770 - DEBUG - joeynmt.training - 	Tokenized source:     ['It', 'exp@@', 'ands', 'in', 'w@@', 'int@@', 'er', 'and', 'contr@@', 'ac@@', 'ts', 'in', 'su@@', 'm@@', 'mer', '.']
2026-05-13 17:46:30,770 - DEBUG - joeynmt.training - 	Tokenized reference:  ['Elle', 's&apos;', 'ét@@', 'end', 'en', 'hi@@', 'ver', 'et', 'se', 'contr@@', 'ac@@', 'te', 'en', 'été', '.']
2026-05-13 17:46:30,770 - DEBUG - joeynmt.training - 	Tokenized hypothesis: ['Cela', 's&apos;', 'att@@', 'end@@', 'r@@', 'end', 'et', 'contr@@', 'ac@@', 'ts', 'dans', 'le', 'contr@@', 'ô@@', 'le', 'et', 'contr@@', 'ac@@', 'te', '.', '</s>']
2026-05-13 17:46:30,770 - INFO - joeynmt.training - 	Source:     It expands in winter and contracts in summer .
2026-05-13 17:46:30,770 - INFO - joeynmt.training - 	Reference:  Elle s&apos; étend en hiver et se contracte en été .
2026-05-13 17:46:30,770 - INFO - joeynmt.training - 	Hypothesis: Cela s&apos; attendrend et contracts dans le contrôle et contracte .
2026-05-13 17:46:30,770 - INFO - joeynmt.training - Example #4
2026-05-13 17:46:30,770 - DEBUG - joeynmt.training - 	Tokenized source:     ['The', 'next', 's@@', 'li@@', 'de', 'I', 'show', 'you', 'will', 'be', 'a', 'rap@@', 'id', 'fas@@', 't-@@', 'for@@', 'w@@', 'ard', 'of', 'what', '&apos;s', 'happen@@', 'ed', 'over', 'the', 'last', '2@@', '5', 'years', '.']
2026-05-13 17:46:30,770 - DEBUG - joeynmt.training - 	Tokenized reference:  ['La', 'pro@@', 'ch@@', 'aine', 'di@@', 'apos@@', 'iti@@', 've', 'que', 'je', 'vais', 'vous', 'montrer', 'est', 'une', 'v@@', 'ue', 'en', 'acc@@', 'él@@', 'ér@@', 'é', 'de', 'ce', 'qui', 's&apos;', 'est', 'passé', 'ces', '2@@', '5', 'derni@@', 'ères', 'années', '.']
2026-05-13 17:46:30,770 - DEBUG - joeynmt.training - 	Tokenized hypothesis: ['La', 'pro@@', 'ch@@', 'aine', ',', 'je', 'vous', 'mon@@', 'tre', 'un', 'rap@@', 'ide', 'rap@@', 'ide', 'plus', 'v@@', 'ite', 'de', 'ce', 'qui', 'se', 'passe', 'au', 'cours', 'de', '2@@', '5', 'derni@@', 'ères', 'années', '.', '</s>']
2026-05-13 17:46:30,770 - INFO - joeynmt.training - 	Source:     The next slide I show you will be a rapid fast-forward of what &apos;s happened over the last 25 years .
2026-05-13 17:46:30,770 - INFO - joeynmt.training - 	Reference:  La prochaine diapositive que je vais vous montrer est une vue en accéléré de ce qui s&apos; est passé ces 25 dernières années .
2026-05-13 17:46:30,770 - INFO - joeynmt.training - 	Hypothesis: La prochaine , je vous montre un rapide rapide plus vite de ce qui se passe au cours de 25 dernières années .
2026-05-13 17:46:41,503 - INFO - joeynmt.training - Epoch   2, Step:     6600, Batch Loss:     1.572927, Batch Acc: 0.532871, Tokens per Sec:     7232, Lr: 0.000300
2026-05-13 17:46:52,402 - INFO - joeynmt.training - Epoch   2, Step:     6700, Batch Loss:     1.614621, Batch Acc: 0.539236, Tokens per Sec:     7218, Lr: 0.000300
2026-05-13 17:47:03,277 - INFO - joeynmt.training - Epoch   2, Step:     6800, Batch Loss:     1.641082, Batch Acc: 0.535348, Tokens per Sec:     7383, Lr: 0.000300
2026-05-13 17:47:13,757 - INFO - joeynmt.training - Epoch   2, Step:     6900, Batch Loss:     1.635197, Batch Acc: 0.534187, Tokens per Sec:     7384, Lr: 0.000300
2026-05-13 17:47:25,167 - INFO - joeynmt.training - Epoch   2, Step:     7000, Batch Loss:     1.533146, Batch Acc: 0.539737, Tokens per Sec:     6973, Lr: 0.000300
2026-05-13 17:47:25,167 - WARNING - joeynmt.helpers - `alpha` option is obsolete. Please use `beam_alpha`, instead.
2026-05-13 17:47:25,167 - INFO - joeynmt.prediction - Predicting 890 example(s)... (Greedy decoding with min_output_length=1, max_output_length=-1, return_prob='none', generate_unk=True, repetition_penalty=-1, no_repeat_ngram_size=-1)
2026-05-13 17:48:08,013 - INFO - joeynmt.prediction - Evaluation result (greedy) loss:   1.75, ppl:   5.74, acc:   0.50, generation: 42.8405[sec], evaluation: 0.0000[sec]
2026-05-13 17:48:08,014 - INFO - joeynmt.training - Hooray! New best validation result [ppl]!
2026-05-13 17:48:08,062 - INFO - joeynmt.helpers - delete models/bpe_2k/4500.ckpt
2026-05-13 17:48:08,062 - INFO - joeynmt.training - Example #0
2026-05-13 17:48:08,062 - DEBUG - joeynmt.training - 	Tokenized source:     ['L@@', 'ast', 'year', 'I', 'sho@@', 'w@@', 'ed', 'these', 'two', 's@@', 'li@@', 'des', 'so', 'that', 'dem@@', 'on@@', 'str@@', 'ate', 'that', 'the', 'ar@@', 'c@@', 'tic', 'ice', 'c@@', 'a@@', 'p', ',', 'which', 'for', 'most', 'of', 'the', 'last', 'three', 'million', 'years', 'has', 'been', 'the', 'si@@', 'ze', 'of', 'the', 'lo@@', 'wer', '4@@', '8', 'st@@', 'ates', ',', 'has', 'sh@@', 'r@@', 'un@@', 'k', 'by', '4@@', '0', 'percent', '.']
2026-05-13 17:48:08,062 - DEBUG - joeynmt.training - 	Tokenized reference:  ['L&apos;', 'année', 'derni@@', 'ère', ',', 'je', 'vous', 'ai', 'présent@@', 'é', 'ces', 'deux', 'di@@', 'apos@@', 'iti@@', 'ves', 'qui', 'montr@@', 'aient', 'que', 'la', 'cal@@', 'ot@@', 'te', 'gl@@', 'ac@@', 'ière', 'ar@@', 'c@@', 'tique', ',', 'qui', 'pendant', 'ces', '3', 'derni@@', 'ers', 'millions', 'd&apos;', 'année', 'avait', 'la', 't@@', 'ail@@', 'le', 'des', 'E@@', 'tat@@', 's-@@', 'Un@@', 'is', 'sans', 'l&apos;', 'Al@@', 'as@@', 'k@@', 'a', ',', 'qui', 'pendant', 'ces', '3', 'derni@@', 'ers', 'millions', 'd&apos;', 'année', 'avait', 'la', 't@@', 'ail@@', 'le', 'des', 'E@@', 'tat@@', 's-@@', 'Un@@', 'is', 'sans', 'l&apos;', 'Al@@', 'as@@', 'k@@', 'a', ',', 'avait', 'di@@', 'minu@@', 'é', 'de', '4@@', '0', '%', '.']
2026-05-13 17:48:08,062 - DEBUG - joeynmt.training - 	Tokenized hypothesis: ['L&apos;', 'année', 'derni@@', 'ère', ',', 'j&apos;', 'ai', 'montr@@', 'é', 'ces', 'deux', 'deux', 's@@', 'li@@', 'des', 'de', 't@@', 'as', 'que', 'la', 'gl@@', 'ace', 'ar@@', 'c@@', 'tique', ',', 'qui', 'pour', 'la', 'plus', 'grande', 'partie', 'de', 'la', 'plus', 'grande', 'partie', 'de', 'la', 't@@', 'ail@@', 'le', 'de', 'la', 't@@', 'ail@@', 'le', 'de', '4@@', '8', 'ét@@', 'at@@', 's', ',', 'a', 'part@@', 'i', 'de', '4@@', '0', '%', '.', '</s>']
2026-05-13 17:48:08,062 - INFO - joeynmt.training - 	Source:     Last year I showed these two slides so that demonstrate that the arctic ice cap , which for most of the last three million years has been the size of the lower 48 states , has shrunk by 40 percent .
2026-05-13 17:48:08,062 - INFO - joeynmt.training - 	Reference:  L&apos; année dernière , je vous ai présenté ces deux diapositives qui montraient que la calotte glacière arctique , qui pendant ces 3 derniers millions d&apos; année avait la taille des Etats-Unis sans l&apos; Alaska , qui pendant ces 3 derniers millions d&apos; année avait la taille des Etats-Unis sans l&apos; Alaska , avait diminué de 40 % .
2026-05-13 17:48:08,063 - INFO - joeynmt.training - 	Hypothesis: L&apos; année dernière , j&apos; ai montré ces deux deux slides de tas que la glace arctique , qui pour la plus grande partie de la plus grande partie de la taille de la taille de 48 états , a parti de 40 % .
2026-05-13 17:48:08,063 - INFO - joeynmt.training - Example #1
2026-05-13 17:48:08,063 - DEBUG - joeynmt.training - 	Tokenized source:     ['But', 'this', 'underst@@', 'ates', 'the', 'ser@@', 'i@@', 'ous@@', 'ness', 'of', 'this', 'partic@@', 'ul@@', 'ar', 'problem', 'because', 'it', 'doesn', '&apos;t', 'show', 'the', 'th@@', 'ick@@', 'ness', 'of', 'the', 'ice', '.']
2026-05-13 17:48:08,063 - DEBUG - joeynmt.training - 	Tokenized reference:  ['Mais', 'ceci', 'ten@@', 'd', 'à', 'a@@', 'mo@@', 'ind@@', 'rir', 'le', 'problème', 'parce', 'qu&apos;', 'on', 'ne', 'vo@@', 'it', 'pas', 'l&apos;', 'é@@', 'p@@', 'aiss@@', 'eur', 'de', 'la', 'gl@@', 'ace', '.']
2026-05-13 17:48:08,063 - DEBUG - joeynmt.training - 	Tokenized hypothesis: ['Mais', 'cette', 'com@@', 'pré@@', 'pré@@', 'pré@@', 'sen@@', 'te', 'le', 's@@', 'éri@@', 'éri@@', 'eur', 'de', 'ce', 'problème', 'parce', 'que', 'ça', 'ne', 'mon@@', 'te', 'pas', 'la', 'p@@', 'ité', 'de', 'la', 'gl@@', 'ace', '.', '</s>']
2026-05-13 17:48:08,063 - INFO - joeynmt.training - 	Source:     But this understates the seriousness of this particular problem because it doesn &apos;t show the thickness of the ice .
2026-05-13 17:48:08,063 - INFO - joeynmt.training - 	Reference:  Mais ceci tend à amoindrir le problème parce qu&apos; on ne voit pas l&apos; épaisseur de la glace .
2026-05-13 17:48:08,063 - INFO - joeynmt.training - 	Hypothesis: Mais cette comprépréprésente le sériérieur de ce problème parce que ça ne monte pas la pité de la glace .
2026-05-13 17:48:08,063 - INFO - joeynmt.training - Example #2
2026-05-13 17:48:08,063 - DEBUG - joeynmt.training - 	Tokenized source:     ['The', 'ar@@', 'c@@', 'tic', 'ice', 'c@@', 'a@@', 'p', 'is', ',', 'in', 'a', 'sense', ',', 'the', 'be@@', 'ating', 'he@@', 'art', 'of', 'the', 'glob@@', 'al', 'cli@@', 'm@@', 'ate', 'system', '.']
2026-05-13 17:48:08,063 - DEBUG - joeynmt.training - 	Tokenized reference:  ['On', 'peut', 'voir', 'la', 'cal@@', 'ot@@', 'te', 'gl@@', 'ac@@', 'ière', 'ar@@', 'c@@', 'tique', 'comme', 'le', 'co@@', 'eur', 'du', 'système', 'cli@@', 'ma@@', 'tique', 'glob@@', 'al', '.', 'On', 'peut', 'voir', 'la', 'cal@@', 'ot@@', 'te', 'gl@@', 'ac@@', 'ière', 'ar@@', 'c@@', 'tique', 'comme', 'le', 'co@@', 'eur', 'du', 'système', 'cli@@', 'ma@@', 'tique', 'glob@@', 'al', '.']
2026-05-13 17:48:08,063 - DEBUG - joeynmt.training - 	Tokenized hypothesis: ['Le', 'c@@', 'a@@', 'che', 'est', ',', 'en', 'un', 'sens', ',', 'dans', 'un', 'sens', ',', 'le', 's@@', 'enti@@', 'r', 'de', 'la', 'ch@@', 'al@@', 'eur', 'de', 'la', 'mon@@', 'di@@', 'ale', '.', '</s>']
2026-05-13 17:48:08,063 - INFO - joeynmt.training - 	Source:     The arctic ice cap is , in a sense , the beating heart of the global climate system .
2026-05-13 17:48:08,063 - INFO - joeynmt.training - 	Reference:  On peut voir la calotte glacière arctique comme le coeur du système climatique global . On peut voir la calotte glacière arctique comme le coeur du système climatique global .
2026-05-13 17:48:08,063 - INFO - joeynmt.training - 	Hypothesis: Le cache est , en un sens , dans un sens , le sentir de la chaleur de la mondiale .
2026-05-13 17:48:08,063 - INFO - joeynmt.training - Example #3
2026-05-13 17:48:08,063 - DEBUG - joeynmt.training - 	Tokenized source:     ['It', 'exp@@', 'ands', 'in', 'w@@', 'int@@', 'er', 'and', 'contr@@', 'ac@@', 'ts', 'in', 'su@@', 'm@@', 'mer', '.']
2026-05-13 17:48:08,063 - DEBUG - joeynmt.training - 	Tokenized reference:  ['Elle', 's&apos;', 'ét@@', 'end', 'en', 'hi@@', 'ver', 'et', 'se', 'contr@@', 'ac@@', 'te', 'en', 'été', '.']
2026-05-13 17:48:08,063 - DEBUG - joeynmt.training - 	Tokenized hypothesis: ['Il', 's&apos;', 'att@@', 'att@@', 'endre', 'aux', 'ch@@', 'am@@', 'en@@', 'er', 'et', 'contr@@', 'ac@@', 'ts', 'dans', 'le', 'su@@', 'm@@', 'ée', '.', '</s>']
2026-05-13 17:48:08,063 - INFO - joeynmt.training - 	Source:     It expands in winter and contracts in summer .
2026-05-13 17:48:08,063 - INFO - joeynmt.training - 	Reference:  Elle s&apos; étend en hiver et se contracte en été .
2026-05-13 17:48:08,063 - INFO - joeynmt.training - 	Hypothesis: Il s&apos; attattendre aux chamener et contracts dans le sumée .
2026-05-13 17:48:08,063 - INFO - joeynmt.training - Example #4
2026-05-13 17:48:08,063 - DEBUG - joeynmt.training - 	Tokenized source:     ['The', 'next', 's@@', 'li@@', 'de', 'I', 'show', 'you', 'will', 'be', 'a', 'rap@@', 'id', 'fas@@', 't-@@', 'for@@', 'w@@', 'ard', 'of', 'what', '&apos;s', 'happen@@', 'ed', 'over', 'the', 'last', '2@@', '5', 'years', '.']
2026-05-13 17:48:08,063 - DEBUG - joeynmt.training - 	Tokenized reference:  ['La', 'pro@@', 'ch@@', 'aine', 'di@@', 'apos@@', 'iti@@', 've', 'que', 'je', 'vais', 'vous', 'montrer', 'est', 'une', 'v@@', 'ue', 'en', 'acc@@', 'él@@', 'ér@@', 'é', 'de', 'ce', 'qui', 's&apos;', 'est', 'passé', 'ces', '2@@', '5', 'derni@@', 'ères', 'années', '.']
2026-05-13 17:48:08,063 - DEBUG - joeynmt.training - 	Tokenized hypothesis: ['La', 'pro@@', 'ch@@', 'aine', 'pro@@', 'ch@@', 'aine', 'que', 'je', 'vous', 'mon@@', 'tre', 'un', 'rap@@', 'ide', 'rap@@', 'ide', 'de', 'ce', 'qui', 'est', 'arriv@@', 'é', 'au', 'cours', 'de', 'ce', 'qui', 'est', 'arriv@@', 'é', 'au', 'cours', 'de', '2@@', '5', 'ans', '.', '</s>']
2026-05-13 17:48:08,063 - INFO - joeynmt.training - 	Source:     The next slide I show you will be a rapid fast-forward of what &apos;s happened over the last 25 years .
2026-05-13 17:48:08,063 - INFO - joeynmt.training - 	Reference:  La prochaine diapositive que je vais vous montrer est une vue en accéléré de ce qui s&apos; est passé ces 25 dernières années .
2026-05-13 17:48:08,063 - INFO - joeynmt.training - 	Hypothesis: La prochaine prochaine que je vous montre un rapide rapide de ce qui est arrivé au cours de ce qui est arrivé au cours de 25 ans .
2026-05-13 17:48:18,461 - INFO - joeynmt.training - Epoch   2, Step:     7100, Batch Loss:     1.750442, Batch Acc: 0.541065, Tokens per Sec:     7424, Lr: 0.000300
2026-05-13 17:48:29,057 - INFO - joeynmt.training - Epoch   2, Step:     7200, Batch Loss:     1.621126, Batch Acc: 0.535911, Tokens per Sec:     7249, Lr: 0.000300
2026-05-13 17:48:39,713 - INFO - joeynmt.training - Epoch   2, Step:     7300, Batch Loss:     1.678130, Batch Acc: 0.537798, Tokens per Sec:     7277, Lr: 0.000300
2026-05-13 17:48:50,649 - INFO - joeynmt.training - Epoch   2, Step:     7400, Batch Loss:     1.584949, Batch Acc: 0.542712, Tokens per Sec:     7136, Lr: 0.000300
2026-05-13 17:49:01,924 - INFO - joeynmt.training - Epoch   2, Step:     7500, Batch Loss:     1.560022, Batch Acc: 0.539076, Tokens per Sec:     7154, Lr: 0.000300
2026-05-13 17:49:01,924 - WARNING - joeynmt.helpers - `alpha` option is obsolete. Please use `beam_alpha`, instead.
2026-05-13 17:49:01,924 - INFO - joeynmt.prediction - Predicting 890 example(s)... (Greedy decoding with min_output_length=1, max_output_length=-1, return_prob='none', generate_unk=True, repetition_penalty=-1, no_repeat_ngram_size=-1)
2026-05-13 17:49:37,636 - INFO - joeynmt.prediction - Evaluation result (greedy) loss:   1.72, ppl:   5.61, acc:   0.51, generation: 35.7071[sec], evaluation: 0.0000[sec]
2026-05-13 17:49:37,637 - INFO - joeynmt.training - Hooray! New best validation result [ppl]!
2026-05-13 17:49:37,687 - INFO - joeynmt.helpers - delete models/bpe_2k/5000.ckpt
2026-05-13 17:49:37,690 - INFO - joeynmt.training - Example #0
2026-05-13 17:49:37,690 - DEBUG - joeynmt.training - 	Tokenized source:     ['L@@', 'ast', 'year', 'I', 'sho@@', 'w@@', 'ed', 'these', 'two', 's@@', 'li@@', 'des', 'so', 'that', 'dem@@', 'on@@', 'str@@', 'ate', 'that', 'the', 'ar@@', 'c@@', 'tic', 'ice', 'c@@', 'a@@', 'p', ',', 'which', 'for', 'most', 'of', 'the', 'last', 'three', 'million', 'years', 'has', 'been', 'the', 'si@@', 'ze', 'of', 'the', 'lo@@', 'wer', '4@@', '8', 'st@@', 'ates', ',', 'has', 'sh@@', 'r@@', 'un@@', 'k', 'by', '4@@', '0', 'percent', '.']
2026-05-13 17:49:37,690 - DEBUG - joeynmt.training - 	Tokenized reference:  ['L&apos;', 'année', 'derni@@', 'ère', ',', 'je', 'vous', 'ai', 'présent@@', 'é', 'ces', 'deux', 'di@@', 'apos@@', 'iti@@', 'ves', 'qui', 'montr@@', 'aient', 'que', 'la', 'cal@@', 'ot@@', 'te', 'gl@@', 'ac@@', 'ière', 'ar@@', 'c@@', 'tique', ',', 'qui', 'pendant', 'ces', '3', 'derni@@', 'ers', 'millions', 'd&apos;', 'année', 'avait', 'la', 't@@', 'ail@@', 'le', 'des', 'E@@', 'tat@@', 's-@@', 'Un@@', 'is', 'sans', 'l&apos;', 'Al@@', 'as@@', 'k@@', 'a', ',', 'qui', 'pendant', 'ces', '3', 'derni@@', 'ers', 'millions', 'd&apos;', 'année', 'avait', 'la', 't@@', 'ail@@', 'le', 'des', 'E@@', 'tat@@', 's-@@', 'Un@@', 'is', 'sans', 'l&apos;', 'Al@@', 'as@@', 'k@@', 'a', ',', 'avait', 'di@@', 'minu@@', 'é', 'de', '4@@', '0', '%', '.']
2026-05-13 17:49:37,690 - DEBUG - joeynmt.training - 	Tokenized hypothesis: ['Une', 'année', ',', 'j&apos;', 'ai', 'montr@@', 'é', 'ces', 'deux', 'deux', 's@@', 'li@@', 'des', 'pour', 'que', 'la', 'dé@@', 'on@@', 'str@@', 'at', ',', 'qui', 'dé@@', 'on@@', 'ti@@', 'ent', 'la', 'gl@@', 'ace', ',', 'pour', 'la', 'plu@@', 'part', 'des', 'trois', 'millions', 'd&apos;', 'années', ',', 'a', 'été', 'la', 't@@', 'ail@@', 'le', 'de', 'la', 't@@', 'ail@@', 'le', 'de', '4@@', '8', '%', '.', '</s>']
2026-05-13 17:49:37,690 - INFO - joeynmt.training - 	Source:     Last year I showed these two slides so that demonstrate that the arctic ice cap , which for most of the last three million years has been the size of the lower 48 states , has shrunk by 40 percent .
2026-05-13 17:49:37,690 - INFO - joeynmt.training - 	Reference:  L&apos; année dernière , je vous ai présenté ces deux diapositives qui montraient que la calotte glacière arctique , qui pendant ces 3 derniers millions d&apos; année avait la taille des Etats-Unis sans l&apos; Alaska , qui pendant ces 3 derniers millions d&apos; année avait la taille des Etats-Unis sans l&apos; Alaska , avait diminué de 40 % .
2026-05-13 17:49:37,690 - INFO - joeynmt.training - 	Hypothesis: Une année , j&apos; ai montré ces deux deux slides pour que la déonstrat , qui déontient la glace , pour la plupart des trois millions d&apos; années , a été la taille de la taille de 48 % .
2026-05-13 17:49:37,690 - INFO - joeynmt.training - Example #1
2026-05-13 17:49:37,690 - DEBUG - joeynmt.training - 	Tokenized source:     ['But', 'this', 'underst@@', 'ates', 'the', 'ser@@', 'i@@', 'ous@@', 'ness', 'of', 'this', 'partic@@', 'ul@@', 'ar', 'problem', 'because', 'it', 'doesn', '&apos;t', 'show', 'the', 'th@@', 'ick@@', 'ness', 'of', 'the', 'ice', '.']
2026-05-13 17:49:37,690 - DEBUG - joeynmt.training - 	Tokenized reference:  ['Mais', 'ceci', 'ten@@', 'd', 'à', 'a@@', 'mo@@', 'ind@@', 'rir', 'le', 'problème', 'parce', 'qu&apos;', 'on', 'ne', 'vo@@', 'it', 'pas', 'l&apos;', 'é@@', 'p@@', 'aiss@@', 'eur', 'de', 'la', 'gl@@', 'ace', '.']
2026-05-13 17:49:37,690 - DEBUG - joeynmt.training - 	Tokenized hypothesis: ['Mais', 'cette', 'com@@', 'com@@', 'pris', 'la', 's@@', 'éri@@', 'e', 'de', 'cette', 'particu@@', 'li@@', 'ère', 'de', 'cette', 'problème', 'parce', 'que', 'ça', 'ne', 'mon@@', 'te', 'pas', 'la', 'p@@', 'an@@', 'de', 'la', 'gl@@', 'ace', '.', '</s>']
2026-05-13 17:49:37,690 - INFO - joeynmt.training - 	Source:     But this understates the seriousness of this particular problem because it doesn &apos;t show the thickness of the ice .
2026-05-13 17:49:37,690 - INFO - joeynmt.training - 	Reference:  Mais ceci tend à amoindrir le problème parce qu&apos; on ne voit pas l&apos; épaisseur de la glace .
2026-05-13 17:49:37,690 - INFO - joeynmt.training - 	Hypothesis: Mais cette comcompris la série de cette particulière de cette problème parce que ça ne monte pas la pande la glace .
2026-05-13 17:49:37,690 - INFO - joeynmt.training - Example #2
2026-05-13 17:49:37,690 - DEBUG - joeynmt.training - 	Tokenized source:     ['The', 'ar@@', 'c@@', 'tic', 'ice', 'c@@', 'a@@', 'p', 'is', ',', 'in', 'a', 'sense', ',', 'the', 'be@@', 'ating', 'he@@', 'art', 'of', 'the', 'glob@@', 'al', 'cli@@', 'm@@', 'ate', 'system', '.']
2026-05-13 17:49:37,690 - DEBUG - joeynmt.training - 	Tokenized reference:  ['On', 'peut', 'voir', 'la', 'cal@@', 'ot@@', 'te', 'gl@@', 'ac@@', 'ière', 'ar@@', 'c@@', 'tique', 'comme', 'le', 'co@@', 'eur', 'du', 'système', 'cli@@', 'ma@@', 'tique', 'glob@@', 'al', '.', 'On', 'peut', 'voir', 'la', 'cal@@', 'ot@@', 'te', 'gl@@', 'ac@@', 'ière', 'ar@@', 'c@@', 'tique', 'comme', 'le', 'co@@', 'eur', 'du', 'système', 'cli@@', 'ma@@', 'tique', 'glob@@', 'al', '.']
2026-05-13 17:49:37,690 - DEBUG - joeynmt.training - 	Tokenized hypothesis: ['Le', 'c@@', 'a@@', 'po@@', 'nd', ',', 'dans', 'un', 'sens', ',', 'le', 'sens', ',', 'le', 'com@@', 'b@@', 'at', 'du', 'système', 'de', 'l&apos;', 'art', 'mon@@', 'di@@', 'al', 'du', 'cli@@', 'ma@@', 'tique', '.', '</s>']
2026-05-13 17:49:37,690 - INFO - joeynmt.training - 	Source:     The arctic ice cap is , in a sense , the beating heart of the global climate system .
2026-05-13 17:49:37,690 - INFO - joeynmt.training - 	Reference:  On peut voir la calotte glacière arctique comme le coeur du système climatique global . On peut voir la calotte glacière arctique comme le coeur du système climatique global .
2026-05-13 17:49:37,690 - INFO - joeynmt.training - 	Hypothesis: Le capond , dans un sens , le sens , le combat du système de l&apos; art mondial du climatique .
2026-05-13 17:49:37,690 - INFO - joeynmt.training - Example #3
2026-05-13 17:49:37,691 - DEBUG - joeynmt.training - 	Tokenized source:     ['It', 'exp@@', 'ands', 'in', 'w@@', 'int@@', 'er', 'and', 'contr@@', 'ac@@', 'ts', 'in', 'su@@', 'm@@', 'mer', '.']
2026-05-13 17:49:37,691 - DEBUG - joeynmt.training - 	Tokenized reference:  ['Elle', 's&apos;', 'ét@@', 'end', 'en', 'hi@@', 'ver', 'et', 'se', 'contr@@', 'ac@@', 'te', 'en', 'été', '.']
2026-05-13 17:49:37,691 - DEBUG - joeynmt.training - 	Tokenized hypothesis: ['Il', 's&apos;', 'att@@', 'end@@', 'ent', 'dans', 'les', 'int@@', 'es', 'et', 'des', 'contr@@', 'ac@@', 'ts', 'dans', 'le', 'su@@', 'm@@', 'é', '.', '</s>']
2026-05-13 17:49:37,691 - INFO - joeynmt.training - 	Source:     It expands in winter and contracts in summer .
2026-05-13 17:49:37,691 - INFO - joeynmt.training - 	Reference:  Elle s&apos; étend en hiver et se contracte en été .
2026-05-13 17:49:37,691 - INFO - joeynmt.training - 	Hypothesis: Il s&apos; attendent dans les intes et des contracts dans le sumé .
2026-05-13 17:49:37,691 - INFO - joeynmt.training - Example #4
2026-05-13 17:49:37,691 - DEBUG - joeynmt.training - 	Tokenized source:     ['The', 'next', 's@@', 'li@@', 'de', 'I', 'show', 'you', 'will', 'be', 'a', 'rap@@', 'id', 'fas@@', 't-@@', 'for@@', 'w@@', 'ard', 'of', 'what', '&apos;s', 'happen@@', 'ed', 'over', 'the', 'last', '2@@', '5', 'years', '.']
2026-05-13 17:49:37,691 - DEBUG - joeynmt.training - 	Tokenized reference:  ['La', 'pro@@', 'ch@@', 'aine', 'di@@', 'apos@@', 'iti@@', 've', 'que', 'je', 'vais', 'vous', 'montrer', 'est', 'une', 'v@@', 'ue', 'en', 'acc@@', 'él@@', 'ér@@', 'é', 'de', 'ce', 'qui', 's&apos;', 'est', 'passé', 'ces', '2@@', '5', 'derni@@', 'ères', 'années', '.']
2026-05-13 17:49:37,691 - DEBUG - joeynmt.training - 	Tokenized hypothesis: ['La', 'pro@@', 'ch@@', 'aine', 's@@', 'li@@', 'de', 'que', 'je', 'vous', 'ser@@', 'ai', 'un', 'rap@@', 'ide', 'rap@@', 'ide', 'de', 'ce', 'qui', 'se', 'passe', 'au', 'cours', 'des', '2@@', '5', 'derni@@', 'ères', 'années', '.', '</s>']
2026-05-13 17:49:37,691 - INFO - joeynmt.training - 	Source:     The next slide I show you will be a rapid fast-forward of what &apos;s happened over the last 25 years .
2026-05-13 17:49:37,691 - INFO - joeynmt.training - 	Reference:  La prochaine diapositive que je vais vous montrer est une vue en accéléré de ce qui s&apos; est passé ces 25 dernières années .
2026-05-13 17:49:37,691 - INFO - joeynmt.training - 	Hypothesis: La prochaine slide que je vous serai un rapide rapide de ce qui se passe au cours des 25 dernières années .
2026-05-13 17:49:48,393 - INFO - joeynmt.training - Epoch   2, Step:     7600, Batch Loss:     1.642792, Batch Acc: 0.547876, Tokens per Sec:     7515, Lr: 0.000300
2026-05-13 17:49:58,995 - INFO - joeynmt.training - Epoch   2, Step:     7700, Batch Loss:     1.609971, Batch Acc: 0.539172, Tokens per Sec:     7316, Lr: 0.000300
2026-05-13 17:50:09,804 - INFO - joeynmt.training - Epoch   2, Step:     7800, Batch Loss:     1.662687, Batch Acc: 0.547592, Tokens per Sec:     7413, Lr: 0.000300
2026-05-13 17:50:20,493 - INFO - joeynmt.training - Epoch   2, Step:     7900, Batch Loss:     1.723860, Batch Acc: 0.548682, Tokens per Sec:     7452, Lr: 0.000300
2026-05-13 17:50:31,128 - INFO - joeynmt.training - Epoch   2, Step:     8000, Batch Loss:     1.596195, Batch Acc: 0.545325, Tokens per Sec:     7249, Lr: 0.000300
2026-05-13 17:50:31,128 - WARNING - joeynmt.helpers - `alpha` option is obsolete. Please use `beam_alpha`, instead.
2026-05-13 17:50:31,128 - INFO - joeynmt.prediction - Predicting 890 example(s)... (Greedy decoding with min_output_length=1, max_output_length=-1, return_prob='none', generate_unk=True, repetition_penalty=-1, no_repeat_ngram_size=-1)
2026-05-13 17:51:07,574 - INFO - joeynmt.prediction - Evaluation result (greedy) loss:   1.70, ppl:   5.49, acc:   0.51, generation: 36.4400[sec], evaluation: 0.0000[sec]
2026-05-13 17:51:07,574 - INFO - joeynmt.training - Hooray! New best validation result [ppl]!
2026-05-13 17:51:07,623 - INFO - joeynmt.helpers - delete models/bpe_2k/5500.ckpt
2026-05-13 17:51:07,624 - INFO - joeynmt.training - Example #0
2026-05-13 17:51:07,624 - DEBUG - joeynmt.training - 	Tokenized source:     ['L@@', 'ast', 'year', 'I', 'sho@@', 'w@@', 'ed', 'these', 'two', 's@@', 'li@@', 'des', 'so', 'that', 'dem@@', 'on@@', 'str@@', 'ate', 'that', 'the', 'ar@@', 'c@@', 'tic', 'ice', 'c@@', 'a@@', 'p', ',', 'which', 'for', 'most', 'of', 'the', 'last', 'three', 'million', 'years', 'has', 'been', 'the', 'si@@', 'ze', 'of', 'the', 'lo@@', 'wer', '4@@', '8', 'st@@', 'ates', ',', 'has', 'sh@@', 'r@@', 'un@@', 'k', 'by', '4@@', '0', 'percent', '.']
2026-05-13 17:51:07,624 - DEBUG - joeynmt.training - 	Tokenized reference:  ['L&apos;', 'année', 'derni@@', 'ère', ',', 'je', 'vous', 'ai', 'présent@@', 'é', 'ces', 'deux', 'di@@', 'apos@@', 'iti@@', 'ves', 'qui', 'montr@@', 'aient', 'que', 'la', 'cal@@', 'ot@@', 'te', 'gl@@', 'ac@@', 'ière', 'ar@@', 'c@@', 'tique', ',', 'qui', 'pendant', 'ces', '3', 'derni@@', 'ers', 'millions', 'd&apos;', 'année', 'avait', 'la', 't@@', 'ail@@', 'le', 'des', 'E@@', 'tat@@', 's-@@', 'Un@@', 'is', 'sans', 'l&apos;', 'Al@@', 'as@@', 'k@@', 'a', ',', 'qui', 'pendant', 'ces', '3', 'derni@@', 'ers', 'millions', 'd&apos;', 'année', 'avait', 'la', 't@@', 'ail@@', 'le', 'des', 'E@@', 'tat@@', 's-@@', 'Un@@', 'is', 'sans', 'l&apos;', 'Al@@', 'as@@', 'k@@', 'a', ',', 'avait', 'di@@', 'minu@@', 'é', 'de', '4@@', '0', '%', '.']
2026-05-13 17:51:07,624 - DEBUG - joeynmt.training - 	Tokenized hypothesis: ['L&apos;', 'année', 'derni@@', 'ère', ',', 'j&apos;', 'ai', 'montr@@', 'é', 'ces', 'deux', 'deux', 's@@', 'li@@', 'des', 'de', 'si', 'dé@@', 'on@@', 'str@@', 'at', 'que', 'la', 'gl@@', 'ace', 'ar@@', 'c@@', 'tique', ',', 'qui', 'pour', 'la', 'plu@@', 'part', 'des', 'trois', 'millions', 'd&apos;', 'années', 'ont', 'été', 'la', 't@@', 'ail@@', 'le', 'de', '4@@', '8', 'ét@@', 'at', ',', 'a', 'part@@', 'i', 'de', '4@@', '8', 'ét@@', 'ates', 'par', '4@@', '0', '%', '.', '</s>']
2026-05-13 17:51:07,624 - INFO - joeynmt.training - 	Source:     Last year I showed these two slides so that demonstrate that the arctic ice cap , which for most of the last three million years has been the size of the lower 48 states , has shrunk by 40 percent .
2026-05-13 17:51:07,624 - INFO - joeynmt.training - 	Reference:  L&apos; année dernière , je vous ai présenté ces deux diapositives qui montraient que la calotte glacière arctique , qui pendant ces 3 derniers millions d&apos; année avait la taille des Etats-Unis sans l&apos; Alaska , qui pendant ces 3 derniers millions d&apos; année avait la taille des Etats-Unis sans l&apos; Alaska , avait diminué de 40 % .
2026-05-13 17:51:07,624 - INFO - joeynmt.training - 	Hypothesis: L&apos; année dernière , j&apos; ai montré ces deux deux slides de si déonstrat que la glace arctique , qui pour la plupart des trois millions d&apos; années ont été la taille de 48 état , a parti de 48 étates par 40 % .
2026-05-13 17:51:07,624 - INFO - joeynmt.training - Example #1
2026-05-13 17:51:07,624 - DEBUG - joeynmt.training - 	Tokenized source:     ['But', 'this', 'underst@@', 'ates', 'the', 'ser@@', 'i@@', 'ous@@', 'ness', 'of', 'this', 'partic@@', 'ul@@', 'ar', 'problem', 'because', 'it', 'doesn', '&apos;t', 'show', 'the', 'th@@', 'ick@@', 'ness', 'of', 'the', 'ice', '.']
2026-05-13 17:51:07,624 - DEBUG - joeynmt.training - 	Tokenized reference:  ['Mais', 'ceci', 'ten@@', 'd', 'à', 'a@@', 'mo@@', 'ind@@', 'rir', 'le', 'problème', 'parce', 'qu&apos;', 'on', 'ne', 'vo@@', 'it', 'pas', 'l&apos;', 'é@@', 'p@@', 'aiss@@', 'eur', 'de', 'la', 'gl@@', 'ace', '.']
2026-05-13 17:51:07,624 - DEBUG - joeynmt.training - 	Tokenized hypothesis: ['Mais', 'cette', 'com@@', 'com@@', 'pré@@', 'pré@@', 'sen@@', 'te', 'la', 's@@', 'éri@@', 'e', 'de', 'cette', 's@@', 'éri@@', 'o@@', 'de', 'particu@@', 'li@@', 'er', 'parce', 'que', 'ça', 'ne', 'montr@@', 'ait', 'pas', 'la', 'gl@@', 'ace', '.', '</s>']
2026-05-13 17:51:07,624 - INFO - joeynmt.training - 	Source:     But this understates the seriousness of this particular problem because it doesn &apos;t show the thickness of the ice .
2026-05-13 17:51:07,624 - INFO - joeynmt.training - 	Reference:  Mais ceci tend à amoindrir le problème parce qu&apos; on ne voit pas l&apos; épaisseur de la glace .
2026-05-13 17:51:07,624 - INFO - joeynmt.training - 	Hypothesis: Mais cette comcompréprésente la série de cette sériode particulier parce que ça ne montrait pas la glace .
2026-05-13 17:51:07,624 - INFO - joeynmt.training - Example #2
2026-05-13 17:51:07,624 - DEBUG - joeynmt.training - 	Tokenized source:     ['The', 'ar@@', 'c@@', 'tic', 'ice', 'c@@', 'a@@', 'p', 'is', ',', 'in', 'a', 'sense', ',', 'the', 'be@@', 'ating', 'he@@', 'art', 'of', 'the', 'glob@@', 'al', 'cli@@', 'm@@', 'ate', 'system', '.']
2026-05-13 17:51:07,624 - DEBUG - joeynmt.training - 	Tokenized reference:  ['On', 'peut', 'voir', 'la', 'cal@@', 'ot@@', 'te', 'gl@@', 'ac@@', 'ière', 'ar@@', 'c@@', 'tique', 'comme', 'le', 'co@@', 'eur', 'du', 'système', 'cli@@', 'ma@@', 'tique', 'glob@@', 'al', '.', 'On', 'peut', 'voir', 'la', 'cal@@', 'ot@@', 'te', 'gl@@', 'ac@@', 'ière', 'ar@@', 'c@@', 'tique', 'comme', 'le', 'co@@', 'eur', 'du', 'système', 'cli@@', 'ma@@', 'tique', 'glob@@', 'al', '.']
2026-05-13 17:51:07,624 - DEBUG - joeynmt.training - 	Tokenized hypothesis: ['La', 'br@@', 'u@@', 'te', 'c@@', 'a@@', 'p', 'est', ',', 'dans', 'un', 'sens', ',', 'le', 'sens', ',', 'le', 'co@@', 'eur', 'de', 'l&apos;', 'art', 'du', 'cli@@', 'm@@', 'at', 'mon@@', 'di@@', 'ale', '.', '</s>']
2026-05-13 17:51:07,624 - INFO - joeynmt.training - 	Source:     The arctic ice cap is , in a sense , the beating heart of the global climate system .
2026-05-13 17:51:07,624 - INFO - joeynmt.training - 	Reference:  On peut voir la calotte glacière arctique comme le coeur du système climatique global . On peut voir la calotte glacière arctique comme le coeur du système climatique global .
2026-05-13 17:51:07,624 - INFO - joeynmt.training - 	Hypothesis: La brute cap est , dans un sens , le sens , le coeur de l&apos; art du climat mondiale .
2026-05-13 17:51:07,624 - INFO - joeynmt.training - Example #3
2026-05-13 17:51:07,624 - DEBUG - joeynmt.training - 	Tokenized source:     ['It', 'exp@@', 'ands', 'in', 'w@@', 'int@@', 'er', 'and', 'contr@@', 'ac@@', 'ts', 'in', 'su@@', 'm@@', 'mer', '.']
2026-05-13 17:51:07,624 - DEBUG - joeynmt.training - 	Tokenized reference:  ['Elle', 's&apos;', 'ét@@', 'end', 'en', 'hi@@', 'ver', 'et', 'se', 'contr@@', 'ac@@', 'te', 'en', 'été', '.']
2026-05-13 17:51:07,625 - DEBUG - joeynmt.training - 	Tokenized hypothesis: ['Il', 's&apos;', 'att@@', 'end@@', 'ent', 'et', 'des', 'contr@@', 'ac@@', 'ts', 'dans', 'le', 'su@@', 'm@@', 'm@@', 'm@@', 'eur', '.', '</s>']
2026-05-13 17:51:07,625 - INFO - joeynmt.training - 	Source:     It expands in winter and contracts in summer .
2026-05-13 17:51:07,625 - INFO - joeynmt.training - 	Reference:  Elle s&apos; étend en hiver et se contracte en été .
2026-05-13 17:51:07,625 - INFO - joeynmt.training - 	Hypothesis: Il s&apos; attendent et des contracts dans le summmeur .
2026-05-13 17:51:07,625 - INFO - joeynmt.training - Example #4
2026-05-13 17:51:07,625 - DEBUG - joeynmt.training - 	Tokenized source:     ['The', 'next', 's@@', 'li@@', 'de', 'I', 'show', 'you', 'will', 'be', 'a', 'rap@@', 'id', 'fas@@', 't-@@', 'for@@', 'w@@', 'ard', 'of', 'what', '&apos;s', 'happen@@', 'ed', 'over', 'the', 'last', '2@@', '5', 'years', '.']
2026-05-13 17:51:07,625 - DEBUG - joeynmt.training - 	Tokenized reference:  ['La', 'pro@@', 'ch@@', 'aine', 'di@@', 'apos@@', 'iti@@', 've', 'que', 'je', 'vais', 'vous', 'montrer', 'est', 'une', 'v@@', 'ue', 'en', 'acc@@', 'él@@', 'ér@@', 'é', 'de', 'ce', 'qui', 's&apos;', 'est', 'passé', 'ces', '2@@', '5', 'derni@@', 'ères', 'années', '.']
2026-05-13 17:51:07,625 - DEBUG - joeynmt.training - 	Tokenized hypothesis: ['La', 'pro@@', 'ch@@', 'aine', 'pro@@', 'ch@@', 'aine', 'que', 'je', 'vous', 'all@@', 'ez', 'être', 'un', 'rap@@', 'ide', 'rap@@', 'ide', 'de', 'ce', 'qui', 's&apos;', 'est', 'passé', 'depuis', '2@@', '5', 'ans', '.', '</s>']
2026-05-13 17:51:07,625 - INFO - joeynmt.training - 	Source:     The next slide I show you will be a rapid fast-forward of what &apos;s happened over the last 25 years .
2026-05-13 17:51:07,625 - INFO - joeynmt.training - 	Reference:  La prochaine diapositive que je vais vous montrer est une vue en accéléré de ce qui s&apos; est passé ces 25 dernières années .
2026-05-13 17:51:07,625 - INFO - joeynmt.training - 	Hypothesis: La prochaine prochaine que je vous allez être un rapide rapide de ce qui s&apos; est passé depuis 25 ans .
2026-05-13 17:51:18,290 - INFO - joeynmt.training - Epoch   2, Step:     8100, Batch Loss:     1.443097, Batch Acc: 0.555025, Tokens per Sec:     7427, Lr: 0.000300
2026-05-13 17:51:29,212 - INFO - joeynmt.training - Epoch   2, Step:     8200, Batch Loss:     1.501081, Batch Acc: 0.553639, Tokens per Sec:     7342, Lr: 0.000300
2026-05-13 17:51:40,048 - INFO - joeynmt.training - Epoch   2, Step:     8300, Batch Loss:     1.499819, Batch Acc: 0.546623, Tokens per Sec:     6991, Lr: 0.000300
2026-05-13 17:51:50,601 - INFO - joeynmt.training - Epoch   2, Step:     8400, Batch Loss:     1.631758, Batch Acc: 0.554250, Tokens per Sec:     7201, Lr: 0.000300
2026-05-13 17:52:00,971 - INFO - joeynmt.training - Epoch   2, Step:     8500, Batch Loss:     1.329912, Batch Acc: 0.557859, Tokens per Sec:     7439, Lr: 0.000300
2026-05-13 17:52:00,972 - WARNING - joeynmt.helpers - `alpha` option is obsolete. Please use `beam_alpha`, instead.
2026-05-13 17:52:00,972 - INFO - joeynmt.prediction - Predicting 890 example(s)... (Greedy decoding with min_output_length=1, max_output_length=-1, return_prob='none', generate_unk=True, repetition_penalty=-1, no_repeat_ngram_size=-1)
2026-05-13 17:52:34,427 - INFO - joeynmt.prediction - Evaluation result (greedy) loss:   1.68, ppl:   5.35, acc:   0.52, generation: 33.4505[sec], evaluation: 0.0000[sec]
2026-05-13 17:52:34,428 - INFO - joeynmt.training - Hooray! New best validation result [ppl]!
2026-05-13 17:52:34,478 - INFO - joeynmt.helpers - delete models/bpe_2k/6000.ckpt
2026-05-13 17:52:34,478 - INFO - joeynmt.training - Example #0
2026-05-13 17:52:34,478 - DEBUG - joeynmt.training - 	Tokenized source:     ['L@@', 'ast', 'year', 'I', 'sho@@', 'w@@', 'ed', 'these', 'two', 's@@', 'li@@', 'des', 'so', 'that', 'dem@@', 'on@@', 'str@@', 'ate', 'that', 'the', 'ar@@', 'c@@', 'tic', 'ice', 'c@@', 'a@@', 'p', ',', 'which', 'for', 'most', 'of', 'the', 'last', 'three', 'million', 'years', 'has', 'been', 'the', 'si@@', 'ze', 'of', 'the', 'lo@@', 'wer', '4@@', '8', 'st@@', 'ates', ',', 'has', 'sh@@', 'r@@', 'un@@', 'k', 'by', '4@@', '0', 'percent', '.']
2026-05-13 17:52:34,478 - DEBUG - joeynmt.training - 	Tokenized reference:  ['L&apos;', 'année', 'derni@@', 'ère', ',', 'je', 'vous', 'ai', 'présent@@', 'é', 'ces', 'deux', 'di@@', 'apos@@', 'iti@@', 'ves', 'qui', 'montr@@', 'aient', 'que', 'la', 'cal@@', 'ot@@', 'te', 'gl@@', 'ac@@', 'ière', 'ar@@', 'c@@', 'tique', ',', 'qui', 'pendant', 'ces', '3', 'derni@@', 'ers', 'millions', 'd&apos;', 'année', 'avait', 'la', 't@@', 'ail@@', 'le', 'des', 'E@@', 'tat@@', 's-@@', 'Un@@', 'is', 'sans', 'l&apos;', 'Al@@', 'as@@', 'k@@', 'a', ',', 'qui', 'pendant', 'ces', '3', 'derni@@', 'ers', 'millions', 'd&apos;', 'année', 'avait', 'la', 't@@', 'ail@@', 'le', 'des', 'E@@', 'tat@@', 's-@@', 'Un@@', 'is', 'sans', 'l&apos;', 'Al@@', 'as@@', 'k@@', 'a', ',', 'avait', 'di@@', 'minu@@', 'é', 'de', '4@@', '0', '%', '.']
2026-05-13 17:52:34,478 - DEBUG - joeynmt.training - 	Tokenized hypothesis: ['L&apos;', 'année', 'derni@@', 'ère', ',', 'j&apos;', 'ai', 'montr@@', 'é', 'ces', 'deux', 'deux', 't@@', 'ellement', 'qui', 'dé@@', 'r@@', 'ou@@', 'te', 'que', 'la', 'gl@@', 'ace', 'ar@@', 'c@@', 'tique', ',', 'qui', 'pendant', 'la', 'plu@@', 'part', 'des', 'trois', 'millions', 'd&apos;', 'années', 'a', 'été', 'la', 't@@', 'ail@@', 'le', 'de', '4@@', '8', 'ét@@', 'at@@', 's', ',', 'a', 'part@@', 'i', 'par', '4@@', '8', '%', '.', '</s>']
2026-05-13 17:52:34,478 - INFO - joeynmt.training - 	Source:     Last year I showed these two slides so that demonstrate that the arctic ice cap , which for most of the last three million years has been the size of the lower 48 states , has shrunk by 40 percent .
2026-05-13 17:52:34,478 - INFO - joeynmt.training - 	Reference:  L&apos; année dernière , je vous ai présenté ces deux diapositives qui montraient que la calotte glacière arctique , qui pendant ces 3 derniers millions d&apos; année avait la taille des Etats-Unis sans l&apos; Alaska , qui pendant ces 3 derniers millions d&apos; année avait la taille des Etats-Unis sans l&apos; Alaska , avait diminué de 40 % .
2026-05-13 17:52:34,478 - INFO - joeynmt.training - 	Hypothesis: L&apos; année dernière , j&apos; ai montré ces deux deux tellement qui déroute que la glace arctique , qui pendant la plupart des trois millions d&apos; années a été la taille de 48 états , a parti par 48 % .
2026-05-13 17:52:34,478 - INFO - joeynmt.training - Example #1
2026-05-13 17:52:34,478 - DEBUG - joeynmt.training - 	Tokenized source:     ['But', 'this', 'underst@@', 'ates', 'the', 'ser@@', 'i@@', 'ous@@', 'ness', 'of', 'this', 'partic@@', 'ul@@', 'ar', 'problem', 'because', 'it', 'doesn', '&apos;t', 'show', 'the', 'th@@', 'ick@@', 'ness', 'of', 'the', 'ice', '.']
2026-05-13 17:52:34,478 - DEBUG - joeynmt.training - 	Tokenized reference:  ['Mais', 'ceci', 'ten@@', 'd', 'à', 'a@@', 'mo@@', 'ind@@', 'rir', 'le', 'problème', 'parce', 'qu&apos;', 'on', 'ne', 'vo@@', 'it', 'pas', 'l&apos;', 'é@@', 'p@@', 'aiss@@', 'eur', 'de', 'la', 'gl@@', 'ace', '.']
2026-05-13 17:52:34,478 - DEBUG - joeynmt.training - 	Tokenized hypothesis: ['Mais', 'cette', 'com@@', 'pr@@', 'ati@@', 'que', 'c&apos;', 'est', 'la', 's@@', 'éri@@', 'e', 'de', 'ce', 'problème', 'parce', 'qu&apos;', 'il', 'ne', 'mon@@', 'tre', 'pas', 'le', 'pou@@', 'voir', 'de', 'la', 'gl@@', 'ace', '.', '</s>']
2026-05-13 17:52:34,478 - INFO - joeynmt.training - 	Source:     But this understates the seriousness of this particular problem because it doesn &apos;t show the thickness of the ice .
2026-05-13 17:52:34,478 - INFO - joeynmt.training - 	Reference:  Mais ceci tend à amoindrir le problème parce qu&apos; on ne voit pas l&apos; épaisseur de la glace .
2026-05-13 17:52:34,478 - INFO - joeynmt.training - 	Hypothesis: Mais cette compratique c&apos; est la série de ce problème parce qu&apos; il ne montre pas le pouvoir de la glace .
2026-05-13 17:52:34,478 - INFO - joeynmt.training - Example #2
2026-05-13 17:52:34,478 - DEBUG - joeynmt.training - 	Tokenized source:     ['The', 'ar@@', 'c@@', 'tic', 'ice', 'c@@', 'a@@', 'p', 'is', ',', 'in', 'a', 'sense', ',', 'the', 'be@@', 'ating', 'he@@', 'art', 'of', 'the', 'glob@@', 'al', 'cli@@', 'm@@', 'ate', 'system', '.']
2026-05-13 17:52:34,478 - DEBUG - joeynmt.training - 	Tokenized reference:  ['On', 'peut', 'voir', 'la', 'cal@@', 'ot@@', 'te', 'gl@@', 'ac@@', 'ière', 'ar@@', 'c@@', 'tique', 'comme', 'le', 'co@@', 'eur', 'du', 'système', 'cli@@', 'ma@@', 'tique', 'glob@@', 'al', '.', 'On', 'peut', 'voir', 'la', 'cal@@', 'ot@@', 'te', 'gl@@', 'ac@@', 'ière', 'ar@@', 'c@@', 'tique', 'comme', 'le', 'co@@', 'eur', 'du', 'système', 'cli@@', 'ma@@', 'tique', 'glob@@', 'al', '.']
2026-05-13 17:52:34,478 - DEBUG - joeynmt.training - 	Tokenized hypothesis: ['Le', 'c@@', 'a@@', 'que', 'de', 'gl@@', 'ace', 'est', ',', 'dans', 'un', 'sens', ',', 'le', 'c@@', 'a@@', 'de@@', 'au', 'du', 'cli@@', 'm@@', 'at', 'mon@@', 'di@@', 'al', '.', '</s>']
2026-05-13 17:52:34,479 - INFO - joeynmt.training - 	Source:     The arctic ice cap is , in a sense , the beating heart of the global climate system .
2026-05-13 17:52:34,479 - INFO - joeynmt.training - 	Reference:  On peut voir la calotte glacière arctique comme le coeur du système climatique global . On peut voir la calotte glacière arctique comme le coeur du système climatique global .
2026-05-13 17:52:34,479 - INFO - joeynmt.training - 	Hypothesis: Le caque de glace est , dans un sens , le cadeau du climat mondial .
2026-05-13 17:52:34,479 - INFO - joeynmt.training - Example #3
2026-05-13 17:52:34,479 - DEBUG - joeynmt.training - 	Tokenized source:     ['It', 'exp@@', 'ands', 'in', 'w@@', 'int@@', 'er', 'and', 'contr@@', 'ac@@', 'ts', 'in', 'su@@', 'm@@', 'mer', '.']
2026-05-13 17:52:34,479 - DEBUG - joeynmt.training - 	Tokenized reference:  ['Elle', 's&apos;', 'ét@@', 'end', 'en', 'hi@@', 'ver', 'et', 'se', 'contr@@', 'ac@@', 'te', 'en', 'été', '.']
2026-05-13 17:52:34,479 - DEBUG - joeynmt.training - 	Tokenized hypothesis: ['Il', 's&apos;', 'ag@@', 'it', 'de', 'la', 'g@@', 'ag@@', 'n@@', 'ent', 'et', 'dans', 'le', 'contr@@', 'ac@@', 'te', '.', '</s>']
2026-05-13 17:52:34,479 - INFO - joeynmt.training - 	Source:     It expands in winter and contracts in summer .
2026-05-13 17:52:34,479 - INFO - joeynmt.training - 	Reference:  Elle s&apos; étend en hiver et se contracte en été .
2026-05-13 17:52:34,479 - INFO - joeynmt.training - 	Hypothesis: Il s&apos; agit de la gagnent et dans le contracte .
2026-05-13 17:52:34,479 - INFO - joeynmt.training - Example #4
2026-05-13 17:52:34,479 - DEBUG - joeynmt.training - 	Tokenized source:     ['The', 'next', 's@@', 'li@@', 'de', 'I', 'show', 'you', 'will', 'be', 'a', 'rap@@', 'id', 'fas@@', 't-@@', 'for@@', 'w@@', 'ard', 'of', 'what', '&apos;s', 'happen@@', 'ed', 'over', 'the', 'last', '2@@', '5', 'years', '.']
2026-05-13 17:52:34,479 - DEBUG - joeynmt.training - 	Tokenized reference:  ['La', 'pro@@', 'ch@@', 'aine', 'di@@', 'apos@@', 'iti@@', 've', 'que', 'je', 'vais', 'vous', 'montrer', 'est', 'une', 'v@@', 'ue', 'en', 'acc@@', 'él@@', 'ér@@', 'é', 'de', 'ce', 'qui', 's&apos;', 'est', 'passé', 'ces', '2@@', '5', 'derni@@', 'ères', 'années', '.']
2026-05-13 17:52:34,479 - DEBUG - joeynmt.training - 	Tokenized hypothesis: ['La', 'pro@@', 'ch@@', 'aine', 'mon@@', 'tre', 'que', 'je', 'vous', 'mon@@', 'tre', 'un', 'rap@@', 'ide', 'rap@@', 'ide', 'rap@@', 'ide', 'de', 'ce', 'qui', 'se', 'passe', 'sur', 'les', '2@@', '5', 'derni@@', 'ères', 'années', '.', '</s>']
2026-05-13 17:52:34,479 - INFO - joeynmt.training - 	Source:     The next slide I show you will be a rapid fast-forward of what &apos;s happened over the last 25 years .
2026-05-13 17:52:34,479 - INFO - joeynmt.training - 	Reference:  La prochaine diapositive que je vais vous montrer est une vue en accéléré de ce qui s&apos; est passé ces 25 dernières années .
2026-05-13 17:52:34,479 - INFO - joeynmt.training - 	Hypothesis: La prochaine montre que je vous montre un rapide rapide rapide de ce qui se passe sur les 25 dernières années .
2026-05-13 17:52:45,374 - INFO - joeynmt.training - Epoch   2, Step:     8600, Batch Loss:     1.589298, Batch Acc: 0.550047, Tokens per Sec:     7270, Lr: 0.000300
2026-05-13 17:52:55,880 - INFO - joeynmt.training - Epoch   2, Step:     8700, Batch Loss:     1.679696, Batch Acc: 0.553797, Tokens per Sec:     7487, Lr: 0.000300
2026-05-13 17:53:02,578 - INFO - joeynmt.training - Epoch   2: total training loss 7174.80
2026-05-13 17:53:02,578 - INFO - joeynmt.training - EPOCH 3
2026-05-13 17:53:06,635 - INFO - joeynmt.training - Epoch   3, Step:     8800, Batch Loss:     1.314946, Batch Acc: 0.568882, Tokens per Sec:     7013, Lr: 0.000300
2026-05-13 17:53:17,283 - INFO - joeynmt.training - Epoch   3, Step:     8900, Batch Loss:     1.291072, Batch Acc: 0.571666, Tokens per Sec:     7340, Lr: 0.000300
2026-05-13 17:53:28,036 - INFO - joeynmt.training - Epoch   3, Step:     9000, Batch Loss:     1.540009, Batch Acc: 0.571016, Tokens per Sec:     7475, Lr: 0.000300
2026-05-13 17:53:28,036 - WARNING - joeynmt.helpers - `alpha` option is obsolete. Please use `beam_alpha`, instead.
2026-05-13 17:53:28,036 - INFO - joeynmt.prediction - Predicting 890 example(s)... (Greedy decoding with min_output_length=1, max_output_length=-1, return_prob='none', generate_unk=True, repetition_penalty=-1, no_repeat_ngram_size=-1)
2026-05-13 17:54:00,240 - INFO - joeynmt.prediction - Evaluation result (greedy) loss:   1.66, ppl:   5.28, acc:   0.52, generation: 32.1977[sec], evaluation: 0.0000[sec]
2026-05-13 17:54:00,240 - INFO - joeynmt.training - Hooray! New best validation result [ppl]!
2026-05-13 17:54:00,290 - INFO - joeynmt.helpers - delete models/bpe_2k/6500.ckpt
2026-05-13 17:54:00,290 - INFO - joeynmt.training - Example #0
2026-05-13 17:54:00,291 - DEBUG - joeynmt.training - 	Tokenized source:     ['L@@', 'ast', 'year', 'I', 'sho@@', 'w@@', 'ed', 'these', 'two', 's@@', 'li@@', 'des', 'so', 'that', 'dem@@', 'on@@', 'str@@', 'ate', 'that', 'the', 'ar@@', 'c@@', 'tic', 'ice', 'c@@', 'a@@', 'p', ',', 'which', 'for', 'most', 'of', 'the', 'last', 'three', 'million', 'years', 'has', 'been', 'the', 'si@@', 'ze', 'of', 'the', 'lo@@', 'wer', '4@@', '8', 'st@@', 'ates', ',', 'has', 'sh@@', 'r@@', 'un@@', 'k', 'by', '4@@', '0', 'percent', '.']
2026-05-13 17:54:00,291 - DEBUG - joeynmt.training - 	Tokenized reference:  ['L&apos;', 'année', 'derni@@', 'ère', ',', 'je', 'vous', 'ai', 'présent@@', 'é', 'ces', 'deux', 'di@@', 'apos@@', 'iti@@', 'ves', 'qui', 'montr@@', 'aient', 'que', 'la', 'cal@@', 'ot@@', 'te', 'gl@@', 'ac@@', 'ière', 'ar@@', 'c@@', 'tique', ',', 'qui', 'pendant', 'ces', '3', 'derni@@', 'ers', 'millions', 'd&apos;', 'année', 'avait', 'la', 't@@', 'ail@@', 'le', 'des', 'E@@', 'tat@@', 's-@@', 'Un@@', 'is', 'sans', 'l&apos;', 'Al@@', 'as@@', 'k@@', 'a', ',', 'qui', 'pendant', 'ces', '3', 'derni@@', 'ers', 'millions', 'd&apos;', 'année', 'avait', 'la', 't@@', 'ail@@', 'le', 'des', 'E@@', 'tat@@', 's-@@', 'Un@@', 'is', 'sans', 'l&apos;', 'Al@@', 'as@@', 'k@@', 'a', ',', 'avait', 'di@@', 'minu@@', 'é', 'de', '4@@', '0', '%', '.']
2026-05-13 17:54:00,291 - DEBUG - joeynmt.training - 	Tokenized hypothesis: ['L&apos;', 'année', 'derni@@', 'ère', ',', 'j&apos;', 'ai', 'montr@@', 'é', 'ces', 'deux', 'deux', 's@@', 'li@@', 'des', 'de', 'si', 'dé@@', 's@@', 'at', ',', 'qui', 'dé@@', 'onn@@', 'ent', 'le', 'c@@', 'a@@', 'p', 'de', 'la', 'gl@@', 'ace', 'de', 'trois', 'millions', 'd&apos;', 'années', 'ont', 'été', 'la', 't@@', 'ail@@', 'le', 'de', 'la', '4@@', '8', 'ét@@', 'at@@', 's', ',', 'a', 'part@@', 'i', 'par', '4@@', '8', '%', '.', '</s>']
2026-05-13 17:54:00,291 - INFO - joeynmt.training - 	Source:     Last year I showed these two slides so that demonstrate that the arctic ice cap , which for most of the last three million years has been the size of the lower 48 states , has shrunk by 40 percent .
2026-05-13 17:54:00,291 - INFO - joeynmt.training - 	Reference:  L&apos; année dernière , je vous ai présenté ces deux diapositives qui montraient que la calotte glacière arctique , qui pendant ces 3 derniers millions d&apos; année avait la taille des Etats-Unis sans l&apos; Alaska , qui pendant ces 3 derniers millions d&apos; année avait la taille des Etats-Unis sans l&apos; Alaska , avait diminué de 40 % .
2026-05-13 17:54:00,291 - INFO - joeynmt.training - 	Hypothesis: L&apos; année dernière , j&apos; ai montré ces deux deux slides de si désat , qui déonnent le cap de la glace de trois millions d&apos; années ont été la taille de la 48 états , a parti par 48 % .
2026-05-13 17:54:00,291 - INFO - joeynmt.training - Example #1
2026-05-13 17:54:00,291 - DEBUG - joeynmt.training - 	Tokenized source:     ['But', 'this', 'underst@@', 'ates', 'the', 'ser@@', 'i@@', 'ous@@', 'ness', 'of', 'this', 'partic@@', 'ul@@', 'ar', 'problem', 'because', 'it', 'doesn', '&apos;t', 'show', 'the', 'th@@', 'ick@@', 'ness', 'of', 'the', 'ice', '.']
2026-05-13 17:54:00,291 - DEBUG - joeynmt.training - 	Tokenized reference:  ['Mais', 'ceci', 'ten@@', 'd', 'à', 'a@@', 'mo@@', 'ind@@', 'rir', 'le', 'problème', 'parce', 'qu&apos;', 'on', 'ne', 'vo@@', 'it', 'pas', 'l&apos;', 'é@@', 'p@@', 'aiss@@', 'eur', 'de', 'la', 'gl@@', 'ace', '.']
2026-05-13 17:54:00,291 - DEBUG - joeynmt.training - 	Tokenized hypothesis: ['Mais', 'cette', 'com@@', 'pr@@', 'ét@@', 'ant', 'le', 's@@', 'éri@@', 'eur', 'de', 'cette', 's@@', 'éri@@', 'e', 'particu@@', 'li@@', 'è@@', 'rement', 'parce', 'qu&apos;', 'il', 'ne', 'montrer', 'pas', 'la', 'p@@', 'an@@', 'ne@@', 'au', '.', '</s>']
2026-05-13 17:54:00,291 - INFO - joeynmt.training - 	Source:     But this understates the seriousness of this particular problem because it doesn &apos;t show the thickness of the ice .
2026-05-13 17:54:00,291 - INFO - joeynmt.training - 	Reference:  Mais ceci tend à amoindrir le problème parce qu&apos; on ne voit pas l&apos; épaisseur de la glace .
2026-05-13 17:54:00,291 - INFO - joeynmt.training - 	Hypothesis: Mais cette comprétant le sérieur de cette série particulièrement parce qu&apos; il ne montrer pas la panneau .
2026-05-13 17:54:00,291 - INFO - joeynmt.training - Example #2
2026-05-13 17:54:00,291 - DEBUG - joeynmt.training - 	Tokenized source:     ['The', 'ar@@', 'c@@', 'tic', 'ice', 'c@@', 'a@@', 'p', 'is', ',', 'in', 'a', 'sense', ',', 'the', 'be@@', 'ating', 'he@@', 'art', 'of', 'the', 'glob@@', 'al', 'cli@@', 'm@@', 'ate', 'system', '.']
2026-05-13 17:54:00,291 - DEBUG - joeynmt.training - 	Tokenized reference:  ['On', 'peut', 'voir', 'la', 'cal@@', 'ot@@', 'te', 'gl@@', 'ac@@', 'ière', 'ar@@', 'c@@', 'tique', 'comme', 'le', 'co@@', 'eur', 'du', 'système', 'cli@@', 'ma@@', 'tique', 'glob@@', 'al', '.', 'On', 'peut', 'voir', 'la', 'cal@@', 'ot@@', 'te', 'gl@@', 'ac@@', 'ière', 'ar@@', 'c@@', 'tique', 'comme', 'le', 'co@@', 'eur', 'du', 'système', 'cli@@', 'ma@@', 'tique', 'glob@@', 'al', '.']
2026-05-13 17:54:00,291 - DEBUG - joeynmt.training - 	Tokenized hypothesis: ['Le', 'c@@', 'a@@', 'que', 'est', 'un', 'c@@', 'a@@', 'p', 'de', 'c@@', 'a@@', 'p', 'est', ',', 'dans', 'un', 'sens', ',', 'le', 'c@@', 'œ@@', 'u@@', 'r', 'du', 'système', 'de', 'cli@@', 'm@@', 'at', '.', '</s>']
2026-05-13 17:54:00,291 - INFO - joeynmt.training - 	Source:     The arctic ice cap is , in a sense , the beating heart of the global climate system .
2026-05-13 17:54:00,291 - INFO - joeynmt.training - 	Reference:  On peut voir la calotte glacière arctique comme le coeur du système climatique global . On peut voir la calotte glacière arctique comme le coeur du système climatique global .
2026-05-13 17:54:00,291 - INFO - joeynmt.training - 	Hypothesis: Le caque est un cap de cap est , dans un sens , le cœur du système de climat .
2026-05-13 17:54:00,291 - INFO - joeynmt.training - Example #3
2026-05-13 17:54:00,291 - DEBUG - joeynmt.training - 	Tokenized source:     ['It', 'exp@@', 'ands', 'in', 'w@@', 'int@@', 'er', 'and', 'contr@@', 'ac@@', 'ts', 'in', 'su@@', 'm@@', 'mer', '.']
2026-05-13 17:54:00,291 - DEBUG - joeynmt.training - 	Tokenized reference:  ['Elle', 's&apos;', 'ét@@', 'end', 'en', 'hi@@', 'ver', 'et', 'se', 'contr@@', 'ac@@', 'te', 'en', 'été', '.']
2026-05-13 17:54:00,291 - DEBUG - joeynmt.training - 	Tokenized hypothesis: ['Il', 's&apos;', 'ag@@', 'it', 'd&apos;', 'un', 'contr@@', 'ac@@', 'ts', 'et', 'contr@@', 'ac@@', 'ts', 'dans', 'le', 'su@@', 'm@@', 'm@@', 'm@@', 'eur', '.', '</s>']
2026-05-13 17:54:00,291 - INFO - joeynmt.training - 	Source:     It expands in winter and contracts in summer .
2026-05-13 17:54:00,291 - INFO - joeynmt.training - 	Reference:  Elle s&apos; étend en hiver et se contracte en été .
2026-05-13 17:54:00,292 - INFO - joeynmt.training - 	Hypothesis: Il s&apos; agit d&apos; un contracts et contracts dans le summmeur .
2026-05-13 17:54:00,292 - INFO - joeynmt.training - Example #4
2026-05-13 17:54:00,292 - DEBUG - joeynmt.training - 	Tokenized source:     ['The', 'next', 's@@', 'li@@', 'de', 'I', 'show', 'you', 'will', 'be', 'a', 'rap@@', 'id', 'fas@@', 't-@@', 'for@@', 'w@@', 'ard', 'of', 'what', '&apos;s', 'happen@@', 'ed', 'over', 'the', 'last', '2@@', '5', 'years', '.']
2026-05-13 17:54:00,292 - DEBUG - joeynmt.training - 	Tokenized reference:  ['La', 'pro@@', 'ch@@', 'aine', 'di@@', 'apos@@', 'iti@@', 've', 'que', 'je', 'vais', 'vous', 'montrer', 'est', 'une', 'v@@', 'ue', 'en', 'acc@@', 'él@@', 'ér@@', 'é', 'de', 'ce', 'qui', 's&apos;', 'est', 'passé', 'ces', '2@@', '5', 'derni@@', 'ères', 'années', '.']
2026-05-13 17:54:00,292 - DEBUG - joeynmt.training - 	Tokenized hypothesis: ['La', 'pro@@', 'ch@@', 'aine', 'suiv@@', 'ante', ',', 'je', 'vous', 'montrer', 'un', 'rap@@', 'ide', 'rap@@', 'ide', 'rap@@', 'ide', 'de', 'ce', 'qui', 'se', 'passe', 'au', 'cours', 'des', '2@@', '5', 'derni@@', 'ères', 'années', '.', '</s>']
2026-05-13 17:54:00,292 - INFO - joeynmt.training - 	Source:     The next slide I show you will be a rapid fast-forward of what &apos;s happened over the last 25 years .
2026-05-13 17:54:00,292 - INFO - joeynmt.training - 	Reference:  La prochaine diapositive que je vais vous montrer est une vue en accéléré de ce qui s&apos; est passé ces 25 dernières années .
2026-05-13 17:54:00,292 - INFO - joeynmt.training - 	Hypothesis: La prochaine suivante , je vous montrer un rapide rapide rapide de ce qui se passe au cours des 25 dernières années .
2026-05-13 17:54:11,125 - INFO - joeynmt.training - Epoch   3, Step:     9100, Batch Loss:     1.517439, Batch Acc: 0.577043, Tokens per Sec:     7190, Lr: 0.000300
2026-05-13 17:54:21,474 - INFO - joeynmt.training - Epoch   3, Step:     9200, Batch Loss:     1.330876, Batch Acc: 0.572706, Tokens per Sec:     7542, Lr: 0.000300
2026-05-13 17:54:32,228 - INFO - joeynmt.training - Epoch   3, Step:     9300, Batch Loss:     1.437643, Batch Acc: 0.576172, Tokens per Sec:     7537, Lr: 0.000300
2026-05-13 17:54:43,262 - INFO - joeynmt.training - Epoch   3, Step:     9400, Batch Loss:     1.372370, Batch Acc: 0.572688, Tokens per Sec:     7187, Lr: 0.000300
2026-05-13 17:54:54,002 - INFO - joeynmt.training - Epoch   3, Step:     9500, Batch Loss:     1.316215, Batch Acc: 0.572043, Tokens per Sec:     7145, Lr: 0.000300
2026-05-13 17:54:54,002 - WARNING - joeynmt.helpers - `alpha` option is obsolete. Please use `beam_alpha`, instead.
2026-05-13 17:54:54,002 - INFO - joeynmt.prediction - Predicting 890 example(s)... (Greedy decoding with min_output_length=1, max_output_length=-1, return_prob='none', generate_unk=True, repetition_penalty=-1, no_repeat_ngram_size=-1)
2026-05-13 17:55:30,191 - INFO - joeynmt.prediction - Evaluation result (greedy) loss:   1.65, ppl:   5.23, acc:   0.53, generation: 36.1831[sec], evaluation: 0.0000[sec]
2026-05-13 17:55:30,191 - INFO - joeynmt.training - Hooray! New best validation result [ppl]!
2026-05-13 17:55:30,242 - INFO - joeynmt.helpers - delete models/bpe_2k/7000.ckpt
2026-05-13 17:55:30,242 - INFO - joeynmt.training - Example #0
2026-05-13 17:55:30,242 - DEBUG - joeynmt.training - 	Tokenized source:     ['L@@', 'ast', 'year', 'I', 'sho@@', 'w@@', 'ed', 'these', 'two', 's@@', 'li@@', 'des', 'so', 'that', 'dem@@', 'on@@', 'str@@', 'ate', 'that', 'the', 'ar@@', 'c@@', 'tic', 'ice', 'c@@', 'a@@', 'p', ',', 'which', 'for', 'most', 'of', 'the', 'last', 'three', 'million', 'years', 'has', 'been', 'the', 'si@@', 'ze', 'of', 'the', 'lo@@', 'wer', '4@@', '8', 'st@@', 'ates', ',', 'has', 'sh@@', 'r@@', 'un@@', 'k', 'by', '4@@', '0', 'percent', '.']
2026-05-13 17:55:30,242 - DEBUG - joeynmt.training - 	Tokenized reference:  ['L&apos;', 'année', 'derni@@', 'ère', ',', 'je', 'vous', 'ai', 'présent@@', 'é', 'ces', 'deux', 'di@@', 'apos@@', 'iti@@', 'ves', 'qui', 'montr@@', 'aient', 'que', 'la', 'cal@@', 'ot@@', 'te', 'gl@@', 'ac@@', 'ière', 'ar@@', 'c@@', 'tique', ',', 'qui', 'pendant', 'ces', '3', 'derni@@', 'ers', 'millions', 'd&apos;', 'année', 'avait', 'la', 't@@', 'ail@@', 'le', 'des', 'E@@', 'tat@@', 's-@@', 'Un@@', 'is', 'sans', 'l&apos;', 'Al@@', 'as@@', 'k@@', 'a', ',', 'qui', 'pendant', 'ces', '3', 'derni@@', 'ers', 'millions', 'd&apos;', 'année', 'avait', 'la', 't@@', 'ail@@', 'le', 'des', 'E@@', 'tat@@', 's-@@', 'Un@@', 'is', 'sans', 'l&apos;', 'Al@@', 'as@@', 'k@@', 'a', ',', 'avait', 'di@@', 'minu@@', 'é', 'de', '4@@', '0', '%', '.']
2026-05-13 17:55:30,242 - DEBUG - joeynmt.training - 	Tokenized hypothesis: ['L&apos;', 'année', 'derni@@', 'ère', ',', 'j&apos;', 'ai', 'montr@@', 'é', 'ces', 'deux', 's@@', 'li@@', 'des', 'de', 't@@', 'ail@@', 'les', 'de', 'cette', 'dé@@', 'mon@@', 'str@@', 'ation', 'ar@@', 'c@@', 'tique', ',', 'qui', 'pour', 'la', 'plu@@', 'part', 'des', 'trois', 'millions', 'd&apos;', 'années', 'ont', 'été', 'la', 't@@', 'ail@@', 'le', 'de', 'la', 't@@', 'ail@@', 'le', 'de', '4@@', '8', 'ét@@', 'at@@', 's', ',', 'a', 'part@@', 'i', 'par', '4@@', '0', 'pour', 'cent', '.', '</s>']
2026-05-13 17:55:30,242 - INFO - joeynmt.training - 	Source:     Last year I showed these two slides so that demonstrate that the arctic ice cap , which for most of the last three million years has been the size of the lower 48 states , has shrunk by 40 percent .
2026-05-13 17:55:30,242 - INFO - joeynmt.training - 	Reference:  L&apos; année dernière , je vous ai présenté ces deux diapositives qui montraient que la calotte glacière arctique , qui pendant ces 3 derniers millions d&apos; année avait la taille des Etats-Unis sans l&apos; Alaska , qui pendant ces 3 derniers millions d&apos; année avait la taille des Etats-Unis sans l&apos; Alaska , avait diminué de 40 % .
2026-05-13 17:55:30,242 - INFO - joeynmt.training - 	Hypothesis: L&apos; année dernière , j&apos; ai montré ces deux slides de tailles de cette démonstration arctique , qui pour la plupart des trois millions d&apos; années ont été la taille de la taille de 48 états , a parti par 40 pour cent .
2026-05-13 17:55:30,243 - INFO - joeynmt.training - Example #1
2026-05-13 17:55:30,243 - DEBUG - joeynmt.training - 	Tokenized source:     ['But', 'this', 'underst@@', 'ates', 'the', 'ser@@', 'i@@', 'ous@@', 'ness', 'of', 'this', 'partic@@', 'ul@@', 'ar', 'problem', 'because', 'it', 'doesn', '&apos;t', 'show', 'the', 'th@@', 'ick@@', 'ness', 'of', 'the', 'ice', '.']
2026-05-13 17:55:30,243 - DEBUG - joeynmt.training - 	Tokenized reference:  ['Mais', 'ceci', 'ten@@', 'd', 'à', 'a@@', 'mo@@', 'ind@@', 'rir', 'le', 'problème', 'parce', 'qu&apos;', 'on', 'ne', 'vo@@', 'it', 'pas', 'l&apos;', 'é@@', 'p@@', 'aiss@@', 'eur', 'de', 'la', 'gl@@', 'ace', '.']
2026-05-13 17:55:30,243 - DEBUG - joeynmt.training - 	Tokenized hypothesis: ['Mais', 'cette', 'com@@', 'pr@@', 'ati@@', 'que', 'la', 's@@', 'éri@@', 'e', 'de', 'ce', 'problème', 'parce', 'qu&apos;', 'il', 'ne', 'montrer', 'pas', 'la', 'pou@@', 'l@@', 'ité', 'de', 'gl@@', 'ace', '.', '</s>']
2026-05-13 17:55:30,243 - INFO - joeynmt.training - 	Source:     But this understates the seriousness of this particular problem because it doesn &apos;t show the thickness of the ice .
2026-05-13 17:55:30,243 - INFO - joeynmt.training - 	Reference:  Mais ceci tend à amoindrir le problème parce qu&apos; on ne voit pas l&apos; épaisseur de la glace .
2026-05-13 17:55:30,243 - INFO - joeynmt.training - 	Hypothesis: Mais cette compratique la série de ce problème parce qu&apos; il ne montrer pas la poulité de glace .
2026-05-13 17:55:30,243 - INFO - joeynmt.training - Example #2
2026-05-13 17:55:30,243 - DEBUG - joeynmt.training - 	Tokenized source:     ['The', 'ar@@', 'c@@', 'tic', 'ice', 'c@@', 'a@@', 'p', 'is', ',', 'in', 'a', 'sense', ',', 'the', 'be@@', 'ating', 'he@@', 'art', 'of', 'the', 'glob@@', 'al', 'cli@@', 'm@@', 'ate', 'system', '.']
2026-05-13 17:55:30,243 - DEBUG - joeynmt.training - 	Tokenized reference:  ['On', 'peut', 'voir', 'la', 'cal@@', 'ot@@', 'te', 'gl@@', 'ac@@', 'ière', 'ar@@', 'c@@', 'tique', 'comme', 'le', 'co@@', 'eur', 'du', 'système', 'cli@@', 'ma@@', 'tique', 'glob@@', 'al', '.', 'On', 'peut', 'voir', 'la', 'cal@@', 'ot@@', 'te', 'gl@@', 'ac@@', 'ière', 'ar@@', 'c@@', 'tique', 'comme', 'le', 'co@@', 'eur', 'du', 'système', 'cli@@', 'ma@@', 'tique', 'glob@@', 'al', '.']
2026-05-13 17:55:30,243 - DEBUG - joeynmt.training - 	Tokenized hypothesis: ['La', 'c@@', 'a@@', 'que', 'de', 'la', 'gl@@', 'ace', 'est', ',', 'dans', 'un', 'sens', ',', 'la', 'com@@', 'port@@', 'ement', 'du', 'système', 'de', 'cli@@', 'ma@@', 'tique', '.', '</s>']
2026-05-13 17:55:30,243 - INFO - joeynmt.training - 	Source:     The arctic ice cap is , in a sense , the beating heart of the global climate system .
2026-05-13 17:55:30,243 - INFO - joeynmt.training - 	Reference:  On peut voir la calotte glacière arctique comme le coeur du système climatique global . On peut voir la calotte glacière arctique comme le coeur du système climatique global .
2026-05-13 17:55:30,243 - INFO - joeynmt.training - 	Hypothesis: La caque de la glace est , dans un sens , la comportement du système de climatique .
2026-05-13 17:55:30,243 - INFO - joeynmt.training - Example #3
2026-05-13 17:55:30,243 - DEBUG - joeynmt.training - 	Tokenized source:     ['It', 'exp@@', 'ands', 'in', 'w@@', 'int@@', 'er', 'and', 'contr@@', 'ac@@', 'ts', 'in', 'su@@', 'm@@', 'mer', '.']
2026-05-13 17:55:30,243 - DEBUG - joeynmt.training - 	Tokenized reference:  ['Elle', 's&apos;', 'ét@@', 'end', 'en', 'hi@@', 'ver', 'et', 'se', 'contr@@', 'ac@@', 'te', 'en', 'été', '.']
2026-05-13 17:55:30,243 - DEBUG - joeynmt.training - 	Tokenized hypothesis: ['Il', 's&apos;', 'att@@', 'end@@', 'ent', 'dans', 'les', 'ré@@', 'sul@@', 'tat@@', 's', 'et', 'des', 'contr@@', 'ac@@', 'ts', 'dans', 'le', 'su@@', 'm@@', 'm@@', 'm@@', 'm@@', 'mer', '.', '</s>']
2026-05-13 17:55:30,243 - INFO - joeynmt.training - 	Source:     It expands in winter and contracts in summer .
2026-05-13 17:55:30,243 - INFO - joeynmt.training - 	Reference:  Elle s&apos; étend en hiver et se contracte en été .
2026-05-13 17:55:30,243 - INFO - joeynmt.training - 	Hypothesis: Il s&apos; attendent dans les résultats et des contracts dans le summmmmer .
2026-05-13 17:55:30,243 - INFO - joeynmt.training - Example #4
2026-05-13 17:55:30,243 - DEBUG - joeynmt.training - 	Tokenized source:     ['The', 'next', 's@@', 'li@@', 'de', 'I', 'show', 'you', 'will', 'be', 'a', 'rap@@', 'id', 'fas@@', 't-@@', 'for@@', 'w@@', 'ard', 'of', 'what', '&apos;s', 'happen@@', 'ed', 'over', 'the', 'last', '2@@', '5', 'years', '.']
2026-05-13 17:55:30,243 - DEBUG - joeynmt.training - 	Tokenized reference:  ['La', 'pro@@', 'ch@@', 'aine', 'di@@', 'apos@@', 'iti@@', 've', 'que', 'je', 'vais', 'vous', 'montrer', 'est', 'une', 'v@@', 'ue', 'en', 'acc@@', 'él@@', 'ér@@', 'é', 'de', 'ce', 'qui', 's&apos;', 'est', 'passé', 'ces', '2@@', '5', 'derni@@', 'ères', 'années', '.']
2026-05-13 17:55:30,243 - DEBUG - joeynmt.training - 	Tokenized hypothesis: ['La', 'pro@@', 'ch@@', 'aine', 's@@', 'li@@', 'de', 'que', 'je', 'vous', 'aur@@', 'ais', 'être', 'une', 'for@@', 'te', 'rap@@', 'ide', 'rap@@', 'ide', 'rap@@', 'ide', 'de', 'ce', 'qui', 's&apos;', 'est', 'passé', 'pendant', 'les', '2@@', '5', 'derni@@', 'ères', 'années', '.', '</s>']
2026-05-13 17:55:30,243 - INFO - joeynmt.training - 	Source:     The next slide I show you will be a rapid fast-forward of what &apos;s happened over the last 25 years .
2026-05-13 17:55:30,243 - INFO - joeynmt.training - 	Reference:  La prochaine diapositive que je vais vous montrer est une vue en accéléré de ce qui s&apos; est passé ces 25 dernières années .
2026-05-13 17:55:30,243 - INFO - joeynmt.training - 	Hypothesis: La prochaine slide que je vous aurais être une forte rapide rapide rapide de ce qui s&apos; est passé pendant les 25 dernières années .
2026-05-13 17:55:41,089 - INFO - joeynmt.training - Epoch   3, Step:     9600, Batch Loss:     1.450294, Batch Acc: 0.574044, Tokens per Sec:     7308, Lr: 0.000300
2026-05-13 17:55:51,499 - INFO - joeynmt.training - Epoch   3, Step:     9700, Batch Loss:     1.476157, Batch Acc: 0.571277, Tokens per Sec:     7536, Lr: 0.000300
2026-05-13 17:56:02,446 - INFO - joeynmt.training - Epoch   3, Step:     9800, Batch Loss:     1.580148, Batch Acc: 0.579504, Tokens per Sec:     7170, Lr: 0.000300
2026-05-13 17:56:13,485 - INFO - joeynmt.training - Epoch   3, Step:     9900, Batch Loss:     1.369250, Batch Acc: 0.570883, Tokens per Sec:     7067, Lr: 0.000300
2026-05-13 17:56:24,055 - INFO - joeynmt.training - Epoch   3, Step:    10000, Batch Loss:     1.421231, Batch Acc: 0.575517, Tokens per Sec:     7431, Lr: 0.000300
2026-05-13 17:56:24,055 - WARNING - joeynmt.helpers - `alpha` option is obsolete. Please use `beam_alpha`, instead.
2026-05-13 17:56:24,055 - INFO - joeynmt.prediction - Predicting 890 example(s)... (Greedy decoding with min_output_length=1, max_output_length=-1, return_prob='none', generate_unk=True, repetition_penalty=-1, no_repeat_ngram_size=-1)
2026-05-13 17:56:58,232 - INFO - joeynmt.prediction - Evaluation result (greedy) loss:   1.64, ppl:   5.17, acc:   0.53, generation: 34.1716[sec], evaluation: 0.0000[sec]
2026-05-13 17:56:58,232 - INFO - joeynmt.training - Hooray! New best validation result [ppl]!
2026-05-13 17:56:58,284 - INFO - joeynmt.helpers - delete models/bpe_2k/7500.ckpt
2026-05-13 17:56:58,284 - INFO - joeynmt.training - Example #0
2026-05-13 17:56:58,284 - DEBUG - joeynmt.training - 	Tokenized source:     ['L@@', 'ast', 'year', 'I', 'sho@@', 'w@@', 'ed', 'these', 'two', 's@@', 'li@@', 'des', 'so', 'that', 'dem@@', 'on@@', 'str@@', 'ate', 'that', 'the', 'ar@@', 'c@@', 'tic', 'ice', 'c@@', 'a@@', 'p', ',', 'which', 'for', 'most', 'of', 'the', 'last', 'three', 'million', 'years', 'has', 'been', 'the', 'si@@', 'ze', 'of', 'the', 'lo@@', 'wer', '4@@', '8', 'st@@', 'ates', ',', 'has', 'sh@@', 'r@@', 'un@@', 'k', 'by', '4@@', '0', 'percent', '.']
2026-05-13 17:56:58,284 - DEBUG - joeynmt.training - 	Tokenized reference:  ['L&apos;', 'année', 'derni@@', 'ère', ',', 'je', 'vous', 'ai', 'présent@@', 'é', 'ces', 'deux', 'di@@', 'apos@@', 'iti@@', 'ves', 'qui', 'montr@@', 'aient', 'que', 'la', 'cal@@', 'ot@@', 'te', 'gl@@', 'ac@@', 'ière', 'ar@@', 'c@@', 'tique', ',', 'qui', 'pendant', 'ces', '3', 'derni@@', 'ers', 'millions', 'd&apos;', 'année', 'avait', 'la', 't@@', 'ail@@', 'le', 'des', 'E@@', 'tat@@', 's-@@', 'Un@@', 'is', 'sans', 'l&apos;', 'Al@@', 'as@@', 'k@@', 'a', ',', 'qui', 'pendant', 'ces', '3', 'derni@@', 'ers', 'millions', 'd&apos;', 'année', 'avait', 'la', 't@@', 'ail@@', 'le', 'des', 'E@@', 'tat@@', 's-@@', 'Un@@', 'is', 'sans', 'l&apos;', 'Al@@', 'as@@', 'k@@', 'a', ',', 'avait', 'di@@', 'minu@@', 'é', 'de', '4@@', '0', '%', '.']
2026-05-13 17:56:58,284 - DEBUG - joeynmt.training - 	Tokenized hypothesis: ['L&apos;', 'année', 'derni@@', 'ère', ',', 'j&apos;', 'ai', 'montr@@', 'é', 'ces', 'deux', 's@@', 'li@@', 'des', 'de', 'si', 'dé@@', 'mon@@', 'tre', 'que', 'le', 'c@@', 'a@@', 'p', 'de', 'la', 'gl@@', 'ace', 'ar@@', 'c@@', 'tique', ',', 'qui', 'pendant', 'la', 'plu@@', 'part', 'des', 'années', 'années', 'ont', 'été', 'la', 't@@', 'ail@@', 'le', 'de', '4@@', '0', '%', '.', '</s>']
2026-05-13 17:56:58,284 - INFO - joeynmt.training - 	Source:     Last year I showed these two slides so that demonstrate that the arctic ice cap , which for most of the last three million years has been the size of the lower 48 states , has shrunk by 40 percent .
2026-05-13 17:56:58,284 - INFO - joeynmt.training - 	Reference:  L&apos; année dernière , je vous ai présenté ces deux diapositives qui montraient que la calotte glacière arctique , qui pendant ces 3 derniers millions d&apos; année avait la taille des Etats-Unis sans l&apos; Alaska , qui pendant ces 3 derniers millions d&apos; année avait la taille des Etats-Unis sans l&apos; Alaska , avait diminué de 40 % .
2026-05-13 17:56:58,284 - INFO - joeynmt.training - 	Hypothesis: L&apos; année dernière , j&apos; ai montré ces deux slides de si démontre que le cap de la glace arctique , qui pendant la plupart des années années ont été la taille de 40 % .
2026-05-13 17:56:58,284 - INFO - joeynmt.training - Example #1
2026-05-13 17:56:58,284 - DEBUG - joeynmt.training - 	Tokenized source:     ['But', 'this', 'underst@@', 'ates', 'the', 'ser@@', 'i@@', 'ous@@', 'ness', 'of', 'this', 'partic@@', 'ul@@', 'ar', 'problem', 'because', 'it', 'doesn', '&apos;t', 'show', 'the', 'th@@', 'ick@@', 'ness', 'of', 'the', 'ice', '.']
2026-05-13 17:56:58,284 - DEBUG - joeynmt.training - 	Tokenized reference:  ['Mais', 'ceci', 'ten@@', 'd', 'à', 'a@@', 'mo@@', 'ind@@', 'rir', 'le', 'problème', 'parce', 'qu&apos;', 'on', 'ne', 'vo@@', 'it', 'pas', 'l&apos;', 'é@@', 'p@@', 'aiss@@', 'eur', 'de', 'la', 'gl@@', 'ace', '.']
2026-05-13 17:56:58,284 - DEBUG - joeynmt.training - 	Tokenized hypothesis: ['Mais', 'cette', 'com@@', 'pré@@', 'pré@@', 'pré@@', 'sen@@', 'te', 'la', 's@@', 'éri@@', 'e', 'de', 'ce', 'problème', 'parce', 'que', 'ça', 'ne', 'montrer', 'pas', 'la', 'th@@', 'ème', 'de', 'gl@@', 'ace', '.', '</s>']
2026-05-13 17:56:58,284 - INFO - joeynmt.training - 	Source:     But this understates the seriousness of this particular problem because it doesn &apos;t show the thickness of the ice .
2026-05-13 17:56:58,285 - INFO - joeynmt.training - 	Reference:  Mais ceci tend à amoindrir le problème parce qu&apos; on ne voit pas l&apos; épaisseur de la glace .
2026-05-13 17:56:58,285 - INFO - joeynmt.training - 	Hypothesis: Mais cette comprépréprésente la série de ce problème parce que ça ne montrer pas la thème de glace .
2026-05-13 17:56:58,285 - INFO - joeynmt.training - Example #2
2026-05-13 17:56:58,285 - DEBUG - joeynmt.training - 	Tokenized source:     ['The', 'ar@@', 'c@@', 'tic', 'ice', 'c@@', 'a@@', 'p', 'is', ',', 'in', 'a', 'sense', ',', 'the', 'be@@', 'ating', 'he@@', 'art', 'of', 'the', 'glob@@', 'al', 'cli@@', 'm@@', 'ate', 'system', '.']
2026-05-13 17:56:58,285 - DEBUG - joeynmt.training - 	Tokenized reference:  ['On', 'peut', 'voir', 'la', 'cal@@', 'ot@@', 'te', 'gl@@', 'ac@@', 'ière', 'ar@@', 'c@@', 'tique', 'comme', 'le', 'co@@', 'eur', 'du', 'système', 'cli@@', 'ma@@', 'tique', 'glob@@', 'al', '.', 'On', 'peut', 'voir', 'la', 'cal@@', 'ot@@', 'te', 'gl@@', 'ac@@', 'ière', 'ar@@', 'c@@', 'tique', 'comme', 'le', 'co@@', 'eur', 'du', 'système', 'cli@@', 'ma@@', 'tique', 'glob@@', 'al', '.']
2026-05-13 17:56:58,285 - DEBUG - joeynmt.training - 	Tokenized hypothesis: ['Le', 'c@@', 'a@@', 'ï@@', 'ne', 'est', ',', 'dans', 'un', 'sens', ',', 'le', 'sens', ',', 'le', 'sens', 'de', 'la', 't@@', 'ête', 'du', 'système', 'cli@@', 'm@@', 'at', 'mon@@', 'di@@', 'al', '.', '</s>']
2026-05-13 17:56:58,285 - INFO - joeynmt.training - 	Source:     The arctic ice cap is , in a sense , the beating heart of the global climate system .
2026-05-13 17:56:58,285 - INFO - joeynmt.training - 	Reference:  On peut voir la calotte glacière arctique comme le coeur du système climatique global . On peut voir la calotte glacière arctique comme le coeur du système climatique global .
2026-05-13 17:56:58,285 - INFO - joeynmt.training - 	Hypothesis: Le caïne est , dans un sens , le sens , le sens de la tête du système climat mondial .
2026-05-13 17:56:58,285 - INFO - joeynmt.training - Example #3
2026-05-13 17:56:58,285 - DEBUG - joeynmt.training - 	Tokenized source:     ['It', 'exp@@', 'ands', 'in', 'w@@', 'int@@', 'er', 'and', 'contr@@', 'ac@@', 'ts', 'in', 'su@@', 'm@@', 'mer', '.']
2026-05-13 17:56:58,285 - DEBUG - joeynmt.training - 	Tokenized reference:  ['Elle', 's&apos;', 'ét@@', 'end', 'en', 'hi@@', 'ver', 'et', 'se', 'contr@@', 'ac@@', 'te', 'en', 'été', '.']
2026-05-13 17:56:58,285 - DEBUG - joeynmt.training - 	Tokenized hypothesis: ['Il', 's&apos;', 'ag@@', 'it', 'dans', 'la', 'ch@@', 'am@@', 'p@@', 'eur', 'et', 'des', 'contr@@', 'ac@@', 'tes', 'dans', 'le', 'su@@', 'm@@', 'm@@', 'm@@', 'eu@@', 'r@@', '-@@', 'v@@', 'ille', '.', '</s>']
2026-05-13 17:56:58,285 - INFO - joeynmt.training - 	Source:     It expands in winter and contracts in summer .
2026-05-13 17:56:58,285 - INFO - joeynmt.training - 	Reference:  Elle s&apos; étend en hiver et se contracte en été .
2026-05-13 17:56:58,285 - INFO - joeynmt.training - 	Hypothesis: Il s&apos; agit dans la champeur et des contractes dans le summmeur-ville .
2026-05-13 17:56:58,285 - INFO - joeynmt.training - Example #4
2026-05-13 17:56:58,285 - DEBUG - joeynmt.training - 	Tokenized source:     ['The', 'next', 's@@', 'li@@', 'de', 'I', 'show', 'you', 'will', 'be', 'a', 'rap@@', 'id', 'fas@@', 't-@@', 'for@@', 'w@@', 'ard', 'of', 'what', '&apos;s', 'happen@@', 'ed', 'over', 'the', 'last', '2@@', '5', 'years', '.']
2026-05-13 17:56:58,285 - DEBUG - joeynmt.training - 	Tokenized reference:  ['La', 'pro@@', 'ch@@', 'aine', 'di@@', 'apos@@', 'iti@@', 've', 'que', 'je', 'vais', 'vous', 'montrer', 'est', 'une', 'v@@', 'ue', 'en', 'acc@@', 'él@@', 'ér@@', 'é', 'de', 'ce', 'qui', 's&apos;', 'est', 'passé', 'ces', '2@@', '5', 'derni@@', 'ères', 'années', '.']
2026-05-13 17:56:58,285 - DEBUG - joeynmt.training - 	Tokenized hypothesis: ['La', 'pro@@', 'ch@@', 'aine', 'suiv@@', 'ante', 'que', 'je', 'vous', 'mon@@', 'tre', 'ser@@', 'a', 'une', 'for@@', 'mu@@', 'te', 'rap@@', 'ide', 'de', 'ce', 'qui', 's&apos;', 'est', 'passé', 'au', 'cours', 'des', '2@@', '5', 'derni@@', 'ères', 'années', '.', '</s>']
2026-05-13 17:56:58,285 - INFO - joeynmt.training - 	Source:     The next slide I show you will be a rapid fast-forward of what &apos;s happened over the last 25 years .
2026-05-13 17:56:58,285 - INFO - joeynmt.training - 	Reference:  La prochaine diapositive que je vais vous montrer est une vue en accéléré de ce qui s&apos; est passé ces 25 dernières années .
2026-05-13 17:56:58,285 - INFO - joeynmt.training - 	Hypothesis: La prochaine suivante que je vous montre sera une formute rapide de ce qui s&apos; est passé au cours des 25 dernières années .
2026-05-13 17:57:09,133 - INFO - joeynmt.training - Epoch   3, Step:    10100, Batch Loss:     1.413289, Batch Acc: 0.576907, Tokens per Sec:     7117, Lr: 0.000300
2026-05-13 17:57:19,800 - INFO - joeynmt.training - Epoch   3, Step:    10200, Batch Loss:     1.583706, Batch Acc: 0.577178, Tokens per Sec:     7456, Lr: 0.000300
2026-05-13 17:57:30,432 - INFO - joeynmt.training - Epoch   3, Step:    10300, Batch Loss:     1.434104, Batch Acc: 0.576317, Tokens per Sec:     7348, Lr: 0.000300
2026-05-13 17:57:41,125 - INFO - joeynmt.training - Epoch   3, Step:    10400, Batch Loss:     1.359184, Batch Acc: 0.578929, Tokens per Sec:     7367, Lr: 0.000300
2026-05-13 17:57:51,961 - INFO - joeynmt.training - Epoch   3, Step:    10500, Batch Loss:     1.538066, Batch Acc: 0.583414, Tokens per Sec:     7284, Lr: 0.000300
2026-05-13 17:57:51,961 - WARNING - joeynmt.helpers - `alpha` option is obsolete. Please use `beam_alpha`, instead.
2026-05-13 17:57:51,961 - INFO - joeynmt.prediction - Predicting 890 example(s)... (Greedy decoding with min_output_length=1, max_output_length=-1, return_prob='none', generate_unk=True, repetition_penalty=-1, no_repeat_ngram_size=-1)
2026-05-13 17:58:23,421 - INFO - joeynmt.prediction - Evaluation result (greedy) loss:   1.63, ppl:   5.09, acc:   0.53, generation: 31.4552[sec], evaluation: 0.0000[sec]
2026-05-13 17:58:23,422 - INFO - joeynmt.training - Hooray! New best validation result [ppl]!
2026-05-13 17:58:23,471 - INFO - joeynmt.helpers - delete models/bpe_2k/8000.ckpt
2026-05-13 17:58:23,471 - INFO - joeynmt.training - Example #0
2026-05-13 17:58:23,471 - DEBUG - joeynmt.training - 	Tokenized source:     ['L@@', 'ast', 'year', 'I', 'sho@@', 'w@@', 'ed', 'these', 'two', 's@@', 'li@@', 'des', 'so', 'that', 'dem@@', 'on@@', 'str@@', 'ate', 'that', 'the', 'ar@@', 'c@@', 'tic', 'ice', 'c@@', 'a@@', 'p', ',', 'which', 'for', 'most', 'of', 'the', 'last', 'three', 'million', 'years', 'has', 'been', 'the', 'si@@', 'ze', 'of', 'the', 'lo@@', 'wer', '4@@', '8', 'st@@', 'ates', ',', 'has', 'sh@@', 'r@@', 'un@@', 'k', 'by', '4@@', '0', 'percent', '.']
2026-05-13 17:58:23,471 - DEBUG - joeynmt.training - 	Tokenized reference:  ['L&apos;', 'année', 'derni@@', 'ère', ',', 'je', 'vous', 'ai', 'présent@@', 'é', 'ces', 'deux', 'di@@', 'apos@@', 'iti@@', 'ves', 'qui', 'montr@@', 'aient', 'que', 'la', 'cal@@', 'ot@@', 'te', 'gl@@', 'ac@@', 'ière', 'ar@@', 'c@@', 'tique', ',', 'qui', 'pendant', 'ces', '3', 'derni@@', 'ers', 'millions', 'd&apos;', 'année', 'avait', 'la', 't@@', 'ail@@', 'le', 'des', 'E@@', 'tat@@', 's-@@', 'Un@@', 'is', 'sans', 'l&apos;', 'Al@@', 'as@@', 'k@@', 'a', ',', 'qui', 'pendant', 'ces', '3', 'derni@@', 'ers', 'millions', 'd&apos;', 'année', 'avait', 'la', 't@@', 'ail@@', 'le', 'des', 'E@@', 'tat@@', 's-@@', 'Un@@', 'is', 'sans', 'l&apos;', 'Al@@', 'as@@', 'k@@', 'a', ',', 'avait', 'di@@', 'minu@@', 'é', 'de', '4@@', '0', '%', '.']
2026-05-13 17:58:23,471 - DEBUG - joeynmt.training - 	Tokenized hypothesis: ['L&apos;', 'année', 'derni@@', 'ère', ',', 'j&apos;', 'ai', 'montr@@', 'é', 'ces', 'deux', 's@@', 'li@@', 'des', 't@@', 'es@@', 'ts', 't@@', 'ellement', 'que', 'la', 'gl@@', 'ace', 'ar@@', 'c@@', 'tique', ',', 'qui', 'pendant', 'la', 'plu@@', 'part', 'des', 'trois', 'millions', 'd&apos;', 'années', 'ont', 'été', 'la', 't@@', 'ail@@', 'le', 'de', '4@@', '8', 'derni@@', 'ères', 'années', 'ont', 'été', 'la', 't@@', 'ail@@', 'le', 'de', '4@@', '0', 'pour', 'cent', '.', '</s>']
2026-05-13 17:58:23,471 - INFO - joeynmt.training - 	Source:     Last year I showed these two slides so that demonstrate that the arctic ice cap , which for most of the last three million years has been the size of the lower 48 states , has shrunk by 40 percent .
2026-05-13 17:58:23,471 - INFO - joeynmt.training - 	Reference:  L&apos; année dernière , je vous ai présenté ces deux diapositives qui montraient que la calotte glacière arctique , qui pendant ces 3 derniers millions d&apos; année avait la taille des Etats-Unis sans l&apos; Alaska , qui pendant ces 3 derniers millions d&apos; année avait la taille des Etats-Unis sans l&apos; Alaska , avait diminué de 40 % .
2026-05-13 17:58:23,471 - INFO - joeynmt.training - 	Hypothesis: L&apos; année dernière , j&apos; ai montré ces deux slides tests tellement que la glace arctique , qui pendant la plupart des trois millions d&apos; années ont été la taille de 48 dernières années ont été la taille de 40 pour cent .
2026-05-13 17:58:23,471 - INFO - joeynmt.training - Example #1
2026-05-13 17:58:23,471 - DEBUG - joeynmt.training - 	Tokenized source:     ['But', 'this', 'underst@@', 'ates', 'the', 'ser@@', 'i@@', 'ous@@', 'ness', 'of', 'this', 'partic@@', 'ul@@', 'ar', 'problem', 'because', 'it', 'doesn', '&apos;t', 'show', 'the', 'th@@', 'ick@@', 'ness', 'of', 'the', 'ice', '.']
2026-05-13 17:58:23,471 - DEBUG - joeynmt.training - 	Tokenized reference:  ['Mais', 'ceci', 'ten@@', 'd', 'à', 'a@@', 'mo@@', 'ind@@', 'rir', 'le', 'problème', 'parce', 'qu&apos;', 'on', 'ne', 'vo@@', 'it', 'pas', 'l&apos;', 'é@@', 'p@@', 'aiss@@', 'eur', 'de', 'la', 'gl@@', 'ace', '.']
2026-05-13 17:58:23,471 - DEBUG - joeynmt.training - 	Tokenized hypothesis: ['Mais', 'ce', 'qui', 'com@@', 'pr@@', 'end', 'la', 's@@', 'éri@@', 'e', 'de', 'ce', 'problème', 'parce', 'que', 'ça', 'ne', 'montr@@', 'ent', 'pas', 'la', 'pou@@', 'voir', 'de', 'la', 'gl@@', 'ace', '.', '</s>']
2026-05-13 17:58:23,471 - INFO - joeynmt.training - 	Source:     But this understates the seriousness of this particular problem because it doesn &apos;t show the thickness of the ice .
2026-05-13 17:58:23,471 - INFO - joeynmt.training - 	Reference:  Mais ceci tend à amoindrir le problème parce qu&apos; on ne voit pas l&apos; épaisseur de la glace .
2026-05-13 17:58:23,471 - INFO - joeynmt.training - 	Hypothesis: Mais ce qui comprend la série de ce problème parce que ça ne montrent pas la pouvoir de la glace .
2026-05-13 17:58:23,472 - INFO - joeynmt.training - Example #2
2026-05-13 17:58:23,472 - DEBUG - joeynmt.training - 	Tokenized source:     ['The', 'ar@@', 'c@@', 'tic', 'ice', 'c@@', 'a@@', 'p', 'is', ',', 'in', 'a', 'sense', ',', 'the', 'be@@', 'ating', 'he@@', 'art', 'of', 'the', 'glob@@', 'al', 'cli@@', 'm@@', 'ate', 'system', '.']
2026-05-13 17:58:23,472 - DEBUG - joeynmt.training - 	Tokenized reference:  ['On', 'peut', 'voir', 'la', 'cal@@', 'ot@@', 'te', 'gl@@', 'ac@@', 'ière', 'ar@@', 'c@@', 'tique', 'comme', 'le', 'co@@', 'eur', 'du', 'système', 'cli@@', 'ma@@', 'tique', 'glob@@', 'al', '.', 'On', 'peut', 'voir', 'la', 'cal@@', 'ot@@', 'te', 'gl@@', 'ac@@', 'ière', 'ar@@', 'c@@', 'tique', 'comme', 'le', 'co@@', 'eur', 'du', 'système', 'cli@@', 'ma@@', 'tique', 'glob@@', 'al', '.']
2026-05-13 17:58:23,472 - DEBUG - joeynmt.training - 	Tokenized hypothesis: ['Le', 'c@@', 'a@@', 'po@@', 'le', 'c@@', 'tique', 'est', ',', 'dans', 'un', 'sens', ',', 'le', 'co@@', 'eur', 'de', 'l&apos;', 'art', 'du', 'cli@@', 'm@@', 'at', 'mon@@', 'di@@', 'al', '.', '</s>']
2026-05-13 17:58:23,472 - INFO - joeynmt.training - 	Source:     The arctic ice cap is , in a sense , the beating heart of the global climate system .
2026-05-13 17:58:23,472 - INFO - joeynmt.training - 	Reference:  On peut voir la calotte glacière arctique comme le coeur du système climatique global . On peut voir la calotte glacière arctique comme le coeur du système climatique global .
2026-05-13 17:58:23,472 - INFO - joeynmt.training - 	Hypothesis: Le capole ctique est , dans un sens , le coeur de l&apos; art du climat mondial .
2026-05-13 17:58:23,472 - INFO - joeynmt.training - Example #3
2026-05-13 17:58:23,472 - DEBUG - joeynmt.training - 	Tokenized source:     ['It', 'exp@@', 'ands', 'in', 'w@@', 'int@@', 'er', 'and', 'contr@@', 'ac@@', 'ts', 'in', 'su@@', 'm@@', 'mer', '.']
2026-05-13 17:58:23,472 - DEBUG - joeynmt.training - 	Tokenized reference:  ['Elle', 's&apos;', 'ét@@', 'end', 'en', 'hi@@', 'ver', 'et', 'se', 'contr@@', 'ac@@', 'te', 'en', 'été', '.']
2026-05-13 17:58:23,472 - DEBUG - joeynmt.training - 	Tokenized hypothesis: ['Il', 's&apos;', 'att@@', 'end@@', 'ent', 'et', 'des', 'contr@@', 'ac@@', 'ts', 'en', 'su@@', 'm@@', 'm@@', 'm@@', 'm@@', 'm@@', 'mer', '.', '</s>']
2026-05-13 17:58:23,472 - INFO - joeynmt.training - 	Source:     It expands in winter and contracts in summer .
2026-05-13 17:58:23,472 - INFO - joeynmt.training - 	Reference:  Elle s&apos; étend en hiver et se contracte en été .
2026-05-13 17:58:23,472 - INFO - joeynmt.training - 	Hypothesis: Il s&apos; attendent et des contracts en summmmmmer .
2026-05-13 17:58:23,472 - INFO - joeynmt.training - Example #4
2026-05-13 17:58:23,472 - DEBUG - joeynmt.training - 	Tokenized source:     ['The', 'next', 's@@', 'li@@', 'de', 'I', 'show', 'you', 'will', 'be', 'a', 'rap@@', 'id', 'fas@@', 't-@@', 'for@@', 'w@@', 'ard', 'of', 'what', '&apos;s', 'happen@@', 'ed', 'over', 'the', 'last', '2@@', '5', 'years', '.']
2026-05-13 17:58:23,472 - DEBUG - joeynmt.training - 	Tokenized reference:  ['La', 'pro@@', 'ch@@', 'aine', 'di@@', 'apos@@', 'iti@@', 've', 'que', 'je', 'vais', 'vous', 'montrer', 'est', 'une', 'v@@', 'ue', 'en', 'acc@@', 'él@@', 'ér@@', 'é', 'de', 'ce', 'qui', 's&apos;', 'est', 'passé', 'ces', '2@@', '5', 'derni@@', 'ères', 'années', '.']
2026-05-13 17:58:23,472 - DEBUG - joeynmt.training - 	Tokenized hypothesis: ['La', 'pro@@', 'ch@@', 'aine', 'pro@@', 'ch@@', 'aine', 's@@', 'itu@@', 'de', 'que', 'vous', 'ser@@', 'ez', 'un', 'rap@@', 'ide', 'rap@@', 'ide', 'plus', 'rap@@', 'ide', 'de', 'ce', 'qui', 's&apos;', 'est', 'passé', 'sur', 'les', '2@@', '5', 'derni@@', 'ères', 'années', '.', '</s>']
2026-05-13 17:58:23,472 - INFO - joeynmt.training - 	Source:     The next slide I show you will be a rapid fast-forward of what &apos;s happened over the last 25 years .
2026-05-13 17:58:23,472 - INFO - joeynmt.training - 	Reference:  La prochaine diapositive que je vais vous montrer est une vue en accéléré de ce qui s&apos; est passé ces 25 dernières années .
2026-05-13 17:58:23,472 - INFO - joeynmt.training - 	Hypothesis: La prochaine prochaine situde que vous serez un rapide rapide plus rapide de ce qui s&apos; est passé sur les 25 dernières années .
2026-05-13 17:58:34,260 - INFO - joeynmt.training - Epoch   3, Step:    10600, Batch Loss:     1.268396, Batch Acc: 0.575095, Tokens per Sec:     7119, Lr: 0.000300
2026-05-13 17:58:45,059 - INFO - joeynmt.training - Epoch   3, Step:    10700, Batch Loss:     1.549670, Batch Acc: 0.580811, Tokens per Sec:     7292, Lr: 0.000300
2026-05-13 17:58:55,803 - INFO - joeynmt.training - Epoch   3, Step:    10800, Batch Loss:     1.606445, Batch Acc: 0.578986, Tokens per Sec:     7160, Lr: 0.000300
2026-05-13 17:59:06,490 - INFO - joeynmt.training - Epoch   3, Step:    10900, Batch Loss:     1.324258, Batch Acc: 0.578936, Tokens per Sec:     7544, Lr: 0.000300
2026-05-13 17:59:17,482 - INFO - joeynmt.training - Epoch   3, Step:    11000, Batch Loss:     1.475327, Batch Acc: 0.580193, Tokens per Sec:     7212, Lr: 0.000300
2026-05-13 17:59:17,483 - WARNING - joeynmt.helpers - `alpha` option is obsolete. Please use `beam_alpha`, instead.
2026-05-13 17:59:17,483 - INFO - joeynmt.prediction - Predicting 890 example(s)... (Greedy decoding with min_output_length=1, max_output_length=-1, return_prob='none', generate_unk=True, repetition_penalty=-1, no_repeat_ngram_size=-1)
2026-05-13 17:59:51,182 - INFO - joeynmt.prediction - Evaluation result (greedy) loss:   1.60, ppl:   4.98, acc:   0.54, generation: 33.6936[sec], evaluation: 0.0000[sec]
2026-05-13 17:59:51,182 - INFO - joeynmt.training - Hooray! New best validation result [ppl]!
2026-05-13 17:59:51,231 - INFO - joeynmt.helpers - delete models/bpe_2k/8500.ckpt
2026-05-13 17:59:51,234 - INFO - joeynmt.training - Example #0
2026-05-13 17:59:51,235 - DEBUG - joeynmt.training - 	Tokenized source:     ['L@@', 'ast', 'year', 'I', 'sho@@', 'w@@', 'ed', 'these', 'two', 's@@', 'li@@', 'des', 'so', 'that', 'dem@@', 'on@@', 'str@@', 'ate', 'that', 'the', 'ar@@', 'c@@', 'tic', 'ice', 'c@@', 'a@@', 'p', ',', 'which', 'for', 'most', 'of', 'the', 'last', 'three', 'million', 'years', 'has', 'been', 'the', 'si@@', 'ze', 'of', 'the', 'lo@@', 'wer', '4@@', '8', 'st@@', 'ates', ',', 'has', 'sh@@', 'r@@', 'un@@', 'k', 'by', '4@@', '0', 'percent', '.']
2026-05-13 17:59:51,235 - DEBUG - joeynmt.training - 	Tokenized reference:  ['L&apos;', 'année', 'derni@@', 'ère', ',', 'je', 'vous', 'ai', 'présent@@', 'é', 'ces', 'deux', 'di@@', 'apos@@', 'iti@@', 'ves', 'qui', 'montr@@', 'aient', 'que', 'la', 'cal@@', 'ot@@', 'te', 'gl@@', 'ac@@', 'ière', 'ar@@', 'c@@', 'tique', ',', 'qui', 'pendant', 'ces', '3', 'derni@@', 'ers', 'millions', 'd&apos;', 'année', 'avait', 'la', 't@@', 'ail@@', 'le', 'des', 'E@@', 'tat@@', 's-@@', 'Un@@', 'is', 'sans', 'l&apos;', 'Al@@', 'as@@', 'k@@', 'a', ',', 'qui', 'pendant', 'ces', '3', 'derni@@', 'ers', 'millions', 'd&apos;', 'année', 'avait', 'la', 't@@', 'ail@@', 'le', 'des', 'E@@', 'tat@@', 's-@@', 'Un@@', 'is', 'sans', 'l&apos;', 'Al@@', 'as@@', 'k@@', 'a', ',', 'avait', 'di@@', 'minu@@', 'é', 'de', '4@@', '0', '%', '.']
2026-05-13 17:59:51,235 - DEBUG - joeynmt.training - 	Tokenized hypothesis: ['L&apos;', 'année', 'derni@@', 'ère', ',', 'j&apos;', 'ai', 'montr@@', 'é', 'ces', 'deux', 'di@@', 'apos@@', 'iti@@', 'ves', 'pour', 'que', 'la', 'dé@@', 'mon@@', 'tre', 'que', 'l&apos;', 'ar@@', 'c@@', 'tique', 'de', 'la', 'plus', 'grande', 'partie', 'de', 'ces', 'trois', 'millions', 'd&apos;', 'années', 'a', 'été', 'la', 't@@', 'ail@@', 'le', 'de', 'la', 't@@', 'ail@@', 'le', 'de', 'la', 't@@', 'ail@@', 'le', 'plus', 'lo@@', 'in', 'de', '4@@', '0', '%', '.', '</s>']
2026-05-13 17:59:51,235 - INFO - joeynmt.training - 	Source:     Last year I showed these two slides so that demonstrate that the arctic ice cap , which for most of the last three million years has been the size of the lower 48 states , has shrunk by 40 percent .
2026-05-13 17:59:51,235 - INFO - joeynmt.training - 	Reference:  L&apos; année dernière , je vous ai présenté ces deux diapositives qui montraient que la calotte glacière arctique , qui pendant ces 3 derniers millions d&apos; année avait la taille des Etats-Unis sans l&apos; Alaska , qui pendant ces 3 derniers millions d&apos; année avait la taille des Etats-Unis sans l&apos; Alaska , avait diminué de 40 % .
2026-05-13 17:59:51,235 - INFO - joeynmt.training - 	Hypothesis: L&apos; année dernière , j&apos; ai montré ces deux diapositives pour que la démontre que l&apos; arctique de la plus grande partie de ces trois millions d&apos; années a été la taille de la taille de la taille plus loin de 40 % .
2026-05-13 17:59:51,235 - INFO - joeynmt.training - Example #1
2026-05-13 17:59:51,235 - DEBUG - joeynmt.training - 	Tokenized source:     ['But', 'this', 'underst@@', 'ates', 'the', 'ser@@', 'i@@', 'ous@@', 'ness', 'of', 'this', 'partic@@', 'ul@@', 'ar', 'problem', 'because', 'it', 'doesn', '&apos;t', 'show', 'the', 'th@@', 'ick@@', 'ness', 'of', 'the', 'ice', '.']
2026-05-13 17:59:51,235 - DEBUG - joeynmt.training - 	Tokenized reference:  ['Mais', 'ceci', 'ten@@', 'd', 'à', 'a@@', 'mo@@', 'ind@@', 'rir', 'le', 'problème', 'parce', 'qu&apos;', 'on', 'ne', 'vo@@', 'it', 'pas', 'l&apos;', 'é@@', 'p@@', 'aiss@@', 'eur', 'de', 'la', 'gl@@', 'ace', '.']
2026-05-13 17:59:51,235 - DEBUG - joeynmt.training - 	Tokenized hypothesis: ['Mais', 'cette', 'com@@', 'pré@@', 'pré@@', 'pré@@', 'sen@@', 'te', 'le', 'problème', 'particu@@', 'li@@', 'er', 'parce', 'que', 'ça', 'ne', 'montr@@', 'ent', 'pas', 'le', 'pou@@', 'voir', 'de', 'la', 'gl@@', 'ace', '.', '</s>']
2026-05-13 17:59:51,235 - INFO - joeynmt.training - 	Source:     But this understates the seriousness of this particular problem because it doesn &apos;t show the thickness of the ice .
2026-05-13 17:59:51,235 - INFO - joeynmt.training - 	Reference:  Mais ceci tend à amoindrir le problème parce qu&apos; on ne voit pas l&apos; épaisseur de la glace .
2026-05-13 17:59:51,235 - INFO - joeynmt.training - 	Hypothesis: Mais cette comprépréprésente le problème particulier parce que ça ne montrent pas le pouvoir de la glace .
2026-05-13 17:59:51,235 - INFO - joeynmt.training - Example #2
2026-05-13 17:59:51,235 - DEBUG - joeynmt.training - 	Tokenized source:     ['The', 'ar@@', 'c@@', 'tic', 'ice', 'c@@', 'a@@', 'p', 'is', ',', 'in', 'a', 'sense', ',', 'the', 'be@@', 'ating', 'he@@', 'art', 'of', 'the', 'glob@@', 'al', 'cli@@', 'm@@', 'ate', 'system', '.']
2026-05-13 17:59:51,235 - DEBUG - joeynmt.training - 	Tokenized reference:  ['On', 'peut', 'voir', 'la', 'cal@@', 'ot@@', 'te', 'gl@@', 'ac@@', 'ière', 'ar@@', 'c@@', 'tique', 'comme', 'le', 'co@@', 'eur', 'du', 'système', 'cli@@', 'ma@@', 'tique', 'glob@@', 'al', '.', 'On', 'peut', 'voir', 'la', 'cal@@', 'ot@@', 'te', 'gl@@', 'ac@@', 'ière', 'ar@@', 'c@@', 'tique', 'comme', 'le', 'co@@', 'eur', 'du', 'système', 'cli@@', 'ma@@', 'tique', 'glob@@', 'al', '.']
2026-05-13 17:59:51,235 - DEBUG - joeynmt.training - 	Tokenized hypothesis: ['Le', 'c@@', 'â@@', 'ble', 'de', 'la', 'gl@@', 'ace', 'est', ',', 'dans', 'un', 'sens', ',', 'le', 'système', 'de', 'l&apos;', 'co@@', 'eur', 'du', 'cli@@', 'm@@', 'at', 'mon@@', 'di@@', 'al', '.', '</s>']
2026-05-13 17:59:51,235 - INFO - joeynmt.training - 	Source:     The arctic ice cap is , in a sense , the beating heart of the global climate system .
2026-05-13 17:59:51,235 - INFO - joeynmt.training - 	Reference:  On peut voir la calotte glacière arctique comme le coeur du système climatique global . On peut voir la calotte glacière arctique comme le coeur du système climatique global .
2026-05-13 17:59:51,235 - INFO - joeynmt.training - 	Hypothesis: Le câble de la glace est , dans un sens , le système de l&apos; coeur du climat mondial .
2026-05-13 17:59:51,235 - INFO - joeynmt.training - Example #3
2026-05-13 17:59:51,235 - DEBUG - joeynmt.training - 	Tokenized source:     ['It', 'exp@@', 'ands', 'in', 'w@@', 'int@@', 'er', 'and', 'contr@@', 'ac@@', 'ts', 'in', 'su@@', 'm@@', 'mer', '.']
2026-05-13 17:59:51,235 - DEBUG - joeynmt.training - 	Tokenized reference:  ['Elle', 's&apos;', 'ét@@', 'end', 'en', 'hi@@', 'ver', 'et', 'se', 'contr@@', 'ac@@', 'te', 'en', 'été', '.']
2026-05-13 17:59:51,235 - DEBUG - joeynmt.training - 	Tokenized hypothesis: ['Cela', 's&apos;', 'att@@', 'att@@', 'end@@', 'ent', 'à', 'la', 'g@@', 'ag@@', 'n@@', 'ent', 'et', 'contr@@', 'ac@@', 'ts', 'dans', 'le', 'su@@', 'm@@', 'm@@', 'm@@', 'mer', '.', '</s>']
2026-05-13 17:59:51,235 - INFO - joeynmt.training - 	Source:     It expands in winter and contracts in summer .
2026-05-13 17:59:51,235 - INFO - joeynmt.training - 	Reference:  Elle s&apos; étend en hiver et se contracte en été .
2026-05-13 17:59:51,236 - INFO - joeynmt.training - 	Hypothesis: Cela s&apos; attattendent à la gagnent et contracts dans le summmmer .
2026-05-13 17:59:51,236 - INFO - joeynmt.training - Example #4
2026-05-13 17:59:51,236 - DEBUG - joeynmt.training - 	Tokenized source:     ['The', 'next', 's@@', 'li@@', 'de', 'I', 'show', 'you', 'will', 'be', 'a', 'rap@@', 'id', 'fas@@', 't-@@', 'for@@', 'w@@', 'ard', 'of', 'what', '&apos;s', 'happen@@', 'ed', 'over', 'the', 'last', '2@@', '5', 'years', '.']
2026-05-13 17:59:51,236 - DEBUG - joeynmt.training - 	Tokenized reference:  ['La', 'pro@@', 'ch@@', 'aine', 'di@@', 'apos@@', 'iti@@', 've', 'que', 'je', 'vais', 'vous', 'montrer', 'est', 'une', 'v@@', 'ue', 'en', 'acc@@', 'él@@', 'ér@@', 'é', 'de', 'ce', 'qui', 's&apos;', 'est', 'passé', 'ces', '2@@', '5', 'derni@@', 'ères', 'années', '.']
2026-05-13 17:59:51,236 - DEBUG - joeynmt.training - 	Tokenized hypothesis: ['La', 'pro@@', 'ch@@', 'aine', 'di@@', 'apos@@', 'iti@@', 've', 'que', 'je', 'vous', 'mon@@', 'tre', 'un', 'rap@@', 'ide', 'rap@@', 'ide', 'de', 'ce', 'qui', 's&apos;', 'est', 'passé', 'depuis', '2@@', '5', 'ans', '.', '</s>']
2026-05-13 17:59:51,236 - INFO - joeynmt.training - 	Source:     The next slide I show you will be a rapid fast-forward of what &apos;s happened over the last 25 years .
2026-05-13 17:59:51,236 - INFO - joeynmt.training - 	Reference:  La prochaine diapositive que je vais vous montrer est une vue en accéléré de ce qui s&apos; est passé ces 25 dernières années .
2026-05-13 17:59:51,236 - INFO - joeynmt.training - 	Hypothesis: La prochaine diapositive que je vous montre un rapide rapide de ce qui s&apos; est passé depuis 25 ans .
2026-05-13 18:00:02,284 - INFO - joeynmt.training - Epoch   3, Step:    11100, Batch Loss:     1.386384, Batch Acc: 0.582744, Tokens per Sec:     7043, Lr: 0.000300
2026-05-13 18:00:12,622 - INFO - joeynmt.training - Epoch   3, Step:    11200, Batch Loss:     1.369059, Batch Acc: 0.587930, Tokens per Sec:     7675, Lr: 0.000300
2026-05-13 18:00:23,290 - INFO - joeynmt.training - Epoch   3, Step:    11300, Batch Loss:     1.317543, Batch Acc: 0.584034, Tokens per Sec:     7142, Lr: 0.000300
2026-05-13 18:00:34,008 - INFO - joeynmt.training - Epoch   3, Step:    11400, Batch Loss:     1.495586, Batch Acc: 0.582440, Tokens per Sec:     7379, Lr: 0.000300
2026-05-13 18:00:44,676 - INFO - joeynmt.training - Epoch   3, Step:    11500, Batch Loss:     1.547353, Batch Acc: 0.581511, Tokens per Sec:     7502, Lr: 0.000300
2026-05-13 18:00:44,676 - WARNING - joeynmt.helpers - `alpha` option is obsolete. Please use `beam_alpha`, instead.
2026-05-13 18:00:44,676 - INFO - joeynmt.prediction - Predicting 890 example(s)... (Greedy decoding with min_output_length=1, max_output_length=-1, return_prob='none', generate_unk=True, repetition_penalty=-1, no_repeat_ngram_size=-1)
2026-05-13 18:01:16,436 - INFO - joeynmt.prediction - Evaluation result (greedy) loss:   1.60, ppl:   4.96, acc:   0.54, generation: 31.7554[sec], evaluation: 0.0000[sec]
2026-05-13 18:01:16,437 - INFO - joeynmt.training - Hooray! New best validation result [ppl]!
2026-05-13 18:01:16,488 - INFO - joeynmt.helpers - delete models/bpe_2k/9000.ckpt
2026-05-13 18:01:16,488 - INFO - joeynmt.training - Example #0
2026-05-13 18:01:16,488 - DEBUG - joeynmt.training - 	Tokenized source:     ['L@@', 'ast', 'year', 'I', 'sho@@', 'w@@', 'ed', 'these', 'two', 's@@', 'li@@', 'des', 'so', 'that', 'dem@@', 'on@@', 'str@@', 'ate', 'that', 'the', 'ar@@', 'c@@', 'tic', 'ice', 'c@@', 'a@@', 'p', ',', 'which', 'for', 'most', 'of', 'the', 'last', 'three', 'million', 'years', 'has', 'been', 'the', 'si@@', 'ze', 'of', 'the', 'lo@@', 'wer', '4@@', '8', 'st@@', 'ates', ',', 'has', 'sh@@', 'r@@', 'un@@', 'k', 'by', '4@@', '0', 'percent', '.']
2026-05-13 18:01:16,488 - DEBUG - joeynmt.training - 	Tokenized reference:  ['L&apos;', 'année', 'derni@@', 'ère', ',', 'je', 'vous', 'ai', 'présent@@', 'é', 'ces', 'deux', 'di@@', 'apos@@', 'iti@@', 'ves', 'qui', 'montr@@', 'aient', 'que', 'la', 'cal@@', 'ot@@', 'te', 'gl@@', 'ac@@', 'ière', 'ar@@', 'c@@', 'tique', ',', 'qui', 'pendant', 'ces', '3', 'derni@@', 'ers', 'millions', 'd&apos;', 'année', 'avait', 'la', 't@@', 'ail@@', 'le', 'des', 'E@@', 'tat@@', 's-@@', 'Un@@', 'is', 'sans', 'l&apos;', 'Al@@', 'as@@', 'k@@', 'a', ',', 'qui', 'pendant', 'ces', '3', 'derni@@', 'ers', 'millions', 'd&apos;', 'année', 'avait', 'la', 't@@', 'ail@@', 'le', 'des', 'E@@', 'tat@@', 's-@@', 'Un@@', 'is', 'sans', 'l&apos;', 'Al@@', 'as@@', 'k@@', 'a', ',', 'avait', 'di@@', 'minu@@', 'é', 'de', '4@@', '0', '%', '.']
2026-05-13 18:01:16,488 - DEBUG - joeynmt.training - 	Tokenized hypothesis: ['L&apos;', 'année', 'derni@@', 'ère', ',', 'j&apos;', 'ai', 'montr@@', 'é', 'ces', 'deux', 'deux', 's@@', 'li@@', 'des', 'de', 't@@', 'ellement', 'que', 'la', 'gl@@', 'ace', 'ar@@', 'c@@', 'tique', ',', 'qui', 'pour', 'la', 'plu@@', 'part', 'des', 'trois', 'millions', 'd&apos;', 'années', 'ont', 'été', 'été', 'la', 't@@', 'ail@@', 'le', 'de', 'la', 't@@', 'ail@@', 'le', 'de', 'la', 't@@', 'ail@@', 'le', 'de', '4@@', '0', 'pour', 'cent', '.', '</s>']
2026-05-13 18:01:16,489 - INFO - joeynmt.training - 	Source:     Last year I showed these two slides so that demonstrate that the arctic ice cap , which for most of the last three million years has been the size of the lower 48 states , has shrunk by 40 percent .
2026-05-13 18:01:16,489 - INFO - joeynmt.training - 	Reference:  L&apos; année dernière , je vous ai présenté ces deux diapositives qui montraient que la calotte glacière arctique , qui pendant ces 3 derniers millions d&apos; année avait la taille des Etats-Unis sans l&apos; Alaska , qui pendant ces 3 derniers millions d&apos; année avait la taille des Etats-Unis sans l&apos; Alaska , avait diminué de 40 % .
2026-05-13 18:01:16,489 - INFO - joeynmt.training - 	Hypothesis: L&apos; année dernière , j&apos; ai montré ces deux deux slides de tellement que la glace arctique , qui pour la plupart des trois millions d&apos; années ont été été la taille de la taille de la taille de 40 pour cent .
2026-05-13 18:01:16,489 - INFO - joeynmt.training - Example #1
2026-05-13 18:01:16,489 - DEBUG - joeynmt.training - 	Tokenized source:     ['But', 'this', 'underst@@', 'ates', 'the', 'ser@@', 'i@@', 'ous@@', 'ness', 'of', 'this', 'partic@@', 'ul@@', 'ar', 'problem', 'because', 'it', 'doesn', '&apos;t', 'show', 'the', 'th@@', 'ick@@', 'ness', 'of', 'the', 'ice', '.']
2026-05-13 18:01:16,489 - DEBUG - joeynmt.training - 	Tokenized reference:  ['Mais', 'ceci', 'ten@@', 'd', 'à', 'a@@', 'mo@@', 'ind@@', 'rir', 'le', 'problème', 'parce', 'qu&apos;', 'on', 'ne', 'vo@@', 'it', 'pas', 'l&apos;', 'é@@', 'p@@', 'aiss@@', 'eur', 'de', 'la', 'gl@@', 'ace', '.']
2026-05-13 18:01:16,489 - DEBUG - joeynmt.training - 	Tokenized hypothesis: ['Mais', 'cela', 'com@@', 'pr@@', 'end', 'la', 's@@', 'éri@@', 'eu@@', 'se', 'de', 'ce', 'problème', 'particu@@', 'li@@', 'er', 'parce', 'que', 'ça', 'ne', 'montrer', 'le', 'pou@@', 'voir', '.', '</s>']
2026-05-13 18:01:16,489 - INFO - joeynmt.training - 	Source:     But this understates the seriousness of this particular problem because it doesn &apos;t show the thickness of the ice .
2026-05-13 18:01:16,489 - INFO - joeynmt.training - 	Reference:  Mais ceci tend à amoindrir le problème parce qu&apos; on ne voit pas l&apos; épaisseur de la glace .
2026-05-13 18:01:16,489 - INFO - joeynmt.training - 	Hypothesis: Mais cela comprend la sérieuse de ce problème particulier parce que ça ne montrer le pouvoir .
2026-05-13 18:01:16,489 - INFO - joeynmt.training - Example #2
2026-05-13 18:01:16,489 - DEBUG - joeynmt.training - 	Tokenized source:     ['The', 'ar@@', 'c@@', 'tic', 'ice', 'c@@', 'a@@', 'p', 'is', ',', 'in', 'a', 'sense', ',', 'the', 'be@@', 'ating', 'he@@', 'art', 'of', 'the', 'glob@@', 'al', 'cli@@', 'm@@', 'ate', 'system', '.']
2026-05-13 18:01:16,489 - DEBUG - joeynmt.training - 	Tokenized reference:  ['On', 'peut', 'voir', 'la', 'cal@@', 'ot@@', 'te', 'gl@@', 'ac@@', 'ière', 'ar@@', 'c@@', 'tique', 'comme', 'le', 'co@@', 'eur', 'du', 'système', 'cli@@', 'ma@@', 'tique', 'glob@@', 'al', '.', 'On', 'peut', 'voir', 'la', 'cal@@', 'ot@@', 'te', 'gl@@', 'ac@@', 'ière', 'ar@@', 'c@@', 'tique', 'comme', 'le', 'co@@', 'eur', 'du', 'système', 'cli@@', 'ma@@', 'tique', 'glob@@', 'al', '.']
2026-05-13 18:01:16,489 - DEBUG - joeynmt.training - 	Tokenized hypothesis: ['Le', 'c@@', 'a@@', 'p', 'ar@@', 'c@@', 'tique', 'est', ',', 'dans', 'un', 'sens', ',', 'le', 'c@@', 'œ@@', 'u@@', 'r', 'du', 'système', 'cli@@', 'm@@', 'at', 'mon@@', 'di@@', 'al', '.', '</s>']
2026-05-13 18:01:16,489 - INFO - joeynmt.training - 	Source:     The arctic ice cap is , in a sense , the beating heart of the global climate system .
2026-05-13 18:01:16,489 - INFO - joeynmt.training - 	Reference:  On peut voir la calotte glacière arctique comme le coeur du système climatique global . On peut voir la calotte glacière arctique comme le coeur du système climatique global .
2026-05-13 18:01:16,489 - INFO - joeynmt.training - 	Hypothesis: Le cap arctique est , dans un sens , le cœur du système climat mondial .
2026-05-13 18:01:16,489 - INFO - joeynmt.training - Example #3
2026-05-13 18:01:16,489 - DEBUG - joeynmt.training - 	Tokenized source:     ['It', 'exp@@', 'ands', 'in', 'w@@', 'int@@', 'er', 'and', 'contr@@', 'ac@@', 'ts', 'in', 'su@@', 'm@@', 'mer', '.']
2026-05-13 18:01:16,489 - DEBUG - joeynmt.training - 	Tokenized reference:  ['Elle', 's&apos;', 'ét@@', 'end', 'en', 'hi@@', 'ver', 'et', 'se', 'contr@@', 'ac@@', 'te', 'en', 'été', '.']
2026-05-13 18:01:16,489 - DEBUG - joeynmt.training - 	Tokenized hypothesis: ['Il', 's&apos;', 'att@@', 'end@@', 'ent', 'en', 'plus', 'en', 'plus', 'en', 'su@@', 'm@@', 'm@@', 'm@@', 'mer', '.', '</s>']
2026-05-13 18:01:16,489 - INFO - joeynmt.training - 	Source:     It expands in winter and contracts in summer .
2026-05-13 18:01:16,489 - INFO - joeynmt.training - 	Reference:  Elle s&apos; étend en hiver et se contracte en été .
2026-05-13 18:01:16,489 - INFO - joeynmt.training - 	Hypothesis: Il s&apos; attendent en plus en plus en summmmer .
2026-05-13 18:01:16,489 - INFO - joeynmt.training - Example #4
2026-05-13 18:01:16,489 - DEBUG - joeynmt.training - 	Tokenized source:     ['The', 'next', 's@@', 'li@@', 'de', 'I', 'show', 'you', 'will', 'be', 'a', 'rap@@', 'id', 'fas@@', 't-@@', 'for@@', 'w@@', 'ard', 'of', 'what', '&apos;s', 'happen@@', 'ed', 'over', 'the', 'last', '2@@', '5', 'years', '.']
2026-05-13 18:01:16,490 - DEBUG - joeynmt.training - 	Tokenized reference:  ['La', 'pro@@', 'ch@@', 'aine', 'di@@', 'apos@@', 'iti@@', 've', 'que', 'je', 'vais', 'vous', 'montrer', 'est', 'une', 'v@@', 'ue', 'en', 'acc@@', 'él@@', 'ér@@', 'é', 'de', 'ce', 'qui', 's&apos;', 'est', 'passé', 'ces', '2@@', '5', 'derni@@', 'ères', 'années', '.']
2026-05-13 18:01:16,490 - DEBUG - joeynmt.training - 	Tokenized hypothesis: ['La', 'pro@@', 'ch@@', 'aine', 's@@', 'li@@', 'de', 'que', 'je', 'vous', 'montrer', 'ser@@', 'a', 'un', 'rap@@', 'ide', 'rap@@', 'ide', 'de', 'ce', 'qui', 's&apos;', 'est', 'passé', 'pendant', 'les', '2@@', '5', 'derni@@', 'ères', 'années', '.', '</s>']
2026-05-13 18:01:16,490 - INFO - joeynmt.training - 	Source:     The next slide I show you will be a rapid fast-forward of what &apos;s happened over the last 25 years .
2026-05-13 18:01:16,490 - INFO - joeynmt.training - 	Reference:  La prochaine diapositive que je vais vous montrer est une vue en accéléré de ce qui s&apos; est passé ces 25 dernières années .
2026-05-13 18:01:16,490 - INFO - joeynmt.training - 	Hypothesis: La prochaine slide que je vous montrer sera un rapide rapide de ce qui s&apos; est passé pendant les 25 dernières années .
2026-05-13 18:01:27,471 - INFO - joeynmt.training - Epoch   3, Step:    11600, Batch Loss:     1.540986, Batch Acc: 0.579676, Tokens per Sec:     7292, Lr: 0.000300
2026-05-13 18:01:38,288 - INFO - joeynmt.training - Epoch   3, Step:    11700, Batch Loss:     1.289404, Batch Acc: 0.588164, Tokens per Sec:     7262, Lr: 0.000300
2026-05-13 18:01:49,091 - INFO - joeynmt.training - Epoch   3, Step:    11800, Batch Loss:     1.518194, Batch Acc: 0.582140, Tokens per Sec:     7027, Lr: 0.000300
2026-05-13 18:01:59,819 - INFO - joeynmt.training - Epoch   3, Step:    11900, Batch Loss:     1.504630, Batch Acc: 0.584956, Tokens per Sec:     7470, Lr: 0.000300
2026-05-13 18:02:10,702 - INFO - joeynmt.training - Epoch   3, Step:    12000, Batch Loss:     1.351091, Batch Acc: 0.584577, Tokens per Sec:     7415, Lr: 0.000300
2026-05-13 18:02:10,702 - WARNING - joeynmt.helpers - `alpha` option is obsolete. Please use `beam_alpha`, instead.
2026-05-13 18:02:10,702 - INFO - joeynmt.prediction - Predicting 890 example(s)... (Greedy decoding with min_output_length=1, max_output_length=-1, return_prob='none', generate_unk=True, repetition_penalty=-1, no_repeat_ngram_size=-1)
2026-05-13 18:02:46,568 - INFO - joeynmt.prediction - Evaluation result (greedy) loss:   1.58, ppl:   4.87, acc:   0.54, generation: 35.8610[sec], evaluation: 0.0000[sec]
2026-05-13 18:02:46,569 - INFO - joeynmt.training - Hooray! New best validation result [ppl]!
2026-05-13 18:02:46,618 - INFO - joeynmt.helpers - delete models/bpe_2k/9500.ckpt
2026-05-13 18:02:46,622 - INFO - joeynmt.training - Example #0
2026-05-13 18:02:46,622 - DEBUG - joeynmt.training - 	Tokenized source:     ['L@@', 'ast', 'year', 'I', 'sho@@', 'w@@', 'ed', 'these', 'two', 's@@', 'li@@', 'des', 'so', 'that', 'dem@@', 'on@@', 'str@@', 'ate', 'that', 'the', 'ar@@', 'c@@', 'tic', 'ice', 'c@@', 'a@@', 'p', ',', 'which', 'for', 'most', 'of', 'the', 'last', 'three', 'million', 'years', 'has', 'been', 'the', 'si@@', 'ze', 'of', 'the', 'lo@@', 'wer', '4@@', '8', 'st@@', 'ates', ',', 'has', 'sh@@', 'r@@', 'un@@', 'k', 'by', '4@@', '0', 'percent', '.']
2026-05-13 18:02:46,622 - DEBUG - joeynmt.training - 	Tokenized reference:  ['L&apos;', 'année', 'derni@@', 'ère', ',', 'je', 'vous', 'ai', 'présent@@', 'é', 'ces', 'deux', 'di@@', 'apos@@', 'iti@@', 'ves', 'qui', 'montr@@', 'aient', 'que', 'la', 'cal@@', 'ot@@', 'te', 'gl@@', 'ac@@', 'ière', 'ar@@', 'c@@', 'tique', ',', 'qui', 'pendant', 'ces', '3', 'derni@@', 'ers', 'millions', 'd&apos;', 'année', 'avait', 'la', 't@@', 'ail@@', 'le', 'des', 'E@@', 'tat@@', 's-@@', 'Un@@', 'is', 'sans', 'l&apos;', 'Al@@', 'as@@', 'k@@', 'a', ',', 'qui', 'pendant', 'ces', '3', 'derni@@', 'ers', 'millions', 'd&apos;', 'année', 'avait', 'la', 't@@', 'ail@@', 'le', 'des', 'E@@', 'tat@@', 's-@@', 'Un@@', 'is', 'sans', 'l&apos;', 'Al@@', 'as@@', 'k@@', 'a', ',', 'avait', 'di@@', 'minu@@', 'é', 'de', '4@@', '0', '%', '.']
2026-05-13 18:02:46,622 - DEBUG - joeynmt.training - 	Tokenized hypothesis: ['L&apos;', 'année', 'derni@@', 'ère', ',', 'j&apos;', 'ai', 'montr@@', 'é', 'ces', 'deux', 's@@', 'li@@', 'des', 't@@', 'elles', 'qui', 'dé@@', 'mon@@', 'tre', 'que', 'la', 'gl@@', 'ace', 'ar@@', 'c@@', 'tique', ',', 'qui', 'pendant', 'la', 'plu@@', 'part', 'des', 'trois', 'millions', 'd&apos;', 'années', 'ont', 'été', 'la', 't@@', 'ail@@', 'le', 'de', 'la', 'plus', 'lo@@', 'wer', ',', 'a', 'été', 'la', 't@@', 'ail@@', 'le', 'de', '4@@', '0', '%', '.', '</s>']
2026-05-13 18:02:46,622 - INFO - joeynmt.training - 	Source:     Last year I showed these two slides so that demonstrate that the arctic ice cap , which for most of the last three million years has been the size of the lower 48 states , has shrunk by 40 percent .
2026-05-13 18:02:46,622 - INFO - joeynmt.training - 	Reference:  L&apos; année dernière , je vous ai présenté ces deux diapositives qui montraient que la calotte glacière arctique , qui pendant ces 3 derniers millions d&apos; année avait la taille des Etats-Unis sans l&apos; Alaska , qui pendant ces 3 derniers millions d&apos; année avait la taille des Etats-Unis sans l&apos; Alaska , avait diminué de 40 % .
2026-05-13 18:02:46,622 - INFO - joeynmt.training - 	Hypothesis: L&apos; année dernière , j&apos; ai montré ces deux slides telles qui démontre que la glace arctique , qui pendant la plupart des trois millions d&apos; années ont été la taille de la plus lower , a été la taille de 40 % .
2026-05-13 18:02:46,622 - INFO - joeynmt.training - Example #1
2026-05-13 18:02:46,622 - DEBUG - joeynmt.training - 	Tokenized source:     ['But', 'this', 'underst@@', 'ates', 'the', 'ser@@', 'i@@', 'ous@@', 'ness', 'of', 'this', 'partic@@', 'ul@@', 'ar', 'problem', 'because', 'it', 'doesn', '&apos;t', 'show', 'the', 'th@@', 'ick@@', 'ness', 'of', 'the', 'ice', '.']
2026-05-13 18:02:46,622 - DEBUG - joeynmt.training - 	Tokenized reference:  ['Mais', 'ceci', 'ten@@', 'd', 'à', 'a@@', 'mo@@', 'ind@@', 'rir', 'le', 'problème', 'parce', 'qu&apos;', 'on', 'ne', 'vo@@', 'it', 'pas', 'l&apos;', 'é@@', 'p@@', 'aiss@@', 'eur', 'de', 'la', 'gl@@', 'ace', '.']
2026-05-13 18:02:46,622 - DEBUG - joeynmt.training - 	Tokenized hypothesis: ['Mais', 'cette', 'com@@', 'pren@@', 'ante', 'com@@', 'pris', 'le', 'problème', 'parce', 'qu&apos;', 'il', 'ne', 'montrer', 'pas', 'le', 'problème', 'parce', 'que', 'ça', 'ne', 'montrer', 'pas', 'la', 'gl@@', 'ace', '.', '</s>']
2026-05-13 18:02:46,622 - INFO - joeynmt.training - 	Source:     But this understates the seriousness of this particular problem because it doesn &apos;t show the thickness of the ice .
2026-05-13 18:02:46,622 - INFO - joeynmt.training - 	Reference:  Mais ceci tend à amoindrir le problème parce qu&apos; on ne voit pas l&apos; épaisseur de la glace .
2026-05-13 18:02:46,622 - INFO - joeynmt.training - 	Hypothesis: Mais cette comprenante compris le problème parce qu&apos; il ne montrer pas le problème parce que ça ne montrer pas la glace .
2026-05-13 18:02:46,622 - INFO - joeynmt.training - Example #2
2026-05-13 18:02:46,622 - DEBUG - joeynmt.training - 	Tokenized source:     ['The', 'ar@@', 'c@@', 'tic', 'ice', 'c@@', 'a@@', 'p', 'is', ',', 'in', 'a', 'sense', ',', 'the', 'be@@', 'ating', 'he@@', 'art', 'of', 'the', 'glob@@', 'al', 'cli@@', 'm@@', 'ate', 'system', '.']
2026-05-13 18:02:46,622 - DEBUG - joeynmt.training - 	Tokenized reference:  ['On', 'peut', 'voir', 'la', 'cal@@', 'ot@@', 'te', 'gl@@', 'ac@@', 'ière', 'ar@@', 'c@@', 'tique', 'comme', 'le', 'co@@', 'eur', 'du', 'système', 'cli@@', 'ma@@', 'tique', 'glob@@', 'al', '.', 'On', 'peut', 'voir', 'la', 'cal@@', 'ot@@', 'te', 'gl@@', 'ac@@', 'ière', 'ar@@', 'c@@', 'tique', 'comme', 'le', 'co@@', 'eur', 'du', 'système', 'cli@@', 'ma@@', 'tique', 'glob@@', 'al', '.']
2026-05-13 18:02:46,622 - DEBUG - joeynmt.training - 	Tokenized hypothesis: ['Le', 'c@@', 'a@@', 'p', 'est', ',', 'dans', 'un', 'sens', ',', 'le', 'co@@', 'eur', ',', 'le', 'co@@', 'eur', 'du', 'système', 'de', 'cli@@', 'ma@@', 'tique', '.', '</s>']
2026-05-13 18:02:46,622 - INFO - joeynmt.training - 	Source:     The arctic ice cap is , in a sense , the beating heart of the global climate system .
2026-05-13 18:02:46,622 - INFO - joeynmt.training - 	Reference:  On peut voir la calotte glacière arctique comme le coeur du système climatique global . On peut voir la calotte glacière arctique comme le coeur du système climatique global .
2026-05-13 18:02:46,623 - INFO - joeynmt.training - 	Hypothesis: Le cap est , dans un sens , le coeur , le coeur du système de climatique .
2026-05-13 18:02:46,623 - INFO - joeynmt.training - Example #3
2026-05-13 18:02:46,623 - DEBUG - joeynmt.training - 	Tokenized source:     ['It', 'exp@@', 'ands', 'in', 'w@@', 'int@@', 'er', 'and', 'contr@@', 'ac@@', 'ts', 'in', 'su@@', 'm@@', 'mer', '.']
2026-05-13 18:02:46,623 - DEBUG - joeynmt.training - 	Tokenized reference:  ['Elle', 's&apos;', 'ét@@', 'end', 'en', 'hi@@', 'ver', 'et', 'se', 'contr@@', 'ac@@', 'te', 'en', 'été', '.']
2026-05-13 18:02:46,623 - DEBUG - joeynmt.training - 	Tokenized hypothesis: ['Il', 's&apos;', 'att@@', 'end@@', 'r@@', 'end@@', 'ent', 'dans', 'l&apos;', 'été', 'de', 'l&apos;', 'été', '.', '</s>']
2026-05-13 18:02:46,623 - INFO - joeynmt.training - 	Source:     It expands in winter and contracts in summer .
2026-05-13 18:02:46,623 - INFO - joeynmt.training - 	Reference:  Elle s&apos; étend en hiver et se contracte en été .
2026-05-13 18:02:46,623 - INFO - joeynmt.training - 	Hypothesis: Il s&apos; attendrendent dans l&apos; été de l&apos; été .
2026-05-13 18:02:46,623 - INFO - joeynmt.training - Example #4
2026-05-13 18:02:46,623 - DEBUG - joeynmt.training - 	Tokenized source:     ['The', 'next', 's@@', 'li@@', 'de', 'I', 'show', 'you', 'will', 'be', 'a', 'rap@@', 'id', 'fas@@', 't-@@', 'for@@', 'w@@', 'ard', 'of', 'what', '&apos;s', 'happen@@', 'ed', 'over', 'the', 'last', '2@@', '5', 'years', '.']
2026-05-13 18:02:46,623 - DEBUG - joeynmt.training - 	Tokenized reference:  ['La', 'pro@@', 'ch@@', 'aine', 'di@@', 'apos@@', 'iti@@', 've', 'que', 'je', 'vais', 'vous', 'montrer', 'est', 'une', 'v@@', 'ue', 'en', 'acc@@', 'él@@', 'ér@@', 'é', 'de', 'ce', 'qui', 's&apos;', 'est', 'passé', 'ces', '2@@', '5', 'derni@@', 'ères', 'années', '.']
2026-05-13 18:02:46,623 - DEBUG - joeynmt.training - 	Tokenized hypothesis: ['Le', 's@@', 'li@@', 'de', 'que', 'je', 'vous', 'mon@@', 'tre', 'que', 'vous', 'ser@@', 'ez', 'un', 'rap@@', 'ide', 'rap@@', 'ide', 'de', 'ce', 'qui', 'est', 'arriv@@', 'é', 'au', 'cours', 'des', '2@@', '5', 'derni@@', 'ères', 'années', '.', '</s>']
2026-05-13 18:02:46,623 - INFO - joeynmt.training - 	Source:     The next slide I show you will be a rapid fast-forward of what &apos;s happened over the last 25 years .
2026-05-13 18:02:46,623 - INFO - joeynmt.training - 	Reference:  La prochaine diapositive que je vais vous montrer est une vue en accéléré de ce qui s&apos; est passé ces 25 dernières années .
2026-05-13 18:02:46,623 - INFO - joeynmt.training - 	Hypothesis: Le slide que je vous montre que vous serez un rapide rapide de ce qui est arrivé au cours des 25 dernières années .
2026-05-13 18:02:57,283 - INFO - joeynmt.training - Epoch   3, Step:    12100, Batch Loss:     1.398645, Batch Acc: 0.585309, Tokens per Sec:     7256, Lr: 0.000300
2026-05-13 18:03:07,946 - INFO - joeynmt.training - Epoch   3, Step:    12200, Batch Loss:     1.327189, Batch Acc: 0.581106, Tokens per Sec:     7300, Lr: 0.000300
2026-05-13 18:03:18,402 - INFO - joeynmt.training - Epoch   3, Step:    12300, Batch Loss:     1.333440, Batch Acc: 0.586903, Tokens per Sec:     7485, Lr: 0.000300
2026-05-13 18:03:29,140 - INFO - joeynmt.training - Epoch   3, Step:    12400, Batch Loss:     1.440452, Batch Acc: 0.588794, Tokens per Sec:     7177, Lr: 0.000300
2026-05-13 18:03:39,868 - INFO - joeynmt.training - Epoch   3, Step:    12500, Batch Loss:     1.445408, Batch Acc: 0.585309, Tokens per Sec:     7231, Lr: 0.000300
2026-05-13 18:03:39,868 - WARNING - joeynmt.helpers - `alpha` option is obsolete. Please use `beam_alpha`, instead.
2026-05-13 18:03:39,868 - INFO - joeynmt.prediction - Predicting 890 example(s)... (Greedy decoding with min_output_length=1, max_output_length=-1, return_prob='none', generate_unk=True, repetition_penalty=-1, no_repeat_ngram_size=-1)
2026-05-13 18:04:15,003 - INFO - joeynmt.prediction - Evaluation result (greedy) loss:   1.58, ppl:   4.84, acc:   0.55, generation: 35.1294[sec], evaluation: 0.0000[sec]
2026-05-13 18:04:15,003 - INFO - joeynmt.training - Hooray! New best validation result [ppl]!
2026-05-13 18:04:15,053 - INFO - joeynmt.helpers - delete models/bpe_2k/10000.ckpt
2026-05-13 18:04:15,053 - INFO - joeynmt.training - Example #0
2026-05-13 18:04:15,054 - DEBUG - joeynmt.training - 	Tokenized source:     ['L@@', 'ast', 'year', 'I', 'sho@@', 'w@@', 'ed', 'these', 'two', 's@@', 'li@@', 'des', 'so', 'that', 'dem@@', 'on@@', 'str@@', 'ate', 'that', 'the', 'ar@@', 'c@@', 'tic', 'ice', 'c@@', 'a@@', 'p', ',', 'which', 'for', 'most', 'of', 'the', 'last', 'three', 'million', 'years', 'has', 'been', 'the', 'si@@', 'ze', 'of', 'the', 'lo@@', 'wer', '4@@', '8', 'st@@', 'ates', ',', 'has', 'sh@@', 'r@@', 'un@@', 'k', 'by', '4@@', '0', 'percent', '.']
2026-05-13 18:04:15,054 - DEBUG - joeynmt.training - 	Tokenized reference:  ['L&apos;', 'année', 'derni@@', 'ère', ',', 'je', 'vous', 'ai', 'présent@@', 'é', 'ces', 'deux', 'di@@', 'apos@@', 'iti@@', 'ves', 'qui', 'montr@@', 'aient', 'que', 'la', 'cal@@', 'ot@@', 'te', 'gl@@', 'ac@@', 'ière', 'ar@@', 'c@@', 'tique', ',', 'qui', 'pendant', 'ces', '3', 'derni@@', 'ers', 'millions', 'd&apos;', 'année', 'avait', 'la', 't@@', 'ail@@', 'le', 'des', 'E@@', 'tat@@', 's-@@', 'Un@@', 'is', 'sans', 'l&apos;', 'Al@@', 'as@@', 'k@@', 'a', ',', 'qui', 'pendant', 'ces', '3', 'derni@@', 'ers', 'millions', 'd&apos;', 'année', 'avait', 'la', 't@@', 'ail@@', 'le', 'des', 'E@@', 'tat@@', 's-@@', 'Un@@', 'is', 'sans', 'l&apos;', 'Al@@', 'as@@', 'k@@', 'a', ',', 'avait', 'di@@', 'minu@@', 'é', 'de', '4@@', '0', '%', '.']
2026-05-13 18:04:15,054 - DEBUG - joeynmt.training - 	Tokenized hypothesis: ['L&apos;', 'année', 'derni@@', 'ère', ',', 'j&apos;', 'ai', 'montr@@', 'é', 'ces', 'deux', 's@@', 'li@@', 'des', 'de', 't@@', 'ellement', 'que', 'la', 'gl@@', 'ace', 'ar@@', 'c@@', 'tique', ',', 'qui', 'pendant', 'la', 'plu@@', 'part', 'des', 'derni@@', 'ères', 'années', ',', 'a', 'été', 'la', 't@@', 'ail@@', 'le', 'de', 'la', 't@@', 'ail@@', 'le', 'de', '4@@', '8', 'ét@@', 'at@@', 's', ',', 'a', 'cour@@', 'ant', 'de', '4@@', '0', '%', '.', '</s>']
2026-05-13 18:04:15,054 - INFO - joeynmt.training - 	Source:     Last year I showed these two slides so that demonstrate that the arctic ice cap , which for most of the last three million years has been the size of the lower 48 states , has shrunk by 40 percent .
2026-05-13 18:04:15,054 - INFO - joeynmt.training - 	Reference:  L&apos; année dernière , je vous ai présenté ces deux diapositives qui montraient que la calotte glacière arctique , qui pendant ces 3 derniers millions d&apos; année avait la taille des Etats-Unis sans l&apos; Alaska , qui pendant ces 3 derniers millions d&apos; année avait la taille des Etats-Unis sans l&apos; Alaska , avait diminué de 40 % .
2026-05-13 18:04:15,054 - INFO - joeynmt.training - 	Hypothesis: L&apos; année dernière , j&apos; ai montré ces deux slides de tellement que la glace arctique , qui pendant la plupart des dernières années , a été la taille de la taille de 48 états , a courant de 40 % .
2026-05-13 18:04:15,054 - INFO - joeynmt.training - Example #1
2026-05-13 18:04:15,054 - DEBUG - joeynmt.training - 	Tokenized source:     ['But', 'this', 'underst@@', 'ates', 'the', 'ser@@', 'i@@', 'ous@@', 'ness', 'of', 'this', 'partic@@', 'ul@@', 'ar', 'problem', 'because', 'it', 'doesn', '&apos;t', 'show', 'the', 'th@@', 'ick@@', 'ness', 'of', 'the', 'ice', '.']
2026-05-13 18:04:15,054 - DEBUG - joeynmt.training - 	Tokenized reference:  ['Mais', 'ceci', 'ten@@', 'd', 'à', 'a@@', 'mo@@', 'ind@@', 'rir', 'le', 'problème', 'parce', 'qu&apos;', 'on', 'ne', 'vo@@', 'it', 'pas', 'l&apos;', 'é@@', 'p@@', 'aiss@@', 'eur', 'de', 'la', 'gl@@', 'ace', '.']
2026-05-13 18:04:15,054 - DEBUG - joeynmt.training - 	Tokenized hypothesis: ['Mais', 'cette', 'com@@', 'pr@@', 'ati@@', 'que', 'la', 's@@', 'éri@@', 'e', 'de', 'ce', 'problème', 'particu@@', 'li@@', 'er', 'parce', 'que', 'ça', 'ne', 'mon@@', 'te', 'pas', 'le', 'pou@@', 'voir', 'de', 'la', 'gl@@', 'ace', '.', '</s>']
2026-05-13 18:04:15,054 - INFO - joeynmt.training - 	Source:     But this understates the seriousness of this particular problem because it doesn &apos;t show the thickness of the ice .
2026-05-13 18:04:15,054 - INFO - joeynmt.training - 	Reference:  Mais ceci tend à amoindrir le problème parce qu&apos; on ne voit pas l&apos; épaisseur de la glace .
2026-05-13 18:04:15,054 - INFO - joeynmt.training - 	Hypothesis: Mais cette compratique la série de ce problème particulier parce que ça ne monte pas le pouvoir de la glace .
2026-05-13 18:04:15,054 - INFO - joeynmt.training - Example #2
2026-05-13 18:04:15,054 - DEBUG - joeynmt.training - 	Tokenized source:     ['The', 'ar@@', 'c@@', 'tic', 'ice', 'c@@', 'a@@', 'p', 'is', ',', 'in', 'a', 'sense', ',', 'the', 'be@@', 'ating', 'he@@', 'art', 'of', 'the', 'glob@@', 'al', 'cli@@', 'm@@', 'ate', 'system', '.']
2026-05-13 18:04:15,054 - DEBUG - joeynmt.training - 	Tokenized reference:  ['On', 'peut', 'voir', 'la', 'cal@@', 'ot@@', 'te', 'gl@@', 'ac@@', 'ière', 'ar@@', 'c@@', 'tique', 'comme', 'le', 'co@@', 'eur', 'du', 'système', 'cli@@', 'ma@@', 'tique', 'glob@@', 'al', '.', 'On', 'peut', 'voir', 'la', 'cal@@', 'ot@@', 'te', 'gl@@', 'ac@@', 'ière', 'ar@@', 'c@@', 'tique', 'comme', 'le', 'co@@', 'eur', 'du', 'système', 'cli@@', 'ma@@', 'tique', 'glob@@', 'al', '.']
2026-05-13 18:04:15,054 - DEBUG - joeynmt.training - 	Tokenized hypothesis: ['Le', 'c@@', 'a@@', 'p', 'ar@@', 'c@@', 'tique', 'est', ',', 'dans', 'un', 'sens', ',', 'le', 'b@@', 'at', 'du', 'système', 'mon@@', 'di@@', 'al', '.', '</s>']
2026-05-13 18:04:15,054 - INFO - joeynmt.training - 	Source:     The arctic ice cap is , in a sense , the beating heart of the global climate system .
2026-05-13 18:04:15,054 - INFO - joeynmt.training - 	Reference:  On peut voir la calotte glacière arctique comme le coeur du système climatique global . On peut voir la calotte glacière arctique comme le coeur du système climatique global .
2026-05-13 18:04:15,054 - INFO - joeynmt.training - 	Hypothesis: Le cap arctique est , dans un sens , le bat du système mondial .
2026-05-13 18:04:15,054 - INFO - joeynmt.training - Example #3
2026-05-13 18:04:15,054 - DEBUG - joeynmt.training - 	Tokenized source:     ['It', 'exp@@', 'ands', 'in', 'w@@', 'int@@', 'er', 'and', 'contr@@', 'ac@@', 'ts', 'in', 'su@@', 'm@@', 'mer', '.']
2026-05-13 18:04:15,054 - DEBUG - joeynmt.training - 	Tokenized reference:  ['Elle', 's&apos;', 'ét@@', 'end', 'en', 'hi@@', 'ver', 'et', 'se', 'contr@@', 'ac@@', 'te', 'en', 'été', '.']
2026-05-13 18:04:15,054 - DEBUG - joeynmt.training - 	Tokenized hypothesis: ['Elle', 'att@@', 'end@@', 'r@@', 'a', 'et', 'les', 'contr@@', 'ac@@', 'ts', 'en', 'été', '.', '</s>']
2026-05-13 18:04:15,054 - INFO - joeynmt.training - 	Source:     It expands in winter and contracts in summer .
2026-05-13 18:04:15,054 - INFO - joeynmt.training - 	Reference:  Elle s&apos; étend en hiver et se contracte en été .
2026-05-13 18:04:15,054 - INFO - joeynmt.training - 	Hypothesis: Elle attendra et les contracts en été .
2026-05-13 18:04:15,054 - INFO - joeynmt.training - Example #4
2026-05-13 18:04:15,055 - DEBUG - joeynmt.training - 	Tokenized source:     ['The', 'next', 's@@', 'li@@', 'de', 'I', 'show', 'you', 'will', 'be', 'a', 'rap@@', 'id', 'fas@@', 't-@@', 'for@@', 'w@@', 'ard', 'of', 'what', '&apos;s', 'happen@@', 'ed', 'over', 'the', 'last', '2@@', '5', 'years', '.']
2026-05-13 18:04:15,055 - DEBUG - joeynmt.training - 	Tokenized reference:  ['La', 'pro@@', 'ch@@', 'aine', 'di@@', 'apos@@', 'iti@@', 've', 'que', 'je', 'vais', 'vous', 'montrer', 'est', 'une', 'v@@', 'ue', 'en', 'acc@@', 'él@@', 'ér@@', 'é', 'de', 'ce', 'qui', 's&apos;', 'est', 'passé', 'ces', '2@@', '5', 'derni@@', 'ères', 'années', '.']
2026-05-13 18:04:15,055 - DEBUG - joeynmt.training - 	Tokenized hypothesis: ['La', 'pro@@', 'ch@@', 'aine', 's@@', 'li@@', 'de', 'que', 'je', 'vous', 'mon@@', 'tre', 'un', 'rap@@', 'ide', 'rap@@', 'ide', 'de', 'ce', 'qui', 'se', 'passe', 'au', 'cours', 'des', '2@@', '5', 'derni@@', 'ères', 'années', '.', '</s>']
2026-05-13 18:04:15,055 - INFO - joeynmt.training - 	Source:     The next slide I show you will be a rapid fast-forward of what &apos;s happened over the last 25 years .
2026-05-13 18:04:15,055 - INFO - joeynmt.training - 	Reference:  La prochaine diapositive que je vais vous montrer est une vue en accéléré de ce qui s&apos; est passé ces 25 dernières années .
2026-05-13 18:04:15,055 - INFO - joeynmt.training - 	Hypothesis: La prochaine slide que je vous montre un rapide rapide de ce qui se passe au cours des 25 dernières années .
2026-05-13 18:04:26,177 - INFO - joeynmt.training - Epoch   3, Step:    12600, Batch Loss:     1.448698, Batch Acc: 0.587586, Tokens per Sec:     6928, Lr: 0.000300
2026-05-13 18:04:36,944 - INFO - joeynmt.training - Epoch   3, Step:    12700, Batch Loss:     1.459539, Batch Acc: 0.588867, Tokens per Sec:     7356, Lr: 0.000300
2026-05-13 18:04:47,714 - INFO - joeynmt.training - Epoch   3, Step:    12800, Batch Loss:     1.406082, Batch Acc: 0.590711, Tokens per Sec:     7209, Lr: 0.000300
2026-05-13 18:04:58,597 - INFO - joeynmt.training - Epoch   3, Step:    12900, Batch Loss:     1.452733, Batch Acc: 0.591601, Tokens per Sec:     7182, Lr: 0.000300
2026-05-13 18:05:09,640 - INFO - joeynmt.training - Epoch   3, Step:    13000, Batch Loss:     1.412742, Batch Acc: 0.587761, Tokens per Sec:     7313, Lr: 0.000300
2026-05-13 18:05:09,640 - WARNING - joeynmt.helpers - `alpha` option is obsolete. Please use `beam_alpha`, instead.
2026-05-13 18:05:09,640 - INFO - joeynmt.prediction - Predicting 890 example(s)... (Greedy decoding with min_output_length=1, max_output_length=-1, return_prob='none', generate_unk=True, repetition_penalty=-1, no_repeat_ngram_size=-1)
2026-05-13 18:05:45,679 - INFO - joeynmt.prediction - Evaluation result (greedy) loss:   1.57, ppl:   4.79, acc:   0.55, generation: 36.0336[sec], evaluation: 0.0000[sec]
2026-05-13 18:05:45,680 - INFO - joeynmt.training - Hooray! New best validation result [ppl]!
2026-05-13 18:05:45,730 - INFO - joeynmt.helpers - delete models/bpe_2k/10500.ckpt
2026-05-13 18:05:45,737 - INFO - joeynmt.training - Example #0
2026-05-13 18:05:45,737 - DEBUG - joeynmt.training - 	Tokenized source:     ['L@@', 'ast', 'year', 'I', 'sho@@', 'w@@', 'ed', 'these', 'two', 's@@', 'li@@', 'des', 'so', 'that', 'dem@@', 'on@@', 'str@@', 'ate', 'that', 'the', 'ar@@', 'c@@', 'tic', 'ice', 'c@@', 'a@@', 'p', ',', 'which', 'for', 'most', 'of', 'the', 'last', 'three', 'million', 'years', 'has', 'been', 'the', 'si@@', 'ze', 'of', 'the', 'lo@@', 'wer', '4@@', '8', 'st@@', 'ates', ',', 'has', 'sh@@', 'r@@', 'un@@', 'k', 'by', '4@@', '0', 'percent', '.']
2026-05-13 18:05:45,737 - DEBUG - joeynmt.training - 	Tokenized reference:  ['L&apos;', 'année', 'derni@@', 'ère', ',', 'je', 'vous', 'ai', 'présent@@', 'é', 'ces', 'deux', 'di@@', 'apos@@', 'iti@@', 'ves', 'qui', 'montr@@', 'aient', 'que', 'la', 'cal@@', 'ot@@', 'te', 'gl@@', 'ac@@', 'ière', 'ar@@', 'c@@', 'tique', ',', 'qui', 'pendant', 'ces', '3', 'derni@@', 'ers', 'millions', 'd&apos;', 'année', 'avait', 'la', 't@@', 'ail@@', 'le', 'des', 'E@@', 'tat@@', 's-@@', 'Un@@', 'is', 'sans', 'l&apos;', 'Al@@', 'as@@', 'k@@', 'a', ',', 'qui', 'pendant', 'ces', '3', 'derni@@', 'ers', 'millions', 'd&apos;', 'année', 'avait', 'la', 't@@', 'ail@@', 'le', 'des', 'E@@', 'tat@@', 's-@@', 'Un@@', 'is', 'sans', 'l&apos;', 'Al@@', 'as@@', 'k@@', 'a', ',', 'avait', 'di@@', 'minu@@', 'é', 'de', '4@@', '0', '%', '.']
2026-05-13 18:05:45,737 - DEBUG - joeynmt.training - 	Tokenized hypothesis: ['L&apos;', 'année', 'derni@@', 'ère', 'j&apos;', 'ai', 'montr@@', 'é', 'ces', 'deux', 'deux', 'di@@', 'a@@', 'po@@', 's', 'de', 't@@', 'elle', 'que', 'la', 'gl@@', 'ace', 'ar@@', 'c@@', 'tique', ',', 'qui', 'pour', 'la', 'plu@@', 'part', 'des', 'trois', 'millions', 'd&apos;', 'années', 'ont', 'été', 'la', 't@@', 'ail@@', 'le', 'de', 'la', 't@@', 'ail@@', 'le', 'de', 'la', 'lo@@', 'wer', 'de', '4@@', '0', '%', '.', '</s>']
2026-05-13 18:05:45,737 - INFO - joeynmt.training - 	Source:     Last year I showed these two slides so that demonstrate that the arctic ice cap , which for most of the last three million years has been the size of the lower 48 states , has shrunk by 40 percent .
2026-05-13 18:05:45,737 - INFO - joeynmt.training - 	Reference:  L&apos; année dernière , je vous ai présenté ces deux diapositives qui montraient que la calotte glacière arctique , qui pendant ces 3 derniers millions d&apos; année avait la taille des Etats-Unis sans l&apos; Alaska , qui pendant ces 3 derniers millions d&apos; année avait la taille des Etats-Unis sans l&apos; Alaska , avait diminué de 40 % .
2026-05-13 18:05:45,737 - INFO - joeynmt.training - 	Hypothesis: L&apos; année dernière j&apos; ai montré ces deux deux diapos de telle que la glace arctique , qui pour la plupart des trois millions d&apos; années ont été la taille de la taille de la lower de 40 % .
2026-05-13 18:05:45,737 - INFO - joeynmt.training - Example #1
2026-05-13 18:05:45,737 - DEBUG - joeynmt.training - 	Tokenized source:     ['But', 'this', 'underst@@', 'ates', 'the', 'ser@@', 'i@@', 'ous@@', 'ness', 'of', 'this', 'partic@@', 'ul@@', 'ar', 'problem', 'because', 'it', 'doesn', '&apos;t', 'show', 'the', 'th@@', 'ick@@', 'ness', 'of', 'the', 'ice', '.']
2026-05-13 18:05:45,737 - DEBUG - joeynmt.training - 	Tokenized reference:  ['Mais', 'ceci', 'ten@@', 'd', 'à', 'a@@', 'mo@@', 'ind@@', 'rir', 'le', 'problème', 'parce', 'qu&apos;', 'on', 'ne', 'vo@@', 'it', 'pas', 'l&apos;', 'é@@', 'p@@', 'aiss@@', 'eur', 'de', 'la', 'gl@@', 'ace', '.']
2026-05-13 18:05:45,737 - DEBUG - joeynmt.training - 	Tokenized hypothesis: ['Mais', 'cette', 'com@@', 'pr@@', 'ati@@', 'que', 'la', 's@@', 'éri@@', 'eu@@', 's@@', 'ité', 'de', 'ce', 'problème', 'particu@@', 'li@@', 'è@@', 'rement', 'parce', 'que', 'ça', 'ne', 'montr@@', 'ait', 'pas', 'la', 'pou@@', 'voir', 'de', 'la', 'gl@@', 'ace', '.', '</s>']
2026-05-13 18:05:45,737 - INFO - joeynmt.training - 	Source:     But this understates the seriousness of this particular problem because it doesn &apos;t show the thickness of the ice .
2026-05-13 18:05:45,737 - INFO - joeynmt.training - 	Reference:  Mais ceci tend à amoindrir le problème parce qu&apos; on ne voit pas l&apos; épaisseur de la glace .
2026-05-13 18:05:45,737 - INFO - joeynmt.training - 	Hypothesis: Mais cette compratique la sérieusité de ce problème particulièrement parce que ça ne montrait pas la pouvoir de la glace .
2026-05-13 18:05:45,737 - INFO - joeynmt.training - Example #2
2026-05-13 18:05:45,737 - DEBUG - joeynmt.training - 	Tokenized source:     ['The', 'ar@@', 'c@@', 'tic', 'ice', 'c@@', 'a@@', 'p', 'is', ',', 'in', 'a', 'sense', ',', 'the', 'be@@', 'ating', 'he@@', 'art', 'of', 'the', 'glob@@', 'al', 'cli@@', 'm@@', 'ate', 'system', '.']
2026-05-13 18:05:45,737 - DEBUG - joeynmt.training - 	Tokenized reference:  ['On', 'peut', 'voir', 'la', 'cal@@', 'ot@@', 'te', 'gl@@', 'ac@@', 'ière', 'ar@@', 'c@@', 'tique', 'comme', 'le', 'co@@', 'eur', 'du', 'système', 'cli@@', 'ma@@', 'tique', 'glob@@', 'al', '.', 'On', 'peut', 'voir', 'la', 'cal@@', 'ot@@', 'te', 'gl@@', 'ac@@', 'ière', 'ar@@', 'c@@', 'tique', 'comme', 'le', 'co@@', 'eur', 'du', 'système', 'cli@@', 'ma@@', 'tique', 'glob@@', 'al', '.']
2026-05-13 18:05:45,737 - DEBUG - joeynmt.training - 	Tokenized hypothesis: ['La', 'c@@', 'a@@', 'p', 'de', 'gl@@', 'ace', 'ar@@', 'c@@', 'tique', 'est', ',', 'dans', 'un', 'sens', ',', 'le', 'système', 'de', 'l&apos;', 'art', 'du', 'système', 'cli@@', 'ma@@', 'tique', '.', '</s>']
2026-05-13 18:05:45,738 - INFO - joeynmt.training - 	Source:     The arctic ice cap is , in a sense , the beating heart of the global climate system .
2026-05-13 18:05:45,738 - INFO - joeynmt.training - 	Reference:  On peut voir la calotte glacière arctique comme le coeur du système climatique global . On peut voir la calotte glacière arctique comme le coeur du système climatique global .
2026-05-13 18:05:45,738 - INFO - joeynmt.training - 	Hypothesis: La cap de glace arctique est , dans un sens , le système de l&apos; art du système climatique .
2026-05-13 18:05:45,738 - INFO - joeynmt.training - Example #3
2026-05-13 18:05:45,738 - DEBUG - joeynmt.training - 	Tokenized source:     ['It', 'exp@@', 'ands', 'in', 'w@@', 'int@@', 'er', 'and', 'contr@@', 'ac@@', 'ts', 'in', 'su@@', 'm@@', 'mer', '.']
2026-05-13 18:05:45,738 - DEBUG - joeynmt.training - 	Tokenized reference:  ['Elle', 's&apos;', 'ét@@', 'end', 'en', 'hi@@', 'ver', 'et', 'se', 'contr@@', 'ac@@', 'te', 'en', 'été', '.']
2026-05-13 18:05:45,738 - DEBUG - joeynmt.training - 	Tokenized hypothesis: ['Il', 's&apos;', 'att@@', 'end@@', 'ent', 'en', 'plus', 'de', 'l&apos;', 'été', 'et', 'contr@@', 'ac@@', 'ts', 'en', 'été', '.', '</s>']
2026-05-13 18:05:45,738 - INFO - joeynmt.training - 	Source:     It expands in winter and contracts in summer .
2026-05-13 18:05:45,738 - INFO - joeynmt.training - 	Reference:  Elle s&apos; étend en hiver et se contracte en été .
2026-05-13 18:05:45,738 - INFO - joeynmt.training - 	Hypothesis: Il s&apos; attendent en plus de l&apos; été et contracts en été .
2026-05-13 18:05:45,738 - INFO - joeynmt.training - Example #4
2026-05-13 18:05:45,738 - DEBUG - joeynmt.training - 	Tokenized source:     ['The', 'next', 's@@', 'li@@', 'de', 'I', 'show', 'you', 'will', 'be', 'a', 'rap@@', 'id', 'fas@@', 't-@@', 'for@@', 'w@@', 'ard', 'of', 'what', '&apos;s', 'happen@@', 'ed', 'over', 'the', 'last', '2@@', '5', 'years', '.']
2026-05-13 18:05:45,738 - DEBUG - joeynmt.training - 	Tokenized reference:  ['La', 'pro@@', 'ch@@', 'aine', 'di@@', 'apos@@', 'iti@@', 've', 'que', 'je', 'vais', 'vous', 'montrer', 'est', 'une', 'v@@', 'ue', 'en', 'acc@@', 'él@@', 'ér@@', 'é', 'de', 'ce', 'qui', 's&apos;', 'est', 'passé', 'ces', '2@@', '5', 'derni@@', 'ères', 'années', '.']
2026-05-13 18:05:45,738 - DEBUG - joeynmt.training - 	Tokenized hypothesis: ['La', 'pro@@', 'ch@@', 'aine', 'di@@', 'apos@@', 'iti@@', 've', 'que', 'je', 'vous', 'ser@@', 'ai', 'un', 'rap@@', 'ide', 'rap@@', 'ide', 'de', 'ce', 'qui', 's&apos;', 'est', 'passé', 'pendant', 'les', '2@@', '5', 'derni@@', 'ères', 'années', '.', '</s>']
2026-05-13 18:05:45,738 - INFO - joeynmt.training - 	Source:     The next slide I show you will be a rapid fast-forward of what &apos;s happened over the last 25 years .
2026-05-13 18:05:45,738 - INFO - joeynmt.training - 	Reference:  La prochaine diapositive que je vais vous montrer est une vue en accéléré de ce qui s&apos; est passé ces 25 dernières années .
2026-05-13 18:05:45,738 - INFO - joeynmt.training - 	Hypothesis: La prochaine diapositive que je vous serai un rapide rapide de ce qui s&apos; est passé pendant les 25 dernières années .
2026-05-13 18:05:56,392 - INFO - joeynmt.training - Epoch   3, Step:    13100, Batch Loss:     1.408144, Batch Acc: 0.585840, Tokens per Sec:     7393, Lr: 0.000300
2026-05-13 18:06:00,571 - INFO - joeynmt.training - Epoch   3: total training loss 6326.09
2026-05-13 18:06:00,571 - INFO - joeynmt.training - EPOCH 4
2026-05-13 18:06:06,959 - INFO - joeynmt.training - Epoch   4, Step:    13200, Batch Loss:     1.273633, Batch Acc: 0.609109, Tokens per Sec:     7263, Lr: 0.000300
2026-05-13 18:06:17,866 - INFO - joeynmt.training - Epoch   4, Step:    13300, Batch Loss:     1.342694, Batch Acc: 0.609774, Tokens per Sec:     7234, Lr: 0.000300
2026-05-13 18:06:28,605 - INFO - joeynmt.training - Epoch   4, Step:    13400, Batch Loss:     1.519884, Batch Acc: 0.609130, Tokens per Sec:     7319, Lr: 0.000300
2026-05-13 18:06:39,262 - INFO - joeynmt.training - Epoch   4, Step:    13500, Batch Loss:     1.316885, Batch Acc: 0.610299, Tokens per Sec:     7548, Lr: 0.000300
2026-05-13 18:06:39,262 - WARNING - joeynmt.helpers - `alpha` option is obsolete. Please use `beam_alpha`, instead.
2026-05-13 18:06:39,262 - INFO - joeynmt.prediction - Predicting 890 example(s)... (Greedy decoding with min_output_length=1, max_output_length=-1, return_prob='none', generate_unk=True, repetition_penalty=-1, no_repeat_ngram_size=-1)
2026-05-13 18:07:16,511 - INFO - joeynmt.prediction - Evaluation result (greedy) loss:   1.55, ppl:   4.72, acc:   0.55, generation: 37.2432[sec], evaluation: 0.0000[sec]
2026-05-13 18:07:16,512 - INFO - joeynmt.training - Hooray! New best validation result [ppl]!
2026-05-13 18:07:16,563 - INFO - joeynmt.helpers - delete models/bpe_2k/11000.ckpt
2026-05-13 18:07:16,569 - INFO - joeynmt.training - Example #0
2026-05-13 18:07:16,569 - DEBUG - joeynmt.training - 	Tokenized source:     ['L@@', 'ast', 'year', 'I', 'sho@@', 'w@@', 'ed', 'these', 'two', 's@@', 'li@@', 'des', 'so', 'that', 'dem@@', 'on@@', 'str@@', 'ate', 'that', 'the', 'ar@@', 'c@@', 'tic', 'ice', 'c@@', 'a@@', 'p', ',', 'which', 'for', 'most', 'of', 'the', 'last', 'three', 'million', 'years', 'has', 'been', 'the', 'si@@', 'ze', 'of', 'the', 'lo@@', 'wer', '4@@', '8', 'st@@', 'ates', ',', 'has', 'sh@@', 'r@@', 'un@@', 'k', 'by', '4@@', '0', 'percent', '.']
2026-05-13 18:07:16,569 - DEBUG - joeynmt.training - 	Tokenized reference:  ['L&apos;', 'année', 'derni@@', 'ère', ',', 'je', 'vous', 'ai', 'présent@@', 'é', 'ces', 'deux', 'di@@', 'apos@@', 'iti@@', 'ves', 'qui', 'montr@@', 'aient', 'que', 'la', 'cal@@', 'ot@@', 'te', 'gl@@', 'ac@@', 'ière', 'ar@@', 'c@@', 'tique', ',', 'qui', 'pendant', 'ces', '3', 'derni@@', 'ers', 'millions', 'd&apos;', 'année', 'avait', 'la', 't@@', 'ail@@', 'le', 'des', 'E@@', 'tat@@', 's-@@', 'Un@@', 'is', 'sans', 'l&apos;', 'Al@@', 'as@@', 'k@@', 'a', ',', 'qui', 'pendant', 'ces', '3', 'derni@@', 'ers', 'millions', 'd&apos;', 'année', 'avait', 'la', 't@@', 'ail@@', 'le', 'des', 'E@@', 'tat@@', 's-@@', 'Un@@', 'is', 'sans', 'l&apos;', 'Al@@', 'as@@', 'k@@', 'a', ',', 'avait', 'di@@', 'minu@@', 'é', 'de', '4@@', '0', '%', '.']
2026-05-13 18:07:16,569 - DEBUG - joeynmt.training - 	Tokenized hypothesis: ['L&apos;', 'année', 'derni@@', 'ère', ',', 'j&apos;', 'ai', 'montr@@', 'é', 'ces', 'deux', 's@@', 'li@@', 'des', 'de', 't@@', 'ellement', 'que', 'dé@@', 'mon@@', 'str@@', 'ate', 'que', 'la', 'gl@@', 'ace', 'ar@@', 'c@@', 'tique', ',', 'qui', 'pendant', 'la', 'plu@@', 'part', 'des', 'trois', 'millions', 'd&apos;', 'années', ',', 'a', 'été', 'la', 't@@', 'ail@@', 'le', 'de', 'la', 't@@', 'ail@@', 'le', 'de', '4@@', '0', 'ét@@', 'at@@', 's', ',', 'a', 'des', '4@@', '0', '%', '.', '</s>']
2026-05-13 18:07:16,569 - INFO - joeynmt.training - 	Source:     Last year I showed these two slides so that demonstrate that the arctic ice cap , which for most of the last three million years has been the size of the lower 48 states , has shrunk by 40 percent .
2026-05-13 18:07:16,569 - INFO - joeynmt.training - 	Reference:  L&apos; année dernière , je vous ai présenté ces deux diapositives qui montraient que la calotte glacière arctique , qui pendant ces 3 derniers millions d&apos; année avait la taille des Etats-Unis sans l&apos; Alaska , qui pendant ces 3 derniers millions d&apos; année avait la taille des Etats-Unis sans l&apos; Alaska , avait diminué de 40 % .
2026-05-13 18:07:16,569 - INFO - joeynmt.training - 	Hypothesis: L&apos; année dernière , j&apos; ai montré ces deux slides de tellement que démonstrate que la glace arctique , qui pendant la plupart des trois millions d&apos; années , a été la taille de la taille de 40 états , a des 40 % .
2026-05-13 18:07:16,569 - INFO - joeynmt.training - Example #1
2026-05-13 18:07:16,569 - DEBUG - joeynmt.training - 	Tokenized source:     ['But', 'this', 'underst@@', 'ates', 'the', 'ser@@', 'i@@', 'ous@@', 'ness', 'of', 'this', 'partic@@', 'ul@@', 'ar', 'problem', 'because', 'it', 'doesn', '&apos;t', 'show', 'the', 'th@@', 'ick@@', 'ness', 'of', 'the', 'ice', '.']
2026-05-13 18:07:16,569 - DEBUG - joeynmt.training - 	Tokenized reference:  ['Mais', 'ceci', 'ten@@', 'd', 'à', 'a@@', 'mo@@', 'ind@@', 'rir', 'le', 'problème', 'parce', 'qu&apos;', 'on', 'ne', 'vo@@', 'it', 'pas', 'l&apos;', 'é@@', 'p@@', 'aiss@@', 'eur', 'de', 'la', 'gl@@', 'ace', '.']
2026-05-13 18:07:16,569 - DEBUG - joeynmt.training - 	Tokenized hypothesis: ['Mais', 'cette', 'com@@', 'pré@@', 'h@@', 'en@@', 'sion', 'de', 'ce', 'problème', 'parce', 'qu&apos;', 'il', 'ne', 'montrer', 'pas', 'le', 'problème', 'parce', 'qu&apos;', 'il', 'ne', 'montrer', 'pas', 'la', 'pou@@', 'voir', 'de', 'la', 'gl@@', 'ace', '.', '</s>']
2026-05-13 18:07:16,569 - INFO - joeynmt.training - 	Source:     But this understates the seriousness of this particular problem because it doesn &apos;t show the thickness of the ice .
2026-05-13 18:07:16,569 - INFO - joeynmt.training - 	Reference:  Mais ceci tend à amoindrir le problème parce qu&apos; on ne voit pas l&apos; épaisseur de la glace .
2026-05-13 18:07:16,569 - INFO - joeynmt.training - 	Hypothesis: Mais cette compréhension de ce problème parce qu&apos; il ne montrer pas le problème parce qu&apos; il ne montrer pas la pouvoir de la glace .
2026-05-13 18:07:16,569 - INFO - joeynmt.training - Example #2
2026-05-13 18:07:16,569 - DEBUG - joeynmt.training - 	Tokenized source:     ['The', 'ar@@', 'c@@', 'tic', 'ice', 'c@@', 'a@@', 'p', 'is', ',', 'in', 'a', 'sense', ',', 'the', 'be@@', 'ating', 'he@@', 'art', 'of', 'the', 'glob@@', 'al', 'cli@@', 'm@@', 'ate', 'system', '.']
2026-05-13 18:07:16,570 - DEBUG - joeynmt.training - 	Tokenized reference:  ['On', 'peut', 'voir', 'la', 'cal@@', 'ot@@', 'te', 'gl@@', 'ac@@', 'ière', 'ar@@', 'c@@', 'tique', 'comme', 'le', 'co@@', 'eur', 'du', 'système', 'cli@@', 'ma@@', 'tique', 'glob@@', 'al', '.', 'On', 'peut', 'voir', 'la', 'cal@@', 'ot@@', 'te', 'gl@@', 'ac@@', 'ière', 'ar@@', 'c@@', 'tique', 'comme', 'le', 'co@@', 'eur', 'du', 'système', 'cli@@', 'ma@@', 'tique', 'glob@@', 'al', '.']
2026-05-13 18:07:16,570 - DEBUG - joeynmt.training - 	Tokenized hypothesis: ['Le', 'c@@', 'â@@', 'ble', 'de', 'la', 'gl@@', 'ace', 'ar@@', 'c@@', 'tique', 'est', ',', 'dans', 'un', 'sens', ',', 'le', 'système', 'de', 'ch@@', 'au@@', 'ff@@', 'ement', 'cli@@', 'ma@@', 'tique', '.', '</s>']
2026-05-13 18:07:16,570 - INFO - joeynmt.training - 	Source:     The arctic ice cap is , in a sense , the beating heart of the global climate system .
2026-05-13 18:07:16,570 - INFO - joeynmt.training - 	Reference:  On peut voir la calotte glacière arctique comme le coeur du système climatique global . On peut voir la calotte glacière arctique comme le coeur du système climatique global .
2026-05-13 18:07:16,570 - INFO - joeynmt.training - 	Hypothesis: Le câble de la glace arctique est , dans un sens , le système de chauffement climatique .
2026-05-13 18:07:16,570 - INFO - joeynmt.training - Example #3
2026-05-13 18:07:16,570 - DEBUG - joeynmt.training - 	Tokenized source:     ['It', 'exp@@', 'ands', 'in', 'w@@', 'int@@', 'er', 'and', 'contr@@', 'ac@@', 'ts', 'in', 'su@@', 'm@@', 'mer', '.']
2026-05-13 18:07:16,570 - DEBUG - joeynmt.training - 	Tokenized reference:  ['Elle', 's&apos;', 'ét@@', 'end', 'en', 'hi@@', 'ver', 'et', 'se', 'contr@@', 'ac@@', 'te', 'en', 'été', '.']
2026-05-13 18:07:16,570 - DEBUG - joeynmt.training - 	Tokenized hypothesis: ['Il', 's&apos;', 'att@@', 'end@@', 'r@@', 'a', 'et', 'contr@@', 'ac@@', 'te', 'en', 'plus', '.', '</s>']
2026-05-13 18:07:16,570 - INFO - joeynmt.training - 	Source:     It expands in winter and contracts in summer .
2026-05-13 18:07:16,570 - INFO - joeynmt.training - 	Reference:  Elle s&apos; étend en hiver et se contracte en été .
2026-05-13 18:07:16,570 - INFO - joeynmt.training - 	Hypothesis: Il s&apos; attendra et contracte en plus .
2026-05-13 18:07:16,570 - INFO - joeynmt.training - Example #4
2026-05-13 18:07:16,570 - DEBUG - joeynmt.training - 	Tokenized source:     ['The', 'next', 's@@', 'li@@', 'de', 'I', 'show', 'you', 'will', 'be', 'a', 'rap@@', 'id', 'fas@@', 't-@@', 'for@@', 'w@@', 'ard', 'of', 'what', '&apos;s', 'happen@@', 'ed', 'over', 'the', 'last', '2@@', '5', 'years', '.']
2026-05-13 18:07:16,570 - DEBUG - joeynmt.training - 	Tokenized reference:  ['La', 'pro@@', 'ch@@', 'aine', 'di@@', 'apos@@', 'iti@@', 've', 'que', 'je', 'vais', 'vous', 'montrer', 'est', 'une', 'v@@', 'ue', 'en', 'acc@@', 'él@@', 'ér@@', 'é', 'de', 'ce', 'qui', 's&apos;', 'est', 'passé', 'ces', '2@@', '5', 'derni@@', 'ères', 'années', '.']
2026-05-13 18:07:16,570 - DEBUG - joeynmt.training - 	Tokenized hypothesis: ['La', 'pro@@', 'ch@@', 'aine', 's@@', 'li@@', 'de', 'que', 'je', 'vous', 'ser@@', 'ez', 'un', 'rap@@', 'ide', 'rap@@', 'ide', 'de', 'plus', 'rap@@', 'ide', 'de', 'ce', 'qui', 's&apos;', 'est', 'passé', 'au', 'cours', 'des', '2@@', '5', 'derni@@', 'ères', 'années', '.', '</s>']
2026-05-13 18:07:16,570 - INFO - joeynmt.training - 	Source:     The next slide I show you will be a rapid fast-forward of what &apos;s happened over the last 25 years .
2026-05-13 18:07:16,570 - INFO - joeynmt.training - 	Reference:  La prochaine diapositive que je vais vous montrer est une vue en accéléré de ce qui s&apos; est passé ces 25 dernières années .
2026-05-13 18:07:16,570 - INFO - joeynmt.training - 	Hypothesis: La prochaine slide que je vous serez un rapide rapide de plus rapide de ce qui s&apos; est passé au cours des 25 dernières années .
2026-05-13 18:07:27,239 - INFO - joeynmt.training - Epoch   4, Step:    13600, Batch Loss:     1.391855, Batch Acc: 0.608340, Tokens per Sec:     7411, Lr: 0.000300
2026-05-13 18:07:37,665 - INFO - joeynmt.training - Epoch   4, Step:    13700, Batch Loss:     1.349470, Batch Acc: 0.604195, Tokens per Sec:     7632, Lr: 0.000300
2026-05-13 18:07:48,936 - INFO - joeynmt.training - Epoch   4, Step:    13800, Batch Loss:     1.319100, Batch Acc: 0.601007, Tokens per Sec:     7155, Lr: 0.000300
2026-05-13 18:07:59,795 - INFO - joeynmt.training - Epoch   4, Step:    13900, Batch Loss:     1.366010, Batch Acc: 0.608694, Tokens per Sec:     7315, Lr: 0.000300
2026-05-13 18:08:10,367 - INFO - joeynmt.training - Epoch   4, Step:    14000, Batch Loss:     1.436944, Batch Acc: 0.609573, Tokens per Sec:     7464, Lr: 0.000300
2026-05-13 18:08:10,367 - WARNING - joeynmt.helpers - `alpha` option is obsolete. Please use `beam_alpha`, instead.
2026-05-13 18:08:10,367 - INFO - joeynmt.prediction - Predicting 890 example(s)... (Greedy decoding with min_output_length=1, max_output_length=-1, return_prob='none', generate_unk=True, repetition_penalty=-1, no_repeat_ngram_size=-1)
2026-05-13 18:08:47,444 - INFO - joeynmt.prediction - Evaluation result (greedy) loss:   1.55, ppl:   4.72, acc:   0.55, generation: 37.0719[sec], evaluation: 0.0000[sec]
2026-05-13 18:08:47,444 - INFO - joeynmt.training - Hooray! New best validation result [ppl]!
2026-05-13 18:08:47,494 - INFO - joeynmt.helpers - delete models/bpe_2k/11500.ckpt
2026-05-13 18:08:47,495 - INFO - joeynmt.training - Example #0
2026-05-13 18:08:47,495 - DEBUG - joeynmt.training - 	Tokenized source:     ['L@@', 'ast', 'year', 'I', 'sho@@', 'w@@', 'ed', 'these', 'two', 's@@', 'li@@', 'des', 'so', 'that', 'dem@@', 'on@@', 'str@@', 'ate', 'that', 'the', 'ar@@', 'c@@', 'tic', 'ice', 'c@@', 'a@@', 'p', ',', 'which', 'for', 'most', 'of', 'the', 'last', 'three', 'million', 'years', 'has', 'been', 'the', 'si@@', 'ze', 'of', 'the', 'lo@@', 'wer', '4@@', '8', 'st@@', 'ates', ',', 'has', 'sh@@', 'r@@', 'un@@', 'k', 'by', '4@@', '0', 'percent', '.']
2026-05-13 18:08:47,495 - DEBUG - joeynmt.training - 	Tokenized reference:  ['L&apos;', 'année', 'derni@@', 'ère', ',', 'je', 'vous', 'ai', 'présent@@', 'é', 'ces', 'deux', 'di@@', 'apos@@', 'iti@@', 'ves', 'qui', 'montr@@', 'aient', 'que', 'la', 'cal@@', 'ot@@', 'te', 'gl@@', 'ac@@', 'ière', 'ar@@', 'c@@', 'tique', ',', 'qui', 'pendant', 'ces', '3', 'derni@@', 'ers', 'millions', 'd&apos;', 'année', 'avait', 'la', 't@@', 'ail@@', 'le', 'des', 'E@@', 'tat@@', 's-@@', 'Un@@', 'is', 'sans', 'l&apos;', 'Al@@', 'as@@', 'k@@', 'a', ',', 'qui', 'pendant', 'ces', '3', 'derni@@', 'ers', 'millions', 'd&apos;', 'année', 'avait', 'la', 't@@', 'ail@@', 'le', 'des', 'E@@', 'tat@@', 's-@@', 'Un@@', 'is', 'sans', 'l&apos;', 'Al@@', 'as@@', 'k@@', 'a', ',', 'avait', 'di@@', 'minu@@', 'é', 'de', '4@@', '0', '%', '.']
2026-05-13 18:08:47,495 - DEBUG - joeynmt.training - 	Tokenized hypothesis: ['L&apos;', 'année', 'derni@@', 'ère', 'j&apos;', 'ai', 'montr@@', 'é', 'ces', 'deux', 's@@', 'a@@', 'po@@', 's', 'de', 'si', 'dé@@', 'mon@@', 'str@@', 'ation', 'que', 'la', 'gl@@', 'ace', 'ar@@', 'c@@', 'tique', ',', 'qui', 'pendant', 'la', 'plu@@', 'part', 'des', 'trois', 'millions', 'd&apos;', 'années', ',', 'a', 'été', 'la', 't@@', 'ail@@', 'le', 'de', 'la', 't@@', 'ail@@', 'le', 'de', 'la', 't@@', 'ail@@', 'le', 'de', 'la', 't@@', 'ail@@', 'le', 'de', '4@@', '0', 'pour', 'cent', '.', '</s>']
2026-05-13 18:08:47,495 - INFO - joeynmt.training - 	Source:     Last year I showed these two slides so that demonstrate that the arctic ice cap , which for most of the last three million years has been the size of the lower 48 states , has shrunk by 40 percent .
2026-05-13 18:08:47,495 - INFO - joeynmt.training - 	Reference:  L&apos; année dernière , je vous ai présenté ces deux diapositives qui montraient que la calotte glacière arctique , qui pendant ces 3 derniers millions d&apos; année avait la taille des Etats-Unis sans l&apos; Alaska , qui pendant ces 3 derniers millions d&apos; année avait la taille des Etats-Unis sans l&apos; Alaska , avait diminué de 40 % .
2026-05-13 18:08:47,495 - INFO - joeynmt.training - 	Hypothesis: L&apos; année dernière j&apos; ai montré ces deux sapos de si démonstration que la glace arctique , qui pendant la plupart des trois millions d&apos; années , a été la taille de la taille de la taille de la taille de 40 pour cent .
2026-05-13 18:08:47,495 - INFO - joeynmt.training - Example #1
2026-05-13 18:08:47,495 - DEBUG - joeynmt.training - 	Tokenized source:     ['But', 'this', 'underst@@', 'ates', 'the', 'ser@@', 'i@@', 'ous@@', 'ness', 'of', 'this', 'partic@@', 'ul@@', 'ar', 'problem', 'because', 'it', 'doesn', '&apos;t', 'show', 'the', 'th@@', 'ick@@', 'ness', 'of', 'the', 'ice', '.']
2026-05-13 18:08:47,495 - DEBUG - joeynmt.training - 	Tokenized reference:  ['Mais', 'ceci', 'ten@@', 'd', 'à', 'a@@', 'mo@@', 'ind@@', 'rir', 'le', 'problème', 'parce', 'qu&apos;', 'on', 'ne', 'vo@@', 'it', 'pas', 'l&apos;', 'é@@', 'p@@', 'aiss@@', 'eur', 'de', 'la', 'gl@@', 'ace', '.']
2026-05-13 18:08:47,495 - DEBUG - joeynmt.training - 	Tokenized hypothesis: ['Mais', 'cette', 'com@@', 'pr@@', 'ati@@', 'que', 'la', 's@@', 'éri@@', 'eu@@', 's@@', 'me', 'de', 'ce', 'problème', 'particu@@', 'li@@', 'er', 'parce', 'qu&apos;', 'il', 'ne', 'montr@@', 'ent', 'pas', 'la', 'gl@@', 'ace', '.', '</s>']
2026-05-13 18:08:47,495 - INFO - joeynmt.training - 	Source:     But this understates the seriousness of this particular problem because it doesn &apos;t show the thickness of the ice .
2026-05-13 18:08:47,495 - INFO - joeynmt.training - 	Reference:  Mais ceci tend à amoindrir le problème parce qu&apos; on ne voit pas l&apos; épaisseur de la glace .
2026-05-13 18:08:47,495 - INFO - joeynmt.training - 	Hypothesis: Mais cette compratique la sérieusme de ce problème particulier parce qu&apos; il ne montrent pas la glace .
2026-05-13 18:08:47,495 - INFO - joeynmt.training - Example #2
2026-05-13 18:08:47,495 - DEBUG - joeynmt.training - 	Tokenized source:     ['The', 'ar@@', 'c@@', 'tic', 'ice', 'c@@', 'a@@', 'p', 'is', ',', 'in', 'a', 'sense', ',', 'the', 'be@@', 'ating', 'he@@', 'art', 'of', 'the', 'glob@@', 'al', 'cli@@', 'm@@', 'ate', 'system', '.']
2026-05-13 18:08:47,495 - DEBUG - joeynmt.training - 	Tokenized reference:  ['On', 'peut', 'voir', 'la', 'cal@@', 'ot@@', 'te', 'gl@@', 'ac@@', 'ière', 'ar@@', 'c@@', 'tique', 'comme', 'le', 'co@@', 'eur', 'du', 'système', 'cli@@', 'ma@@', 'tique', 'glob@@', 'al', '.', 'On', 'peut', 'voir', 'la', 'cal@@', 'ot@@', 'te', 'gl@@', 'ac@@', 'ière', 'ar@@', 'c@@', 'tique', 'comme', 'le', 'co@@', 'eur', 'du', 'système', 'cli@@', 'ma@@', 'tique', 'glob@@', 'al', '.']
2026-05-13 18:08:47,495 - DEBUG - joeynmt.training - 	Tokenized hypothesis: ['Le', 'c@@', 'tique', 'est', ',', 'dans', 'un', 'sens', ',', 'le', 'c@@', 'a@@', 'p', 'de', 'l&apos;', 'art', 'du', 'système', 'mon@@', 'di@@', 'al', '.', '</s>']
2026-05-13 18:08:47,495 - INFO - joeynmt.training - 	Source:     The arctic ice cap is , in a sense , the beating heart of the global climate system .
2026-05-13 18:08:47,495 - INFO - joeynmt.training - 	Reference:  On peut voir la calotte glacière arctique comme le coeur du système climatique global . On peut voir la calotte glacière arctique comme le coeur du système climatique global .
2026-05-13 18:08:47,495 - INFO - joeynmt.training - 	Hypothesis: Le ctique est , dans un sens , le cap de l&apos; art du système mondial .
2026-05-13 18:08:47,495 - INFO - joeynmt.training - Example #3
2026-05-13 18:08:47,495 - DEBUG - joeynmt.training - 	Tokenized source:     ['It', 'exp@@', 'ands', 'in', 'w@@', 'int@@', 'er', 'and', 'contr@@', 'ac@@', 'ts', 'in', 'su@@', 'm@@', 'mer', '.']
2026-05-13 18:08:47,495 - DEBUG - joeynmt.training - 	Tokenized reference:  ['Elle', 's&apos;', 'ét@@', 'end', 'en', 'hi@@', 'ver', 'et', 'se', 'contr@@', 'ac@@', 'te', 'en', 'été', '.']
2026-05-13 18:08:47,495 - DEBUG - joeynmt.training - 	Tokenized hypothesis: ['Il', 's&apos;', 'att@@', 'end@@', 'ent', 'à', 'l&apos;', 'int@@', 'er', 'et', 'contr@@', 'ac@@', 'ts', 'dans', 'l&apos;', 'été', '.', '</s>']
2026-05-13 18:08:47,496 - INFO - joeynmt.training - 	Source:     It expands in winter and contracts in summer .
2026-05-13 18:08:47,496 - INFO - joeynmt.training - 	Reference:  Elle s&apos; étend en hiver et se contracte en été .
2026-05-13 18:08:47,496 - INFO - joeynmt.training - 	Hypothesis: Il s&apos; attendent à l&apos; inter et contracts dans l&apos; été .
2026-05-13 18:08:47,496 - INFO - joeynmt.training - Example #4
2026-05-13 18:08:47,496 - DEBUG - joeynmt.training - 	Tokenized source:     ['The', 'next', 's@@', 'li@@', 'de', 'I', 'show', 'you', 'will', 'be', 'a', 'rap@@', 'id', 'fas@@', 't-@@', 'for@@', 'w@@', 'ard', 'of', 'what', '&apos;s', 'happen@@', 'ed', 'over', 'the', 'last', '2@@', '5', 'years', '.']
2026-05-13 18:08:47,496 - DEBUG - joeynmt.training - 	Tokenized reference:  ['La', 'pro@@', 'ch@@', 'aine', 'di@@', 'apos@@', 'iti@@', 've', 'que', 'je', 'vais', 'vous', 'montrer', 'est', 'une', 'v@@', 'ue', 'en', 'acc@@', 'él@@', 'ér@@', 'é', 'de', 'ce', 'qui', 's&apos;', 'est', 'passé', 'ces', '2@@', '5', 'derni@@', 'ères', 'années', '.']
2026-05-13 18:08:47,496 - DEBUG - joeynmt.training - 	Tokenized hypothesis: ['La', 'pro@@', 'ch@@', 'aine', 'di@@', 'apos@@', 'iti@@', 've', 'que', 'vous', 'ser@@', 'ez', 'un', 'rap@@', 'ide', 'rap@@', 'ide', 'plus', 'rap@@', 'ide', 'de', 'ce', 'qui', 'est', 'arriv@@', 'é', 'sur', 'les', '2@@', '5', 'derni@@', 'ères', 'années', '.', '</s>']
2026-05-13 18:08:47,496 - INFO - joeynmt.training - 	Source:     The next slide I show you will be a rapid fast-forward of what &apos;s happened over the last 25 years .
2026-05-13 18:08:47,496 - INFO - joeynmt.training - 	Reference:  La prochaine diapositive que je vais vous montrer est une vue en accéléré de ce qui s&apos; est passé ces 25 dernières années .
2026-05-13 18:08:47,496 - INFO - joeynmt.training - 	Hypothesis: La prochaine diapositive que vous serez un rapide rapide plus rapide de ce qui est arrivé sur les 25 dernières années .
2026-05-13 18:08:58,156 - INFO - joeynmt.training - Epoch   4, Step:    14100, Batch Loss:     1.301345, Batch Acc: 0.609426, Tokens per Sec:     7264, Lr: 0.000300
2026-05-13 18:09:08,738 - INFO - joeynmt.training - Epoch   4, Step:    14200, Batch Loss:     1.258193, Batch Acc: 0.601528, Tokens per Sec:     7386, Lr: 0.000300
2026-05-13 18:09:19,403 - INFO - joeynmt.training - Epoch   4, Step:    14300, Batch Loss:     1.324872, Batch Acc: 0.602825, Tokens per Sec:     7415, Lr: 0.000300
2026-05-13 18:09:29,618 - INFO - joeynmt.training - Epoch   4, Step:    14400, Batch Loss:     1.517680, Batch Acc: 0.607583, Tokens per Sec:     7624, Lr: 0.000300
2026-05-13 18:09:40,362 - INFO - joeynmt.training - Epoch   4, Step:    14500, Batch Loss:     1.527744, Batch Acc: 0.600263, Tokens per Sec:     7369, Lr: 0.000300
2026-05-13 18:09:40,362 - WARNING - joeynmt.helpers - `alpha` option is obsolete. Please use `beam_alpha`, instead.
2026-05-13 18:09:40,362 - INFO - joeynmt.prediction - Predicting 890 example(s)... (Greedy decoding with min_output_length=1, max_output_length=-1, return_prob='none', generate_unk=True, repetition_penalty=-1, no_repeat_ngram_size=-1)
2026-05-13 18:10:16,253 - INFO - joeynmt.prediction - Evaluation result (greedy) loss:   1.55, ppl:   4.72, acc:   0.55, generation: 35.8851[sec], evaluation: 0.0000[sec]
2026-05-13 18:10:16,304 - INFO - joeynmt.helpers - delete models/bpe_2k/12000.ckpt
2026-05-13 18:10:16,304 - INFO - joeynmt.training - Example #0
2026-05-13 18:10:16,304 - DEBUG - joeynmt.training - 	Tokenized source:     ['L@@', 'ast', 'year', 'I', 'sho@@', 'w@@', 'ed', 'these', 'two', 's@@', 'li@@', 'des', 'so', 'that', 'dem@@', 'on@@', 'str@@', 'ate', 'that', 'the', 'ar@@', 'c@@', 'tic', 'ice', 'c@@', 'a@@', 'p', ',', 'which', 'for', 'most', 'of', 'the', 'last', 'three', 'million', 'years', 'has', 'been', 'the', 'si@@', 'ze', 'of', 'the', 'lo@@', 'wer', '4@@', '8', 'st@@', 'ates', ',', 'has', 'sh@@', 'r@@', 'un@@', 'k', 'by', '4@@', '0', 'percent', '.']
2026-05-13 18:10:16,304 - DEBUG - joeynmt.training - 	Tokenized reference:  ['L&apos;', 'année', 'derni@@', 'ère', ',', 'je', 'vous', 'ai', 'présent@@', 'é', 'ces', 'deux', 'di@@', 'apos@@', 'iti@@', 'ves', 'qui', 'montr@@', 'aient', 'que', 'la', 'cal@@', 'ot@@', 'te', 'gl@@', 'ac@@', 'ière', 'ar@@', 'c@@', 'tique', ',', 'qui', 'pendant', 'ces', '3', 'derni@@', 'ers', 'millions', 'd&apos;', 'année', 'avait', 'la', 't@@', 'ail@@', 'le', 'des', 'E@@', 'tat@@', 's-@@', 'Un@@', 'is', 'sans', 'l&apos;', 'Al@@', 'as@@', 'k@@', 'a', ',', 'qui', 'pendant', 'ces', '3', 'derni@@', 'ers', 'millions', 'd&apos;', 'année', 'avait', 'la', 't@@', 'ail@@', 'le', 'des', 'E@@', 'tat@@', 's-@@', 'Un@@', 'is', 'sans', 'l&apos;', 'Al@@', 'as@@', 'k@@', 'a', ',', 'avait', 'di@@', 'minu@@', 'é', 'de', '4@@', '0', '%', '.']
2026-05-13 18:10:16,304 - DEBUG - joeynmt.training - 	Tokenized hypothesis: ['L&apos;', 'année', 'derni@@', 'ère', 'j&apos;', 'ai', 'montr@@', 'é', 'ces', 'deux', 'di@@', 'a@@', 'po@@', 's', 'de', 't@@', 'ellement', 'que', 'la', 'gl@@', 'ace', 'ar@@', 'c@@', 'tique', ',', 'qui', 'pendant', 'la', 'plu@@', 'part', 'des', 'trois', 'millions', 'd&apos;', 'années', 'a', 'été', 'la', 't@@', 'ail@@', 'le', 'de', '4@@', '0', 'derni@@', 'ères', 'années', 'a', 'été', 'la', 't@@', 'ail@@', 'le', 'de', '4@@', '0', '%', '.', '</s>']
2026-05-13 18:10:16,305 - INFO - joeynmt.training - 	Source:     Last year I showed these two slides so that demonstrate that the arctic ice cap , which for most of the last three million years has been the size of the lower 48 states , has shrunk by 40 percent .
2026-05-13 18:10:16,305 - INFO - joeynmt.training - 	Reference:  L&apos; année dernière , je vous ai présenté ces deux diapositives qui montraient que la calotte glacière arctique , qui pendant ces 3 derniers millions d&apos; année avait la taille des Etats-Unis sans l&apos; Alaska , qui pendant ces 3 derniers millions d&apos; année avait la taille des Etats-Unis sans l&apos; Alaska , avait diminué de 40 % .
2026-05-13 18:10:16,305 - INFO - joeynmt.training - 	Hypothesis: L&apos; année dernière j&apos; ai montré ces deux diapos de tellement que la glace arctique , qui pendant la plupart des trois millions d&apos; années a été la taille de 40 dernières années a été la taille de 40 % .
2026-05-13 18:10:16,305 - INFO - joeynmt.training - Example #1
2026-05-13 18:10:16,305 - DEBUG - joeynmt.training - 	Tokenized source:     ['But', 'this', 'underst@@', 'ates', 'the', 'ser@@', 'i@@', 'ous@@', 'ness', 'of', 'this', 'partic@@', 'ul@@', 'ar', 'problem', 'because', 'it', 'doesn', '&apos;t', 'show', 'the', 'th@@', 'ick@@', 'ness', 'of', 'the', 'ice', '.']
2026-05-13 18:10:16,305 - DEBUG - joeynmt.training - 	Tokenized reference:  ['Mais', 'ceci', 'ten@@', 'd', 'à', 'a@@', 'mo@@', 'ind@@', 'rir', 'le', 'problème', 'parce', 'qu&apos;', 'on', 'ne', 'vo@@', 'it', 'pas', 'l&apos;', 'é@@', 'p@@', 'aiss@@', 'eur', 'de', 'la', 'gl@@', 'ace', '.']
2026-05-13 18:10:16,305 - DEBUG - joeynmt.training - 	Tokenized hypothesis: ['Mais', 'cette', 'com@@', 'pr@@', 'end', 'la', 's@@', 'éri@@', 'eu@@', 's@@', 'ité', 'de', 'cette', 's@@', 'éri@@', 'o@@', 'de', 'parce', 'que', 'ça', 'ne', 'mon@@', 'tre', 'pas', 'le', 'pou@@', 'voir', '.', '</s>']
2026-05-13 18:10:16,305 - INFO - joeynmt.training - 	Source:     But this understates the seriousness of this particular problem because it doesn &apos;t show the thickness of the ice .
2026-05-13 18:10:16,305 - INFO - joeynmt.training - 	Reference:  Mais ceci tend à amoindrir le problème parce qu&apos; on ne voit pas l&apos; épaisseur de la glace .
2026-05-13 18:10:16,305 - INFO - joeynmt.training - 	Hypothesis: Mais cette comprend la sérieusité de cette sériode parce que ça ne montre pas le pouvoir .
2026-05-13 18:10:16,305 - INFO - joeynmt.training - Example #2
2026-05-13 18:10:16,305 - DEBUG - joeynmt.training - 	Tokenized source:     ['The', 'ar@@', 'c@@', 'tic', 'ice', 'c@@', 'a@@', 'p', 'is', ',', 'in', 'a', 'sense', ',', 'the', 'be@@', 'ating', 'he@@', 'art', 'of', 'the', 'glob@@', 'al', 'cli@@', 'm@@', 'ate', 'system', '.']
2026-05-13 18:10:16,305 - DEBUG - joeynmt.training - 	Tokenized reference:  ['On', 'peut', 'voir', 'la', 'cal@@', 'ot@@', 'te', 'gl@@', 'ac@@', 'ière', 'ar@@', 'c@@', 'tique', 'comme', 'le', 'co@@', 'eur', 'du', 'système', 'cli@@', 'ma@@', 'tique', 'glob@@', 'al', '.', 'On', 'peut', 'voir', 'la', 'cal@@', 'ot@@', 'te', 'gl@@', 'ac@@', 'ière', 'ar@@', 'c@@', 'tique', 'comme', 'le', 'co@@', 'eur', 'du', 'système', 'cli@@', 'ma@@', 'tique', 'glob@@', 'al', '.']
2026-05-13 18:10:16,305 - DEBUG - joeynmt.training - 	Tokenized hypothesis: ['Le', 'c@@', 'a@@', 'p', 'de', 'gl@@', 'ace', 'est', ',', 'dans', 'un', 'sens', ',', 'le', 'co@@', 'eur', 'du', 'système', 'cli@@', 'm@@', 'at', 'mon@@', 'di@@', 'al', '.', '</s>']
2026-05-13 18:10:16,305 - INFO - joeynmt.training - 	Source:     The arctic ice cap is , in a sense , the beating heart of the global climate system .
2026-05-13 18:10:16,305 - INFO - joeynmt.training - 	Reference:  On peut voir la calotte glacière arctique comme le coeur du système climatique global . On peut voir la calotte glacière arctique comme le coeur du système climatique global .
2026-05-13 18:10:16,305 - INFO - joeynmt.training - 	Hypothesis: Le cap de glace est , dans un sens , le coeur du système climat mondial .
2026-05-13 18:10:16,305 - INFO - joeynmt.training - Example #3
2026-05-13 18:10:16,305 - DEBUG - joeynmt.training - 	Tokenized source:     ['It', 'exp@@', 'ands', 'in', 'w@@', 'int@@', 'er', 'and', 'contr@@', 'ac@@', 'ts', 'in', 'su@@', 'm@@', 'mer', '.']
2026-05-13 18:10:16,305 - DEBUG - joeynmt.training - 	Tokenized reference:  ['Elle', 's&apos;', 'ét@@', 'end', 'en', 'hi@@', 'ver', 'et', 'se', 'contr@@', 'ac@@', 'te', 'en', 'été', '.']
2026-05-13 18:10:16,305 - DEBUG - joeynmt.training - 	Tokenized hypothesis: ['Il', 's&apos;', 'att@@', 'end@@', 'ent', 'en', 'hi@@', 'ver', 'et', 'des', 'contr@@', 'ac@@', 'ts', 'en', 'été', '.', '</s>']
2026-05-13 18:10:16,305 - INFO - joeynmt.training - 	Source:     It expands in winter and contracts in summer .
2026-05-13 18:10:16,305 - INFO - joeynmt.training - 	Reference:  Elle s&apos; étend en hiver et se contracte en été .
2026-05-13 18:10:16,305 - INFO - joeynmt.training - 	Hypothesis: Il s&apos; attendent en hiver et des contracts en été .
2026-05-13 18:10:16,305 - INFO - joeynmt.training - Example #4
2026-05-13 18:10:16,305 - DEBUG - joeynmt.training - 	Tokenized source:     ['The', 'next', 's@@', 'li@@', 'de', 'I', 'show', 'you', 'will', 'be', 'a', 'rap@@', 'id', 'fas@@', 't-@@', 'for@@', 'w@@', 'ard', 'of', 'what', '&apos;s', 'happen@@', 'ed', 'over', 'the', 'last', '2@@', '5', 'years', '.']
2026-05-13 18:10:16,305 - DEBUG - joeynmt.training - 	Tokenized reference:  ['La', 'pro@@', 'ch@@', 'aine', 'di@@', 'apos@@', 'iti@@', 've', 'que', 'je', 'vais', 'vous', 'montrer', 'est', 'une', 'v@@', 'ue', 'en', 'acc@@', 'él@@', 'ér@@', 'é', 'de', 'ce', 'qui', 's&apos;', 'est', 'passé', 'ces', '2@@', '5', 'derni@@', 'ères', 'années', '.']
2026-05-13 18:10:16,305 - DEBUG - joeynmt.training - 	Tokenized hypothesis: ['Le', 'pro@@', 'ch@@', 'aine', 'di@@', 'apos@@', 'iti@@', 've', 'que', 'je', 'vous', 'mon@@', 'tre', 'un', 'rap@@', 'ide', 'rap@@', 'ide', 'de', 'ce', 'qui', 'est', 'arriv@@', 'é', 'au', 'cours', 'des', '2@@', '5', 'derni@@', 'ères', 'années', '.', '</s>']
2026-05-13 18:10:16,305 - INFO - joeynmt.training - 	Source:     The next slide I show you will be a rapid fast-forward of what &apos;s happened over the last 25 years .
2026-05-13 18:10:16,305 - INFO - joeynmt.training - 	Reference:  La prochaine diapositive que je vais vous montrer est une vue en accéléré de ce qui s&apos; est passé ces 25 dernières années .
2026-05-13 18:10:16,305 - INFO - joeynmt.training - 	Hypothesis: Le prochaine diapositive que je vous montre un rapide rapide de ce qui est arrivé au cours des 25 dernières années .
2026-05-13 18:10:27,572 - INFO - joeynmt.training - Epoch   4, Step:    14600, Batch Loss:     1.306465, Batch Acc: 0.608459, Tokens per Sec:     6969, Lr: 0.000300
2026-05-13 18:10:38,302 - INFO - joeynmt.training - Epoch   4, Step:    14700, Batch Loss:     1.320371, Batch Acc: 0.606518, Tokens per Sec:     7324, Lr: 0.000300
2026-05-13 18:10:49,158 - INFO - joeynmt.training - Epoch   4, Step:    14800, Batch Loss:     1.329653, Batch Acc: 0.607332, Tokens per Sec:     7367, Lr: 0.000300
2026-05-13 18:10:59,765 - INFO - joeynmt.training - Epoch   4, Step:    14900, Batch Loss:     1.251522, Batch Acc: 0.609917, Tokens per Sec:     7381, Lr: 0.000300
2026-05-13 18:11:10,567 - INFO - joeynmt.training - Epoch   4, Step:    15000, Batch Loss:     1.353344, Batch Acc: 0.606014, Tokens per Sec:     7229, Lr: 0.000300
2026-05-13 18:11:10,567 - WARNING - joeynmt.helpers - `alpha` option is obsolete. Please use `beam_alpha`, instead.
2026-05-13 18:11:10,567 - INFO - joeynmt.prediction - Predicting 890 example(s)... (Greedy decoding with min_output_length=1, max_output_length=-1, return_prob='none', generate_unk=True, repetition_penalty=-1, no_repeat_ngram_size=-1)
2026-05-13 18:11:50,657 - INFO - joeynmt.prediction - Evaluation result (greedy) loss:   1.55, ppl:   4.69, acc:   0.55, generation: 40.0843[sec], evaluation: 0.0000[sec]
2026-05-13 18:11:50,658 - INFO - joeynmt.training - Hooray! New best validation result [ppl]!
2026-05-13 18:11:50,707 - INFO - joeynmt.helpers - delete models/bpe_2k/12500.ckpt
2026-05-13 18:11:50,708 - INFO - joeynmt.training - Example #0
2026-05-13 18:11:50,708 - DEBUG - joeynmt.training - 	Tokenized source:     ['L@@', 'ast', 'year', 'I', 'sho@@', 'w@@', 'ed', 'these', 'two', 's@@', 'li@@', 'des', 'so', 'that', 'dem@@', 'on@@', 'str@@', 'ate', 'that', 'the', 'ar@@', 'c@@', 'tic', 'ice', 'c@@', 'a@@', 'p', ',', 'which', 'for', 'most', 'of', 'the', 'last', 'three', 'million', 'years', 'has', 'been', 'the', 'si@@', 'ze', 'of', 'the', 'lo@@', 'wer', '4@@', '8', 'st@@', 'ates', ',', 'has', 'sh@@', 'r@@', 'un@@', 'k', 'by', '4@@', '0', 'percent', '.']
2026-05-13 18:11:50,708 - DEBUG - joeynmt.training - 	Tokenized reference:  ['L&apos;', 'année', 'derni@@', 'ère', ',', 'je', 'vous', 'ai', 'présent@@', 'é', 'ces', 'deux', 'di@@', 'apos@@', 'iti@@', 'ves', 'qui', 'montr@@', 'aient', 'que', 'la', 'cal@@', 'ot@@', 'te', 'gl@@', 'ac@@', 'ière', 'ar@@', 'c@@', 'tique', ',', 'qui', 'pendant', 'ces', '3', 'derni@@', 'ers', 'millions', 'd&apos;', 'année', 'avait', 'la', 't@@', 'ail@@', 'le', 'des', 'E@@', 'tat@@', 's-@@', 'Un@@', 'is', 'sans', 'l&apos;', 'Al@@', 'as@@', 'k@@', 'a', ',', 'qui', 'pendant', 'ces', '3', 'derni@@', 'ers', 'millions', 'd&apos;', 'année', 'avait', 'la', 't@@', 'ail@@', 'le', 'des', 'E@@', 'tat@@', 's-@@', 'Un@@', 'is', 'sans', 'l&apos;', 'Al@@', 'as@@', 'k@@', 'a', ',', 'avait', 'di@@', 'minu@@', 'é', 'de', '4@@', '0', '%', '.']
2026-05-13 18:11:50,708 - DEBUG - joeynmt.training - 	Tokenized hypothesis: ['L&apos;', 'année', 'derni@@', 'ère', ',', 'j&apos;', 'ai', 'montr@@', 'é', 'ces', 'deux', 's@@', 'a@@', 'po@@', 's', 'de', 'dé@@', 'mon@@', 'str@@', 'ation', 'que', 'la', 'gl@@', 'ace', 'ar@@', 'c@@', 'tique', ',', 'qui', 'pendant', 'la', 'plu@@', 'part', 'des', 'trois', 'millions', 'd&apos;', 'années', 'ont', 'été', 'la', 't@@', 'ail@@', 'le', 'de', 'la', 't@@', 'ail@@', 'le', 'de', 'la', 't@@', 'ail@@', 'le', 'de', 'la', 't@@', 'ail@@', 'le', 'de', '4@@', '0', '%', '.', '</s>']
2026-05-13 18:11:50,708 - INFO - joeynmt.training - 	Source:     Last year I showed these two slides so that demonstrate that the arctic ice cap , which for most of the last three million years has been the size of the lower 48 states , has shrunk by 40 percent .
2026-05-13 18:11:50,708 - INFO - joeynmt.training - 	Reference:  L&apos; année dernière , je vous ai présenté ces deux diapositives qui montraient que la calotte glacière arctique , qui pendant ces 3 derniers millions d&apos; année avait la taille des Etats-Unis sans l&apos; Alaska , qui pendant ces 3 derniers millions d&apos; année avait la taille des Etats-Unis sans l&apos; Alaska , avait diminué de 40 % .
2026-05-13 18:11:50,708 - INFO - joeynmt.training - 	Hypothesis: L&apos; année dernière , j&apos; ai montré ces deux sapos de démonstration que la glace arctique , qui pendant la plupart des trois millions d&apos; années ont été la taille de la taille de la taille de la taille de 40 % .
2026-05-13 18:11:50,708 - INFO - joeynmt.training - Example #1
2026-05-13 18:11:50,708 - DEBUG - joeynmt.training - 	Tokenized source:     ['But', 'this', 'underst@@', 'ates', 'the', 'ser@@', 'i@@', 'ous@@', 'ness', 'of', 'this', 'partic@@', 'ul@@', 'ar', 'problem', 'because', 'it', 'doesn', '&apos;t', 'show', 'the', 'th@@', 'ick@@', 'ness', 'of', 'the', 'ice', '.']
2026-05-13 18:11:50,708 - DEBUG - joeynmt.training - 	Tokenized reference:  ['Mais', 'ceci', 'ten@@', 'd', 'à', 'a@@', 'mo@@', 'ind@@', 'rir', 'le', 'problème', 'parce', 'qu&apos;', 'on', 'ne', 'vo@@', 'it', 'pas', 'l&apos;', 'é@@', 'p@@', 'aiss@@', 'eur', 'de', 'la', 'gl@@', 'ace', '.']
2026-05-13 18:11:50,708 - DEBUG - joeynmt.training - 	Tokenized hypothesis: ['Mais', 'cette', 'com@@', 'pr@@', 'ét@@', 'ant', 'la', 's@@', 'éri@@', 'eu@@', 's@@', 'ité', 'de', 'ce', 'problème', 'parce', 'qu&apos;', 'il', 'ne', 'montr@@', 'ait', 'pas', 'la', 'gl@@', 'ace', 'de', 'la', 'gl@@', 'ace', '.', '</s>']
2026-05-13 18:11:50,708 - INFO - joeynmt.training - 	Source:     But this understates the seriousness of this particular problem because it doesn &apos;t show the thickness of the ice .
2026-05-13 18:11:50,708 - INFO - joeynmt.training - 	Reference:  Mais ceci tend à amoindrir le problème parce qu&apos; on ne voit pas l&apos; épaisseur de la glace .
2026-05-13 18:11:50,708 - INFO - joeynmt.training - 	Hypothesis: Mais cette comprétant la sérieusité de ce problème parce qu&apos; il ne montrait pas la glace de la glace .
2026-05-13 18:11:50,708 - INFO - joeynmt.training - Example #2
2026-05-13 18:11:50,708 - DEBUG - joeynmt.training - 	Tokenized source:     ['The', 'ar@@', 'c@@', 'tic', 'ice', 'c@@', 'a@@', 'p', 'is', ',', 'in', 'a', 'sense', ',', 'the', 'be@@', 'ating', 'he@@', 'art', 'of', 'the', 'glob@@', 'al', 'cli@@', 'm@@', 'ate', 'system', '.']
2026-05-13 18:11:50,708 - DEBUG - joeynmt.training - 	Tokenized reference:  ['On', 'peut', 'voir', 'la', 'cal@@', 'ot@@', 'te', 'gl@@', 'ac@@', 'ière', 'ar@@', 'c@@', 'tique', 'comme', 'le', 'co@@', 'eur', 'du', 'système', 'cli@@', 'ma@@', 'tique', 'glob@@', 'al', '.', 'On', 'peut', 'voir', 'la', 'cal@@', 'ot@@', 'te', 'gl@@', 'ac@@', 'ière', 'ar@@', 'c@@', 'tique', 'comme', 'le', 'co@@', 'eur', 'du', 'système', 'cli@@', 'ma@@', 'tique', 'glob@@', 'al', '.']
2026-05-13 18:11:50,708 - DEBUG - joeynmt.training - 	Tokenized hypothesis: ['Le', 'c@@', 'a@@', 'po@@', 'nd', 'est', ',', 'dans', 'un', 'sens', ',', 'le', 'c@@', 'a@@', 'que', ',', 'le', 'c@@', 'œ@@', 'u@@', 'r', 'du', 'système', 'cli@@', 'm@@', 'at', 'glob@@', 'al', '.', '</s>']
2026-05-13 18:11:50,708 - INFO - joeynmt.training - 	Source:     The arctic ice cap is , in a sense , the beating heart of the global climate system .
2026-05-13 18:11:50,708 - INFO - joeynmt.training - 	Reference:  On peut voir la calotte glacière arctique comme le coeur du système climatique global . On peut voir la calotte glacière arctique comme le coeur du système climatique global .
2026-05-13 18:11:50,708 - INFO - joeynmt.training - 	Hypothesis: Le capond est , dans un sens , le caque , le cœur du système climat global .
2026-05-13 18:11:50,708 - INFO - joeynmt.training - Example #3
2026-05-13 18:11:50,708 - DEBUG - joeynmt.training - 	Tokenized source:     ['It', 'exp@@', 'ands', 'in', 'w@@', 'int@@', 'er', 'and', 'contr@@', 'ac@@', 'ts', 'in', 'su@@', 'm@@', 'mer', '.']
2026-05-13 18:11:50,708 - DEBUG - joeynmt.training - 	Tokenized reference:  ['Elle', 's&apos;', 'ét@@', 'end', 'en', 'hi@@', 'ver', 'et', 'se', 'contr@@', 'ac@@', 'te', 'en', 'été', '.']
2026-05-13 18:11:50,708 - DEBUG - joeynmt.training - 	Tokenized hypothesis: ['Il', 's&apos;', 'ag@@', 'it', 'de', 'ma@@', 'ins', 'et', 'contr@@', 'ac@@', 'ts', 'en', 'été', '.', '</s>']
2026-05-13 18:11:50,709 - INFO - joeynmt.training - 	Source:     It expands in winter and contracts in summer .
2026-05-13 18:11:50,709 - INFO - joeynmt.training - 	Reference:  Elle s&apos; étend en hiver et se contracte en été .
2026-05-13 18:11:50,709 - INFO - joeynmt.training - 	Hypothesis: Il s&apos; agit de mains et contracts en été .
2026-05-13 18:11:50,709 - INFO - joeynmt.training - Example #4
2026-05-13 18:11:50,709 - DEBUG - joeynmt.training - 	Tokenized source:     ['The', 'next', 's@@', 'li@@', 'de', 'I', 'show', 'you', 'will', 'be', 'a', 'rap@@', 'id', 'fas@@', 't-@@', 'for@@', 'w@@', 'ard', 'of', 'what', '&apos;s', 'happen@@', 'ed', 'over', 'the', 'last', '2@@', '5', 'years', '.']
2026-05-13 18:11:50,709 - DEBUG - joeynmt.training - 	Tokenized reference:  ['La', 'pro@@', 'ch@@', 'aine', 'di@@', 'apos@@', 'iti@@', 've', 'que', 'je', 'vais', 'vous', 'montrer', 'est', 'une', 'v@@', 'ue', 'en', 'acc@@', 'él@@', 'ér@@', 'é', 'de', 'ce', 'qui', 's&apos;', 'est', 'passé', 'ces', '2@@', '5', 'derni@@', 'ères', 'années', '.']
2026-05-13 18:11:50,709 - DEBUG - joeynmt.training - 	Tokenized hypothesis: ['La', 'pro@@', 'ch@@', 'aine', 'pro@@', 'ch@@', 'aine', 's@@', 'li@@', 'de', 'que', 'je', 'vous', 'mon@@', 'tre', 'que', 'vous', 'ser@@', 'ez', 'un', 'rap@@', 'ide', 'rap@@', 'ide', 'de', 'ce', 'qui', 's&apos;', 'est', 'passé', 'au', 'cours', 'des', '2@@', '5', 'ans', '.', '</s>']
2026-05-13 18:11:50,709 - INFO - joeynmt.training - 	Source:     The next slide I show you will be a rapid fast-forward of what &apos;s happened over the last 25 years .
2026-05-13 18:11:50,709 - INFO - joeynmt.training - 	Reference:  La prochaine diapositive que je vais vous montrer est une vue en accéléré de ce qui s&apos; est passé ces 25 dernières années .
2026-05-13 18:11:50,709 - INFO - joeynmt.training - 	Hypothesis: La prochaine prochaine slide que je vous montre que vous serez un rapide rapide de ce qui s&apos; est passé au cours des 25 ans .
2026-05-13 18:12:01,273 - INFO - joeynmt.training - Epoch   4, Step:    15100, Batch Loss:     1.213411, Batch Acc: 0.603398, Tokens per Sec:     7257, Lr: 0.000300
2026-05-13 18:12:11,881 - INFO - joeynmt.training - Epoch   4, Step:    15200, Batch Loss:     1.370205, Batch Acc: 0.602467, Tokens per Sec:     7138, Lr: 0.000300
2026-05-13 18:12:22,573 - INFO - joeynmt.training - Epoch   4, Step:    15300, Batch Loss:     1.296448, Batch Acc: 0.609090, Tokens per Sec:     7384, Lr: 0.000300
2026-05-13 18:12:33,063 - INFO - joeynmt.training - Epoch   4, Step:    15400, Batch Loss:     1.294708, Batch Acc: 0.607927, Tokens per Sec:     7487, Lr: 0.000300
2026-05-13 18:12:44,005 - INFO - joeynmt.training - Epoch   4, Step:    15500, Batch Loss:     1.345890, Batch Acc: 0.602676, Tokens per Sec:     7316, Lr: 0.000300
2026-05-13 18:12:44,005 - WARNING - joeynmt.helpers - `alpha` option is obsolete. Please use `beam_alpha`, instead.
2026-05-13 18:12:44,005 - INFO - joeynmt.prediction - Predicting 890 example(s)... (Greedy decoding with min_output_length=1, max_output_length=-1, return_prob='none', generate_unk=True, repetition_penalty=-1, no_repeat_ngram_size=-1)
2026-05-13 18:13:19,685 - INFO - joeynmt.prediction - Evaluation result (greedy) loss:   1.54, ppl:   4.64, acc:   0.56, generation: 35.6742[sec], evaluation: 0.0000[sec]
2026-05-13 18:13:19,685 - INFO - joeynmt.training - Hooray! New best validation result [ppl]!
2026-05-13 18:13:19,736 - INFO - joeynmt.helpers - delete models/bpe_2k/13000.ckpt
2026-05-13 18:13:19,736 - INFO - joeynmt.training - Example #0
2026-05-13 18:13:19,737 - DEBUG - joeynmt.training - 	Tokenized source:     ['L@@', 'ast', 'year', 'I', 'sho@@', 'w@@', 'ed', 'these', 'two', 's@@', 'li@@', 'des', 'so', 'that', 'dem@@', 'on@@', 'str@@', 'ate', 'that', 'the', 'ar@@', 'c@@', 'tic', 'ice', 'c@@', 'a@@', 'p', ',', 'which', 'for', 'most', 'of', 'the', 'last', 'three', 'million', 'years', 'has', 'been', 'the', 'si@@', 'ze', 'of', 'the', 'lo@@', 'wer', '4@@', '8', 'st@@', 'ates', ',', 'has', 'sh@@', 'r@@', 'un@@', 'k', 'by', '4@@', '0', 'percent', '.']
2026-05-13 18:13:19,737 - DEBUG - joeynmt.training - 	Tokenized reference:  ['L&apos;', 'année', 'derni@@', 'ère', ',', 'je', 'vous', 'ai', 'présent@@', 'é', 'ces', 'deux', 'di@@', 'apos@@', 'iti@@', 'ves', 'qui', 'montr@@', 'aient', 'que', 'la', 'cal@@', 'ot@@', 'te', 'gl@@', 'ac@@', 'ière', 'ar@@', 'c@@', 'tique', ',', 'qui', 'pendant', 'ces', '3', 'derni@@', 'ers', 'millions', 'd&apos;', 'année', 'avait', 'la', 't@@', 'ail@@', 'le', 'des', 'E@@', 'tat@@', 's-@@', 'Un@@', 'is', 'sans', 'l&apos;', 'Al@@', 'as@@', 'k@@', 'a', ',', 'qui', 'pendant', 'ces', '3', 'derni@@', 'ers', 'millions', 'd&apos;', 'année', 'avait', 'la', 't@@', 'ail@@', 'le', 'des', 'E@@', 'tat@@', 's-@@', 'Un@@', 'is', 'sans', 'l&apos;', 'Al@@', 'as@@', 'k@@', 'a', ',', 'avait', 'di@@', 'minu@@', 'é', 'de', '4@@', '0', '%', '.']
2026-05-13 18:13:19,737 - DEBUG - joeynmt.training - 	Tokenized hypothesis: ['L&apos;', 'année', 'derni@@', 'ère', ',', 'j&apos;', 'ai', 'montr@@', 'é', 'ces', 'deux', 'di@@', 'a@@', 'po@@', 's', 'de', 't@@', 'elle', 'que', 'la', 'gl@@', 'ace', 'ar@@', 'c@@', 'tique', ',', 'qui', 'pendant', 'la', 'plu@@', 'part', 'des', 'trois', 'millions', 'd&apos;', 'années', 'ont', 'été', 'la', 't@@', 'ail@@', 'le', 'de', 'plus', 'de', '4@@', '0', '%', '.', '</s>']
2026-05-13 18:13:19,737 - INFO - joeynmt.training - 	Source:     Last year I showed these two slides so that demonstrate that the arctic ice cap , which for most of the last three million years has been the size of the lower 48 states , has shrunk by 40 percent .
2026-05-13 18:13:19,737 - INFO - joeynmt.training - 	Reference:  L&apos; année dernière , je vous ai présenté ces deux diapositives qui montraient que la calotte glacière arctique , qui pendant ces 3 derniers millions d&apos; année avait la taille des Etats-Unis sans l&apos; Alaska , qui pendant ces 3 derniers millions d&apos; année avait la taille des Etats-Unis sans l&apos; Alaska , avait diminué de 40 % .
2026-05-13 18:13:19,737 - INFO - joeynmt.training - 	Hypothesis: L&apos; année dernière , j&apos; ai montré ces deux diapos de telle que la glace arctique , qui pendant la plupart des trois millions d&apos; années ont été la taille de plus de 40 % .
2026-05-13 18:13:19,737 - INFO - joeynmt.training - Example #1
2026-05-13 18:13:19,737 - DEBUG - joeynmt.training - 	Tokenized source:     ['But', 'this', 'underst@@', 'ates', 'the', 'ser@@', 'i@@', 'ous@@', 'ness', 'of', 'this', 'partic@@', 'ul@@', 'ar', 'problem', 'because', 'it', 'doesn', '&apos;t', 'show', 'the', 'th@@', 'ick@@', 'ness', 'of', 'the', 'ice', '.']
2026-05-13 18:13:19,737 - DEBUG - joeynmt.training - 	Tokenized reference:  ['Mais', 'ceci', 'ten@@', 'd', 'à', 'a@@', 'mo@@', 'ind@@', 'rir', 'le', 'problème', 'parce', 'qu&apos;', 'on', 'ne', 'vo@@', 'it', 'pas', 'l&apos;', 'é@@', 'p@@', 'aiss@@', 'eur', 'de', 'la', 'gl@@', 'ace', '.']
2026-05-13 18:13:19,737 - DEBUG - joeynmt.training - 	Tokenized hypothesis: ['Mais', 'cette', 'com@@', 'pr@@', 'ati@@', 'que', 'de', 'ce', 'problème', 'particu@@', 'li@@', 'er', 'parce', 'que', 'ça', 'ne', 'montr@@', 'ent', 'pas', 'la', 'vie', 'de', 'la', 'gl@@', 'ace', '.', '</s>']
2026-05-13 18:13:19,737 - INFO - joeynmt.training - 	Source:     But this understates the seriousness of this particular problem because it doesn &apos;t show the thickness of the ice .
2026-05-13 18:13:19,737 - INFO - joeynmt.training - 	Reference:  Mais ceci tend à amoindrir le problème parce qu&apos; on ne voit pas l&apos; épaisseur de la glace .
2026-05-13 18:13:19,737 - INFO - joeynmt.training - 	Hypothesis: Mais cette compratique de ce problème particulier parce que ça ne montrent pas la vie de la glace .
2026-05-13 18:13:19,737 - INFO - joeynmt.training - Example #2
2026-05-13 18:13:19,737 - DEBUG - joeynmt.training - 	Tokenized source:     ['The', 'ar@@', 'c@@', 'tic', 'ice', 'c@@', 'a@@', 'p', 'is', ',', 'in', 'a', 'sense', ',', 'the', 'be@@', 'ating', 'he@@', 'art', 'of', 'the', 'glob@@', 'al', 'cli@@', 'm@@', 'ate', 'system', '.']
2026-05-13 18:13:19,737 - DEBUG - joeynmt.training - 	Tokenized reference:  ['On', 'peut', 'voir', 'la', 'cal@@', 'ot@@', 'te', 'gl@@', 'ac@@', 'ière', 'ar@@', 'c@@', 'tique', 'comme', 'le', 'co@@', 'eur', 'du', 'système', 'cli@@', 'ma@@', 'tique', 'glob@@', 'al', '.', 'On', 'peut', 'voir', 'la', 'cal@@', 'ot@@', 'te', 'gl@@', 'ac@@', 'ière', 'ar@@', 'c@@', 'tique', 'comme', 'le', 'co@@', 'eur', 'du', 'système', 'cli@@', 'ma@@', 'tique', 'glob@@', 'al', '.']
2026-05-13 18:13:19,737 - DEBUG - joeynmt.training - 	Tokenized hypothesis: ['La', 'vo@@', 'ix', 'ar@@', 'c@@', 'tique', 'est', ',', 'dans', 'un', 'sens', ',', 'le', 'système', 'de', 'la', 'b@@', 'elle', 'du', 'système', 'cli@@', 'm@@', 'at', 'glob@@', 'al', '.', '</s>']
2026-05-13 18:13:19,737 - INFO - joeynmt.training - 	Source:     The arctic ice cap is , in a sense , the beating heart of the global climate system .
2026-05-13 18:13:19,737 - INFO - joeynmt.training - 	Reference:  On peut voir la calotte glacière arctique comme le coeur du système climatique global . On peut voir la calotte glacière arctique comme le coeur du système climatique global .
2026-05-13 18:13:19,737 - INFO - joeynmt.training - 	Hypothesis: La voix arctique est , dans un sens , le système de la belle du système climat global .
2026-05-13 18:13:19,737 - INFO - joeynmt.training - Example #3
2026-05-13 18:13:19,737 - DEBUG - joeynmt.training - 	Tokenized source:     ['It', 'exp@@', 'ands', 'in', 'w@@', 'int@@', 'er', 'and', 'contr@@', 'ac@@', 'ts', 'in', 'su@@', 'm@@', 'mer', '.']
2026-05-13 18:13:19,737 - DEBUG - joeynmt.training - 	Tokenized reference:  ['Elle', 's&apos;', 'ét@@', 'end', 'en', 'hi@@', 'ver', 'et', 'se', 'contr@@', 'ac@@', 'te', 'en', 'été', '.']
2026-05-13 18:13:19,737 - DEBUG - joeynmt.training - 	Tokenized hypothesis: ['Il', 's&apos;', 'at@@', 'ten@@', 'd', 'de', 'con@@', 'ten@@', 'tion', 'et', 'des', 'contr@@', 'ac@@', 'ts', 'en', 'été', '.', '</s>']
2026-05-13 18:13:19,737 - INFO - joeynmt.training - 	Source:     It expands in winter and contracts in summer .
2026-05-13 18:13:19,737 - INFO - joeynmt.training - 	Reference:  Elle s&apos; étend en hiver et se contracte en été .
2026-05-13 18:13:19,738 - INFO - joeynmt.training - 	Hypothesis: Il s&apos; attend de contention et des contracts en été .
2026-05-13 18:13:19,738 - INFO - joeynmt.training - Example #4
2026-05-13 18:13:19,738 - DEBUG - joeynmt.training - 	Tokenized source:     ['The', 'next', 's@@', 'li@@', 'de', 'I', 'show', 'you', 'will', 'be', 'a', 'rap@@', 'id', 'fas@@', 't-@@', 'for@@', 'w@@', 'ard', 'of', 'what', '&apos;s', 'happen@@', 'ed', 'over', 'the', 'last', '2@@', '5', 'years', '.']
2026-05-13 18:13:19,738 - DEBUG - joeynmt.training - 	Tokenized reference:  ['La', 'pro@@', 'ch@@', 'aine', 'di@@', 'apos@@', 'iti@@', 've', 'que', 'je', 'vais', 'vous', 'montrer', 'est', 'une', 'v@@', 'ue', 'en', 'acc@@', 'él@@', 'ér@@', 'é', 'de', 'ce', 'qui', 's&apos;', 'est', 'passé', 'ces', '2@@', '5', 'derni@@', 'ères', 'années', '.']
2026-05-13 18:13:19,738 - DEBUG - joeynmt.training - 	Tokenized hypothesis: ['La', 'pro@@', 'ch@@', 'aine', 'di@@', 'apos@@', 'iti@@', 've', 'que', 'je', 'vous', 'mon@@', 'tre', 'un', 'rap@@', 'ide', 'rap@@', 'ide', 'de', 'ce', 'qui', 's&apos;', 'est', 'passé', 'au', 'cours', 'des', '2@@', '5', 'derni@@', 'ères', 'années', '.', '</s>']
2026-05-13 18:13:19,738 - INFO - joeynmt.training - 	Source:     The next slide I show you will be a rapid fast-forward of what &apos;s happened over the last 25 years .
2026-05-13 18:13:19,738 - INFO - joeynmt.training - 	Reference:  La prochaine diapositive que je vais vous montrer est une vue en accéléré de ce qui s&apos; est passé ces 25 dernières années .
2026-05-13 18:13:19,738 - INFO - joeynmt.training - 	Hypothesis: La prochaine diapositive que je vous montre un rapide rapide de ce qui s&apos; est passé au cours des 25 dernières années .
2026-05-13 18:13:30,766 - INFO - joeynmt.training - Epoch   4, Step:    15600, Batch Loss:     1.403364, Batch Acc: 0.607973, Tokens per Sec:     7152, Lr: 0.000300
2026-05-13 18:13:41,851 - INFO - joeynmt.training - Epoch   4, Step:    15700, Batch Loss:     1.439632, Batch Acc: 0.606608, Tokens per Sec:     7187, Lr: 0.000300
2026-05-13 18:13:52,304 - INFO - joeynmt.training - Epoch   4, Step:    15800, Batch Loss:     1.277155, Batch Acc: 0.609239, Tokens per Sec:     7547, Lr: 0.000300
2026-05-13 18:14:02,965 - INFO - joeynmt.training - Epoch   4, Step:    15900, Batch Loss:     1.440885, Batch Acc: 0.612294, Tokens per Sec:     7491, Lr: 0.000300
2026-05-13 18:14:13,814 - INFO - joeynmt.training - Epoch   4, Step:    16000, Batch Loss:     1.295360, Batch Acc: 0.610437, Tokens per Sec:     7263, Lr: 0.000300
2026-05-13 18:14:13,814 - WARNING - joeynmt.helpers - `alpha` option is obsolete. Please use `beam_alpha`, instead.
2026-05-13 18:14:13,814 - INFO - joeynmt.prediction - Predicting 890 example(s)... (Greedy decoding with min_output_length=1, max_output_length=-1, return_prob='none', generate_unk=True, repetition_penalty=-1, no_repeat_ngram_size=-1)
2026-05-13 18:14:51,774 - INFO - joeynmt.prediction - Evaluation result (greedy) loss:   1.52, ppl:   4.58, acc:   0.56, generation: 37.9542[sec], evaluation: 0.0000[sec]
2026-05-13 18:14:51,774 - INFO - joeynmt.training - Hooray! New best validation result [ppl]!
2026-05-13 18:14:51,823 - INFO - joeynmt.helpers - delete models/bpe_2k/14500.ckpt
2026-05-13 18:14:51,827 - INFO - joeynmt.training - Example #0
2026-05-13 18:14:51,827 - DEBUG - joeynmt.training - 	Tokenized source:     ['L@@', 'ast', 'year', 'I', 'sho@@', 'w@@', 'ed', 'these', 'two', 's@@', 'li@@', 'des', 'so', 'that', 'dem@@', 'on@@', 'str@@', 'ate', 'that', 'the', 'ar@@', 'c@@', 'tic', 'ice', 'c@@', 'a@@', 'p', ',', 'which', 'for', 'most', 'of', 'the', 'last', 'three', 'million', 'years', 'has', 'been', 'the', 'si@@', 'ze', 'of', 'the', 'lo@@', 'wer', '4@@', '8', 'st@@', 'ates', ',', 'has', 'sh@@', 'r@@', 'un@@', 'k', 'by', '4@@', '0', 'percent', '.']
2026-05-13 18:14:51,827 - DEBUG - joeynmt.training - 	Tokenized reference:  ['L&apos;', 'année', 'derni@@', 'ère', ',', 'je', 'vous', 'ai', 'présent@@', 'é', 'ces', 'deux', 'di@@', 'apos@@', 'iti@@', 'ves', 'qui', 'montr@@', 'aient', 'que', 'la', 'cal@@', 'ot@@', 'te', 'gl@@', 'ac@@', 'ière', 'ar@@', 'c@@', 'tique', ',', 'qui', 'pendant', 'ces', '3', 'derni@@', 'ers', 'millions', 'd&apos;', 'année', 'avait', 'la', 't@@', 'ail@@', 'le', 'des', 'E@@', 'tat@@', 's-@@', 'Un@@', 'is', 'sans', 'l&apos;', 'Al@@', 'as@@', 'k@@', 'a', ',', 'qui', 'pendant', 'ces', '3', 'derni@@', 'ers', 'millions', 'd&apos;', 'année', 'avait', 'la', 't@@', 'ail@@', 'le', 'des', 'E@@', 'tat@@', 's-@@', 'Un@@', 'is', 'sans', 'l&apos;', 'Al@@', 'as@@', 'k@@', 'a', ',', 'avait', 'di@@', 'minu@@', 'é', 'de', '4@@', '0', '%', '.']
2026-05-13 18:14:51,827 - DEBUG - joeynmt.training - 	Tokenized hypothesis: ['L&apos;', 'année', 'derni@@', 'ère', 'j&apos;', 'ai', 'montr@@', 'é', 'ces', 'deux', 'di@@', 'a@@', 'po@@', 's', 'de', 't@@', 'elle', 'que', 'la', 'mo@@', 'di@@', 'fi@@', 'que', 'l&apos;', 'ar@@', 'c@@', 'tique', 'de', 'la', 'gl@@', 'ace', 'ar@@', 'c@@', 'tique', ',', 'qui', 'la', 'plu@@', 'part', 'des', 'trois', 'millions', 'd&apos;', 'années', 'a', 'été', 'la', 't@@', 'ail@@', 'le', 'de', 'la', 't@@', 'ail@@', 'le', 'de', '4@@', '8', 'ét@@', 'at@@', 's', ',', 'a', 'cour@@', 'ant', 'de', '4@@', '0', '%', '.', '</s>']
2026-05-13 18:14:51,828 - INFO - joeynmt.training - 	Source:     Last year I showed these two slides so that demonstrate that the arctic ice cap , which for most of the last three million years has been the size of the lower 48 states , has shrunk by 40 percent .
2026-05-13 18:14:51,828 - INFO - joeynmt.training - 	Reference:  L&apos; année dernière , je vous ai présenté ces deux diapositives qui montraient que la calotte glacière arctique , qui pendant ces 3 derniers millions d&apos; année avait la taille des Etats-Unis sans l&apos; Alaska , qui pendant ces 3 derniers millions d&apos; année avait la taille des Etats-Unis sans l&apos; Alaska , avait diminué de 40 % .
2026-05-13 18:14:51,828 - INFO - joeynmt.training - 	Hypothesis: L&apos; année dernière j&apos; ai montré ces deux diapos de telle que la modifique l&apos; arctique de la glace arctique , qui la plupart des trois millions d&apos; années a été la taille de la taille de 48 états , a courant de 40 % .
2026-05-13 18:14:51,828 - INFO - joeynmt.training - Example #1
2026-05-13 18:14:51,828 - DEBUG - joeynmt.training - 	Tokenized source:     ['But', 'this', 'underst@@', 'ates', 'the', 'ser@@', 'i@@', 'ous@@', 'ness', 'of', 'this', 'partic@@', 'ul@@', 'ar', 'problem', 'because', 'it', 'doesn', '&apos;t', 'show', 'the', 'th@@', 'ick@@', 'ness', 'of', 'the', 'ice', '.']
2026-05-13 18:14:51,828 - DEBUG - joeynmt.training - 	Tokenized reference:  ['Mais', 'ceci', 'ten@@', 'd', 'à', 'a@@', 'mo@@', 'ind@@', 'rir', 'le', 'problème', 'parce', 'qu&apos;', 'on', 'ne', 'vo@@', 'it', 'pas', 'l&apos;', 'é@@', 'p@@', 'aiss@@', 'eur', 'de', 'la', 'gl@@', 'ace', '.']
2026-05-13 18:14:51,828 - DEBUG - joeynmt.training - 	Tokenized hypothesis: ['Mais', 'cette', 'com@@', 'pr@@', 'end', 'la', 's@@', 'éri@@', 'eu@@', 's@@', 'ité', 'de', 'ce', 'problème', 'parce', 'qu&apos;', 'il', 'ne', 'mon@@', 'te', 'pas', 'le', 'pou@@', 'ss@@', 'er', 'de', 'gl@@', 'ace', '.', '</s>']
2026-05-13 18:14:51,828 - INFO - joeynmt.training - 	Source:     But this understates the seriousness of this particular problem because it doesn &apos;t show the thickness of the ice .
2026-05-13 18:14:51,828 - INFO - joeynmt.training - 	Reference:  Mais ceci tend à amoindrir le problème parce qu&apos; on ne voit pas l&apos; épaisseur de la glace .
2026-05-13 18:14:51,828 - INFO - joeynmt.training - 	Hypothesis: Mais cette comprend la sérieusité de ce problème parce qu&apos; il ne monte pas le pousser de glace .
2026-05-13 18:14:51,828 - INFO - joeynmt.training - Example #2
2026-05-13 18:14:51,828 - DEBUG - joeynmt.training - 	Tokenized source:     ['The', 'ar@@', 'c@@', 'tic', 'ice', 'c@@', 'a@@', 'p', 'is', ',', 'in', 'a', 'sense', ',', 'the', 'be@@', 'ating', 'he@@', 'art', 'of', 'the', 'glob@@', 'al', 'cli@@', 'm@@', 'ate', 'system', '.']
2026-05-13 18:14:51,828 - DEBUG - joeynmt.training - 	Tokenized reference:  ['On', 'peut', 'voir', 'la', 'cal@@', 'ot@@', 'te', 'gl@@', 'ac@@', 'ière', 'ar@@', 'c@@', 'tique', 'comme', 'le', 'co@@', 'eur', 'du', 'système', 'cli@@', 'ma@@', 'tique', 'glob@@', 'al', '.', 'On', 'peut', 'voir', 'la', 'cal@@', 'ot@@', 'te', 'gl@@', 'ac@@', 'ière', 'ar@@', 'c@@', 'tique', 'comme', 'le', 'co@@', 'eur', 'du', 'système', 'cli@@', 'ma@@', 'tique', 'glob@@', 'al', '.']
2026-05-13 18:14:51,828 - DEBUG - joeynmt.training - 	Tokenized hypothesis: ['Le', 'c@@', 'tique', 'ar@@', 'c@@', 'tique', 'est', ',', 'dans', 'un', 'sens', ',', 'le', 'sens', ',', 'le', 'co@@', 'eur', 'de', 'la', 'b@@', 'elle', 'du', 'système', 'cli@@', 'm@@', 'at', 'mon@@', 'di@@', 'al', '.', '</s>']
2026-05-13 18:14:51,828 - INFO - joeynmt.training - 	Source:     The arctic ice cap is , in a sense , the beating heart of the global climate system .
2026-05-13 18:14:51,828 - INFO - joeynmt.training - 	Reference:  On peut voir la calotte glacière arctique comme le coeur du système climatique global . On peut voir la calotte glacière arctique comme le coeur du système climatique global .
2026-05-13 18:14:51,828 - INFO - joeynmt.training - 	Hypothesis: Le ctique arctique est , dans un sens , le sens , le coeur de la belle du système climat mondial .
2026-05-13 18:14:51,828 - INFO - joeynmt.training - Example #3
2026-05-13 18:14:51,828 - DEBUG - joeynmt.training - 	Tokenized source:     ['It', 'exp@@', 'ands', 'in', 'w@@', 'int@@', 'er', 'and', 'contr@@', 'ac@@', 'ts', 'in', 'su@@', 'm@@', 'mer', '.']
2026-05-13 18:14:51,828 - DEBUG - joeynmt.training - 	Tokenized reference:  ['Elle', 's&apos;', 'ét@@', 'end', 'en', 'hi@@', 'ver', 'et', 'se', 'contr@@', 'ac@@', 'te', 'en', 'été', '.']
2026-05-13 18:14:51,828 - DEBUG - joeynmt.training - 	Tokenized hypothesis: ['Il', 's&apos;', 'att@@', 'end@@', 'ent', 'en', 'hi@@', 'ver', 'et', 'des', 'contr@@', 'ac@@', 'ts', 'en', 'été', '.', '</s>']
2026-05-13 18:14:51,828 - INFO - joeynmt.training - 	Source:     It expands in winter and contracts in summer .
2026-05-13 18:14:51,828 - INFO - joeynmt.training - 	Reference:  Elle s&apos; étend en hiver et se contracte en été .
2026-05-13 18:14:51,828 - INFO - joeynmt.training - 	Hypothesis: Il s&apos; attendent en hiver et des contracts en été .
2026-05-13 18:14:51,828 - INFO - joeynmt.training - Example #4
2026-05-13 18:14:51,828 - DEBUG - joeynmt.training - 	Tokenized source:     ['The', 'next', 's@@', 'li@@', 'de', 'I', 'show', 'you', 'will', 'be', 'a', 'rap@@', 'id', 'fas@@', 't-@@', 'for@@', 'w@@', 'ard', 'of', 'what', '&apos;s', 'happen@@', 'ed', 'over', 'the', 'last', '2@@', '5', 'years', '.']
2026-05-13 18:14:51,828 - DEBUG - joeynmt.training - 	Tokenized reference:  ['La', 'pro@@', 'ch@@', 'aine', 'di@@', 'apos@@', 'iti@@', 've', 'que', 'je', 'vais', 'vous', 'montrer', 'est', 'une', 'v@@', 'ue', 'en', 'acc@@', 'él@@', 'ér@@', 'é', 'de', 'ce', 'qui', 's&apos;', 'est', 'passé', 'ces', '2@@', '5', 'derni@@', 'ères', 'années', '.']
2026-05-13 18:14:51,828 - DEBUG - joeynmt.training - 	Tokenized hypothesis: ['La', 'pro@@', 'ch@@', 'aine', 's@@', 'li@@', 'de', 'je', 'mon@@', 'tre', 'que', 'vous', 'ser@@', 'ez', 'une', 'rap@@', 'ide', 'rap@@', 'ide', 'de', 'ce', 'qui', 's&apos;', 'est', 'passé', 'au', 'cours', 'des', '2@@', '5', 'derni@@', 'ères', 'années', '.', '</s>']
2026-05-13 18:14:51,828 - INFO - joeynmt.training - 	Source:     The next slide I show you will be a rapid fast-forward of what &apos;s happened over the last 25 years .
2026-05-13 18:14:51,828 - INFO - joeynmt.training - 	Reference:  La prochaine diapositive que je vais vous montrer est une vue en accéléré de ce qui s&apos; est passé ces 25 dernières années .
2026-05-13 18:14:51,829 - INFO - joeynmt.training - 	Hypothesis: La prochaine slide je montre que vous serez une rapide rapide de ce qui s&apos; est passé au cours des 25 dernières années .
2026-05-13 18:15:02,495 - INFO - joeynmt.training - Epoch   4, Step:    16100, Batch Loss:     1.341232, Batch Acc: 0.605744, Tokens per Sec:     7350, Lr: 0.000300
2026-05-13 18:15:13,524 - INFO - joeynmt.training - Epoch   4, Step:    16200, Batch Loss:     1.035877, Batch Acc: 0.614659, Tokens per Sec:     7248, Lr: 0.000300
2026-05-13 18:15:24,123 - INFO - joeynmt.training - Epoch   4, Step:    16300, Batch Loss:     1.186033, Batch Acc: 0.608684, Tokens per Sec:     7456, Lr: 0.000300
2026-05-13 18:15:35,229 - INFO - joeynmt.training - Epoch   4, Step:    16400, Batch Loss:     1.247498, Batch Acc: 0.610147, Tokens per Sec:     7142, Lr: 0.000300
2026-05-13 18:15:46,001 - INFO - joeynmt.training - Epoch   4, Step:    16500, Batch Loss:     1.412755, Batch Acc: 0.607318, Tokens per Sec:     7213, Lr: 0.000300
2026-05-13 18:15:46,001 - WARNING - joeynmt.helpers - `alpha` option is obsolete. Please use `beam_alpha`, instead.
2026-05-13 18:15:46,001 - INFO - joeynmt.prediction - Predicting 890 example(s)... (Greedy decoding with min_output_length=1, max_output_length=-1, return_prob='none', generate_unk=True, repetition_penalty=-1, no_repeat_ngram_size=-1)
2026-05-13 18:16:22,430 - INFO - joeynmt.prediction - Evaluation result (greedy) loss:   1.52, ppl:   4.57, acc:   0.56, generation: 36.4227[sec], evaluation: 0.0000[sec]
2026-05-13 18:16:22,430 - INFO - joeynmt.training - Hooray! New best validation result [ppl]!
2026-05-13 18:16:22,480 - INFO - joeynmt.helpers - delete models/bpe_2k/13500.ckpt
2026-05-13 18:16:22,481 - INFO - joeynmt.training - Example #0
2026-05-13 18:16:22,481 - DEBUG - joeynmt.training - 	Tokenized source:     ['L@@', 'ast', 'year', 'I', 'sho@@', 'w@@', 'ed', 'these', 'two', 's@@', 'li@@', 'des', 'so', 'that', 'dem@@', 'on@@', 'str@@', 'ate', 'that', 'the', 'ar@@', 'c@@', 'tic', 'ice', 'c@@', 'a@@', 'p', ',', 'which', 'for', 'most', 'of', 'the', 'last', 'three', 'million', 'years', 'has', 'been', 'the', 'si@@', 'ze', 'of', 'the', 'lo@@', 'wer', '4@@', '8', 'st@@', 'ates', ',', 'has', 'sh@@', 'r@@', 'un@@', 'k', 'by', '4@@', '0', 'percent', '.']
2026-05-13 18:16:22,481 - DEBUG - joeynmt.training - 	Tokenized reference:  ['L&apos;', 'année', 'derni@@', 'ère', ',', 'je', 'vous', 'ai', 'présent@@', 'é', 'ces', 'deux', 'di@@', 'apos@@', 'iti@@', 'ves', 'qui', 'montr@@', 'aient', 'que', 'la', 'cal@@', 'ot@@', 'te', 'gl@@', 'ac@@', 'ière', 'ar@@', 'c@@', 'tique', ',', 'qui', 'pendant', 'ces', '3', 'derni@@', 'ers', 'millions', 'd&apos;', 'année', 'avait', 'la', 't@@', 'ail@@', 'le', 'des', 'E@@', 'tat@@', 's-@@', 'Un@@', 'is', 'sans', 'l&apos;', 'Al@@', 'as@@', 'k@@', 'a', ',', 'qui', 'pendant', 'ces', '3', 'derni@@', 'ers', 'millions', 'd&apos;', 'année', 'avait', 'la', 't@@', 'ail@@', 'le', 'des', 'E@@', 'tat@@', 's-@@', 'Un@@', 'is', 'sans', 'l&apos;', 'Al@@', 'as@@', 'k@@', 'a', ',', 'avait', 'di@@', 'minu@@', 'é', 'de', '4@@', '0', '%', '.']
2026-05-13 18:16:22,481 - DEBUG - joeynmt.training - 	Tokenized hypothesis: ['L&apos;', 'année', 'derni@@', 'ère', ',', 'j&apos;', 'ai', 'montr@@', 'é', 'ces', 'deux', 's@@', 'li@@', 'des', 'de', 'si', 'dé@@', 'mon@@', 'str@@', 'er', 'que', 'la', 'gl@@', 'ace', 'ar@@', 'c@@', 'tique', ',', 'qui', 'pendant', 'la', 'plu@@', 'part', 'des', 'trois', 'millions', 'd&apos;', 'années', 'ont', 'été', 'la', 't@@', 'ail@@', 'le', 'de', '4@@', '0', '%', ',', 'a', 'été', 'part@@', 'i', 'à', '4@@', '0', '%', '.', '</s>']
2026-05-13 18:16:22,481 - INFO - joeynmt.training - 	Source:     Last year I showed these two slides so that demonstrate that the arctic ice cap , which for most of the last three million years has been the size of the lower 48 states , has shrunk by 40 percent .
2026-05-13 18:16:22,481 - INFO - joeynmt.training - 	Reference:  L&apos; année dernière , je vous ai présenté ces deux diapositives qui montraient que la calotte glacière arctique , qui pendant ces 3 derniers millions d&apos; année avait la taille des Etats-Unis sans l&apos; Alaska , qui pendant ces 3 derniers millions d&apos; année avait la taille des Etats-Unis sans l&apos; Alaska , avait diminué de 40 % .
2026-05-13 18:16:22,481 - INFO - joeynmt.training - 	Hypothesis: L&apos; année dernière , j&apos; ai montré ces deux slides de si démonstrer que la glace arctique , qui pendant la plupart des trois millions d&apos; années ont été la taille de 40 % , a été parti à 40 % .
2026-05-13 18:16:22,481 - INFO - joeynmt.training - Example #1
2026-05-13 18:16:22,481 - DEBUG - joeynmt.training - 	Tokenized source:     ['But', 'this', 'underst@@', 'ates', 'the', 'ser@@', 'i@@', 'ous@@', 'ness', 'of', 'this', 'partic@@', 'ul@@', 'ar', 'problem', 'because', 'it', 'doesn', '&apos;t', 'show', 'the', 'th@@', 'ick@@', 'ness', 'of', 'the', 'ice', '.']
2026-05-13 18:16:22,481 - DEBUG - joeynmt.training - 	Tokenized reference:  ['Mais', 'ceci', 'ten@@', 'd', 'à', 'a@@', 'mo@@', 'ind@@', 'rir', 'le', 'problème', 'parce', 'qu&apos;', 'on', 'ne', 'vo@@', 'it', 'pas', 'l&apos;', 'é@@', 'p@@', 'aiss@@', 'eur', 'de', 'la', 'gl@@', 'ace', '.']
2026-05-13 18:16:22,481 - DEBUG - joeynmt.training - 	Tokenized hypothesis: ['Mais', 'cette', 'com@@', 'pr@@', 'end', 'la', 's@@', 'éri@@', 'eur', 'de', 'ce', 'problème', 'particu@@', 'li@@', 'ère', 'parce', 'que', 'ça', 'ne', 'montr@@', 'ent', 'pas', 'la', 'pou@@', 'voir', 'de', 'la', 'gl@@', 'ace', '.', '</s>']
2026-05-13 18:16:22,481 - INFO - joeynmt.training - 	Source:     But this understates the seriousness of this particular problem because it doesn &apos;t show the thickness of the ice .
2026-05-13 18:16:22,481 - INFO - joeynmt.training - 	Reference:  Mais ceci tend à amoindrir le problème parce qu&apos; on ne voit pas l&apos; épaisseur de la glace .
2026-05-13 18:16:22,481 - INFO - joeynmt.training - 	Hypothesis: Mais cette comprend la sérieur de ce problème particulière parce que ça ne montrent pas la pouvoir de la glace .
2026-05-13 18:16:22,481 - INFO - joeynmt.training - Example #2
2026-05-13 18:16:22,481 - DEBUG - joeynmt.training - 	Tokenized source:     ['The', 'ar@@', 'c@@', 'tic', 'ice', 'c@@', 'a@@', 'p', 'is', ',', 'in', 'a', 'sense', ',', 'the', 'be@@', 'ating', 'he@@', 'art', 'of', 'the', 'glob@@', 'al', 'cli@@', 'm@@', 'ate', 'system', '.']
2026-05-13 18:16:22,481 - DEBUG - joeynmt.training - 	Tokenized reference:  ['On', 'peut', 'voir', 'la', 'cal@@', 'ot@@', 'te', 'gl@@', 'ac@@', 'ière', 'ar@@', 'c@@', 'tique', 'comme', 'le', 'co@@', 'eur', 'du', 'système', 'cli@@', 'ma@@', 'tique', 'glob@@', 'al', '.', 'On', 'peut', 'voir', 'la', 'cal@@', 'ot@@', 'te', 'gl@@', 'ac@@', 'ière', 'ar@@', 'c@@', 'tique', 'comme', 'le', 'co@@', 'eur', 'du', 'système', 'cli@@', 'ma@@', 'tique', 'glob@@', 'al', '.']
2026-05-13 18:16:22,481 - DEBUG - joeynmt.training - 	Tokenized hypothesis: ['Le', 'c@@', 'a@@', 'p', 'de', 'gl@@', 'ace', 'est', ',', 'dans', 'un', 'sens', ',', 'le', 'c@@', 'œ@@', 'u@@', 'r', 'du', 'système', 'cli@@', 'ma@@', 'tique', 'mon@@', 'di@@', 'al', '.', '</s>']
2026-05-13 18:16:22,481 - INFO - joeynmt.training - 	Source:     The arctic ice cap is , in a sense , the beating heart of the global climate system .
2026-05-13 18:16:22,481 - INFO - joeynmt.training - 	Reference:  On peut voir la calotte glacière arctique comme le coeur du système climatique global . On peut voir la calotte glacière arctique comme le coeur du système climatique global .
2026-05-13 18:16:22,481 - INFO - joeynmt.training - 	Hypothesis: Le cap de glace est , dans un sens , le cœur du système climatique mondial .
2026-05-13 18:16:22,481 - INFO - joeynmt.training - Example #3
2026-05-13 18:16:22,482 - DEBUG - joeynmt.training - 	Tokenized source:     ['It', 'exp@@', 'ands', 'in', 'w@@', 'int@@', 'er', 'and', 'contr@@', 'ac@@', 'ts', 'in', 'su@@', 'm@@', 'mer', '.']
2026-05-13 18:16:22,482 - DEBUG - joeynmt.training - 	Tokenized reference:  ['Elle', 's&apos;', 'ét@@', 'end', 'en', 'hi@@', 'ver', 'et', 'se', 'contr@@', 'ac@@', 'te', 'en', 'été', '.']
2026-05-13 18:16:22,482 - DEBUG - joeynmt.training - 	Tokenized hypothesis: ['Il', 's&apos;', 'att@@', 'end@@', 'ent', 'en', 'hi@@', 'ver', 'et', 'des', 'contr@@', 'ac@@', 'ts', 'en', 'été', '.', '</s>']
2026-05-13 18:16:22,482 - INFO - joeynmt.training - 	Source:     It expands in winter and contracts in summer .
2026-05-13 18:16:22,482 - INFO - joeynmt.training - 	Reference:  Elle s&apos; étend en hiver et se contracte en été .
2026-05-13 18:16:22,482 - INFO - joeynmt.training - 	Hypothesis: Il s&apos; attendent en hiver et des contracts en été .
2026-05-13 18:16:22,482 - INFO - joeynmt.training - Example #4
2026-05-13 18:16:22,482 - DEBUG - joeynmt.training - 	Tokenized source:     ['The', 'next', 's@@', 'li@@', 'de', 'I', 'show', 'you', 'will', 'be', 'a', 'rap@@', 'id', 'fas@@', 't-@@', 'for@@', 'w@@', 'ard', 'of', 'what', '&apos;s', 'happen@@', 'ed', 'over', 'the', 'last', '2@@', '5', 'years', '.']
2026-05-13 18:16:22,482 - DEBUG - joeynmt.training - 	Tokenized reference:  ['La', 'pro@@', 'ch@@', 'aine', 'di@@', 'apos@@', 'iti@@', 've', 'que', 'je', 'vais', 'vous', 'montrer', 'est', 'une', 'v@@', 'ue', 'en', 'acc@@', 'él@@', 'ér@@', 'é', 'de', 'ce', 'qui', 's&apos;', 'est', 'passé', 'ces', '2@@', '5', 'derni@@', 'ères', 'années', '.']
2026-05-13 18:16:22,482 - DEBUG - joeynmt.training - 	Tokenized hypothesis: ['Le', 'pro@@', 'ch@@', 'ain', 'di@@', 'apos@@', 'iti@@', 've', 'que', 'je', 'vous', 'mon@@', 'tre', 'un', 'rap@@', 'ide', 'rap@@', 'ide', 'de', 'ce', 'qui', 's&apos;', 'est', 'passé', 'au', 'cours', 'des', '2@@', '5', 'ans', '.', '</s>']
2026-05-13 18:16:22,482 - INFO - joeynmt.training - 	Source:     The next slide I show you will be a rapid fast-forward of what &apos;s happened over the last 25 years .
2026-05-13 18:16:22,482 - INFO - joeynmt.training - 	Reference:  La prochaine diapositive que je vais vous montrer est une vue en accéléré de ce qui s&apos; est passé ces 25 dernières années .
2026-05-13 18:16:22,482 - INFO - joeynmt.training - 	Hypothesis: Le prochain diapositive que je vous montre un rapide rapide de ce qui s&apos; est passé au cours des 25 ans .
2026-05-13 18:16:33,135 - INFO - joeynmt.training - Epoch   4, Step:    16600, Batch Loss:     1.565730, Batch Acc: 0.609534, Tokens per Sec:     7110, Lr: 0.000300
2026-05-13 18:16:43,539 - INFO - joeynmt.training - Epoch   4, Step:    16700, Batch Loss:     1.393091, Batch Acc: 0.610965, Tokens per Sec:     7590, Lr: 0.000300
2026-05-13 18:16:54,391 - INFO - joeynmt.training - Epoch   4, Step:    16800, Batch Loss:     1.249044, Batch Acc: 0.608410, Tokens per Sec:     7341, Lr: 0.000300
2026-05-13 18:17:05,148 - INFO - joeynmt.training - Epoch   4, Step:    16900, Batch Loss:     1.367336, Batch Acc: 0.607171, Tokens per Sec:     7173, Lr: 0.000300
2026-05-13 18:17:15,618 - INFO - joeynmt.training - Epoch   4, Step:    17000, Batch Loss:     1.365476, Batch Acc: 0.610699, Tokens per Sec:     7488, Lr: 0.000300
2026-05-13 18:17:15,618 - WARNING - joeynmt.helpers - `alpha` option is obsolete. Please use `beam_alpha`, instead.
2026-05-13 18:17:15,618 - INFO - joeynmt.prediction - Predicting 890 example(s)... (Greedy decoding with min_output_length=1, max_output_length=-1, return_prob='none', generate_unk=True, repetition_penalty=-1, no_repeat_ngram_size=-1)
2026-05-13 18:17:49,763 - INFO - joeynmt.prediction - Evaluation result (greedy) loss:   1.51, ppl:   4.52, acc:   0.57, generation: 34.1396[sec], evaluation: 0.0000[sec]
2026-05-13 18:17:49,763 - INFO - joeynmt.training - Hooray! New best validation result [ppl]!
2026-05-13 18:17:49,812 - INFO - joeynmt.helpers - delete models/bpe_2k/14000.ckpt
2026-05-13 18:17:49,812 - INFO - joeynmt.training - Example #0
2026-05-13 18:17:49,812 - DEBUG - joeynmt.training - 	Tokenized source:     ['L@@', 'ast', 'year', 'I', 'sho@@', 'w@@', 'ed', 'these', 'two', 's@@', 'li@@', 'des', 'so', 'that', 'dem@@', 'on@@', 'str@@', 'ate', 'that', 'the', 'ar@@', 'c@@', 'tic', 'ice', 'c@@', 'a@@', 'p', ',', 'which', 'for', 'most', 'of', 'the', 'last', 'three', 'million', 'years', 'has', 'been', 'the', 'si@@', 'ze', 'of', 'the', 'lo@@', 'wer', '4@@', '8', 'st@@', 'ates', ',', 'has', 'sh@@', 'r@@', 'un@@', 'k', 'by', '4@@', '0', 'percent', '.']
2026-05-13 18:17:49,812 - DEBUG - joeynmt.training - 	Tokenized reference:  ['L&apos;', 'année', 'derni@@', 'ère', ',', 'je', 'vous', 'ai', 'présent@@', 'é', 'ces', 'deux', 'di@@', 'apos@@', 'iti@@', 'ves', 'qui', 'montr@@', 'aient', 'que', 'la', 'cal@@', 'ot@@', 'te', 'gl@@', 'ac@@', 'ière', 'ar@@', 'c@@', 'tique', ',', 'qui', 'pendant', 'ces', '3', 'derni@@', 'ers', 'millions', 'd&apos;', 'année', 'avait', 'la', 't@@', 'ail@@', 'le', 'des', 'E@@', 'tat@@', 's-@@', 'Un@@', 'is', 'sans', 'l&apos;', 'Al@@', 'as@@', 'k@@', 'a', ',', 'qui', 'pendant', 'ces', '3', 'derni@@', 'ers', 'millions', 'd&apos;', 'année', 'avait', 'la', 't@@', 'ail@@', 'le', 'des', 'E@@', 'tat@@', 's-@@', 'Un@@', 'is', 'sans', 'l&apos;', 'Al@@', 'as@@', 'k@@', 'a', ',', 'avait', 'di@@', 'minu@@', 'é', 'de', '4@@', '0', '%', '.']
2026-05-13 18:17:49,812 - DEBUG - joeynmt.training - 	Tokenized hypothesis: ['L&apos;', 'année', 'derni@@', 'ère', ',', 'j&apos;', 'ai', 'montr@@', 'é', 'ces', 'deux', 'di@@', 'a@@', 'po@@', 's', 'de', 'cette', 'dé@@', 'mon@@', 'str@@', 'ation', 'de', 'gl@@', 'ace', ',', 'qui', 'pendant', 'la', 'plu@@', 'part', 'des', 'trois', 'millions', 'd&apos;', 'années', 'ont', 'été', 'la', 't@@', 'ail@@', 'le', 'de', '4@@', '8', 'derni@@', 'ères', 'millions', 'd&apos;', 'années', 'ont', 'été', 'la', 't@@', 'ail@@', 'le', 'de', '4@@', '0', '%', '.', '</s>']
2026-05-13 18:17:49,813 - INFO - joeynmt.training - 	Source:     Last year I showed these two slides so that demonstrate that the arctic ice cap , which for most of the last three million years has been the size of the lower 48 states , has shrunk by 40 percent .
2026-05-13 18:17:49,813 - INFO - joeynmt.training - 	Reference:  L&apos; année dernière , je vous ai présenté ces deux diapositives qui montraient que la calotte glacière arctique , qui pendant ces 3 derniers millions d&apos; année avait la taille des Etats-Unis sans l&apos; Alaska , qui pendant ces 3 derniers millions d&apos; année avait la taille des Etats-Unis sans l&apos; Alaska , avait diminué de 40 % .
2026-05-13 18:17:49,813 - INFO - joeynmt.training - 	Hypothesis: L&apos; année dernière , j&apos; ai montré ces deux diapos de cette démonstration de glace , qui pendant la plupart des trois millions d&apos; années ont été la taille de 48 dernières millions d&apos; années ont été la taille de 40 % .
2026-05-13 18:17:49,813 - INFO - joeynmt.training - Example #1
2026-05-13 18:17:49,813 - DEBUG - joeynmt.training - 	Tokenized source:     ['But', 'this', 'underst@@', 'ates', 'the', 'ser@@', 'i@@', 'ous@@', 'ness', 'of', 'this', 'partic@@', 'ul@@', 'ar', 'problem', 'because', 'it', 'doesn', '&apos;t', 'show', 'the', 'th@@', 'ick@@', 'ness', 'of', 'the', 'ice', '.']
2026-05-13 18:17:49,813 - DEBUG - joeynmt.training - 	Tokenized reference:  ['Mais', 'ceci', 'ten@@', 'd', 'à', 'a@@', 'mo@@', 'ind@@', 'rir', 'le', 'problème', 'parce', 'qu&apos;', 'on', 'ne', 'vo@@', 'it', 'pas', 'l&apos;', 'é@@', 'p@@', 'aiss@@', 'eur', 'de', 'la', 'gl@@', 'ace', '.']
2026-05-13 18:17:49,813 - DEBUG - joeynmt.training - 	Tokenized hypothesis: ['Mais', 'cette', 'com@@', 'pren@@', 'ante', 'le', 'problème', 'de', 'cette', 's@@', 'éri@@', 'o@@', 'de', 'ce', 'problème', 'particu@@', 'li@@', 'ère', 'parce', 'qu&apos;', 'il', 'ne', 'montr@@', 'ent', 'pas', 'le', 'pou@@', 'voir', '.', '</s>']
2026-05-13 18:17:49,813 - INFO - joeynmt.training - 	Source:     But this understates the seriousness of this particular problem because it doesn &apos;t show the thickness of the ice .
2026-05-13 18:17:49,813 - INFO - joeynmt.training - 	Reference:  Mais ceci tend à amoindrir le problème parce qu&apos; on ne voit pas l&apos; épaisseur de la glace .
2026-05-13 18:17:49,813 - INFO - joeynmt.training - 	Hypothesis: Mais cette comprenante le problème de cette sériode ce problème particulière parce qu&apos; il ne montrent pas le pouvoir .
2026-05-13 18:17:49,813 - INFO - joeynmt.training - Example #2
2026-05-13 18:17:49,813 - DEBUG - joeynmt.training - 	Tokenized source:     ['The', 'ar@@', 'c@@', 'tic', 'ice', 'c@@', 'a@@', 'p', 'is', ',', 'in', 'a', 'sense', ',', 'the', 'be@@', 'ating', 'he@@', 'art', 'of', 'the', 'glob@@', 'al', 'cli@@', 'm@@', 'ate', 'system', '.']
2026-05-13 18:17:49,813 - DEBUG - joeynmt.training - 	Tokenized reference:  ['On', 'peut', 'voir', 'la', 'cal@@', 'ot@@', 'te', 'gl@@', 'ac@@', 'ière', 'ar@@', 'c@@', 'tique', 'comme', 'le', 'co@@', 'eur', 'du', 'système', 'cli@@', 'ma@@', 'tique', 'glob@@', 'al', '.', 'On', 'peut', 'voir', 'la', 'cal@@', 'ot@@', 'te', 'gl@@', 'ac@@', 'ière', 'ar@@', 'c@@', 'tique', 'comme', 'le', 'co@@', 'eur', 'du', 'système', 'cli@@', 'ma@@', 'tique', 'glob@@', 'al', '.']
2026-05-13 18:17:49,813 - DEBUG - joeynmt.training - 	Tokenized hypothesis: ['Le', 'c@@', 'a@@', 'p', 'ar@@', 'c@@', 'tique', 'est', ',', 'dans', 'un', 'sens', ',', 'le', 'b@@', 'at', ',', 'le', 'co@@', 'eur', 'du', 'système', 'cli@@', 'ma@@', 'tique', '.', '</s>']
2026-05-13 18:17:49,813 - INFO - joeynmt.training - 	Source:     The arctic ice cap is , in a sense , the beating heart of the global climate system .
2026-05-13 18:17:49,813 - INFO - joeynmt.training - 	Reference:  On peut voir la calotte glacière arctique comme le coeur du système climatique global . On peut voir la calotte glacière arctique comme le coeur du système climatique global .
2026-05-13 18:17:49,813 - INFO - joeynmt.training - 	Hypothesis: Le cap arctique est , dans un sens , le bat , le coeur du système climatique .
2026-05-13 18:17:49,813 - INFO - joeynmt.training - Example #3
2026-05-13 18:17:49,813 - DEBUG - joeynmt.training - 	Tokenized source:     ['It', 'exp@@', 'ands', 'in', 'w@@', 'int@@', 'er', 'and', 'contr@@', 'ac@@', 'ts', 'in', 'su@@', 'm@@', 'mer', '.']
2026-05-13 18:17:49,813 - DEBUG - joeynmt.training - 	Tokenized reference:  ['Elle', 's&apos;', 'ét@@', 'end', 'en', 'hi@@', 'ver', 'et', 'se', 'contr@@', 'ac@@', 'te', 'en', 'été', '.']
2026-05-13 18:17:49,813 - DEBUG - joeynmt.training - 	Tokenized hypothesis: ['Il', 's&apos;', 'att@@', 'end@@', 'rait', 'en', 'hi@@', 'ver', 'et', 'contr@@', 'ac@@', 'ts', 'en', 'été', '.', '</s>']
2026-05-13 18:17:49,813 - INFO - joeynmt.training - 	Source:     It expands in winter and contracts in summer .
2026-05-13 18:17:49,813 - INFO - joeynmt.training - 	Reference:  Elle s&apos; étend en hiver et se contracte en été .
2026-05-13 18:17:49,813 - INFO - joeynmt.training - 	Hypothesis: Il s&apos; attendrait en hiver et contracts en été .
2026-05-13 18:17:49,813 - INFO - joeynmt.training - Example #4
2026-05-13 18:17:49,813 - DEBUG - joeynmt.training - 	Tokenized source:     ['The', 'next', 's@@', 'li@@', 'de', 'I', 'show', 'you', 'will', 'be', 'a', 'rap@@', 'id', 'fas@@', 't-@@', 'for@@', 'w@@', 'ard', 'of', 'what', '&apos;s', 'happen@@', 'ed', 'over', 'the', 'last', '2@@', '5', 'years', '.']
2026-05-13 18:17:49,813 - DEBUG - joeynmt.training - 	Tokenized reference:  ['La', 'pro@@', 'ch@@', 'aine', 'di@@', 'apos@@', 'iti@@', 've', 'que', 'je', 'vais', 'vous', 'montrer', 'est', 'une', 'v@@', 'ue', 'en', 'acc@@', 'él@@', 'ér@@', 'é', 'de', 'ce', 'qui', 's&apos;', 'est', 'passé', 'ces', '2@@', '5', 'derni@@', 'ères', 'années', '.']
2026-05-13 18:17:49,813 - DEBUG - joeynmt.training - 	Tokenized hypothesis: ['Le', 'suiv@@', 'ant', 'suiv@@', 'ant', 'que', 'je', 'vous', 'mon@@', 'tre', 'que', 'vous', 'ser@@', 'ez', 'un', 'rap@@', 'ide', 'de', 'ce', 'qui', 'se', 'passe', 'pendant', 'les', '2@@', '5', 'derni@@', 'ères', 'années', '.', '</s>']
2026-05-13 18:17:49,814 - INFO - joeynmt.training - 	Source:     The next slide I show you will be a rapid fast-forward of what &apos;s happened over the last 25 years .
2026-05-13 18:17:49,814 - INFO - joeynmt.training - 	Reference:  La prochaine diapositive que je vais vous montrer est une vue en accéléré de ce qui s&apos; est passé ces 25 dernières années .
2026-05-13 18:17:49,814 - INFO - joeynmt.training - 	Hypothesis: Le suivant suivant que je vous montre que vous serez un rapide de ce qui se passe pendant les 25 dernières années .
2026-05-13 18:18:00,382 - INFO - joeynmt.training - Epoch   4, Step:    17100, Batch Loss:     1.280356, Batch Acc: 0.611973, Tokens per Sec:     7206, Lr: 0.000300
2026-05-13 18:18:11,381 - INFO - joeynmt.training - Epoch   4, Step:    17200, Batch Loss:     1.470037, Batch Acc: 0.606876, Tokens per Sec:     7353, Lr: 0.000300
2026-05-13 18:18:22,065 - INFO - joeynmt.training - Epoch   4, Step:    17300, Batch Loss:     1.192126, Batch Acc: 0.615428, Tokens per Sec:     7304, Lr: 0.000300
2026-05-13 18:18:32,708 - INFO - joeynmt.training - Epoch   4, Step:    17400, Batch Loss:     1.202866, Batch Acc: 0.612579, Tokens per Sec:     7403, Lr: 0.000300
2026-05-13 18:18:43,221 - INFO - joeynmt.training - Epoch   4, Step:    17500, Batch Loss:     1.360329, Batch Acc: 0.611860, Tokens per Sec:     7145, Lr: 0.000300
2026-05-13 18:18:43,222 - WARNING - joeynmt.helpers - `alpha` option is obsolete. Please use `beam_alpha`, instead.
2026-05-13 18:18:43,222 - INFO - joeynmt.prediction - Predicting 890 example(s)... (Greedy decoding with min_output_length=1, max_output_length=-1, return_prob='none', generate_unk=True, repetition_penalty=-1, no_repeat_ngram_size=-1)
2026-05-13 18:19:20,829 - INFO - joeynmt.prediction - Evaluation result (greedy) loss:   1.51, ppl:   4.52, acc:   0.56, generation: 37.6022[sec], evaluation: 0.0000[sec]
2026-05-13 18:19:20,829 - INFO - joeynmt.training - Hooray! New best validation result [ppl]!
2026-05-13 18:19:20,879 - INFO - joeynmt.helpers - delete models/bpe_2k/15000.ckpt
2026-05-13 18:19:20,879 - INFO - joeynmt.training - Example #0
2026-05-13 18:19:20,879 - DEBUG - joeynmt.training - 	Tokenized source:     ['L@@', 'ast', 'year', 'I', 'sho@@', 'w@@', 'ed', 'these', 'two', 's@@', 'li@@', 'des', 'so', 'that', 'dem@@', 'on@@', 'str@@', 'ate', 'that', 'the', 'ar@@', 'c@@', 'tic', 'ice', 'c@@', 'a@@', 'p', ',', 'which', 'for', 'most', 'of', 'the', 'last', 'three', 'million', 'years', 'has', 'been', 'the', 'si@@', 'ze', 'of', 'the', 'lo@@', 'wer', '4@@', '8', 'st@@', 'ates', ',', 'has', 'sh@@', 'r@@', 'un@@', 'k', 'by', '4@@', '0', 'percent', '.']
2026-05-13 18:19:20,879 - DEBUG - joeynmt.training - 	Tokenized reference:  ['L&apos;', 'année', 'derni@@', 'ère', ',', 'je', 'vous', 'ai', 'présent@@', 'é', 'ces', 'deux', 'di@@', 'apos@@', 'iti@@', 'ves', 'qui', 'montr@@', 'aient', 'que', 'la', 'cal@@', 'ot@@', 'te', 'gl@@', 'ac@@', 'ière', 'ar@@', 'c@@', 'tique', ',', 'qui', 'pendant', 'ces', '3', 'derni@@', 'ers', 'millions', 'd&apos;', 'année', 'avait', 'la', 't@@', 'ail@@', 'le', 'des', 'E@@', 'tat@@', 's-@@', 'Un@@', 'is', 'sans', 'l&apos;', 'Al@@', 'as@@', 'k@@', 'a', ',', 'qui', 'pendant', 'ces', '3', 'derni@@', 'ers', 'millions', 'd&apos;', 'année', 'avait', 'la', 't@@', 'ail@@', 'le', 'des', 'E@@', 'tat@@', 's-@@', 'Un@@', 'is', 'sans', 'l&apos;', 'Al@@', 'as@@', 'k@@', 'a', ',', 'avait', 'di@@', 'minu@@', 'é', 'de', '4@@', '0', '%', '.']
2026-05-13 18:19:20,879 - DEBUG - joeynmt.training - 	Tokenized hypothesis: ['L&apos;', 'année', 'derni@@', 'ère', ',', 'j&apos;', 'ai', 'montr@@', 'é', 'ces', 'deux', 'di@@', 'a@@', 'po@@', 's', 'de', 'la', 'gl@@', 'ace', 'ar@@', 'c@@', 'tique', ',', 'qui', 'pendant', 'la', 'plu@@', 'part', 'des', 'trois', 'millions', 'd&apos;', 'années', 'ont', 'été', 'la', 't@@', 'ail@@', 'le', 'de', 'la', 't@@', 'ail@@', 'le', 'de', 'plus', 'de', '4@@', '8', 'ét@@', 'at@@', 's', ',', 'a', 'part@@', 'i', 'de', '4@@', '0', '%', '.', '</s>']
2026-05-13 18:19:20,879 - INFO - joeynmt.training - 	Source:     Last year I showed these two slides so that demonstrate that the arctic ice cap , which for most of the last three million years has been the size of the lower 48 states , has shrunk by 40 percent .
2026-05-13 18:19:20,879 - INFO - joeynmt.training - 	Reference:  L&apos; année dernière , je vous ai présenté ces deux diapositives qui montraient que la calotte glacière arctique , qui pendant ces 3 derniers millions d&apos; année avait la taille des Etats-Unis sans l&apos; Alaska , qui pendant ces 3 derniers millions d&apos; année avait la taille des Etats-Unis sans l&apos; Alaska , avait diminué de 40 % .
2026-05-13 18:19:20,879 - INFO - joeynmt.training - 	Hypothesis: L&apos; année dernière , j&apos; ai montré ces deux diapos de la glace arctique , qui pendant la plupart des trois millions d&apos; années ont été la taille de la taille de plus de 48 états , a parti de 40 % .
2026-05-13 18:19:20,879 - INFO - joeynmt.training - Example #1
2026-05-13 18:19:20,879 - DEBUG - joeynmt.training - 	Tokenized source:     ['But', 'this', 'underst@@', 'ates', 'the', 'ser@@', 'i@@', 'ous@@', 'ness', 'of', 'this', 'partic@@', 'ul@@', 'ar', 'problem', 'because', 'it', 'doesn', '&apos;t', 'show', 'the', 'th@@', 'ick@@', 'ness', 'of', 'the', 'ice', '.']
2026-05-13 18:19:20,879 - DEBUG - joeynmt.training - 	Tokenized reference:  ['Mais', 'ceci', 'ten@@', 'd', 'à', 'a@@', 'mo@@', 'ind@@', 'rir', 'le', 'problème', 'parce', 'qu&apos;', 'on', 'ne', 'vo@@', 'it', 'pas', 'l&apos;', 'é@@', 'p@@', 'aiss@@', 'eur', 'de', 'la', 'gl@@', 'ace', '.']
2026-05-13 18:19:20,879 - DEBUG - joeynmt.training - 	Tokenized hypothesis: ['Mais', 'cette', 'com@@', 'pr@@', 'end', 'la', 's@@', 'éri@@', 'eu@@', 's@@', 'ité', 'de', 'ce', 'problème', 'particu@@', 'li@@', 'er', 'parce', 'que', 'ça', 'ne', 'mon@@', 'tre', 'pas', 'le', 'pou@@', 'let', 'de', 'la', 'gl@@', 'ace', '.', '</s>']
2026-05-13 18:19:20,879 - INFO - joeynmt.training - 	Source:     But this understates the seriousness of this particular problem because it doesn &apos;t show the thickness of the ice .
2026-05-13 18:19:20,879 - INFO - joeynmt.training - 	Reference:  Mais ceci tend à amoindrir le problème parce qu&apos; on ne voit pas l&apos; épaisseur de la glace .
2026-05-13 18:19:20,879 - INFO - joeynmt.training - 	Hypothesis: Mais cette comprend la sérieusité de ce problème particulier parce que ça ne montre pas le poulet de la glace .
2026-05-13 18:19:20,880 - INFO - joeynmt.training - Example #2
2026-05-13 18:19:20,880 - DEBUG - joeynmt.training - 	Tokenized source:     ['The', 'ar@@', 'c@@', 'tic', 'ice', 'c@@', 'a@@', 'p', 'is', ',', 'in', 'a', 'sense', ',', 'the', 'be@@', 'ating', 'he@@', 'art', 'of', 'the', 'glob@@', 'al', 'cli@@', 'm@@', 'ate', 'system', '.']
2026-05-13 18:19:20,880 - DEBUG - joeynmt.training - 	Tokenized reference:  ['On', 'peut', 'voir', 'la', 'cal@@', 'ot@@', 'te', 'gl@@', 'ac@@', 'ière', 'ar@@', 'c@@', 'tique', 'comme', 'le', 'co@@', 'eur', 'du', 'système', 'cli@@', 'ma@@', 'tique', 'glob@@', 'al', '.', 'On', 'peut', 'voir', 'la', 'cal@@', 'ot@@', 'te', 'gl@@', 'ac@@', 'ière', 'ar@@', 'c@@', 'tique', 'comme', 'le', 'co@@', 'eur', 'du', 'système', 'cli@@', 'ma@@', 'tique', 'glob@@', 'al', '.']
2026-05-13 18:19:20,880 - DEBUG - joeynmt.training - 	Tokenized hypothesis: ['Le', 'c@@', 'â@@', 'ble', 'ar@@', 'c@@', 'tique', 'est', ',', 'dans', 'un', 'sens', ',', 'le', 'c@@', 'œ@@', 'u@@', 'r', 'de', 'l&apos;', 'art', 'du', 'système', 'cli@@', 'm@@', 'at', 'glob@@', 'al', '.', '</s>']
2026-05-13 18:19:20,880 - INFO - joeynmt.training - 	Source:     The arctic ice cap is , in a sense , the beating heart of the global climate system .
2026-05-13 18:19:20,880 - INFO - joeynmt.training - 	Reference:  On peut voir la calotte glacière arctique comme le coeur du système climatique global . On peut voir la calotte glacière arctique comme le coeur du système climatique global .
2026-05-13 18:19:20,880 - INFO - joeynmt.training - 	Hypothesis: Le câble arctique est , dans un sens , le cœur de l&apos; art du système climat global .
2026-05-13 18:19:20,880 - INFO - joeynmt.training - Example #3
2026-05-13 18:19:20,880 - DEBUG - joeynmt.training - 	Tokenized source:     ['It', 'exp@@', 'ands', 'in', 'w@@', 'int@@', 'er', 'and', 'contr@@', 'ac@@', 'ts', 'in', 'su@@', 'm@@', 'mer', '.']
2026-05-13 18:19:20,880 - DEBUG - joeynmt.training - 	Tokenized reference:  ['Elle', 's&apos;', 'ét@@', 'end', 'en', 'hi@@', 'ver', 'et', 'se', 'contr@@', 'ac@@', 'te', 'en', 'été', '.']
2026-05-13 18:19:20,880 - DEBUG - joeynmt.training - 	Tokenized hypothesis: ['Il', 's&apos;', 'att@@', 'end@@', 'r@@', 'end', 'dans', 'l&apos;', 'été', 'et', 'des', 'contr@@', 'ac@@', 'ts', 'en', 'été', '.', '</s>']
2026-05-13 18:19:20,880 - INFO - joeynmt.training - 	Source:     It expands in winter and contracts in summer .
2026-05-13 18:19:20,880 - INFO - joeynmt.training - 	Reference:  Elle s&apos; étend en hiver et se contracte en été .
2026-05-13 18:19:20,880 - INFO - joeynmt.training - 	Hypothesis: Il s&apos; attendrend dans l&apos; été et des contracts en été .
2026-05-13 18:19:20,880 - INFO - joeynmt.training - Example #4
2026-05-13 18:19:20,880 - DEBUG - joeynmt.training - 	Tokenized source:     ['The', 'next', 's@@', 'li@@', 'de', 'I', 'show', 'you', 'will', 'be', 'a', 'rap@@', 'id', 'fas@@', 't-@@', 'for@@', 'w@@', 'ard', 'of', 'what', '&apos;s', 'happen@@', 'ed', 'over', 'the', 'last', '2@@', '5', 'years', '.']
2026-05-13 18:19:20,880 - DEBUG - joeynmt.training - 	Tokenized reference:  ['La', 'pro@@', 'ch@@', 'aine', 'di@@', 'apos@@', 'iti@@', 've', 'que', 'je', 'vais', 'vous', 'montrer', 'est', 'une', 'v@@', 'ue', 'en', 'acc@@', 'él@@', 'ér@@', 'é', 'de', 'ce', 'qui', 's&apos;', 'est', 'passé', 'ces', '2@@', '5', 'derni@@', 'ères', 'années', '.']
2026-05-13 18:19:20,880 - DEBUG - joeynmt.training - 	Tokenized hypothesis: ['Le', 'pro@@', 'ch@@', 'ain', 'di@@', 'apos@@', 'iti@@', 've', 'que', 'je', 'mon@@', 'tre', 'que', 'vous', 'ser@@', 'ez', 'un', 'rap@@', 'ide', 'rap@@', 'ide', 'plus', 'rap@@', 'ide', 'de', 'ce', 'qui', 'est', 'passé', 'pendant', 'les', '2@@', '5', 'ans', '.', '</s>']
2026-05-13 18:19:20,880 - INFO - joeynmt.training - 	Source:     The next slide I show you will be a rapid fast-forward of what &apos;s happened over the last 25 years .
2026-05-13 18:19:20,880 - INFO - joeynmt.training - 	Reference:  La prochaine diapositive que je vais vous montrer est une vue en accéléré de ce qui s&apos; est passé ces 25 dernières années .
2026-05-13 18:19:20,880 - INFO - joeynmt.training - 	Hypothesis: Le prochain diapositive que je montre que vous serez un rapide rapide plus rapide de ce qui est passé pendant les 25 ans .
2026-05-13 18:19:22,401 - INFO - joeynmt.training - Epoch   4: total training loss 5885.09
2026-05-13 18:19:22,401 - INFO - joeynmt.training - EPOCH 5
2026-05-13 18:19:31,333 - INFO - joeynmt.training - Epoch   5, Step:    17600, Batch Loss:     1.013788, Batch Acc: 0.638488, Tokens per Sec:     7671, Lr: 0.000300
2026-05-13 18:19:42,030 - INFO - joeynmt.training - Epoch   5, Step:    17700, Batch Loss:     1.187571, Batch Acc: 0.629484, Tokens per Sec:     7378, Lr: 0.000300
2026-05-13 18:19:52,599 - INFO - joeynmt.training - Epoch   5, Step:    17800, Batch Loss:     1.231951, Batch Acc: 0.623947, Tokens per Sec:     7332, Lr: 0.000300
2026-05-13 18:20:03,165 - INFO - joeynmt.training - Epoch   5, Step:    17900, Batch Loss:     1.135787, Batch Acc: 0.631450, Tokens per Sec:     7500, Lr: 0.000300
2026-05-13 18:20:13,886 - INFO - joeynmt.training - Epoch   5, Step:    18000, Batch Loss:     1.383078, Batch Acc: 0.628906, Tokens per Sec:     7457, Lr: 0.000300
2026-05-13 18:20:13,886 - WARNING - joeynmt.helpers - `alpha` option is obsolete. Please use `beam_alpha`, instead.
2026-05-13 18:20:13,886 - INFO - joeynmt.prediction - Predicting 890 example(s)... (Greedy decoding with min_output_length=1, max_output_length=-1, return_prob='none', generate_unk=True, repetition_penalty=-1, no_repeat_ngram_size=-1)
2026-05-13 18:20:51,206 - INFO - joeynmt.prediction - Evaluation result (greedy) loss:   1.50, ppl:   4.47, acc:   0.57, generation: 37.3146[sec], evaluation: 0.0000[sec]
2026-05-13 18:20:51,207 - INFO - joeynmt.training - Hooray! New best validation result [ppl]!
2026-05-13 18:20:51,257 - INFO - joeynmt.helpers - delete models/bpe_2k/15500.ckpt
2026-05-13 18:20:51,257 - INFO - joeynmt.training - Example #0
2026-05-13 18:20:51,258 - DEBUG - joeynmt.training - 	Tokenized source:     ['L@@', 'ast', 'year', 'I', 'sho@@', 'w@@', 'ed', 'these', 'two', 's@@', 'li@@', 'des', 'so', 'that', 'dem@@', 'on@@', 'str@@', 'ate', 'that', 'the', 'ar@@', 'c@@', 'tic', 'ice', 'c@@', 'a@@', 'p', ',', 'which', 'for', 'most', 'of', 'the', 'last', 'three', 'million', 'years', 'has', 'been', 'the', 'si@@', 'ze', 'of', 'the', 'lo@@', 'wer', '4@@', '8', 'st@@', 'ates', ',', 'has', 'sh@@', 'r@@', 'un@@', 'k', 'by', '4@@', '0', 'percent', '.']
2026-05-13 18:20:51,258 - DEBUG - joeynmt.training - 	Tokenized reference:  ['L&apos;', 'année', 'derni@@', 'ère', ',', 'je', 'vous', 'ai', 'présent@@', 'é', 'ces', 'deux', 'di@@', 'apos@@', 'iti@@', 'ves', 'qui', 'montr@@', 'aient', 'que', 'la', 'cal@@', 'ot@@', 'te', 'gl@@', 'ac@@', 'ière', 'ar@@', 'c@@', 'tique', ',', 'qui', 'pendant', 'ces', '3', 'derni@@', 'ers', 'millions', 'd&apos;', 'année', 'avait', 'la', 't@@', 'ail@@', 'le', 'des', 'E@@', 'tat@@', 's-@@', 'Un@@', 'is', 'sans', 'l&apos;', 'Al@@', 'as@@', 'k@@', 'a', ',', 'qui', 'pendant', 'ces', '3', 'derni@@', 'ers', 'millions', 'd&apos;', 'année', 'avait', 'la', 't@@', 'ail@@', 'le', 'des', 'E@@', 'tat@@', 's-@@', 'Un@@', 'is', 'sans', 'l&apos;', 'Al@@', 'as@@', 'k@@', 'a', ',', 'avait', 'di@@', 'minu@@', 'é', 'de', '4@@', '0', '%', '.']
2026-05-13 18:20:51,258 - DEBUG - joeynmt.training - 	Tokenized hypothesis: ['L&apos;', 'année', 'derni@@', 'ère', ',', 'j&apos;', 'ai', 'montr@@', 'é', 'ces', 'deux', 'di@@', 'a@@', 'po@@', 's', 'pour', 'que', 'la', 'dé@@', 'mon@@', 'str@@', 'ation', 'des', 'c@@', 'é@@', 'ré@@', 'es', 'de', 'la', 'gl@@', 'ace', ',', 'qui', 'pendant', 'la', 'plu@@', 'part', 'des', 'trois', 'millions', 'd&apos;', 'années', 'ont', 'été', 'la', 't@@', 'ail@@', 'le', 'de', '4@@', '8', 'ét@@', 'at@@', 's', ',', 'a', 'part@@', 'i', 'par', '4@@', '0', '%', '.', '</s>']
2026-05-13 18:20:51,258 - INFO - joeynmt.training - 	Source:     Last year I showed these two slides so that demonstrate that the arctic ice cap , which for most of the last three million years has been the size of the lower 48 states , has shrunk by 40 percent .
2026-05-13 18:20:51,258 - INFO - joeynmt.training - 	Reference:  L&apos; année dernière , je vous ai présenté ces deux diapositives qui montraient que la calotte glacière arctique , qui pendant ces 3 derniers millions d&apos; année avait la taille des Etats-Unis sans l&apos; Alaska , qui pendant ces 3 derniers millions d&apos; année avait la taille des Etats-Unis sans l&apos; Alaska , avait diminué de 40 % .
2026-05-13 18:20:51,258 - INFO - joeynmt.training - 	Hypothesis: L&apos; année dernière , j&apos; ai montré ces deux diapos pour que la démonstration des cérées de la glace , qui pendant la plupart des trois millions d&apos; années ont été la taille de 48 états , a parti par 40 % .
2026-05-13 18:20:51,258 - INFO - joeynmt.training - Example #1
2026-05-13 18:20:51,258 - DEBUG - joeynmt.training - 	Tokenized source:     ['But', 'this', 'underst@@', 'ates', 'the', 'ser@@', 'i@@', 'ous@@', 'ness', 'of', 'this', 'partic@@', 'ul@@', 'ar', 'problem', 'because', 'it', 'doesn', '&apos;t', 'show', 'the', 'th@@', 'ick@@', 'ness', 'of', 'the', 'ice', '.']
2026-05-13 18:20:51,258 - DEBUG - joeynmt.training - 	Tokenized reference:  ['Mais', 'ceci', 'ten@@', 'd', 'à', 'a@@', 'mo@@', 'ind@@', 'rir', 'le', 'problème', 'parce', 'qu&apos;', 'on', 'ne', 'vo@@', 'it', 'pas', 'l&apos;', 'é@@', 'p@@', 'aiss@@', 'eur', 'de', 'la', 'gl@@', 'ace', '.']
2026-05-13 18:20:51,258 - DEBUG - joeynmt.training - 	Tokenized hypothesis: ['Mais', 'cette', 'com@@', 'pr@@', 'ét@@', 'ant', 'le', 'problème', 'de', 'ce', 'problème', 'particu@@', 'li@@', 'er', 'parce', 'que', 'ça', 'ne', 'mon@@', 'tre', 'pas', 'le', 'pou@@', 's@@', 'se', 'de', 'la', 'gl@@', 'ace', '.', '</s>']
2026-05-13 18:20:51,258 - INFO - joeynmt.training - 	Source:     But this understates the seriousness of this particular problem because it doesn &apos;t show the thickness of the ice .
2026-05-13 18:20:51,258 - INFO - joeynmt.training - 	Reference:  Mais ceci tend à amoindrir le problème parce qu&apos; on ne voit pas l&apos; épaisseur de la glace .
2026-05-13 18:20:51,258 - INFO - joeynmt.training - 	Hypothesis: Mais cette comprétant le problème de ce problème particulier parce que ça ne montre pas le pousse de la glace .
2026-05-13 18:20:51,258 - INFO - joeynmt.training - Example #2
2026-05-13 18:20:51,258 - DEBUG - joeynmt.training - 	Tokenized source:     ['The', 'ar@@', 'c@@', 'tic', 'ice', 'c@@', 'a@@', 'p', 'is', ',', 'in', 'a', 'sense', ',', 'the', 'be@@', 'ating', 'he@@', 'art', 'of', 'the', 'glob@@', 'al', 'cli@@', 'm@@', 'ate', 'system', '.']
2026-05-13 18:20:51,258 - DEBUG - joeynmt.training - 	Tokenized reference:  ['On', 'peut', 'voir', 'la', 'cal@@', 'ot@@', 'te', 'gl@@', 'ac@@', 'ière', 'ar@@', 'c@@', 'tique', 'comme', 'le', 'co@@', 'eur', 'du', 'système', 'cli@@', 'ma@@', 'tique', 'glob@@', 'al', '.', 'On', 'peut', 'voir', 'la', 'cal@@', 'ot@@', 'te', 'gl@@', 'ac@@', 'ière', 'ar@@', 'c@@', 'tique', 'comme', 'le', 'co@@', 'eur', 'du', 'système', 'cli@@', 'ma@@', 'tique', 'glob@@', 'al', '.']
2026-05-13 18:20:51,258 - DEBUG - joeynmt.training - 	Tokenized hypothesis: ['Le', 'c@@', 'â@@', 'ble', 'ar@@', 'c@@', 'tique', 'est', ',', 'dans', 'un', 'sens', ',', 'le', 'c@@', 'œ@@', 'u@@', 'r', 'du', 'système', 'du', 'cli@@', 'm@@', 'at', 'mon@@', 'di@@', 'al', '.', '</s>']
2026-05-13 18:20:51,258 - INFO - joeynmt.training - 	Source:     The arctic ice cap is , in a sense , the beating heart of the global climate system .
2026-05-13 18:20:51,258 - INFO - joeynmt.training - 	Reference:  On peut voir la calotte glacière arctique comme le coeur du système climatique global . On peut voir la calotte glacière arctique comme le coeur du système climatique global .
2026-05-13 18:20:51,258 - INFO - joeynmt.training - 	Hypothesis: Le câble arctique est , dans un sens , le cœur du système du climat mondial .
2026-05-13 18:20:51,258 - INFO - joeynmt.training - Example #3
2026-05-13 18:20:51,258 - DEBUG - joeynmt.training - 	Tokenized source:     ['It', 'exp@@', 'ands', 'in', 'w@@', 'int@@', 'er', 'and', 'contr@@', 'ac@@', 'ts', 'in', 'su@@', 'm@@', 'mer', '.']
2026-05-13 18:20:51,258 - DEBUG - joeynmt.training - 	Tokenized reference:  ['Elle', 's&apos;', 'ét@@', 'end', 'en', 'hi@@', 'ver', 'et', 'se', 'contr@@', 'ac@@', 'te', 'en', 'été', '.']
2026-05-13 18:20:51,258 - DEBUG - joeynmt.training - 	Tokenized hypothesis: ['Il', 's&apos;', 'att@@', 'end@@', 'ent', 'en', 'hi@@', 'ver', 'et', 'les', 'contr@@', 'ac@@', 'ts', 'en', 'été', '.', '</s>']
2026-05-13 18:20:51,258 - INFO - joeynmt.training - 	Source:     It expands in winter and contracts in summer .
2026-05-13 18:20:51,258 - INFO - joeynmt.training - 	Reference:  Elle s&apos; étend en hiver et se contracte en été .
2026-05-13 18:20:51,258 - INFO - joeynmt.training - 	Hypothesis: Il s&apos; attendent en hiver et les contracts en été .
2026-05-13 18:20:51,258 - INFO - joeynmt.training - Example #4
2026-05-13 18:20:51,259 - DEBUG - joeynmt.training - 	Tokenized source:     ['The', 'next', 's@@', 'li@@', 'de', 'I', 'show', 'you', 'will', 'be', 'a', 'rap@@', 'id', 'fas@@', 't-@@', 'for@@', 'w@@', 'ard', 'of', 'what', '&apos;s', 'happen@@', 'ed', 'over', 'the', 'last', '2@@', '5', 'years', '.']
2026-05-13 18:20:51,259 - DEBUG - joeynmt.training - 	Tokenized reference:  ['La', 'pro@@', 'ch@@', 'aine', 'di@@', 'apos@@', 'iti@@', 've', 'que', 'je', 'vais', 'vous', 'montrer', 'est', 'une', 'v@@', 'ue', 'en', 'acc@@', 'él@@', 'ér@@', 'é', 'de', 'ce', 'qui', 's&apos;', 'est', 'passé', 'ces', '2@@', '5', 'derni@@', 'ères', 'années', '.']
2026-05-13 18:20:51,259 - DEBUG - joeynmt.training - 	Tokenized hypothesis: ['La', 'pro@@', 'ch@@', 'aine', 'di@@', 'apos@@', 'iti@@', 've', 'que', 'je', 'vous', 'ser@@', 'ai', 'un', 'rap@@', 'ide', 'rap@@', 'ide', 'de', 'ce', 'qui', 's&apos;', 'est', 'passé', 'pendant', 'les', '2@@', '5', 'derni@@', 'ères', 'années', '.', '</s>']
2026-05-13 18:20:51,259 - INFO - joeynmt.training - 	Source:     The next slide I show you will be a rapid fast-forward of what &apos;s happened over the last 25 years .
2026-05-13 18:20:51,259 - INFO - joeynmt.training - 	Reference:  La prochaine diapositive que je vais vous montrer est une vue en accéléré de ce qui s&apos; est passé ces 25 dernières années .
2026-05-13 18:20:51,259 - INFO - joeynmt.training - 	Hypothesis: La prochaine diapositive que je vous serai un rapide rapide de ce qui s&apos; est passé pendant les 25 dernières années .
2026-05-13 18:21:02,405 - INFO - joeynmt.training - Epoch   5, Step:    18100, Batch Loss:     1.152916, Batch Acc: 0.627152, Tokens per Sec:     6935, Lr: 0.000300
2026-05-13 18:21:13,716 - INFO - joeynmt.training - Epoch   5, Step:    18200, Batch Loss:     1.226655, Batch Acc: 0.626585, Tokens per Sec:     7120, Lr: 0.000300
2026-05-13 18:21:24,866 - INFO - joeynmt.training - Epoch   5, Step:    18300, Batch Loss:     1.349045, Batch Acc: 0.629599, Tokens per Sec:     6926, Lr: 0.000300
2026-05-13 18:21:35,781 - INFO - joeynmt.training - Epoch   5, Step:    18400, Batch Loss:     1.287982, Batch Acc: 0.626630, Tokens per Sec:     6948, Lr: 0.000300
2026-05-13 18:21:46,666 - INFO - joeynmt.training - Epoch   5, Step:    18500, Batch Loss:     1.366590, Batch Acc: 0.626005, Tokens per Sec:     7302, Lr: 0.000300
2026-05-13 18:21:46,666 - WARNING - joeynmt.helpers - `alpha` option is obsolete. Please use `beam_alpha`, instead.
2026-05-13 18:21:46,666 - INFO - joeynmt.prediction - Predicting 890 example(s)... (Greedy decoding with min_output_length=1, max_output_length=-1, return_prob='none', generate_unk=True, repetition_penalty=-1, no_repeat_ngram_size=-1)
2026-05-13 18:22:19,455 - INFO - joeynmt.prediction - Evaluation result (greedy) loss:   1.50, ppl:   4.47, acc:   0.57, generation: 32.7840[sec], evaluation: 0.0000[sec]
2026-05-13 18:22:19,505 - INFO - joeynmt.helpers - delete models/bpe_2k/16000.ckpt
2026-05-13 18:22:19,508 - INFO - joeynmt.training - Example #0
2026-05-13 18:22:19,508 - DEBUG - joeynmt.training - 	Tokenized source:     ['L@@', 'ast', 'year', 'I', 'sho@@', 'w@@', 'ed', 'these', 'two', 's@@', 'li@@', 'des', 'so', 'that', 'dem@@', 'on@@', 'str@@', 'ate', 'that', 'the', 'ar@@', 'c@@', 'tic', 'ice', 'c@@', 'a@@', 'p', ',', 'which', 'for', 'most', 'of', 'the', 'last', 'three', 'million', 'years', 'has', 'been', 'the', 'si@@', 'ze', 'of', 'the', 'lo@@', 'wer', '4@@', '8', 'st@@', 'ates', ',', 'has', 'sh@@', 'r@@', 'un@@', 'k', 'by', '4@@', '0', 'percent', '.']
2026-05-13 18:22:19,508 - DEBUG - joeynmt.training - 	Tokenized reference:  ['L&apos;', 'année', 'derni@@', 'ère', ',', 'je', 'vous', 'ai', 'présent@@', 'é', 'ces', 'deux', 'di@@', 'apos@@', 'iti@@', 'ves', 'qui', 'montr@@', 'aient', 'que', 'la', 'cal@@', 'ot@@', 'te', 'gl@@', 'ac@@', 'ière', 'ar@@', 'c@@', 'tique', ',', 'qui', 'pendant', 'ces', '3', 'derni@@', 'ers', 'millions', 'd&apos;', 'année', 'avait', 'la', 't@@', 'ail@@', 'le', 'des', 'E@@', 'tat@@', 's-@@', 'Un@@', 'is', 'sans', 'l&apos;', 'Al@@', 'as@@', 'k@@', 'a', ',', 'qui', 'pendant', 'ces', '3', 'derni@@', 'ers', 'millions', 'd&apos;', 'année', 'avait', 'la', 't@@', 'ail@@', 'le', 'des', 'E@@', 'tat@@', 's-@@', 'Un@@', 'is', 'sans', 'l&apos;', 'Al@@', 'as@@', 'k@@', 'a', ',', 'avait', 'di@@', 'minu@@', 'é', 'de', '4@@', '0', '%', '.']
2026-05-13 18:22:19,508 - DEBUG - joeynmt.training - 	Tokenized hypothesis: ['L&apos;', 'année', 'derni@@', 'ère', ',', 'j&apos;', 'ai', 'montr@@', 'é', 'ces', 'deux', 'di@@', 'a@@', 'po@@', 's', 'de', 't@@', 'ellement', 'que', 'la', 'gl@@', 'ace', 'ar@@', 'c@@', 'tique', ',', 'qui', 'pendant', 'la', 'plu@@', 'part', 'des', 'trois', 'millions', 'd&apos;', 'années', 'ont', 'été', 'la', 't@@', 'ail@@', 'le', 'de', 'la', 't@@', 'ail@@', 'le', 'de', '4@@', '0', 'derni@@', 'ères', 'années', ',', 'a', 'été', 'la', 't@@', 'ail@@', 'le', 'de', '4@@', '0', 'pour', 'cent', '.', '</s>']
2026-05-13 18:22:19,508 - INFO - joeynmt.training - 	Source:     Last year I showed these two slides so that demonstrate that the arctic ice cap , which for most of the last three million years has been the size of the lower 48 states , has shrunk by 40 percent .
2026-05-13 18:22:19,508 - INFO - joeynmt.training - 	Reference:  L&apos; année dernière , je vous ai présenté ces deux diapositives qui montraient que la calotte glacière arctique , qui pendant ces 3 derniers millions d&apos; année avait la taille des Etats-Unis sans l&apos; Alaska , qui pendant ces 3 derniers millions d&apos; année avait la taille des Etats-Unis sans l&apos; Alaska , avait diminué de 40 % .
2026-05-13 18:22:19,508 - INFO - joeynmt.training - 	Hypothesis: L&apos; année dernière , j&apos; ai montré ces deux diapos de tellement que la glace arctique , qui pendant la plupart des trois millions d&apos; années ont été la taille de la taille de 40 dernières années , a été la taille de 40 pour cent .
2026-05-13 18:22:19,508 - INFO - joeynmt.training - Example #1
2026-05-13 18:22:19,509 - DEBUG - joeynmt.training - 	Tokenized source:     ['But', 'this', 'underst@@', 'ates', 'the', 'ser@@', 'i@@', 'ous@@', 'ness', 'of', 'this', 'partic@@', 'ul@@', 'ar', 'problem', 'because', 'it', 'doesn', '&apos;t', 'show', 'the', 'th@@', 'ick@@', 'ness', 'of', 'the', 'ice', '.']
2026-05-13 18:22:19,509 - DEBUG - joeynmt.training - 	Tokenized reference:  ['Mais', 'ceci', 'ten@@', 'd', 'à', 'a@@', 'mo@@', 'ind@@', 'rir', 'le', 'problème', 'parce', 'qu&apos;', 'on', 'ne', 'vo@@', 'it', 'pas', 'l&apos;', 'é@@', 'p@@', 'aiss@@', 'eur', 'de', 'la', 'gl@@', 'ace', '.']
2026-05-13 18:22:19,509 - DEBUG - joeynmt.training - 	Tokenized hypothesis: ['Mais', 'cela', 'com@@', 'pr@@', 'end', 'le', 'problème', 'particu@@', 'li@@', 'è@@', 'rement', 'parce', 'que', 'cela', 'ne', 'mon@@', 'te', 'pas', 'le', 'pou@@', 'voir', '.', '</s>']
2026-05-13 18:22:19,509 - INFO - joeynmt.training - 	Source:     But this understates the seriousness of this particular problem because it doesn &apos;t show the thickness of the ice .
2026-05-13 18:22:19,509 - INFO - joeynmt.training - 	Reference:  Mais ceci tend à amoindrir le problème parce qu&apos; on ne voit pas l&apos; épaisseur de la glace .
2026-05-13 18:22:19,509 - INFO - joeynmt.training - 	Hypothesis: Mais cela comprend le problème particulièrement parce que cela ne monte pas le pouvoir .
2026-05-13 18:22:19,509 - INFO - joeynmt.training - Example #2
2026-05-13 18:22:19,509 - DEBUG - joeynmt.training - 	Tokenized source:     ['The', 'ar@@', 'c@@', 'tic', 'ice', 'c@@', 'a@@', 'p', 'is', ',', 'in', 'a', 'sense', ',', 'the', 'be@@', 'ating', 'he@@', 'art', 'of', 'the', 'glob@@', 'al', 'cli@@', 'm@@', 'ate', 'system', '.']
2026-05-13 18:22:19,509 - DEBUG - joeynmt.training - 	Tokenized reference:  ['On', 'peut', 'voir', 'la', 'cal@@', 'ot@@', 'te', 'gl@@', 'ac@@', 'ière', 'ar@@', 'c@@', 'tique', 'comme', 'le', 'co@@', 'eur', 'du', 'système', 'cli@@', 'ma@@', 'tique', 'glob@@', 'al', '.', 'On', 'peut', 'voir', 'la', 'cal@@', 'ot@@', 'te', 'gl@@', 'ac@@', 'ière', 'ar@@', 'c@@', 'tique', 'comme', 'le', 'co@@', 'eur', 'du', 'système', 'cli@@', 'ma@@', 'tique', 'glob@@', 'al', '.']
2026-05-13 18:22:19,509 - DEBUG - joeynmt.training - 	Tokenized hypothesis: ['La', 'gl@@', 'ace', 'ar@@', 'c@@', 'tique', 'est', ',', 'dans', 'un', 'sens', ',', 'le', 'co@@', 'eur', ',', 'le', 'c@@', 'œ@@', 'u@@', 'r', 'du', 'système', 'cli@@', 'm@@', 'at', 'mon@@', 'di@@', 'al', '.', '</s>']
2026-05-13 18:22:19,509 - INFO - joeynmt.training - 	Source:     The arctic ice cap is , in a sense , the beating heart of the global climate system .
2026-05-13 18:22:19,509 - INFO - joeynmt.training - 	Reference:  On peut voir la calotte glacière arctique comme le coeur du système climatique global . On peut voir la calotte glacière arctique comme le coeur du système climatique global .
2026-05-13 18:22:19,509 - INFO - joeynmt.training - 	Hypothesis: La glace arctique est , dans un sens , le coeur , le cœur du système climat mondial .
2026-05-13 18:22:19,509 - INFO - joeynmt.training - Example #3
2026-05-13 18:22:19,509 - DEBUG - joeynmt.training - 	Tokenized source:     ['It', 'exp@@', 'ands', 'in', 'w@@', 'int@@', 'er', 'and', 'contr@@', 'ac@@', 'ts', 'in', 'su@@', 'm@@', 'mer', '.']
2026-05-13 18:22:19,509 - DEBUG - joeynmt.training - 	Tokenized reference:  ['Elle', 's&apos;', 'ét@@', 'end', 'en', 'hi@@', 'ver', 'et', 'se', 'contr@@', 'ac@@', 'te', 'en', 'été', '.']
2026-05-13 18:22:19,509 - DEBUG - joeynmt.training - 	Tokenized hypothesis: ['Il', 's&apos;', 'ét@@', 'end', 'dans', 'un', 'hi@@', 'ver', 'et', 'contr@@', 'ac@@', 'te', 'en', 'été', '.', '</s>']
2026-05-13 18:22:19,509 - INFO - joeynmt.training - 	Source:     It expands in winter and contracts in summer .
2026-05-13 18:22:19,509 - INFO - joeynmt.training - 	Reference:  Elle s&apos; étend en hiver et se contracte en été .
2026-05-13 18:22:19,509 - INFO - joeynmt.training - 	Hypothesis: Il s&apos; étend dans un hiver et contracte en été .
2026-05-13 18:22:19,509 - INFO - joeynmt.training - Example #4
2026-05-13 18:22:19,509 - DEBUG - joeynmt.training - 	Tokenized source:     ['The', 'next', 's@@', 'li@@', 'de', 'I', 'show', 'you', 'will', 'be', 'a', 'rap@@', 'id', 'fas@@', 't-@@', 'for@@', 'w@@', 'ard', 'of', 'what', '&apos;s', 'happen@@', 'ed', 'over', 'the', 'last', '2@@', '5', 'years', '.']
2026-05-13 18:22:19,509 - DEBUG - joeynmt.training - 	Tokenized reference:  ['La', 'pro@@', 'ch@@', 'aine', 'di@@', 'apos@@', 'iti@@', 've', 'que', 'je', 'vais', 'vous', 'montrer', 'est', 'une', 'v@@', 'ue', 'en', 'acc@@', 'él@@', 'ér@@', 'é', 'de', 'ce', 'qui', 's&apos;', 'est', 'passé', 'ces', '2@@', '5', 'derni@@', 'ères', 'années', '.']
2026-05-13 18:22:19,509 - DEBUG - joeynmt.training - 	Tokenized hypothesis: ['Le', 'pro@@', 'ch@@', 'ain', 'di@@', 'apos@@', 'iti@@', 've', 'que', 'je', 'vous', 'ser@@', 'ez', 'un', 'rap@@', 'ide', 'rap@@', 'ide', 'de', 'ce', 'qui', 'est', 'arriv@@', 'é', 'au', 'cours', 'de', '2@@', '5', 'derni@@', 'ères', 'années', '.', '</s>']
2026-05-13 18:22:19,509 - INFO - joeynmt.training - 	Source:     The next slide I show you will be a rapid fast-forward of what &apos;s happened over the last 25 years .
2026-05-13 18:22:19,509 - INFO - joeynmt.training - 	Reference:  La prochaine diapositive que je vais vous montrer est une vue en accéléré de ce qui s&apos; est passé ces 25 dernières années .
2026-05-13 18:22:19,509 - INFO - joeynmt.training - 	Hypothesis: Le prochain diapositive que je vous serez un rapide rapide de ce qui est arrivé au cours de 25 dernières années .
2026-05-13 18:22:30,167 - INFO - joeynmt.training - Epoch   5, Step:    18600, Batch Loss:     1.224827, Batch Acc: 0.625240, Tokens per Sec:     7395, Lr: 0.000300
2026-05-13 18:22:40,659 - INFO - joeynmt.training - Epoch   5, Step:    18700, Batch Loss:     1.326331, Batch Acc: 0.624820, Tokens per Sec:     7365, Lr: 0.000300
2026-05-13 18:22:51,425 - INFO - joeynmt.training - Epoch   5, Step:    18800, Batch Loss:     1.297894, Batch Acc: 0.626961, Tokens per Sec:     7098, Lr: 0.000300
2026-05-13 18:23:01,859 - INFO - joeynmt.training - Epoch   5, Step:    18900, Batch Loss:     1.149511, Batch Acc: 0.625047, Tokens per Sec:     7428, Lr: 0.000300
2026-05-13 18:23:12,645 - INFO - joeynmt.training - Epoch   5, Step:    19000, Batch Loss:     1.338524, Batch Acc: 0.628043, Tokens per Sec:     7343, Lr: 0.000300
2026-05-13 18:23:12,645 - WARNING - joeynmt.helpers - `alpha` option is obsolete. Please use `beam_alpha`, instead.
2026-05-13 18:23:12,645 - INFO - joeynmt.prediction - Predicting 890 example(s)... (Greedy decoding with min_output_length=1, max_output_length=-1, return_prob='none', generate_unk=True, repetition_penalty=-1, no_repeat_ngram_size=-1)
2026-05-13 18:23:52,366 - INFO - joeynmt.prediction - Evaluation result (greedy) loss:   1.50, ppl:   4.47, acc:   0.57, generation: 39.7148[sec], evaluation: 0.0000[sec]
2026-05-13 18:23:52,416 - INFO - joeynmt.helpers - delete models/bpe_2k/16500.ckpt
2026-05-13 18:23:52,416 - INFO - joeynmt.training - Example #0
2026-05-13 18:23:52,416 - DEBUG - joeynmt.training - 	Tokenized source:     ['L@@', 'ast', 'year', 'I', 'sho@@', 'w@@', 'ed', 'these', 'two', 's@@', 'li@@', 'des', 'so', 'that', 'dem@@', 'on@@', 'str@@', 'ate', 'that', 'the', 'ar@@', 'c@@', 'tic', 'ice', 'c@@', 'a@@', 'p', ',', 'which', 'for', 'most', 'of', 'the', 'last', 'three', 'million', 'years', 'has', 'been', 'the', 'si@@', 'ze', 'of', 'the', 'lo@@', 'wer', '4@@', '8', 'st@@', 'ates', ',', 'has', 'sh@@', 'r@@', 'un@@', 'k', 'by', '4@@', '0', 'percent', '.']
2026-05-13 18:23:52,416 - DEBUG - joeynmt.training - 	Tokenized reference:  ['L&apos;', 'année', 'derni@@', 'ère', ',', 'je', 'vous', 'ai', 'présent@@', 'é', 'ces', 'deux', 'di@@', 'apos@@', 'iti@@', 'ves', 'qui', 'montr@@', 'aient', 'que', 'la', 'cal@@', 'ot@@', 'te', 'gl@@', 'ac@@', 'ière', 'ar@@', 'c@@', 'tique', ',', 'qui', 'pendant', 'ces', '3', 'derni@@', 'ers', 'millions', 'd&apos;', 'année', 'avait', 'la', 't@@', 'ail@@', 'le', 'des', 'E@@', 'tat@@', 's-@@', 'Un@@', 'is', 'sans', 'l&apos;', 'Al@@', 'as@@', 'k@@', 'a', ',', 'qui', 'pendant', 'ces', '3', 'derni@@', 'ers', 'millions', 'd&apos;', 'année', 'avait', 'la', 't@@', 'ail@@', 'le', 'des', 'E@@', 'tat@@', 's-@@', 'Un@@', 'is', 'sans', 'l&apos;', 'Al@@', 'as@@', 'k@@', 'a', ',', 'avait', 'di@@', 'minu@@', 'é', 'de', '4@@', '0', '%', '.']
2026-05-13 18:23:52,416 - DEBUG - joeynmt.training - 	Tokenized hypothesis: ['L&apos;', 'année', 'derni@@', 'ère', ',', 'j&apos;', 'ai', 'montr@@', 'é', 'ces', 'deux', 'di@@', 'a@@', 'po@@', 's', 'de', 't@@', 'elle', 'que', 'la', 'gl@@', 'ace', 'ar@@', 'c@@', 'tique', ',', 'qui', 'pendant', 'la', 'plu@@', 'part', 'des', 'trois', 'millions', 'd&apos;', 'années', 'ont', 'été', 'la', 't@@', 'ail@@', 'le', 'de', '4@@', '8', 'derni@@', 'ères', 'années', ',', 'a', 'été', 'le', 'cour@@', 'ant', 'de', '4@@', '0', '%', '.', '</s>']
2026-05-13 18:23:52,416 - INFO - joeynmt.training - 	Source:     Last year I showed these two slides so that demonstrate that the arctic ice cap , which for most of the last three million years has been the size of the lower 48 states , has shrunk by 40 percent .
2026-05-13 18:23:52,416 - INFO - joeynmt.training - 	Reference:  L&apos; année dernière , je vous ai présenté ces deux diapositives qui montraient que la calotte glacière arctique , qui pendant ces 3 derniers millions d&apos; année avait la taille des Etats-Unis sans l&apos; Alaska , qui pendant ces 3 derniers millions d&apos; année avait la taille des Etats-Unis sans l&apos; Alaska , avait diminué de 40 % .
2026-05-13 18:23:52,416 - INFO - joeynmt.training - 	Hypothesis: L&apos; année dernière , j&apos; ai montré ces deux diapos de telle que la glace arctique , qui pendant la plupart des trois millions d&apos; années ont été la taille de 48 dernières années , a été le courant de 40 % .
2026-05-13 18:23:52,416 - INFO - joeynmt.training - Example #1
2026-05-13 18:23:52,416 - DEBUG - joeynmt.training - 	Tokenized source:     ['But', 'this', 'underst@@', 'ates', 'the', 'ser@@', 'i@@', 'ous@@', 'ness', 'of', 'this', 'partic@@', 'ul@@', 'ar', 'problem', 'because', 'it', 'doesn', '&apos;t', 'show', 'the', 'th@@', 'ick@@', 'ness', 'of', 'the', 'ice', '.']
2026-05-13 18:23:52,416 - DEBUG - joeynmt.training - 	Tokenized reference:  ['Mais', 'ceci', 'ten@@', 'd', 'à', 'a@@', 'mo@@', 'ind@@', 'rir', 'le', 'problème', 'parce', 'qu&apos;', 'on', 'ne', 'vo@@', 'it', 'pas', 'l&apos;', 'é@@', 'p@@', 'aiss@@', 'eur', 'de', 'la', 'gl@@', 'ace', '.']
2026-05-13 18:23:52,416 - DEBUG - joeynmt.training - 	Tokenized hypothesis: ['Mais', 'cette', 'com@@', 'pren@@', 'ne', 'la', 's@@', 'éri@@', 'eu@@', 's@@', 'ement', 'de', 'ce', 'problème', 'particu@@', 'li@@', 'è@@', 'rement', 'parce', 'qu&apos;', 'il', 'ne', 'mon@@', 'tre', 'pas', 'le', 'pou@@', 'voir', '.', '</s>']
2026-05-13 18:23:52,416 - INFO - joeynmt.training - 	Source:     But this understates the seriousness of this particular problem because it doesn &apos;t show the thickness of the ice .
2026-05-13 18:23:52,417 - INFO - joeynmt.training - 	Reference:  Mais ceci tend à amoindrir le problème parce qu&apos; on ne voit pas l&apos; épaisseur de la glace .
2026-05-13 18:23:52,417 - INFO - joeynmt.training - 	Hypothesis: Mais cette comprenne la sérieusement de ce problème particulièrement parce qu&apos; il ne montre pas le pouvoir .
2026-05-13 18:23:52,417 - INFO - joeynmt.training - Example #2
2026-05-13 18:23:52,417 - DEBUG - joeynmt.training - 	Tokenized source:     ['The', 'ar@@', 'c@@', 'tic', 'ice', 'c@@', 'a@@', 'p', 'is', ',', 'in', 'a', 'sense', ',', 'the', 'be@@', 'ating', 'he@@', 'art', 'of', 'the', 'glob@@', 'al', 'cli@@', 'm@@', 'ate', 'system', '.']
2026-05-13 18:23:52,417 - DEBUG - joeynmt.training - 	Tokenized reference:  ['On', 'peut', 'voir', 'la', 'cal@@', 'ot@@', 'te', 'gl@@', 'ac@@', 'ière', 'ar@@', 'c@@', 'tique', 'comme', 'le', 'co@@', 'eur', 'du', 'système', 'cli@@', 'ma@@', 'tique', 'glob@@', 'al', '.', 'On', 'peut', 'voir', 'la', 'cal@@', 'ot@@', 'te', 'gl@@', 'ac@@', 'ière', 'ar@@', 'c@@', 'tique', 'comme', 'le', 'co@@', 'eur', 'du', 'système', 'cli@@', 'ma@@', 'tique', 'glob@@', 'al', '.']
2026-05-13 18:23:52,417 - DEBUG - joeynmt.training - 	Tokenized hypothesis: ['Le', 'c@@', 'a@@', 'p', 'ar@@', 'c@@', 'tique', 'est', ',', 'dans', 'un', 'sens', ',', 'le', 'co@@', 'eur', 'du', 'système', 'cli@@', 'm@@', 'at', 'glob@@', 'al', '.', '</s>']
2026-05-13 18:23:52,417 - INFO - joeynmt.training - 	Source:     The arctic ice cap is , in a sense , the beating heart of the global climate system .
2026-05-13 18:23:52,417 - INFO - joeynmt.training - 	Reference:  On peut voir la calotte glacière arctique comme le coeur du système climatique global . On peut voir la calotte glacière arctique comme le coeur du système climatique global .
2026-05-13 18:23:52,417 - INFO - joeynmt.training - 	Hypothesis: Le cap arctique est , dans un sens , le coeur du système climat global .
2026-05-13 18:23:52,417 - INFO - joeynmt.training - Example #3
2026-05-13 18:23:52,417 - DEBUG - joeynmt.training - 	Tokenized source:     ['It', 'exp@@', 'ands', 'in', 'w@@', 'int@@', 'er', 'and', 'contr@@', 'ac@@', 'ts', 'in', 'su@@', 'm@@', 'mer', '.']
2026-05-13 18:23:52,417 - DEBUG - joeynmt.training - 	Tokenized reference:  ['Elle', 's&apos;', 'ét@@', 'end', 'en', 'hi@@', 'ver', 'et', 'se', 'contr@@', 'ac@@', 'te', 'en', 'été', '.']
2026-05-13 18:23:52,417 - DEBUG - joeynmt.training - 	Tokenized hypothesis: ['Il', 's&apos;', 'att@@', 'end@@', 'r@@', 'end@@', 'ent', 'en', 'hi@@', 'ver', 'et', 'les', 'contr@@', 'ac@@', 'ts', 'en', 'été', '.', '</s>']
2026-05-13 18:23:52,417 - INFO - joeynmt.training - 	Source:     It expands in winter and contracts in summer .
2026-05-13 18:23:52,417 - INFO - joeynmt.training - 	Reference:  Elle s&apos; étend en hiver et se contracte en été .
2026-05-13 18:23:52,417 - INFO - joeynmt.training - 	Hypothesis: Il s&apos; attendrendent en hiver et les contracts en été .
2026-05-13 18:23:52,417 - INFO - joeynmt.training - Example #4
2026-05-13 18:23:52,417 - DEBUG - joeynmt.training - 	Tokenized source:     ['The', 'next', 's@@', 'li@@', 'de', 'I', 'show', 'you', 'will', 'be', 'a', 'rap@@', 'id', 'fas@@', 't-@@', 'for@@', 'w@@', 'ard', 'of', 'what', '&apos;s', 'happen@@', 'ed', 'over', 'the', 'last', '2@@', '5', 'years', '.']
2026-05-13 18:23:52,417 - DEBUG - joeynmt.training - 	Tokenized reference:  ['La', 'pro@@', 'ch@@', 'aine', 'di@@', 'apos@@', 'iti@@', 've', 'que', 'je', 'vais', 'vous', 'montrer', 'est', 'une', 'v@@', 'ue', 'en', 'acc@@', 'él@@', 'ér@@', 'é', 'de', 'ce', 'qui', 's&apos;', 'est', 'passé', 'ces', '2@@', '5', 'derni@@', 'ères', 'années', '.']
2026-05-13 18:23:52,417 - DEBUG - joeynmt.training - 	Tokenized hypothesis: ['Le', 'pro@@', 'ch@@', 'ain', 'di@@', 'apos@@', 'iti@@', 've', 'que', 'je', 'vous', 'ser@@', 'ai', 'un', 'rap@@', 'ide', 'rap@@', 'ide', 'de', 'ce', 'qui', 's&apos;', 'est', 'passé', 'pendant', 'les', '2@@', '5', 'ans', '.', '</s>']
2026-05-13 18:23:52,417 - INFO - joeynmt.training - 	Source:     The next slide I show you will be a rapid fast-forward of what &apos;s happened over the last 25 years .
2026-05-13 18:23:52,417 - INFO - joeynmt.training - 	Reference:  La prochaine diapositive que je vais vous montrer est une vue en accéléré de ce qui s&apos; est passé ces 25 dernières années .
2026-05-13 18:23:52,417 - INFO - joeynmt.training - 	Hypothesis: Le prochain diapositive que je vous serai un rapide rapide de ce qui s&apos; est passé pendant les 25 ans .
2026-05-13 18:24:02,832 - INFO - joeynmt.training - Epoch   5, Step:    19100, Batch Loss:     1.161936, Batch Acc: 0.628606, Tokens per Sec:     7643, Lr: 0.000300
2026-05-13 18:24:13,855 - INFO - joeynmt.training - Epoch   5, Step:    19200, Batch Loss:     1.130247, Batch Acc: 0.620935, Tokens per Sec:     6936, Lr: 0.000300
2026-05-13 18:24:24,358 - INFO - joeynmt.training - Epoch   5, Step:    19300, Batch Loss:     1.400045, Batch Acc: 0.627429, Tokens per Sec:     7299, Lr: 0.000300
2026-05-13 18:24:35,182 - INFO - joeynmt.training - Epoch   5, Step:    19400, Batch Loss:     1.314473, Batch Acc: 0.626149, Tokens per Sec:     7389, Lr: 0.000300
2026-05-13 18:24:45,697 - INFO - joeynmt.training - Epoch   5, Step:    19500, Batch Loss:     1.145537, Batch Acc: 0.627182, Tokens per Sec:     7600, Lr: 0.000300
2026-05-13 18:24:45,697 - WARNING - joeynmt.helpers - `alpha` option is obsolete. Please use `beam_alpha`, instead.
2026-05-13 18:24:45,697 - INFO - joeynmt.prediction - Predicting 890 example(s)... (Greedy decoding with min_output_length=1, max_output_length=-1, return_prob='none', generate_unk=True, repetition_penalty=-1, no_repeat_ngram_size=-1)
2026-05-13 18:25:24,265 - INFO - joeynmt.prediction - Evaluation result (greedy) loss:   1.49, ppl:   4.42, acc:   0.57, generation: 38.5623[sec], evaluation: 0.0000[sec]
2026-05-13 18:25:24,265 - INFO - joeynmt.training - Hooray! New best validation result [ppl]!
2026-05-13 18:25:24,316 - INFO - joeynmt.helpers - delete models/bpe_2k/17000.ckpt
2026-05-13 18:25:24,316 - INFO - joeynmt.training - Example #0
2026-05-13 18:25:24,316 - DEBUG - joeynmt.training - 	Tokenized source:     ['L@@', 'ast', 'year', 'I', 'sho@@', 'w@@', 'ed', 'these', 'two', 's@@', 'li@@', 'des', 'so', 'that', 'dem@@', 'on@@', 'str@@', 'ate', 'that', 'the', 'ar@@', 'c@@', 'tic', 'ice', 'c@@', 'a@@', 'p', ',', 'which', 'for', 'most', 'of', 'the', 'last', 'three', 'million', 'years', 'has', 'been', 'the', 'si@@', 'ze', 'of', 'the', 'lo@@', 'wer', '4@@', '8', 'st@@', 'ates', ',', 'has', 'sh@@', 'r@@', 'un@@', 'k', 'by', '4@@', '0', 'percent', '.']
2026-05-13 18:25:24,316 - DEBUG - joeynmt.training - 	Tokenized reference:  ['L&apos;', 'année', 'derni@@', 'ère', ',', 'je', 'vous', 'ai', 'présent@@', 'é', 'ces', 'deux', 'di@@', 'apos@@', 'iti@@', 'ves', 'qui', 'montr@@', 'aient', 'que', 'la', 'cal@@', 'ot@@', 'te', 'gl@@', 'ac@@', 'ière', 'ar@@', 'c@@', 'tique', ',', 'qui', 'pendant', 'ces', '3', 'derni@@', 'ers', 'millions', 'd&apos;', 'année', 'avait', 'la', 't@@', 'ail@@', 'le', 'des', 'E@@', 'tat@@', 's-@@', 'Un@@', 'is', 'sans', 'l&apos;', 'Al@@', 'as@@', 'k@@', 'a', ',', 'qui', 'pendant', 'ces', '3', 'derni@@', 'ers', 'millions', 'd&apos;', 'année', 'avait', 'la', 't@@', 'ail@@', 'le', 'des', 'E@@', 'tat@@', 's-@@', 'Un@@', 'is', 'sans', 'l&apos;', 'Al@@', 'as@@', 'k@@', 'a', ',', 'avait', 'di@@', 'minu@@', 'é', 'de', '4@@', '0', '%', '.']
2026-05-13 18:25:24,316 - DEBUG - joeynmt.training - 	Tokenized hypothesis: ['L&apos;', 'année', 'derni@@', 'ère', ',', 'j&apos;', 'ai', 'montr@@', 'é', 'ces', 'deux', 'di@@', 'a@@', 'po@@', 's', 'de', 'cette', 'dé@@', 'mon@@', 'str@@', 'ation', 'de', 'la', 'gl@@', 'ace', 'ar@@', 'c@@', 'tique', ',', 'qui', 'pendant', 'la', 'plu@@', 'part', 'des', 'trois', 'millions', 'd&apos;', 'années', 'ont', 'été', 'la', 't@@', 'ail@@', 'le', 'de', 'la', 't@@', 'ail@@', 'le', 'de', 'la', 'b@@', 'ais@@', 'se', 'de', '4@@', '0', '%', '.', '</s>']
2026-05-13 18:25:24,316 - INFO - joeynmt.training - 	Source:     Last year I showed these two slides so that demonstrate that the arctic ice cap , which for most of the last three million years has been the size of the lower 48 states , has shrunk by 40 percent .
2026-05-13 18:25:24,316 - INFO - joeynmt.training - 	Reference:  L&apos; année dernière , je vous ai présenté ces deux diapositives qui montraient que la calotte glacière arctique , qui pendant ces 3 derniers millions d&apos; année avait la taille des Etats-Unis sans l&apos; Alaska , qui pendant ces 3 derniers millions d&apos; année avait la taille des Etats-Unis sans l&apos; Alaska , avait diminué de 40 % .
2026-05-13 18:25:24,316 - INFO - joeynmt.training - 	Hypothesis: L&apos; année dernière , j&apos; ai montré ces deux diapos de cette démonstration de la glace arctique , qui pendant la plupart des trois millions d&apos; années ont été la taille de la taille de la baisse de 40 % .
2026-05-13 18:25:24,316 - INFO - joeynmt.training - Example #1
2026-05-13 18:25:24,316 - DEBUG - joeynmt.training - 	Tokenized source:     ['But', 'this', 'underst@@', 'ates', 'the', 'ser@@', 'i@@', 'ous@@', 'ness', 'of', 'this', 'partic@@', 'ul@@', 'ar', 'problem', 'because', 'it', 'doesn', '&apos;t', 'show', 'the', 'th@@', 'ick@@', 'ness', 'of', 'the', 'ice', '.']
2026-05-13 18:25:24,317 - DEBUG - joeynmt.training - 	Tokenized reference:  ['Mais', 'ceci', 'ten@@', 'd', 'à', 'a@@', 'mo@@', 'ind@@', 'rir', 'le', 'problème', 'parce', 'qu&apos;', 'on', 'ne', 'vo@@', 'it', 'pas', 'l&apos;', 'é@@', 'p@@', 'aiss@@', 'eur', 'de', 'la', 'gl@@', 'ace', '.']
2026-05-13 18:25:24,317 - DEBUG - joeynmt.training - 	Tokenized hypothesis: ['Mais', 'cette', 'com@@', 'pr@@', 'end', 'la', 's@@', 'éri@@', 'o@@', 'de', 'ce', 'problème', ',', 'parce', 'que', 'ça', 'ne', 'mon@@', 'te', 'pas', 'la', 'gl@@', 'ace', '.', '</s>']
2026-05-13 18:25:24,317 - INFO - joeynmt.training - 	Source:     But this understates the seriousness of this particular problem because it doesn &apos;t show the thickness of the ice .
2026-05-13 18:25:24,317 - INFO - joeynmt.training - 	Reference:  Mais ceci tend à amoindrir le problème parce qu&apos; on ne voit pas l&apos; épaisseur de la glace .
2026-05-13 18:25:24,317 - INFO - joeynmt.training - 	Hypothesis: Mais cette comprend la sériode ce problème , parce que ça ne monte pas la glace .
2026-05-13 18:25:24,317 - INFO - joeynmt.training - Example #2
2026-05-13 18:25:24,317 - DEBUG - joeynmt.training - 	Tokenized source:     ['The', 'ar@@', 'c@@', 'tic', 'ice', 'c@@', 'a@@', 'p', 'is', ',', 'in', 'a', 'sense', ',', 'the', 'be@@', 'ating', 'he@@', 'art', 'of', 'the', 'glob@@', 'al', 'cli@@', 'm@@', 'ate', 'system', '.']
2026-05-13 18:25:24,317 - DEBUG - joeynmt.training - 	Tokenized reference:  ['On', 'peut', 'voir', 'la', 'cal@@', 'ot@@', 'te', 'gl@@', 'ac@@', 'ière', 'ar@@', 'c@@', 'tique', 'comme', 'le', 'co@@', 'eur', 'du', 'système', 'cli@@', 'ma@@', 'tique', 'glob@@', 'al', '.', 'On', 'peut', 'voir', 'la', 'cal@@', 'ot@@', 'te', 'gl@@', 'ac@@', 'ière', 'ar@@', 'c@@', 'tique', 'comme', 'le', 'co@@', 'eur', 'du', 'système', 'cli@@', 'ma@@', 'tique', 'glob@@', 'al', '.']
2026-05-13 18:25:24,317 - DEBUG - joeynmt.training - 	Tokenized hypothesis: ['La', 'gl@@', 'ace', 'ar@@', 'c@@', 'tique', 'est', ',', 'dans', 'un', 'sens', ',', 'le', 'c@@', 'a@@', 'p', 'du', 'système', 'de', 'cli@@', 'ma@@', 'tique', '.', '</s>']
2026-05-13 18:25:24,317 - INFO - joeynmt.training - 	Source:     The arctic ice cap is , in a sense , the beating heart of the global climate system .
2026-05-13 18:25:24,317 - INFO - joeynmt.training - 	Reference:  On peut voir la calotte glacière arctique comme le coeur du système climatique global . On peut voir la calotte glacière arctique comme le coeur du système climatique global .
2026-05-13 18:25:24,317 - INFO - joeynmt.training - 	Hypothesis: La glace arctique est , dans un sens , le cap du système de climatique .
2026-05-13 18:25:24,317 - INFO - joeynmt.training - Example #3
2026-05-13 18:25:24,317 - DEBUG - joeynmt.training - 	Tokenized source:     ['It', 'exp@@', 'ands', 'in', 'w@@', 'int@@', 'er', 'and', 'contr@@', 'ac@@', 'ts', 'in', 'su@@', 'm@@', 'mer', '.']
2026-05-13 18:25:24,317 - DEBUG - joeynmt.training - 	Tokenized reference:  ['Elle', 's&apos;', 'ét@@', 'end', 'en', 'hi@@', 'ver', 'et', 'se', 'contr@@', 'ac@@', 'te', 'en', 'été', '.']
2026-05-13 18:25:24,317 - DEBUG - joeynmt.training - 	Tokenized hypothesis: ['Il', 's&apos;', 'ét@@', 'end@@', 'ent', 'dans', 'l&apos;', 'hi@@', 'ver', 'et', 'des', 'contr@@', 'ac@@', 'ts', 'en', 'été', '.', '</s>']
2026-05-13 18:25:24,317 - INFO - joeynmt.training - 	Source:     It expands in winter and contracts in summer .
2026-05-13 18:25:24,317 - INFO - joeynmt.training - 	Reference:  Elle s&apos; étend en hiver et se contracte en été .
2026-05-13 18:25:24,317 - INFO - joeynmt.training - 	Hypothesis: Il s&apos; étendent dans l&apos; hiver et des contracts en été .
2026-05-13 18:25:24,317 - INFO - joeynmt.training - Example #4
2026-05-13 18:25:24,317 - DEBUG - joeynmt.training - 	Tokenized source:     ['The', 'next', 's@@', 'li@@', 'de', 'I', 'show', 'you', 'will', 'be', 'a', 'rap@@', 'id', 'fas@@', 't-@@', 'for@@', 'w@@', 'ard', 'of', 'what', '&apos;s', 'happen@@', 'ed', 'over', 'the', 'last', '2@@', '5', 'years', '.']
2026-05-13 18:25:24,317 - DEBUG - joeynmt.training - 	Tokenized reference:  ['La', 'pro@@', 'ch@@', 'aine', 'di@@', 'apos@@', 'iti@@', 've', 'que', 'je', 'vais', 'vous', 'montrer', 'est', 'une', 'v@@', 'ue', 'en', 'acc@@', 'él@@', 'ér@@', 'é', 'de', 'ce', 'qui', 's&apos;', 'est', 'passé', 'ces', '2@@', '5', 'derni@@', 'ères', 'années', '.']
2026-05-13 18:25:24,317 - DEBUG - joeynmt.training - 	Tokenized hypothesis: ['La', 'pro@@', 'ch@@', 'aine', 'di@@', 'apos@@', 'iti@@', 've', 'que', 'je', 'vous', 'mon@@', 'tre', 'rap@@', 'ide', 'rap@@', 'ide', 'de', 'ce', 'qui', 's&apos;', 'est', 'passé', 'pendant', 'les', '2@@', '5', 'ans', '.', '</s>']
2026-05-13 18:25:24,317 - INFO - joeynmt.training - 	Source:     The next slide I show you will be a rapid fast-forward of what &apos;s happened over the last 25 years .
2026-05-13 18:25:24,317 - INFO - joeynmt.training - 	Reference:  La prochaine diapositive que je vais vous montrer est une vue en accéléré de ce qui s&apos; est passé ces 25 dernières années .
2026-05-13 18:25:24,317 - INFO - joeynmt.training - 	Hypothesis: La prochaine diapositive que je vous montre rapide rapide de ce qui s&apos; est passé pendant les 25 ans .
2026-05-13 18:25:35,328 - INFO - joeynmt.training - Epoch   5, Step:    19600, Batch Loss:     1.415715, Batch Acc: 0.629082, Tokens per Sec:     7158, Lr: 0.000300
2026-05-13 18:25:46,027 - INFO - joeynmt.training - Epoch   5, Step:    19700, Batch Loss:     1.291093, Batch Acc: 0.625328, Tokens per Sec:     7302, Lr: 0.000300
2026-05-13 18:25:56,952 - INFO - joeynmt.training - Epoch   5, Step:    19800, Batch Loss:     1.159092, Batch Acc: 0.624781, Tokens per Sec:     7068, Lr: 0.000300
2026-05-13 18:26:07,885 - INFO - joeynmt.training - Epoch   5, Step:    19900, Batch Loss:     1.216247, Batch Acc: 0.627319, Tokens per Sec:     7063, Lr: 0.000300
2026-05-13 18:26:18,532 - INFO - joeynmt.training - Epoch   5, Step:    20000, Batch Loss:     1.227578, Batch Acc: 0.626692, Tokens per Sec:     7260, Lr: 0.000300
2026-05-13 18:26:18,532 - WARNING - joeynmt.helpers - `alpha` option is obsolete. Please use `beam_alpha`, instead.
2026-05-13 18:26:18,532 - INFO - joeynmt.prediction - Predicting 890 example(s)... (Greedy decoding with min_output_length=1, max_output_length=-1, return_prob='none', generate_unk=True, repetition_penalty=-1, no_repeat_ngram_size=-1)
2026-05-13 18:26:51,986 - INFO - joeynmt.prediction - Evaluation result (greedy) loss:   1.48, ppl:   4.41, acc:   0.57, generation: 33.4484[sec], evaluation: 0.0000[sec]
2026-05-13 18:26:51,986 - INFO - joeynmt.training - Hooray! New best validation result [ppl]!
2026-05-13 18:26:52,036 - INFO - joeynmt.helpers - delete models/bpe_2k/17500.ckpt
2026-05-13 18:26:52,038 - INFO - joeynmt.training - Example #0
2026-05-13 18:26:52,039 - DEBUG - joeynmt.training - 	Tokenized source:     ['L@@', 'ast', 'year', 'I', 'sho@@', 'w@@', 'ed', 'these', 'two', 's@@', 'li@@', 'des', 'so', 'that', 'dem@@', 'on@@', 'str@@', 'ate', 'that', 'the', 'ar@@', 'c@@', 'tic', 'ice', 'c@@', 'a@@', 'p', ',', 'which', 'for', 'most', 'of', 'the', 'last', 'three', 'million', 'years', 'has', 'been', 'the', 'si@@', 'ze', 'of', 'the', 'lo@@', 'wer', '4@@', '8', 'st@@', 'ates', ',', 'has', 'sh@@', 'r@@', 'un@@', 'k', 'by', '4@@', '0', 'percent', '.']
2026-05-13 18:26:52,039 - DEBUG - joeynmt.training - 	Tokenized reference:  ['L&apos;', 'année', 'derni@@', 'ère', ',', 'je', 'vous', 'ai', 'présent@@', 'é', 'ces', 'deux', 'di@@', 'apos@@', 'iti@@', 'ves', 'qui', 'montr@@', 'aient', 'que', 'la', 'cal@@', 'ot@@', 'te', 'gl@@', 'ac@@', 'ière', 'ar@@', 'c@@', 'tique', ',', 'qui', 'pendant', 'ces', '3', 'derni@@', 'ers', 'millions', 'd&apos;', 'année', 'avait', 'la', 't@@', 'ail@@', 'le', 'des', 'E@@', 'tat@@', 's-@@', 'Un@@', 'is', 'sans', 'l&apos;', 'Al@@', 'as@@', 'k@@', 'a', ',', 'qui', 'pendant', 'ces', '3', 'derni@@', 'ers', 'millions', 'd&apos;', 'année', 'avait', 'la', 't@@', 'ail@@', 'le', 'des', 'E@@', 'tat@@', 's-@@', 'Un@@', 'is', 'sans', 'l&apos;', 'Al@@', 'as@@', 'k@@', 'a', ',', 'avait', 'di@@', 'minu@@', 'é', 'de', '4@@', '0', '%', '.']
2026-05-13 18:26:52,039 - DEBUG - joeynmt.training - 	Tokenized hypothesis: ['L&apos;', 'année', 'derni@@', 'ère', ',', 'j&apos;', 'ai', 'montr@@', 'é', 'ces', 'deux', 's@@', 'li@@', 'des', 'de', 't@@', 'elle', 'que', 'la', 'gl@@', 'ace', 'de', 'la', 'gl@@', 'ace', 'ar@@', 'c@@', 'tique', ',', 'qui', 'pendant', 'la', 'plu@@', 'part', 'des', 'trois', 'millions', 'd&apos;', 'années', ',', 'a', 'été', 'la', 't@@', 'ail@@', 'le', 'de', '4@@', '8', 'derni@@', 'ères', 'années', ',', 'a', 'été', 'part@@', 'ag@@', 'é', 'par', '4@@', '0', '%', '.', '</s>']
2026-05-13 18:26:52,039 - INFO - joeynmt.training - 	Source:     Last year I showed these two slides so that demonstrate that the arctic ice cap , which for most of the last three million years has been the size of the lower 48 states , has shrunk by 40 percent .
2026-05-13 18:26:52,039 - INFO - joeynmt.training - 	Reference:  L&apos; année dernière , je vous ai présenté ces deux diapositives qui montraient que la calotte glacière arctique , qui pendant ces 3 derniers millions d&apos; année avait la taille des Etats-Unis sans l&apos; Alaska , qui pendant ces 3 derniers millions d&apos; année avait la taille des Etats-Unis sans l&apos; Alaska , avait diminué de 40 % .
2026-05-13 18:26:52,039 - INFO - joeynmt.training - 	Hypothesis: L&apos; année dernière , j&apos; ai montré ces deux slides de telle que la glace de la glace arctique , qui pendant la plupart des trois millions d&apos; années , a été la taille de 48 dernières années , a été partagé par 40 % .
2026-05-13 18:26:52,039 - INFO - joeynmt.training - Example #1
2026-05-13 18:26:52,039 - DEBUG - joeynmt.training - 	Tokenized source:     ['But', 'this', 'underst@@', 'ates', 'the', 'ser@@', 'i@@', 'ous@@', 'ness', 'of', 'this', 'partic@@', 'ul@@', 'ar', 'problem', 'because', 'it', 'doesn', '&apos;t', 'show', 'the', 'th@@', 'ick@@', 'ness', 'of', 'the', 'ice', '.']
2026-05-13 18:26:52,039 - DEBUG - joeynmt.training - 	Tokenized reference:  ['Mais', 'ceci', 'ten@@', 'd', 'à', 'a@@', 'mo@@', 'ind@@', 'rir', 'le', 'problème', 'parce', 'qu&apos;', 'on', 'ne', 'vo@@', 'it', 'pas', 'l&apos;', 'é@@', 'p@@', 'aiss@@', 'eur', 'de', 'la', 'gl@@', 'ace', '.']
2026-05-13 18:26:52,039 - DEBUG - joeynmt.training - 	Tokenized hypothesis: ['Mais', 'cette', 'com@@', 'pr@@', 'end', 'le', 'problème', 'du', 's@@', 'éri@@', 'eux', 'de', 'ce', 'problème', 'parce', 'qu&apos;', 'il', 'ne', 'mon@@', 'te', 'pas', 'le', 'pou@@', 'voir', '.', '</s>']
2026-05-13 18:26:52,039 - INFO - joeynmt.training - 	Source:     But this understates the seriousness of this particular problem because it doesn &apos;t show the thickness of the ice .
2026-05-13 18:26:52,039 - INFO - joeynmt.training - 	Reference:  Mais ceci tend à amoindrir le problème parce qu&apos; on ne voit pas l&apos; épaisseur de la glace .
2026-05-13 18:26:52,039 - INFO - joeynmt.training - 	Hypothesis: Mais cette comprend le problème du sérieux de ce problème parce qu&apos; il ne monte pas le pouvoir .
2026-05-13 18:26:52,039 - INFO - joeynmt.training - Example #2
2026-05-13 18:26:52,039 - DEBUG - joeynmt.training - 	Tokenized source:     ['The', 'ar@@', 'c@@', 'tic', 'ice', 'c@@', 'a@@', 'p', 'is', ',', 'in', 'a', 'sense', ',', 'the', 'be@@', 'ating', 'he@@', 'art', 'of', 'the', 'glob@@', 'al', 'cli@@', 'm@@', 'ate', 'system', '.']
2026-05-13 18:26:52,039 - DEBUG - joeynmt.training - 	Tokenized reference:  ['On', 'peut', 'voir', 'la', 'cal@@', 'ot@@', 'te', 'gl@@', 'ac@@', 'ière', 'ar@@', 'c@@', 'tique', 'comme', 'le', 'co@@', 'eur', 'du', 'système', 'cli@@', 'ma@@', 'tique', 'glob@@', 'al', '.', 'On', 'peut', 'voir', 'la', 'cal@@', 'ot@@', 'te', 'gl@@', 'ac@@', 'ière', 'ar@@', 'c@@', 'tique', 'comme', 'le', 'co@@', 'eur', 'du', 'système', 'cli@@', 'ma@@', 'tique', 'glob@@', 'al', '.']
2026-05-13 18:26:52,039 - DEBUG - joeynmt.training - 	Tokenized hypothesis: ['La', 'gl@@', 'ace', 'ar@@', 'c@@', 'tique', 'est', ',', 'dans', 'un', 'sens', ',', 'le', 'co@@', 'eur', ',', 'le', 'co@@', 'eur', 'du', 'système', 'cli@@', 'm@@', 'at', 'mon@@', 'di@@', 'al', '.', '</s>']
2026-05-13 18:26:52,039 - INFO - joeynmt.training - 	Source:     The arctic ice cap is , in a sense , the beating heart of the global climate system .
2026-05-13 18:26:52,039 - INFO - joeynmt.training - 	Reference:  On peut voir la calotte glacière arctique comme le coeur du système climatique global . On peut voir la calotte glacière arctique comme le coeur du système climatique global .
2026-05-13 18:26:52,039 - INFO - joeynmt.training - 	Hypothesis: La glace arctique est , dans un sens , le coeur , le coeur du système climat mondial .
2026-05-13 18:26:52,039 - INFO - joeynmt.training - Example #3
2026-05-13 18:26:52,039 - DEBUG - joeynmt.training - 	Tokenized source:     ['It', 'exp@@', 'ands', 'in', 'w@@', 'int@@', 'er', 'and', 'contr@@', 'ac@@', 'ts', 'in', 'su@@', 'm@@', 'mer', '.']
2026-05-13 18:26:52,039 - DEBUG - joeynmt.training - 	Tokenized reference:  ['Elle', 's&apos;', 'ét@@', 'end', 'en', 'hi@@', 'ver', 'et', 'se', 'contr@@', 'ac@@', 'te', 'en', 'été', '.']
2026-05-13 18:26:52,039 - DEBUG - joeynmt.training - 	Tokenized hypothesis: ['Il', 's&apos;', 'ét@@', 'end@@', 'ent', 'en', 'hi@@', 'ver', 'et', 'les', 'contr@@', 'ac@@', 'ts', 'en', 'été', '.', '</s>']
2026-05-13 18:26:52,039 - INFO - joeynmt.training - 	Source:     It expands in winter and contracts in summer .
2026-05-13 18:26:52,039 - INFO - joeynmt.training - 	Reference:  Elle s&apos; étend en hiver et se contracte en été .
2026-05-13 18:26:52,040 - INFO - joeynmt.training - 	Hypothesis: Il s&apos; étendent en hiver et les contracts en été .
2026-05-13 18:26:52,040 - INFO - joeynmt.training - Example #4
2026-05-13 18:26:52,040 - DEBUG - joeynmt.training - 	Tokenized source:     ['The', 'next', 's@@', 'li@@', 'de', 'I', 'show', 'you', 'will', 'be', 'a', 'rap@@', 'id', 'fas@@', 't-@@', 'for@@', 'w@@', 'ard', 'of', 'what', '&apos;s', 'happen@@', 'ed', 'over', 'the', 'last', '2@@', '5', 'years', '.']
2026-05-13 18:26:52,040 - DEBUG - joeynmt.training - 	Tokenized reference:  ['La', 'pro@@', 'ch@@', 'aine', 'di@@', 'apos@@', 'iti@@', 've', 'que', 'je', 'vais', 'vous', 'montrer', 'est', 'une', 'v@@', 'ue', 'en', 'acc@@', 'él@@', 'ér@@', 'é', 'de', 'ce', 'qui', 's&apos;', 'est', 'passé', 'ces', '2@@', '5', 'derni@@', 'ères', 'années', '.']
2026-05-13 18:26:52,040 - DEBUG - joeynmt.training - 	Tokenized hypothesis: ['La', 'pro@@', 'ch@@', 'aine', 'di@@', 'ap@@', 'o', 'que', 'je', 'vous', 'ser@@', 'ai', 'un', 'rap@@', 'ide', 'rap@@', 'ide', 'de', 'ce', 'qui', 'se', 'passe', 'au', 'cours', 'des', '2@@', '5', 'derni@@', 'ères', 'années', '.', '</s>']
2026-05-13 18:26:52,040 - INFO - joeynmt.training - 	Source:     The next slide I show you will be a rapid fast-forward of what &apos;s happened over the last 25 years .
2026-05-13 18:26:52,040 - INFO - joeynmt.training - 	Reference:  La prochaine diapositive que je vais vous montrer est une vue en accéléré de ce qui s&apos; est passé ces 25 dernières années .
2026-05-13 18:26:52,040 - INFO - joeynmt.training - 	Hypothesis: La prochaine diapo que je vous serai un rapide rapide de ce qui se passe au cours des 25 dernières années .
2026-05-13 18:27:02,884 - INFO - joeynmt.training - Epoch   5, Step:    20100, Batch Loss:     1.411489, Batch Acc: 0.624271, Tokens per Sec:     7210, Lr: 0.000300
2026-05-13 18:27:13,645 - INFO - joeynmt.training - Epoch   5, Step:    20200, Batch Loss:     1.095055, Batch Acc: 0.626492, Tokens per Sec:     7265, Lr: 0.000300
2026-05-13 18:27:24,407 - INFO - joeynmt.training - Epoch   5, Step:    20300, Batch Loss:     1.346694, Batch Acc: 0.620098, Tokens per Sec:     7158, Lr: 0.000300
2026-05-13 18:27:35,061 - INFO - joeynmt.training - Epoch   5, Step:    20400, Batch Loss:     1.197549, Batch Acc: 0.624162, Tokens per Sec:     7490, Lr: 0.000300
2026-05-13 18:27:45,619 - INFO - joeynmt.training - Epoch   5, Step:    20500, Batch Loss:     1.275306, Batch Acc: 0.628410, Tokens per Sec:     7445, Lr: 0.000300
2026-05-13 18:27:45,619 - WARNING - joeynmt.helpers - `alpha` option is obsolete. Please use `beam_alpha`, instead.
2026-05-13 18:27:45,619 - INFO - joeynmt.prediction - Predicting 890 example(s)... (Greedy decoding with min_output_length=1, max_output_length=-1, return_prob='none', generate_unk=True, repetition_penalty=-1, no_repeat_ngram_size=-1)
2026-05-13 18:28:17,615 - INFO - joeynmt.prediction - Evaluation result (greedy) loss:   1.48, ppl:   4.39, acc:   0.57, generation: 31.9903[sec], evaluation: 0.0000[sec]
2026-05-13 18:28:17,615 - INFO - joeynmt.training - Hooray! New best validation result [ppl]!
2026-05-13 18:28:17,666 - INFO - joeynmt.helpers - delete models/bpe_2k/18500.ckpt
2026-05-13 18:28:17,666 - INFO - joeynmt.training - Example #0
2026-05-13 18:28:17,666 - DEBUG - joeynmt.training - 	Tokenized source:     ['L@@', 'ast', 'year', 'I', 'sho@@', 'w@@', 'ed', 'these', 'two', 's@@', 'li@@', 'des', 'so', 'that', 'dem@@', 'on@@', 'str@@', 'ate', 'that', 'the', 'ar@@', 'c@@', 'tic', 'ice', 'c@@', 'a@@', 'p', ',', 'which', 'for', 'most', 'of', 'the', 'last', 'three', 'million', 'years', 'has', 'been', 'the', 'si@@', 'ze', 'of', 'the', 'lo@@', 'wer', '4@@', '8', 'st@@', 'ates', ',', 'has', 'sh@@', 'r@@', 'un@@', 'k', 'by', '4@@', '0', 'percent', '.']
2026-05-13 18:28:17,666 - DEBUG - joeynmt.training - 	Tokenized reference:  ['L&apos;', 'année', 'derni@@', 'ère', ',', 'je', 'vous', 'ai', 'présent@@', 'é', 'ces', 'deux', 'di@@', 'apos@@', 'iti@@', 'ves', 'qui', 'montr@@', 'aient', 'que', 'la', 'cal@@', 'ot@@', 'te', 'gl@@', 'ac@@', 'ière', 'ar@@', 'c@@', 'tique', ',', 'qui', 'pendant', 'ces', '3', 'derni@@', 'ers', 'millions', 'd&apos;', 'année', 'avait', 'la', 't@@', 'ail@@', 'le', 'des', 'E@@', 'tat@@', 's-@@', 'Un@@', 'is', 'sans', 'l&apos;', 'Al@@', 'as@@', 'k@@', 'a', ',', 'qui', 'pendant', 'ces', '3', 'derni@@', 'ers', 'millions', 'd&apos;', 'année', 'avait', 'la', 't@@', 'ail@@', 'le', 'des', 'E@@', 'tat@@', 's-@@', 'Un@@', 'is', 'sans', 'l&apos;', 'Al@@', 'as@@', 'k@@', 'a', ',', 'avait', 'di@@', 'minu@@', 'é', 'de', '4@@', '0', '%', '.']
2026-05-13 18:28:17,666 - DEBUG - joeynmt.training - 	Tokenized hypothesis: ['L&apos;', 'année', 'derni@@', 'ère', ',', 'j&apos;', 'ai', 'montr@@', 'é', 'ces', 'deux', 'di@@', 'a@@', 'po@@', 's', 'pour', 'que', 'le', 'dé@@', 'mon@@', 'tre', 'que', 'le', 'c@@', 'â@@', 'le', 'c@@', 'tique', 'de', 'la', 'gl@@', 'ace', 'ar@@', 'c@@', 'tique', ',', 'qui', 'pendant', 'la', 'plu@@', 'part', 'des', 'trois', 'millions', 'de', 'années', 'ont', 'été', 'la', 't@@', 'ail@@', 'le', 'plus', 'bas', ',', 'a', 'des', '4@@', '0', '%', '.', '</s>']
2026-05-13 18:28:17,667 - INFO - joeynmt.training - 	Source:     Last year I showed these two slides so that demonstrate that the arctic ice cap , which for most of the last three million years has been the size of the lower 48 states , has shrunk by 40 percent .
2026-05-13 18:28:17,667 - INFO - joeynmt.training - 	Reference:  L&apos; année dernière , je vous ai présenté ces deux diapositives qui montraient que la calotte glacière arctique , qui pendant ces 3 derniers millions d&apos; année avait la taille des Etats-Unis sans l&apos; Alaska , qui pendant ces 3 derniers millions d&apos; année avait la taille des Etats-Unis sans l&apos; Alaska , avait diminué de 40 % .
2026-05-13 18:28:17,667 - INFO - joeynmt.training - 	Hypothesis: L&apos; année dernière , j&apos; ai montré ces deux diapos pour que le démontre que le câle ctique de la glace arctique , qui pendant la plupart des trois millions de années ont été la taille plus bas , a des 40 % .
2026-05-13 18:28:17,667 - INFO - joeynmt.training - Example #1
2026-05-13 18:28:17,667 - DEBUG - joeynmt.training - 	Tokenized source:     ['But', 'this', 'underst@@', 'ates', 'the', 'ser@@', 'i@@', 'ous@@', 'ness', 'of', 'this', 'partic@@', 'ul@@', 'ar', 'problem', 'because', 'it', 'doesn', '&apos;t', 'show', 'the', 'th@@', 'ick@@', 'ness', 'of', 'the', 'ice', '.']
2026-05-13 18:28:17,667 - DEBUG - joeynmt.training - 	Tokenized reference:  ['Mais', 'ceci', 'ten@@', 'd', 'à', 'a@@', 'mo@@', 'ind@@', 'rir', 'le', 'problème', 'parce', 'qu&apos;', 'on', 'ne', 'vo@@', 'it', 'pas', 'l&apos;', 'é@@', 'p@@', 'aiss@@', 'eur', 'de', 'la', 'gl@@', 'ace', '.']
2026-05-13 18:28:17,667 - DEBUG - joeynmt.training - 	Tokenized hypothesis: ['Mais', 'cette', 'com@@', 'pr@@', 'ét@@', 'ant', 'le', 'problème', 'de', 'ce', 'problème', 'particu@@', 'li@@', 'ère', 'parce', 'que', 'cela', 'ne', 'montr@@', 'ent', 'pas', 'le', 'pou@@', 'voir', '.', '</s>']
2026-05-13 18:28:17,667 - INFO - joeynmt.training - 	Source:     But this understates the seriousness of this particular problem because it doesn &apos;t show the thickness of the ice .
2026-05-13 18:28:17,667 - INFO - joeynmt.training - 	Reference:  Mais ceci tend à amoindrir le problème parce qu&apos; on ne voit pas l&apos; épaisseur de la glace .
2026-05-13 18:28:17,667 - INFO - joeynmt.training - 	Hypothesis: Mais cette comprétant le problème de ce problème particulière parce que cela ne montrent pas le pouvoir .
2026-05-13 18:28:17,667 - INFO - joeynmt.training - Example #2
2026-05-13 18:28:17,667 - DEBUG - joeynmt.training - 	Tokenized source:     ['The', 'ar@@', 'c@@', 'tic', 'ice', 'c@@', 'a@@', 'p', 'is', ',', 'in', 'a', 'sense', ',', 'the', 'be@@', 'ating', 'he@@', 'art', 'of', 'the', 'glob@@', 'al', 'cli@@', 'm@@', 'ate', 'system', '.']
2026-05-13 18:28:17,667 - DEBUG - joeynmt.training - 	Tokenized reference:  ['On', 'peut', 'voir', 'la', 'cal@@', 'ot@@', 'te', 'gl@@', 'ac@@', 'ière', 'ar@@', 'c@@', 'tique', 'comme', 'le', 'co@@', 'eur', 'du', 'système', 'cli@@', 'ma@@', 'tique', 'glob@@', 'al', '.', 'On', 'peut', 'voir', 'la', 'cal@@', 'ot@@', 'te', 'gl@@', 'ac@@', 'ière', 'ar@@', 'c@@', 'tique', 'comme', 'le', 'co@@', 'eur', 'du', 'système', 'cli@@', 'ma@@', 'tique', 'glob@@', 'al', '.']
2026-05-13 18:28:17,667 - DEBUG - joeynmt.training - 	Tokenized hypothesis: ['Le', 'c@@', 'tique', 'est', ',', 'dans', 'un', 'sens', ',', 'le', 'c@@', 'é@@', 'ré@@', 'br@@', 'ale', ',', 'le', 'c@@', 'œ@@', 'u@@', 'r', 'du', 'système', 'cli@@', 'm@@', 'at', 'mon@@', 'di@@', 'al', '.', '</s>']
2026-05-13 18:28:17,667 - INFO - joeynmt.training - 	Source:     The arctic ice cap is , in a sense , the beating heart of the global climate system .
2026-05-13 18:28:17,667 - INFO - joeynmt.training - 	Reference:  On peut voir la calotte glacière arctique comme le coeur du système climatique global . On peut voir la calotte glacière arctique comme le coeur du système climatique global .
2026-05-13 18:28:17,667 - INFO - joeynmt.training - 	Hypothesis: Le ctique est , dans un sens , le cérébrale , le cœur du système climat mondial .
2026-05-13 18:28:17,667 - INFO - joeynmt.training - Example #3
2026-05-13 18:28:17,667 - DEBUG - joeynmt.training - 	Tokenized source:     ['It', 'exp@@', 'ands', 'in', 'w@@', 'int@@', 'er', 'and', 'contr@@', 'ac@@', 'ts', 'in', 'su@@', 'm@@', 'mer', '.']
2026-05-13 18:28:17,667 - DEBUG - joeynmt.training - 	Tokenized reference:  ['Elle', 's&apos;', 'ét@@', 'end', 'en', 'hi@@', 'ver', 'et', 'se', 'contr@@', 'ac@@', 'te', 'en', 'été', '.']
2026-05-13 18:28:17,667 - DEBUG - joeynmt.training - 	Tokenized hypothesis: ['Il', 's&apos;', 'att@@', 'end@@', 'ent', 'dans', 'l&apos;', 'hi@@', 'ver', 'et', 'des', 'contr@@', 'ac@@', 'ts', 'en', 'été', '.', '</s>']
2026-05-13 18:28:17,667 - INFO - joeynmt.training - 	Source:     It expands in winter and contracts in summer .
2026-05-13 18:28:17,667 - INFO - joeynmt.training - 	Reference:  Elle s&apos; étend en hiver et se contracte en été .
2026-05-13 18:28:17,667 - INFO - joeynmt.training - 	Hypothesis: Il s&apos; attendent dans l&apos; hiver et des contracts en été .
2026-05-13 18:28:17,667 - INFO - joeynmt.training - Example #4
2026-05-13 18:28:17,667 - DEBUG - joeynmt.training - 	Tokenized source:     ['The', 'next', 's@@', 'li@@', 'de', 'I', 'show', 'you', 'will', 'be', 'a', 'rap@@', 'id', 'fas@@', 't-@@', 'for@@', 'w@@', 'ard', 'of', 'what', '&apos;s', 'happen@@', 'ed', 'over', 'the', 'last', '2@@', '5', 'years', '.']
2026-05-13 18:28:17,667 - DEBUG - joeynmt.training - 	Tokenized reference:  ['La', 'pro@@', 'ch@@', 'aine', 'di@@', 'apos@@', 'iti@@', 've', 'que', 'je', 'vais', 'vous', 'montrer', 'est', 'une', 'v@@', 'ue', 'en', 'acc@@', 'él@@', 'ér@@', 'é', 'de', 'ce', 'qui', 's&apos;', 'est', 'passé', 'ces', '2@@', '5', 'derni@@', 'ères', 'années', '.']
2026-05-13 18:28:17,667 - DEBUG - joeynmt.training - 	Tokenized hypothesis: ['Le', 'pro@@', 'ch@@', 'ain', 'di@@', 'apos@@', 'iti@@', 've', 'que', 'je', 'vous', 'mon@@', 'tre', 'à', 'un', 'rap@@', 'ide', 'rap@@', 'ide', 'de', 'ce', 'qui', 'se', 'passe', 'au', 'cours', 'des', '2@@', '5', 'derni@@', 'ères', 'années', '.', '</s>']
2026-05-13 18:28:17,667 - INFO - joeynmt.training - 	Source:     The next slide I show you will be a rapid fast-forward of what &apos;s happened over the last 25 years .
2026-05-13 18:28:17,668 - INFO - joeynmt.training - 	Reference:  La prochaine diapositive que je vais vous montrer est une vue en accéléré de ce qui s&apos; est passé ces 25 dernières années .
2026-05-13 18:28:17,668 - INFO - joeynmt.training - 	Hypothesis: Le prochain diapositive que je vous montre à un rapide rapide de ce qui se passe au cours des 25 dernières années .
2026-05-13 18:28:28,113 - INFO - joeynmt.training - Epoch   5, Step:    20600, Batch Loss:     1.268732, Batch Acc: 0.628543, Tokens per Sec:     7559, Lr: 0.000300
2026-05-13 18:28:38,810 - INFO - joeynmt.training - Epoch   5, Step:    20700, Batch Loss:     1.428120, Batch Acc: 0.623997, Tokens per Sec:     7222, Lr: 0.000300
2026-05-13 18:28:49,654 - INFO - joeynmt.training - Epoch   5, Step:    20800, Batch Loss:     1.217798, Batch Acc: 0.620954, Tokens per Sec:     7273, Lr: 0.000300
2026-05-13 18:29:00,314 - INFO - joeynmt.training - Epoch   5, Step:    20900, Batch Loss:     1.238860, Batch Acc: 0.619947, Tokens per Sec:     7273, Lr: 0.000300
2026-05-13 18:29:11,092 - INFO - joeynmt.training - Epoch   5, Step:    21000, Batch Loss:     1.486462, Batch Acc: 0.626632, Tokens per Sec:     7547, Lr: 0.000300
2026-05-13 18:29:11,092 - WARNING - joeynmt.helpers - `alpha` option is obsolete. Please use `beam_alpha`, instead.
2026-05-13 18:29:11,093 - INFO - joeynmt.prediction - Predicting 890 example(s)... (Greedy decoding with min_output_length=1, max_output_length=-1, return_prob='none', generate_unk=True, repetition_penalty=-1, no_repeat_ngram_size=-1)
2026-05-13 18:29:49,938 - INFO - joeynmt.prediction - Evaluation result (greedy) loss:   1.46, ppl:   4.32, acc:   0.58, generation: 38.8403[sec], evaluation: 0.0000[sec]
2026-05-13 18:29:49,939 - INFO - joeynmt.training - Hooray! New best validation result [ppl]!
2026-05-13 18:29:49,989 - INFO - joeynmt.helpers - delete models/bpe_2k/19000.ckpt
2026-05-13 18:29:49,989 - INFO - joeynmt.training - Example #0
2026-05-13 18:29:49,989 - DEBUG - joeynmt.training - 	Tokenized source:     ['L@@', 'ast', 'year', 'I', 'sho@@', 'w@@', 'ed', 'these', 'two', 's@@', 'li@@', 'des', 'so', 'that', 'dem@@', 'on@@', 'str@@', 'ate', 'that', 'the', 'ar@@', 'c@@', 'tic', 'ice', 'c@@', 'a@@', 'p', ',', 'which', 'for', 'most', 'of', 'the', 'last', 'three', 'million', 'years', 'has', 'been', 'the', 'si@@', 'ze', 'of', 'the', 'lo@@', 'wer', '4@@', '8', 'st@@', 'ates', ',', 'has', 'sh@@', 'r@@', 'un@@', 'k', 'by', '4@@', '0', 'percent', '.']
2026-05-13 18:29:49,989 - DEBUG - joeynmt.training - 	Tokenized reference:  ['L&apos;', 'année', 'derni@@', 'ère', ',', 'je', 'vous', 'ai', 'présent@@', 'é', 'ces', 'deux', 'di@@', 'apos@@', 'iti@@', 'ves', 'qui', 'montr@@', 'aient', 'que', 'la', 'cal@@', 'ot@@', 'te', 'gl@@', 'ac@@', 'ière', 'ar@@', 'c@@', 'tique', ',', 'qui', 'pendant', 'ces', '3', 'derni@@', 'ers', 'millions', 'd&apos;', 'année', 'avait', 'la', 't@@', 'ail@@', 'le', 'des', 'E@@', 'tat@@', 's-@@', 'Un@@', 'is', 'sans', 'l&apos;', 'Al@@', 'as@@', 'k@@', 'a', ',', 'qui', 'pendant', 'ces', '3', 'derni@@', 'ers', 'millions', 'd&apos;', 'année', 'avait', 'la', 't@@', 'ail@@', 'le', 'des', 'E@@', 'tat@@', 's-@@', 'Un@@', 'is', 'sans', 'l&apos;', 'Al@@', 'as@@', 'k@@', 'a', ',', 'avait', 'di@@', 'minu@@', 'é', 'de', '4@@', '0', '%', '.']
2026-05-13 18:29:49,989 - DEBUG - joeynmt.training - 	Tokenized hypothesis: ['L&apos;', 'année', 'derni@@', 'ère', ',', 'j&apos;', 'ai', 'montr@@', 'é', 'ces', 'deux', 'di@@', 'a@@', 'po@@', 's', 'de', 't@@', 'elle', 'que', 'la', 'gl@@', 'ace', 'ar@@', 'c@@', 'tique', ',', 'qui', 'pendant', 'la', 'plu@@', 'part', 'des', 'trois', 'millions', 'd&apos;', 'années', 'ont', 'été', 'la', 't@@', 'ail@@', 'le', 'de', 'la', 't@@', 'ail@@', 'le', 'de', '4@@', '0', '%', '.', '</s>']
2026-05-13 18:29:49,989 - INFO - joeynmt.training - 	Source:     Last year I showed these two slides so that demonstrate that the arctic ice cap , which for most of the last three million years has been the size of the lower 48 states , has shrunk by 40 percent .
2026-05-13 18:29:49,989 - INFO - joeynmt.training - 	Reference:  L&apos; année dernière , je vous ai présenté ces deux diapositives qui montraient que la calotte glacière arctique , qui pendant ces 3 derniers millions d&apos; année avait la taille des Etats-Unis sans l&apos; Alaska , qui pendant ces 3 derniers millions d&apos; année avait la taille des Etats-Unis sans l&apos; Alaska , avait diminué de 40 % .
2026-05-13 18:29:49,989 - INFO - joeynmt.training - 	Hypothesis: L&apos; année dernière , j&apos; ai montré ces deux diapos de telle que la glace arctique , qui pendant la plupart des trois millions d&apos; années ont été la taille de la taille de 40 % .
2026-05-13 18:29:49,989 - INFO - joeynmt.training - Example #1
2026-05-13 18:29:49,989 - DEBUG - joeynmt.training - 	Tokenized source:     ['But', 'this', 'underst@@', 'ates', 'the', 'ser@@', 'i@@', 'ous@@', 'ness', 'of', 'this', 'partic@@', 'ul@@', 'ar', 'problem', 'because', 'it', 'doesn', '&apos;t', 'show', 'the', 'th@@', 'ick@@', 'ness', 'of', 'the', 'ice', '.']
2026-05-13 18:29:49,989 - DEBUG - joeynmt.training - 	Tokenized reference:  ['Mais', 'ceci', 'ten@@', 'd', 'à', 'a@@', 'mo@@', 'ind@@', 'rir', 'le', 'problème', 'parce', 'qu&apos;', 'on', 'ne', 'vo@@', 'it', 'pas', 'l&apos;', 'é@@', 'p@@', 'aiss@@', 'eur', 'de', 'la', 'gl@@', 'ace', '.']
2026-05-13 18:29:49,989 - DEBUG - joeynmt.training - 	Tokenized hypothesis: ['Mais', 'cette', 'com@@', 'pr@@', 'ati@@', 'que', 'le', 's@@', 'éri@@', 'eu@@', 's@@', 'ement', 'de', 'ce', 'problème', 'parce', 'que', 'ça', 'ne', 'montr@@', 'ent', 'pas', 'le', 'pou@@', 'voir', 'de', 'la', 'gl@@', 'ace', '.', '</s>']
2026-05-13 18:29:49,990 - INFO - joeynmt.training - 	Source:     But this understates the seriousness of this particular problem because it doesn &apos;t show the thickness of the ice .
2026-05-13 18:29:49,990 - INFO - joeynmt.training - 	Reference:  Mais ceci tend à amoindrir le problème parce qu&apos; on ne voit pas l&apos; épaisseur de la glace .
2026-05-13 18:29:49,990 - INFO - joeynmt.training - 	Hypothesis: Mais cette compratique le sérieusement de ce problème parce que ça ne montrent pas le pouvoir de la glace .
2026-05-13 18:29:49,990 - INFO - joeynmt.training - Example #2
2026-05-13 18:29:49,990 - DEBUG - joeynmt.training - 	Tokenized source:     ['The', 'ar@@', 'c@@', 'tic', 'ice', 'c@@', 'a@@', 'p', 'is', ',', 'in', 'a', 'sense', ',', 'the', 'be@@', 'ating', 'he@@', 'art', 'of', 'the', 'glob@@', 'al', 'cli@@', 'm@@', 'ate', 'system', '.']
2026-05-13 18:29:49,990 - DEBUG - joeynmt.training - 	Tokenized reference:  ['On', 'peut', 'voir', 'la', 'cal@@', 'ot@@', 'te', 'gl@@', 'ac@@', 'ière', 'ar@@', 'c@@', 'tique', 'comme', 'le', 'co@@', 'eur', 'du', 'système', 'cli@@', 'ma@@', 'tique', 'glob@@', 'al', '.', 'On', 'peut', 'voir', 'la', 'cal@@', 'ot@@', 'te', 'gl@@', 'ac@@', 'ière', 'ar@@', 'c@@', 'tique', 'comme', 'le', 'co@@', 'eur', 'du', 'système', 'cli@@', 'ma@@', 'tique', 'glob@@', 'al', '.']
2026-05-13 18:29:49,990 - DEBUG - joeynmt.training - 	Tokenized hypothesis: ['Le', 'c@@', 'a@@', 'p', 'est', ',', 'dans', 'un', 'sens', ',', 'le', 'sens', ',', 'le', 'com@@', 'port@@', 'ement', 'du', 'système', 'cli@@', 'ma@@', 'tique', '.', '</s>']
2026-05-13 18:29:49,990 - INFO - joeynmt.training - 	Source:     The arctic ice cap is , in a sense , the beating heart of the global climate system .
2026-05-13 18:29:49,990 - INFO - joeynmt.training - 	Reference:  On peut voir la calotte glacière arctique comme le coeur du système climatique global . On peut voir la calotte glacière arctique comme le coeur du système climatique global .
2026-05-13 18:29:49,990 - INFO - joeynmt.training - 	Hypothesis: Le cap est , dans un sens , le sens , le comportement du système climatique .
2026-05-13 18:29:49,990 - INFO - joeynmt.training - Example #3
2026-05-13 18:29:49,990 - DEBUG - joeynmt.training - 	Tokenized source:     ['It', 'exp@@', 'ands', 'in', 'w@@', 'int@@', 'er', 'and', 'contr@@', 'ac@@', 'ts', 'in', 'su@@', 'm@@', 'mer', '.']
2026-05-13 18:29:49,990 - DEBUG - joeynmt.training - 	Tokenized reference:  ['Elle', 's&apos;', 'ét@@', 'end', 'en', 'hi@@', 'ver', 'et', 'se', 'contr@@', 'ac@@', 'te', 'en', 'été', '.']
2026-05-13 18:29:49,990 - DEBUG - joeynmt.training - 	Tokenized hypothesis: ['Il', 's&apos;', 'att@@', 'end@@', 'ent', 'dans', 'l&apos;', 'hi@@', 'ver', 'et', 'contr@@', 'ac@@', 'te', 'en', 'été', '.', '</s>']
2026-05-13 18:29:49,990 - INFO - joeynmt.training - 	Source:     It expands in winter and contracts in summer .
2026-05-13 18:29:49,990 - INFO - joeynmt.training - 	Reference:  Elle s&apos; étend en hiver et se contracte en été .
2026-05-13 18:29:49,990 - INFO - joeynmt.training - 	Hypothesis: Il s&apos; attendent dans l&apos; hiver et contracte en été .
2026-05-13 18:29:49,990 - INFO - joeynmt.training - Example #4
2026-05-13 18:29:49,990 - DEBUG - joeynmt.training - 	Tokenized source:     ['The', 'next', 's@@', 'li@@', 'de', 'I', 'show', 'you', 'will', 'be', 'a', 'rap@@', 'id', 'fas@@', 't-@@', 'for@@', 'w@@', 'ard', 'of', 'what', '&apos;s', 'happen@@', 'ed', 'over', 'the', 'last', '2@@', '5', 'years', '.']
2026-05-13 18:29:49,990 - DEBUG - joeynmt.training - 	Tokenized reference:  ['La', 'pro@@', 'ch@@', 'aine', 'di@@', 'apos@@', 'iti@@', 've', 'que', 'je', 'vais', 'vous', 'montrer', 'est', 'une', 'v@@', 'ue', 'en', 'acc@@', 'él@@', 'ér@@', 'é', 'de', 'ce', 'qui', 's&apos;', 'est', 'passé', 'ces', '2@@', '5', 'derni@@', 'ères', 'années', '.']
2026-05-13 18:29:49,990 - DEBUG - joeynmt.training - 	Tokenized hypothesis: ['Le', 'pro@@', 'ch@@', 'ain', 'di@@', 'a@@', 'que', 'je', 'vous', 'ser@@', 'ez', 'un', 'rap@@', 'ide', 'rap@@', 'ide', 'de', 'ce', 'qui', 'est', 'arriv@@', 'é', 'au', 'cours', 'des', '2@@', '5', 'derni@@', 'ères', 'années', '.', '</s>']
2026-05-13 18:29:49,990 - INFO - joeynmt.training - 	Source:     The next slide I show you will be a rapid fast-forward of what &apos;s happened over the last 25 years .
2026-05-13 18:29:49,990 - INFO - joeynmt.training - 	Reference:  La prochaine diapositive que je vais vous montrer est une vue en accéléré de ce qui s&apos; est passé ces 25 dernières années .
2026-05-13 18:29:49,990 - INFO - joeynmt.training - 	Hypothesis: Le prochain diaque je vous serez un rapide rapide de ce qui est arrivé au cours des 25 dernières années .
2026-05-13 18:30:00,915 - INFO - joeynmt.training - Epoch   5, Step:    21100, Batch Loss:     1.387327, Batch Acc: 0.624963, Tokens per Sec:     7160, Lr: 0.000300
2026-05-13 18:30:11,607 - INFO - joeynmt.training - Epoch   5, Step:    21200, Batch Loss:     1.448504, Batch Acc: 0.619489, Tokens per Sec:     7338, Lr: 0.000300
2026-05-13 18:30:22,101 - INFO - joeynmt.training - Epoch   5, Step:    21300, Batch Loss:     1.294983, Batch Acc: 0.627472, Tokens per Sec:     7391, Lr: 0.000300
2026-05-13 18:30:32,833 - INFO - joeynmt.training - Epoch   5, Step:    21400, Batch Loss:     1.482314, Batch Acc: 0.631184, Tokens per Sec:     7378, Lr: 0.000300
2026-05-13 18:30:43,807 - INFO - joeynmt.training - Epoch   5, Step:    21500, Batch Loss:     1.183028, Batch Acc: 0.622260, Tokens per Sec:     7076, Lr: 0.000300
2026-05-13 18:30:43,808 - WARNING - joeynmt.helpers - `alpha` option is obsolete. Please use `beam_alpha`, instead.
2026-05-13 18:30:43,808 - INFO - joeynmt.prediction - Predicting 890 example(s)... (Greedy decoding with min_output_length=1, max_output_length=-1, return_prob='none', generate_unk=True, repetition_penalty=-1, no_repeat_ngram_size=-1)
2026-05-13 18:31:21,708 - INFO - joeynmt.prediction - Evaluation result (greedy) loss:   1.47, ppl:   4.35, acc:   0.57, generation: 37.8945[sec], evaluation: 0.0000[sec]
2026-05-13 18:31:21,759 - INFO - joeynmt.helpers - delete models/bpe_2k/18000.ckpt
2026-05-13 18:31:21,759 - INFO - joeynmt.training - Example #0
2026-05-13 18:31:21,759 - DEBUG - joeynmt.training - 	Tokenized source:     ['L@@', 'ast', 'year', 'I', 'sho@@', 'w@@', 'ed', 'these', 'two', 's@@', 'li@@', 'des', 'so', 'that', 'dem@@', 'on@@', 'str@@', 'ate', 'that', 'the', 'ar@@', 'c@@', 'tic', 'ice', 'c@@', 'a@@', 'p', ',', 'which', 'for', 'most', 'of', 'the', 'last', 'three', 'million', 'years', 'has', 'been', 'the', 'si@@', 'ze', 'of', 'the', 'lo@@', 'wer', '4@@', '8', 'st@@', 'ates', ',', 'has', 'sh@@', 'r@@', 'un@@', 'k', 'by', '4@@', '0', 'percent', '.']
2026-05-13 18:31:21,759 - DEBUG - joeynmt.training - 	Tokenized reference:  ['L&apos;', 'année', 'derni@@', 'ère', ',', 'je', 'vous', 'ai', 'présent@@', 'é', 'ces', 'deux', 'di@@', 'apos@@', 'iti@@', 'ves', 'qui', 'montr@@', 'aient', 'que', 'la', 'cal@@', 'ot@@', 'te', 'gl@@', 'ac@@', 'ière', 'ar@@', 'c@@', 'tique', ',', 'qui', 'pendant', 'ces', '3', 'derni@@', 'ers', 'millions', 'd&apos;', 'année', 'avait', 'la', 't@@', 'ail@@', 'le', 'des', 'E@@', 'tat@@', 's-@@', 'Un@@', 'is', 'sans', 'l&apos;', 'Al@@', 'as@@', 'k@@', 'a', ',', 'qui', 'pendant', 'ces', '3', 'derni@@', 'ers', 'millions', 'd&apos;', 'année', 'avait', 'la', 't@@', 'ail@@', 'le', 'des', 'E@@', 'tat@@', 's-@@', 'Un@@', 'is', 'sans', 'l&apos;', 'Al@@', 'as@@', 'k@@', 'a', ',', 'avait', 'di@@', 'minu@@', 'é', 'de', '4@@', '0', '%', '.']
2026-05-13 18:31:21,759 - DEBUG - joeynmt.training - 	Tokenized hypothesis: ['L&apos;', 'année', 'derni@@', 'ère', ',', 'j&apos;', 'ai', 'montr@@', 'é', 'ces', 'deux', 'di@@', 'a@@', 'po@@', 's', 'de', 't@@', 'elle', 'que', 'l&apos;', 'ar@@', 'c@@', 'tique', 'de', 'la', 'gl@@', 'ace', 'ar@@', 'c@@', 'tique', ',', 'qui', 'pendant', 'la', 'plu@@', 'part', 'des', 'derni@@', 'ers', 'trois', 'millions', 'd&apos;', 'années', 'a', 'été', 'la', 't@@', 'ail@@', 'le', 'de', '4@@', '0', 'ét@@', 'at@@', 's', ',', 'a', 'part@@', 'i', 'de', '4@@', '0', '%', '.', '</s>']
2026-05-13 18:31:21,759 - INFO - joeynmt.training - 	Source:     Last year I showed these two slides so that demonstrate that the arctic ice cap , which for most of the last three million years has been the size of the lower 48 states , has shrunk by 40 percent .
2026-05-13 18:31:21,759 - INFO - joeynmt.training - 	Reference:  L&apos; année dernière , je vous ai présenté ces deux diapositives qui montraient que la calotte glacière arctique , qui pendant ces 3 derniers millions d&apos; année avait la taille des Etats-Unis sans l&apos; Alaska , qui pendant ces 3 derniers millions d&apos; année avait la taille des Etats-Unis sans l&apos; Alaska , avait diminué de 40 % .
2026-05-13 18:31:21,759 - INFO - joeynmt.training - 	Hypothesis: L&apos; année dernière , j&apos; ai montré ces deux diapos de telle que l&apos; arctique de la glace arctique , qui pendant la plupart des derniers trois millions d&apos; années a été la taille de 40 états , a parti de 40 % .
2026-05-13 18:31:21,759 - INFO - joeynmt.training - Example #1
2026-05-13 18:31:21,759 - DEBUG - joeynmt.training - 	Tokenized source:     ['But', 'this', 'underst@@', 'ates', 'the', 'ser@@', 'i@@', 'ous@@', 'ness', 'of', 'this', 'partic@@', 'ul@@', 'ar', 'problem', 'because', 'it', 'doesn', '&apos;t', 'show', 'the', 'th@@', 'ick@@', 'ness', 'of', 'the', 'ice', '.']
2026-05-13 18:31:21,759 - DEBUG - joeynmt.training - 	Tokenized reference:  ['Mais', 'ceci', 'ten@@', 'd', 'à', 'a@@', 'mo@@', 'ind@@', 'rir', 'le', 'problème', 'parce', 'qu&apos;', 'on', 'ne', 'vo@@', 'it', 'pas', 'l&apos;', 'é@@', 'p@@', 'aiss@@', 'eur', 'de', 'la', 'gl@@', 'ace', '.']
2026-05-13 18:31:21,759 - DEBUG - joeynmt.training - 	Tokenized hypothesis: ['Mais', 'cette', 'com@@', 'pr@@', 'ati@@', 'que', 'la', 's@@', 'éri@@', 'eu@@', 's@@', 'ité', 'de', 'ce', 'problème', 'parce', 'qu&apos;', 'il', 'ne', 'mon@@', 'te', 'pas', 'le', 'li@@', 'eu', 'de', 'la', 'gl@@', 'ace', '.', '</s>']
2026-05-13 18:31:21,759 - INFO - joeynmt.training - 	Source:     But this understates the seriousness of this particular problem because it doesn &apos;t show the thickness of the ice .
2026-05-13 18:31:21,759 - INFO - joeynmt.training - 	Reference:  Mais ceci tend à amoindrir le problème parce qu&apos; on ne voit pas l&apos; épaisseur de la glace .
2026-05-13 18:31:21,759 - INFO - joeynmt.training - 	Hypothesis: Mais cette compratique la sérieusité de ce problème parce qu&apos; il ne monte pas le lieu de la glace .
2026-05-13 18:31:21,759 - INFO - joeynmt.training - Example #2
2026-05-13 18:31:21,760 - DEBUG - joeynmt.training - 	Tokenized source:     ['The', 'ar@@', 'c@@', 'tic', 'ice', 'c@@', 'a@@', 'p', 'is', ',', 'in', 'a', 'sense', ',', 'the', 'be@@', 'ating', 'he@@', 'art', 'of', 'the', 'glob@@', 'al', 'cli@@', 'm@@', 'ate', 'system', '.']
2026-05-13 18:31:21,760 - DEBUG - joeynmt.training - 	Tokenized reference:  ['On', 'peut', 'voir', 'la', 'cal@@', 'ot@@', 'te', 'gl@@', 'ac@@', 'ière', 'ar@@', 'c@@', 'tique', 'comme', 'le', 'co@@', 'eur', 'du', 'système', 'cli@@', 'ma@@', 'tique', 'glob@@', 'al', '.', 'On', 'peut', 'voir', 'la', 'cal@@', 'ot@@', 'te', 'gl@@', 'ac@@', 'ière', 'ar@@', 'c@@', 'tique', 'comme', 'le', 'co@@', 'eur', 'du', 'système', 'cli@@', 'ma@@', 'tique', 'glob@@', 'al', '.']
2026-05-13 18:31:21,760 - DEBUG - joeynmt.training - 	Tokenized hypothesis: ['Le', 'c@@', 'ou', 'est', 'ar@@', 'c@@', 'tique', 'est', ',', 'dans', 'un', 'sens', ',', 'le', 'co@@', 'eur', ',', 'le', 'c@@', 'œ@@', 'u@@', 'r', 'du', 'système', 'cli@@', 'm@@', 'at', '.', '</s>']
2026-05-13 18:31:21,760 - INFO - joeynmt.training - 	Source:     The arctic ice cap is , in a sense , the beating heart of the global climate system .
2026-05-13 18:31:21,760 - INFO - joeynmt.training - 	Reference:  On peut voir la calotte glacière arctique comme le coeur du système climatique global . On peut voir la calotte glacière arctique comme le coeur du système climatique global .
2026-05-13 18:31:21,760 - INFO - joeynmt.training - 	Hypothesis: Le cou est arctique est , dans un sens , le coeur , le cœur du système climat .
2026-05-13 18:31:21,760 - INFO - joeynmt.training - Example #3
2026-05-13 18:31:21,760 - DEBUG - joeynmt.training - 	Tokenized source:     ['It', 'exp@@', 'ands', 'in', 'w@@', 'int@@', 'er', 'and', 'contr@@', 'ac@@', 'ts', 'in', 'su@@', 'm@@', 'mer', '.']
2026-05-13 18:31:21,760 - DEBUG - joeynmt.training - 	Tokenized reference:  ['Elle', 's&apos;', 'ét@@', 'end', 'en', 'hi@@', 'ver', 'et', 'se', 'contr@@', 'ac@@', 'te', 'en', 'été', '.']
2026-05-13 18:31:21,760 - DEBUG - joeynmt.training - 	Tokenized hypothesis: ['Il', 's&apos;', 'ét@@', 'end@@', 'ent', 'en', 'hi@@', 'ver', 'et', 'contr@@', 'ac@@', 'ts', 'en', 'hi@@', 'ver', '.', '</s>']
2026-05-13 18:31:21,760 - INFO - joeynmt.training - 	Source:     It expands in winter and contracts in summer .
2026-05-13 18:31:21,760 - INFO - joeynmt.training - 	Reference:  Elle s&apos; étend en hiver et se contracte en été .
2026-05-13 18:31:21,760 - INFO - joeynmt.training - 	Hypothesis: Il s&apos; étendent en hiver et contracts en hiver .
2026-05-13 18:31:21,760 - INFO - joeynmt.training - Example #4
2026-05-13 18:31:21,760 - DEBUG - joeynmt.training - 	Tokenized source:     ['The', 'next', 's@@', 'li@@', 'de', 'I', 'show', 'you', 'will', 'be', 'a', 'rap@@', 'id', 'fas@@', 't-@@', 'for@@', 'w@@', 'ard', 'of', 'what', '&apos;s', 'happen@@', 'ed', 'over', 'the', 'last', '2@@', '5', 'years', '.']
2026-05-13 18:31:21,760 - DEBUG - joeynmt.training - 	Tokenized reference:  ['La', 'pro@@', 'ch@@', 'aine', 'di@@', 'apos@@', 'iti@@', 've', 'que', 'je', 'vais', 'vous', 'montrer', 'est', 'une', 'v@@', 'ue', 'en', 'acc@@', 'él@@', 'ér@@', 'é', 'de', 'ce', 'qui', 's&apos;', 'est', 'passé', 'ces', '2@@', '5', 'derni@@', 'ères', 'années', '.']
2026-05-13 18:31:21,760 - DEBUG - joeynmt.training - 	Tokenized hypothesis: ['La', 'pro@@', 'ch@@', 'aine', 'di@@', 'apos@@', 'iti@@', 've', 'que', 'je', 'vous', 'mon@@', 'tre', 'un', 'rap@@', 'ide', 'rap@@', 'ide', 'de', 'ce', 'qui', 'est', 'passé', 'pendant', 'les', '2@@', '5', 'derni@@', 'ères', 'années', '.', '</s>']
2026-05-13 18:31:21,760 - INFO - joeynmt.training - 	Source:     The next slide I show you will be a rapid fast-forward of what &apos;s happened over the last 25 years .
2026-05-13 18:31:21,760 - INFO - joeynmt.training - 	Reference:  La prochaine diapositive que je vais vous montrer est une vue en accéléré de ce qui s&apos; est passé ces 25 dernières années .
2026-05-13 18:31:21,760 - INFO - joeynmt.training - 	Hypothesis: La prochaine diapositive que je vous montre un rapide rapide de ce qui est passé pendant les 25 dernières années .
2026-05-13 18:31:32,212 - INFO - joeynmt.training - Epoch   5, Step:    21600, Batch Loss:     1.391772, Batch Acc: 0.631163, Tokens per Sec:     7384, Lr: 0.000300
2026-05-13 18:31:43,320 - INFO - joeynmt.training - Epoch   5, Step:    21700, Batch Loss:     1.176017, Batch Acc: 0.624660, Tokens per Sec:     6986, Lr: 0.000300
2026-05-13 18:31:54,023 - INFO - joeynmt.training - Epoch   5, Step:    21800, Batch Loss:     1.315543, Batch Acc: 0.624789, Tokens per Sec:     7204, Lr: 0.000300
2026-05-13 18:32:05,050 - INFO - joeynmt.training - Epoch   5, Step:    21900, Batch Loss:     1.171831, Batch Acc: 0.631310, Tokens per Sec:     7142, Lr: 0.000300
2026-05-13 18:32:05,720 - INFO - joeynmt.training - Epoch   5: total training loss 5614.22
2026-05-13 18:32:05,720 - INFO - joeynmt.training - EPOCH 6
2026-05-13 18:32:15,684 - INFO - joeynmt.training - Epoch   6, Step:    22000, Batch Loss:     1.337011, Batch Acc: 0.646486, Tokens per Sec:     7312, Lr: 0.000300
2026-05-13 18:32:15,684 - WARNING - joeynmt.helpers - `alpha` option is obsolete. Please use `beam_alpha`, instead.
2026-05-13 18:32:15,685 - INFO - joeynmt.prediction - Predicting 890 example(s)... (Greedy decoding with min_output_length=1, max_output_length=-1, return_prob='none', generate_unk=True, repetition_penalty=-1, no_repeat_ngram_size=-1)
2026-05-13 18:32:59,267 - INFO - joeynmt.prediction - Evaluation result (greedy) loss:   1.47, ppl:   4.34, acc:   0.58, generation: 43.5770[sec], evaluation: 0.0000[sec]
2026-05-13 18:32:59,316 - INFO - joeynmt.helpers - delete models/bpe_2k/19500.ckpt
2026-05-13 18:32:59,319 - INFO - joeynmt.training - Example #0
2026-05-13 18:32:59,319 - DEBUG - joeynmt.training - 	Tokenized source:     ['L@@', 'ast', 'year', 'I', 'sho@@', 'w@@', 'ed', 'these', 'two', 's@@', 'li@@', 'des', 'so', 'that', 'dem@@', 'on@@', 'str@@', 'ate', 'that', 'the', 'ar@@', 'c@@', 'tic', 'ice', 'c@@', 'a@@', 'p', ',', 'which', 'for', 'most', 'of', 'the', 'last', 'three', 'million', 'years', 'has', 'been', 'the', 'si@@', 'ze', 'of', 'the', 'lo@@', 'wer', '4@@', '8', 'st@@', 'ates', ',', 'has', 'sh@@', 'r@@', 'un@@', 'k', 'by', '4@@', '0', 'percent', '.']
2026-05-13 18:32:59,319 - DEBUG - joeynmt.training - 	Tokenized reference:  ['L&apos;', 'année', 'derni@@', 'ère', ',', 'je', 'vous', 'ai', 'présent@@', 'é', 'ces', 'deux', 'di@@', 'apos@@', 'iti@@', 'ves', 'qui', 'montr@@', 'aient', 'que', 'la', 'cal@@', 'ot@@', 'te', 'gl@@', 'ac@@', 'ière', 'ar@@', 'c@@', 'tique', ',', 'qui', 'pendant', 'ces', '3', 'derni@@', 'ers', 'millions', 'd&apos;', 'année', 'avait', 'la', 't@@', 'ail@@', 'le', 'des', 'E@@', 'tat@@', 's-@@', 'Un@@', 'is', 'sans', 'l&apos;', 'Al@@', 'as@@', 'k@@', 'a', ',', 'qui', 'pendant', 'ces', '3', 'derni@@', 'ers', 'millions', 'd&apos;', 'année', 'avait', 'la', 't@@', 'ail@@', 'le', 'des', 'E@@', 'tat@@', 's-@@', 'Un@@', 'is', 'sans', 'l&apos;', 'Al@@', 'as@@', 'k@@', 'a', ',', 'avait', 'di@@', 'minu@@', 'é', 'de', '4@@', '0', '%', '.']
2026-05-13 18:32:59,319 - DEBUG - joeynmt.training - 	Tokenized hypothesis: ['L&apos;', 'année', 'derni@@', 'ère', 'j&apos;', 'ai', 'montr@@', 'é', 'ces', 'deux', 'di@@', 'a@@', 'po@@', 's', 'de', 'si', 'dé@@', 'mon@@', 'str@@', 'ation', 'que', 'la', 'gl@@', 'ace', 'ar@@', 'c@@', 'tique', ',', 'qui', 'pendant', 'la', 'plu@@', 'part', 'des', 'trois', 'millions', 'd&apos;', 'années', 'ont', 'été', 'la', 't@@', 'ail@@', 'le', 'de', 'la', 't@@', 'ail@@', 'le', 'de', '4@@', '0', '%', '.', '</s>']
2026-05-13 18:32:59,320 - INFO - joeynmt.training - 	Source:     Last year I showed these two slides so that demonstrate that the arctic ice cap , which for most of the last three million years has been the size of the lower 48 states , has shrunk by 40 percent .
2026-05-13 18:32:59,320 - INFO - joeynmt.training - 	Reference:  L&apos; année dernière , je vous ai présenté ces deux diapositives qui montraient que la calotte glacière arctique , qui pendant ces 3 derniers millions d&apos; année avait la taille des Etats-Unis sans l&apos; Alaska , qui pendant ces 3 derniers millions d&apos; année avait la taille des Etats-Unis sans l&apos; Alaska , avait diminué de 40 % .
2026-05-13 18:32:59,320 - INFO - joeynmt.training - 	Hypothesis: L&apos; année dernière j&apos; ai montré ces deux diapos de si démonstration que la glace arctique , qui pendant la plupart des trois millions d&apos; années ont été la taille de la taille de 40 % .
2026-05-13 18:32:59,320 - INFO - joeynmt.training - Example #1
2026-05-13 18:32:59,320 - DEBUG - joeynmt.training - 	Tokenized source:     ['But', 'this', 'underst@@', 'ates', 'the', 'ser@@', 'i@@', 'ous@@', 'ness', 'of', 'this', 'partic@@', 'ul@@', 'ar', 'problem', 'because', 'it', 'doesn', '&apos;t', 'show', 'the', 'th@@', 'ick@@', 'ness', 'of', 'the', 'ice', '.']
2026-05-13 18:32:59,320 - DEBUG - joeynmt.training - 	Tokenized reference:  ['Mais', 'ceci', 'ten@@', 'd', 'à', 'a@@', 'mo@@', 'ind@@', 'rir', 'le', 'problème', 'parce', 'qu&apos;', 'on', 'ne', 'vo@@', 'it', 'pas', 'l&apos;', 'é@@', 'p@@', 'aiss@@', 'eur', 'de', 'la', 'gl@@', 'ace', '.']
2026-05-13 18:32:59,320 - DEBUG - joeynmt.training - 	Tokenized hypothesis: ['Mais', 'cette', 'com@@', 'pren@@', 'ante', 'que', 'le', 's@@', 'éri@@', 'eux', 'de', 'ce', 'problème', 'particu@@', 'li@@', 'er', 'parce', 'que', 'cela', 'ne', 'mon@@', 'te', 'pas', 'la', 'gl@@', 'ace', '.', '</s>']
2026-05-13 18:32:59,320 - INFO - joeynmt.training - 	Source:     But this understates the seriousness of this particular problem because it doesn &apos;t show the thickness of the ice .
2026-05-13 18:32:59,320 - INFO - joeynmt.training - 	Reference:  Mais ceci tend à amoindrir le problème parce qu&apos; on ne voit pas l&apos; épaisseur de la glace .
2026-05-13 18:32:59,320 - INFO - joeynmt.training - 	Hypothesis: Mais cette comprenante que le sérieux de ce problème particulier parce que cela ne monte pas la glace .
2026-05-13 18:32:59,320 - INFO - joeynmt.training - Example #2
2026-05-13 18:32:59,320 - DEBUG - joeynmt.training - 	Tokenized source:     ['The', 'ar@@', 'c@@', 'tic', 'ice', 'c@@', 'a@@', 'p', 'is', ',', 'in', 'a', 'sense', ',', 'the', 'be@@', 'ating', 'he@@', 'art', 'of', 'the', 'glob@@', 'al', 'cli@@', 'm@@', 'ate', 'system', '.']
2026-05-13 18:32:59,320 - DEBUG - joeynmt.training - 	Tokenized reference:  ['On', 'peut', 'voir', 'la', 'cal@@', 'ot@@', 'te', 'gl@@', 'ac@@', 'ière', 'ar@@', 'c@@', 'tique', 'comme', 'le', 'co@@', 'eur', 'du', 'système', 'cli@@', 'ma@@', 'tique', 'glob@@', 'al', '.', 'On', 'peut', 'voir', 'la', 'cal@@', 'ot@@', 'te', 'gl@@', 'ac@@', 'ière', 'ar@@', 'c@@', 'tique', 'comme', 'le', 'co@@', 'eur', 'du', 'système', 'cli@@', 'ma@@', 'tique', 'glob@@', 'al', '.']
2026-05-13 18:32:59,320 - DEBUG - joeynmt.training - 	Tokenized hypothesis: ['La', 'gl@@', 'ace', 'ar@@', 'c@@', 'tique', 'est', ',', 'dans', 'un', 'sens', ',', 'le', 'car@@', 'di@@', 'a@@', 'que', 'du', 'système', 'cli@@', 'ma@@', 'tique', '.', '</s>']
2026-05-13 18:32:59,320 - INFO - joeynmt.training - 	Source:     The arctic ice cap is , in a sense , the beating heart of the global climate system .
2026-05-13 18:32:59,320 - INFO - joeynmt.training - 	Reference:  On peut voir la calotte glacière arctique comme le coeur du système climatique global . On peut voir la calotte glacière arctique comme le coeur du système climatique global .
2026-05-13 18:32:59,320 - INFO - joeynmt.training - 	Hypothesis: La glace arctique est , dans un sens , le cardiaque du système climatique .
2026-05-13 18:32:59,320 - INFO - joeynmt.training - Example #3
2026-05-13 18:32:59,320 - DEBUG - joeynmt.training - 	Tokenized source:     ['It', 'exp@@', 'ands', 'in', 'w@@', 'int@@', 'er', 'and', 'contr@@', 'ac@@', 'ts', 'in', 'su@@', 'm@@', 'mer', '.']
2026-05-13 18:32:59,320 - DEBUG - joeynmt.training - 	Tokenized reference:  ['Elle', 's&apos;', 'ét@@', 'end', 'en', 'hi@@', 'ver', 'et', 'se', 'contr@@', 'ac@@', 'te', 'en', 'été', '.']
2026-05-13 18:32:59,320 - DEBUG - joeynmt.training - 	Tokenized hypothesis: ['Il', 's&apos;', 'ét@@', 'end@@', 'ent', 'en', 'hi@@', 'ver', 'et', 'contr@@', 'ac@@', 'ts', 'en', 'été', '.', '</s>']
2026-05-13 18:32:59,320 - INFO - joeynmt.training - 	Source:     It expands in winter and contracts in summer .
2026-05-13 18:32:59,320 - INFO - joeynmt.training - 	Reference:  Elle s&apos; étend en hiver et se contracte en été .
2026-05-13 18:32:59,320 - INFO - joeynmt.training - 	Hypothesis: Il s&apos; étendent en hiver et contracts en été .
2026-05-13 18:32:59,320 - INFO - joeynmt.training - Example #4
2026-05-13 18:32:59,320 - DEBUG - joeynmt.training - 	Tokenized source:     ['The', 'next', 's@@', 'li@@', 'de', 'I', 'show', 'you', 'will', 'be', 'a', 'rap@@', 'id', 'fas@@', 't-@@', 'for@@', 'w@@', 'ard', 'of', 'what', '&apos;s', 'happen@@', 'ed', 'over', 'the', 'last', '2@@', '5', 'years', '.']
2026-05-13 18:32:59,320 - DEBUG - joeynmt.training - 	Tokenized reference:  ['La', 'pro@@', 'ch@@', 'aine', 'di@@', 'apos@@', 'iti@@', 've', 'que', 'je', 'vais', 'vous', 'montrer', 'est', 'une', 'v@@', 'ue', 'en', 'acc@@', 'él@@', 'ér@@', 'é', 'de', 'ce', 'qui', 's&apos;', 'est', 'passé', 'ces', '2@@', '5', 'derni@@', 'ères', 'années', '.']
2026-05-13 18:32:59,320 - DEBUG - joeynmt.training - 	Tokenized hypothesis: ['La', 'pro@@', 'ch@@', 'aine', 'di@@', 'apos@@', 'iti@@', 've', 'que', 'je', 'vous', 'ser@@', 'ai', 'un', 'rap@@', 'ide', 'rap@@', 'ide', 'de', 'ce', 'qui', 's&apos;', 'est', 'passé', 'pendant', 'les', '2@@', '5', 'derni@@', 'ères', 'années', '.', '</s>']
2026-05-13 18:32:59,321 - INFO - joeynmt.training - 	Source:     The next slide I show you will be a rapid fast-forward of what &apos;s happened over the last 25 years .
2026-05-13 18:32:59,321 - INFO - joeynmt.training - 	Reference:  La prochaine diapositive que je vais vous montrer est une vue en accéléré de ce qui s&apos; est passé ces 25 dernières années .
2026-05-13 18:32:59,321 - INFO - joeynmt.training - 	Hypothesis: La prochaine diapositive que je vous serai un rapide rapide de ce qui s&apos; est passé pendant les 25 dernières années .
2026-05-13 18:33:09,996 - INFO - joeynmt.training - Epoch   6, Step:    22100, Batch Loss:     1.282132, Batch Acc: 0.646281, Tokens per Sec:     7580, Lr: 0.000300
2026-05-13 18:33:20,599 - INFO - joeynmt.training - Epoch   6, Step:    22200, Batch Loss:     1.186567, Batch Acc: 0.647443, Tokens per Sec:     7366, Lr: 0.000300
2026-05-13 18:33:31,213 - INFO - joeynmt.training - Epoch   6, Step:    22300, Batch Loss:     1.217361, Batch Acc: 0.644211, Tokens per Sec:     7498, Lr: 0.000300
2026-05-13 18:33:42,784 - INFO - joeynmt.training - Epoch   6, Step:    22400, Batch Loss:     1.147267, Batch Acc: 0.646176, Tokens per Sec:     6873, Lr: 0.000300
2026-05-13 18:33:53,887 - INFO - joeynmt.training - Epoch   6, Step:    22500, Batch Loss:     1.149666, Batch Acc: 0.642188, Tokens per Sec:     7189, Lr: 0.000300
2026-05-13 18:33:53,887 - WARNING - joeynmt.helpers - `alpha` option is obsolete. Please use `beam_alpha`, instead.
2026-05-13 18:33:53,887 - INFO - joeynmt.prediction - Predicting 890 example(s)... (Greedy decoding with min_output_length=1, max_output_length=-1, return_prob='none', generate_unk=True, repetition_penalty=-1, no_repeat_ngram_size=-1)
2026-05-13 18:34:30,751 - INFO - joeynmt.prediction - Evaluation result (greedy) loss:   1.47, ppl:   4.34, acc:   0.58, generation: 36.8579[sec], evaluation: 0.0000[sec]
2026-05-13 18:34:30,804 - INFO - joeynmt.helpers - delete models/bpe_2k/20000.ckpt
2026-05-13 18:34:30,806 - INFO - joeynmt.training - Example #0
2026-05-13 18:34:30,807 - DEBUG - joeynmt.training - 	Tokenized source:     ['L@@', 'ast', 'year', 'I', 'sho@@', 'w@@', 'ed', 'these', 'two', 's@@', 'li@@', 'des', 'so', 'that', 'dem@@', 'on@@', 'str@@', 'ate', 'that', 'the', 'ar@@', 'c@@', 'tic', 'ice', 'c@@', 'a@@', 'p', ',', 'which', 'for', 'most', 'of', 'the', 'last', 'three', 'million', 'years', 'has', 'been', 'the', 'si@@', 'ze', 'of', 'the', 'lo@@', 'wer', '4@@', '8', 'st@@', 'ates', ',', 'has', 'sh@@', 'r@@', 'un@@', 'k', 'by', '4@@', '0', 'percent', '.']
2026-05-13 18:34:30,807 - DEBUG - joeynmt.training - 	Tokenized reference:  ['L&apos;', 'année', 'derni@@', 'ère', ',', 'je', 'vous', 'ai', 'présent@@', 'é', 'ces', 'deux', 'di@@', 'apos@@', 'iti@@', 'ves', 'qui', 'montr@@', 'aient', 'que', 'la', 'cal@@', 'ot@@', 'te', 'gl@@', 'ac@@', 'ière', 'ar@@', 'c@@', 'tique', ',', 'qui', 'pendant', 'ces', '3', 'derni@@', 'ers', 'millions', 'd&apos;', 'année', 'avait', 'la', 't@@', 'ail@@', 'le', 'des', 'E@@', 'tat@@', 's-@@', 'Un@@', 'is', 'sans', 'l&apos;', 'Al@@', 'as@@', 'k@@', 'a', ',', 'qui', 'pendant', 'ces', '3', 'derni@@', 'ers', 'millions', 'd&apos;', 'année', 'avait', 'la', 't@@', 'ail@@', 'le', 'des', 'E@@', 'tat@@', 's-@@', 'Un@@', 'is', 'sans', 'l&apos;', 'Al@@', 'as@@', 'k@@', 'a', ',', 'avait', 'di@@', 'minu@@', 'é', 'de', '4@@', '0', '%', '.']
2026-05-13 18:34:30,807 - DEBUG - joeynmt.training - 	Tokenized hypothesis: ['L&apos;', 'année', 'derni@@', 'ère', ',', 'j&apos;', 'ai', 'montr@@', 'é', 'ces', 'deux', 'di@@', 'a@@', 'po@@', 's', 'de', 't@@', 'elle', 'dé@@', 'mon@@', 'str@@', 'ation', 'que', 'le', 'c@@', 'entre', 'ar@@', 'c@@', 'tique', ',', 'qui', 'pendant', 'la', 'plu@@', 'part', 'des', 'trois', 'millions', 'd&apos;', 'années', 'ont', 'été', 'la', 't@@', 'ail@@', 'le', 'de', 'la', 't@@', 'ail@@', 'le', 'plus', 'bas', ',', 'a', '4@@', '0', 'pour', 'cent', '.', '</s>']
2026-05-13 18:34:30,807 - INFO - joeynmt.training - 	Source:     Last year I showed these two slides so that demonstrate that the arctic ice cap , which for most of the last three million years has been the size of the lower 48 states , has shrunk by 40 percent .
2026-05-13 18:34:30,807 - INFO - joeynmt.training - 	Reference:  L&apos; année dernière , je vous ai présenté ces deux diapositives qui montraient que la calotte glacière arctique , qui pendant ces 3 derniers millions d&apos; année avait la taille des Etats-Unis sans l&apos; Alaska , qui pendant ces 3 derniers millions d&apos; année avait la taille des Etats-Unis sans l&apos; Alaska , avait diminué de 40 % .
2026-05-13 18:34:30,807 - INFO - joeynmt.training - 	Hypothesis: L&apos; année dernière , j&apos; ai montré ces deux diapos de telle démonstration que le centre arctique , qui pendant la plupart des trois millions d&apos; années ont été la taille de la taille plus bas , a 40 pour cent .
2026-05-13 18:34:30,807 - INFO - joeynmt.training - Example #1
2026-05-13 18:34:30,807 - DEBUG - joeynmt.training - 	Tokenized source:     ['But', 'this', 'underst@@', 'ates', 'the', 'ser@@', 'i@@', 'ous@@', 'ness', 'of', 'this', 'partic@@', 'ul@@', 'ar', 'problem', 'because', 'it', 'doesn', '&apos;t', 'show', 'the', 'th@@', 'ick@@', 'ness', 'of', 'the', 'ice', '.']
2026-05-13 18:34:30,807 - DEBUG - joeynmt.training - 	Tokenized reference:  ['Mais', 'ceci', 'ten@@', 'd', 'à', 'a@@', 'mo@@', 'ind@@', 'rir', 'le', 'problème', 'parce', 'qu&apos;', 'on', 'ne', 'vo@@', 'it', 'pas', 'l&apos;', 'é@@', 'p@@', 'aiss@@', 'eur', 'de', 'la', 'gl@@', 'ace', '.']
2026-05-13 18:34:30,807 - DEBUG - joeynmt.training - 	Tokenized hypothesis: ['Mais', 'cette', 'com@@', 'pr@@', 'end', 'le', 'problème', 'du', 's@@', 'éri@@', 'eux', 'de', 'ce', 'problème', 'particu@@', 'li@@', 'er', 'parce', 'qu&apos;', 'il', 'ne', 'montr@@', 'ait', 'pas', 'le', 'pou@@', 'ss@@', 'er', 'de', 'la', 'gl@@', 'ace', '.', '</s>']
2026-05-13 18:34:30,807 - INFO - joeynmt.training - 	Source:     But this understates the seriousness of this particular problem because it doesn &apos;t show the thickness of the ice .
2026-05-13 18:34:30,807 - INFO - joeynmt.training - 	Reference:  Mais ceci tend à amoindrir le problème parce qu&apos; on ne voit pas l&apos; épaisseur de la glace .
2026-05-13 18:34:30,807 - INFO - joeynmt.training - 	Hypothesis: Mais cette comprend le problème du sérieux de ce problème particulier parce qu&apos; il ne montrait pas le pousser de la glace .
2026-05-13 18:34:30,807 - INFO - joeynmt.training - Example #2
2026-05-13 18:34:30,807 - DEBUG - joeynmt.training - 	Tokenized source:     ['The', 'ar@@', 'c@@', 'tic', 'ice', 'c@@', 'a@@', 'p', 'is', ',', 'in', 'a', 'sense', ',', 'the', 'be@@', 'ating', 'he@@', 'art', 'of', 'the', 'glob@@', 'al', 'cli@@', 'm@@', 'ate', 'system', '.']
2026-05-13 18:34:30,807 - DEBUG - joeynmt.training - 	Tokenized reference:  ['On', 'peut', 'voir', 'la', 'cal@@', 'ot@@', 'te', 'gl@@', 'ac@@', 'ière', 'ar@@', 'c@@', 'tique', 'comme', 'le', 'co@@', 'eur', 'du', 'système', 'cli@@', 'ma@@', 'tique', 'glob@@', 'al', '.', 'On', 'peut', 'voir', 'la', 'cal@@', 'ot@@', 'te', 'gl@@', 'ac@@', 'ière', 'ar@@', 'c@@', 'tique', 'comme', 'le', 'co@@', 'eur', 'du', 'système', 'cli@@', 'ma@@', 'tique', 'glob@@', 'al', '.']
2026-05-13 18:34:30,807 - DEBUG - joeynmt.training - 	Tokenized hypothesis: ['Le', 'c@@', 'entre', 'ar@@', 'c@@', 'tique', 'est', ',', 'dans', 'un', 'sens', ',', 'le', 'c@@', 'œ@@', 'u@@', 'r', 'du', 'système', 'cli@@', 'm@@', 'at', 'mon@@', 'di@@', 'al', '.', '</s>']
2026-05-13 18:34:30,807 - INFO - joeynmt.training - 	Source:     The arctic ice cap is , in a sense , the beating heart of the global climate system .
2026-05-13 18:34:30,807 - INFO - joeynmt.training - 	Reference:  On peut voir la calotte glacière arctique comme le coeur du système climatique global . On peut voir la calotte glacière arctique comme le coeur du système climatique global .
2026-05-13 18:34:30,807 - INFO - joeynmt.training - 	Hypothesis: Le centre arctique est , dans un sens , le cœur du système climat mondial .
2026-05-13 18:34:30,807 - INFO - joeynmt.training - Example #3
2026-05-13 18:34:30,807 - DEBUG - joeynmt.training - 	Tokenized source:     ['It', 'exp@@', 'ands', 'in', 'w@@', 'int@@', 'er', 'and', 'contr@@', 'ac@@', 'ts', 'in', 'su@@', 'm@@', 'mer', '.']
2026-05-13 18:34:30,807 - DEBUG - joeynmt.training - 	Tokenized reference:  ['Elle', 's&apos;', 'ét@@', 'end', 'en', 'hi@@', 'ver', 'et', 'se', 'contr@@', 'ac@@', 'te', 'en', 'été', '.']
2026-05-13 18:34:30,807 - DEBUG - joeynmt.training - 	Tokenized hypothesis: ['Il', 's&apos;', 'att@@', 'end@@', 'ent', 'en', 'hi@@', 'ver', 'et', 'contr@@', 'ac@@', 'te', 'en', 'été', '.', '</s>']
2026-05-13 18:34:30,807 - INFO - joeynmt.training - 	Source:     It expands in winter and contracts in summer .
2026-05-13 18:34:30,807 - INFO - joeynmt.training - 	Reference:  Elle s&apos; étend en hiver et se contracte en été .
2026-05-13 18:34:30,807 - INFO - joeynmt.training - 	Hypothesis: Il s&apos; attendent en hiver et contracte en été .
2026-05-13 18:34:30,807 - INFO - joeynmt.training - Example #4
2026-05-13 18:34:30,808 - DEBUG - joeynmt.training - 	Tokenized source:     ['The', 'next', 's@@', 'li@@', 'de', 'I', 'show', 'you', 'will', 'be', 'a', 'rap@@', 'id', 'fas@@', 't-@@', 'for@@', 'w@@', 'ard', 'of', 'what', '&apos;s', 'happen@@', 'ed', 'over', 'the', 'last', '2@@', '5', 'years', '.']
2026-05-13 18:34:30,808 - DEBUG - joeynmt.training - 	Tokenized reference:  ['La', 'pro@@', 'ch@@', 'aine', 'di@@', 'apos@@', 'iti@@', 've', 'que', 'je', 'vais', 'vous', 'montrer', 'est', 'une', 'v@@', 'ue', 'en', 'acc@@', 'él@@', 'ér@@', 'é', 'de', 'ce', 'qui', 's&apos;', 'est', 'passé', 'ces', '2@@', '5', 'derni@@', 'ères', 'années', '.']
2026-05-13 18:34:30,808 - DEBUG - joeynmt.training - 	Tokenized hypothesis: ['La', 'pro@@', 'ch@@', 'aine', 'di@@', 'apos@@', 'iti@@', 've', 'que', 'je', 'vous', 'mon@@', 'tre', 'un', 'vi@@', 'ol@@', 'on', 'rap@@', 'ide', 'plus', 'de', 'ce', 'qui', 's&apos;', 'est', 'passé', 'pendant', 'les', '2@@', '5', 'derni@@', 'ères', 'années', '.', '</s>']
2026-05-13 18:34:30,808 - INFO - joeynmt.training - 	Source:     The next slide I show you will be a rapid fast-forward of what &apos;s happened over the last 25 years .
2026-05-13 18:34:30,808 - INFO - joeynmt.training - 	Reference:  La prochaine diapositive que je vais vous montrer est une vue en accéléré de ce qui s&apos; est passé ces 25 dernières années .
2026-05-13 18:34:30,808 - INFO - joeynmt.training - 	Hypothesis: La prochaine diapositive que je vous montre un violon rapide plus de ce qui s&apos; est passé pendant les 25 dernières années .
2026-05-13 18:34:41,906 - INFO - joeynmt.training - Epoch   6, Step:    22600, Batch Loss:     1.236996, Batch Acc: 0.638660, Tokens per Sec:     6940, Lr: 0.000300
2026-05-13 18:34:53,030 - INFO - joeynmt.training - Epoch   6, Step:    22700, Batch Loss:     1.566129, Batch Acc: 0.635053, Tokens per Sec:     7078, Lr: 0.000300
2026-05-13 18:35:03,791 - INFO - joeynmt.training - Epoch   6, Step:    22800, Batch Loss:     1.186568, Batch Acc: 0.640212, Tokens per Sec:     7418, Lr: 0.000300
2026-05-13 18:35:14,554 - INFO - joeynmt.training - Epoch   6, Step:    22900, Batch Loss:     1.129299, Batch Acc: 0.640397, Tokens per Sec:     7212, Lr: 0.000300
2026-05-13 18:35:25,465 - INFO - joeynmt.training - Epoch   6, Step:    23000, Batch Loss:     1.241823, Batch Acc: 0.639958, Tokens per Sec:     7186, Lr: 0.000300
2026-05-13 18:35:25,466 - WARNING - joeynmt.helpers - `alpha` option is obsolete. Please use `beam_alpha`, instead.
2026-05-13 18:35:25,466 - INFO - joeynmt.prediction - Predicting 890 example(s)... (Greedy decoding with min_output_length=1, max_output_length=-1, return_prob='none', generate_unk=True, repetition_penalty=-1, no_repeat_ngram_size=-1)
2026-05-13 18:36:02,240 - INFO - joeynmt.prediction - Evaluation result (greedy) loss:   1.47, ppl:   4.34, acc:   0.58, generation: 36.7680[sec], evaluation: 0.0000[sec]
2026-05-13 18:36:02,290 - INFO - joeynmt.helpers - delete models/bpe_2k/20500.ckpt
2026-05-13 18:36:02,297 - INFO - joeynmt.training - Example #0
2026-05-13 18:36:02,297 - DEBUG - joeynmt.training - 	Tokenized source:     ['L@@', 'ast', 'year', 'I', 'sho@@', 'w@@', 'ed', 'these', 'two', 's@@', 'li@@', 'des', 'so', 'that', 'dem@@', 'on@@', 'str@@', 'ate', 'that', 'the', 'ar@@', 'c@@', 'tic', 'ice', 'c@@', 'a@@', 'p', ',', 'which', 'for', 'most', 'of', 'the', 'last', 'three', 'million', 'years', 'has', 'been', 'the', 'si@@', 'ze', 'of', 'the', 'lo@@', 'wer', '4@@', '8', 'st@@', 'ates', ',', 'has', 'sh@@', 'r@@', 'un@@', 'k', 'by', '4@@', '0', 'percent', '.']
2026-05-13 18:36:02,297 - DEBUG - joeynmt.training - 	Tokenized reference:  ['L&apos;', 'année', 'derni@@', 'ère', ',', 'je', 'vous', 'ai', 'présent@@', 'é', 'ces', 'deux', 'di@@', 'apos@@', 'iti@@', 'ves', 'qui', 'montr@@', 'aient', 'que', 'la', 'cal@@', 'ot@@', 'te', 'gl@@', 'ac@@', 'ière', 'ar@@', 'c@@', 'tique', ',', 'qui', 'pendant', 'ces', '3', 'derni@@', 'ers', 'millions', 'd&apos;', 'année', 'avait', 'la', 't@@', 'ail@@', 'le', 'des', 'E@@', 'tat@@', 's-@@', 'Un@@', 'is', 'sans', 'l&apos;', 'Al@@', 'as@@', 'k@@', 'a', ',', 'qui', 'pendant', 'ces', '3', 'derni@@', 'ers', 'millions', 'd&apos;', 'année', 'avait', 'la', 't@@', 'ail@@', 'le', 'des', 'E@@', 'tat@@', 's-@@', 'Un@@', 'is', 'sans', 'l&apos;', 'Al@@', 'as@@', 'k@@', 'a', ',', 'avait', 'di@@', 'minu@@', 'é', 'de', '4@@', '0', '%', '.']
2026-05-13 18:36:02,297 - DEBUG - joeynmt.training - 	Tokenized hypothesis: ['L&apos;', 'année', 'derni@@', 'ère', ',', 'j&apos;', 'ai', 'montr@@', 'é', 'ces', 'deux', 'di@@', 'a@@', 'po@@', 's', 'de', 'dé@@', 'mon@@', 'str@@', 'ation', 'que', 'le', 'c@@', 'entre', 'ar@@', 'c@@', 'tique', ',', 'ce', 'qui', 'pendant', 'la', 'plu@@', 'part', 'des', 'trois', 'millions', 'd&apos;', 'années', 'ont', 'été', 'la', 't@@', 'ail@@', 'le', 'de', '4@@', '0', 'pour', 'cent', 'd&apos;', 'ét@@', 'at@@', 's', ',', 'a', 'part@@', 'ag@@', 'é', 'par', '4@@', '0', '%', '.', '</s>']
2026-05-13 18:36:02,297 - INFO - joeynmt.training - 	Source:     Last year I showed these two slides so that demonstrate that the arctic ice cap , which for most of the last three million years has been the size of the lower 48 states , has shrunk by 40 percent .
2026-05-13 18:36:02,297 - INFO - joeynmt.training - 	Reference:  L&apos; année dernière , je vous ai présenté ces deux diapositives qui montraient que la calotte glacière arctique , qui pendant ces 3 derniers millions d&apos; année avait la taille des Etats-Unis sans l&apos; Alaska , qui pendant ces 3 derniers millions d&apos; année avait la taille des Etats-Unis sans l&apos; Alaska , avait diminué de 40 % .
2026-05-13 18:36:02,297 - INFO - joeynmt.training - 	Hypothesis: L&apos; année dernière , j&apos; ai montré ces deux diapos de démonstration que le centre arctique , ce qui pendant la plupart des trois millions d&apos; années ont été la taille de 40 pour cent d&apos; états , a partagé par 40 % .
2026-05-13 18:36:02,297 - INFO - joeynmt.training - Example #1
2026-05-13 18:36:02,297 - DEBUG - joeynmt.training - 	Tokenized source:     ['But', 'this', 'underst@@', 'ates', 'the', 'ser@@', 'i@@', 'ous@@', 'ness', 'of', 'this', 'partic@@', 'ul@@', 'ar', 'problem', 'because', 'it', 'doesn', '&apos;t', 'show', 'the', 'th@@', 'ick@@', 'ness', 'of', 'the', 'ice', '.']
2026-05-13 18:36:02,297 - DEBUG - joeynmt.training - 	Tokenized reference:  ['Mais', 'ceci', 'ten@@', 'd', 'à', 'a@@', 'mo@@', 'ind@@', 'rir', 'le', 'problème', 'parce', 'qu&apos;', 'on', 'ne', 'vo@@', 'it', 'pas', 'l&apos;', 'é@@', 'p@@', 'aiss@@', 'eur', 'de', 'la', 'gl@@', 'ace', '.']
2026-05-13 18:36:02,297 - DEBUG - joeynmt.training - 	Tokenized hypothesis: ['Mais', 'cette', 'com@@', 'pr@@', 'end', 'le', 'problème', 'de', 's@@', 'éri@@', 'eux', 'parce', 'qu&apos;', 'il', 'ne', 'montr@@', 'ait', 'pas', 'le', 'pou@@', 'ss@@', 'er', 'de', 'gl@@', 'ace', '.', '</s>']
2026-05-13 18:36:02,297 - INFO - joeynmt.training - 	Source:     But this understates the seriousness of this particular problem because it doesn &apos;t show the thickness of the ice .
2026-05-13 18:36:02,297 - INFO - joeynmt.training - 	Reference:  Mais ceci tend à amoindrir le problème parce qu&apos; on ne voit pas l&apos; épaisseur de la glace .
2026-05-13 18:36:02,297 - INFO - joeynmt.training - 	Hypothesis: Mais cette comprend le problème de sérieux parce qu&apos; il ne montrait pas le pousser de glace .
2026-05-13 18:36:02,297 - INFO - joeynmt.training - Example #2
2026-05-13 18:36:02,297 - DEBUG - joeynmt.training - 	Tokenized source:     ['The', 'ar@@', 'c@@', 'tic', 'ice', 'c@@', 'a@@', 'p', 'is', ',', 'in', 'a', 'sense', ',', 'the', 'be@@', 'ating', 'he@@', 'art', 'of', 'the', 'glob@@', 'al', 'cli@@', 'm@@', 'ate', 'system', '.']
2026-05-13 18:36:02,297 - DEBUG - joeynmt.training - 	Tokenized reference:  ['On', 'peut', 'voir', 'la', 'cal@@', 'ot@@', 'te', 'gl@@', 'ac@@', 'ière', 'ar@@', 'c@@', 'tique', 'comme', 'le', 'co@@', 'eur', 'du', 'système', 'cli@@', 'ma@@', 'tique', 'glob@@', 'al', '.', 'On', 'peut', 'voir', 'la', 'cal@@', 'ot@@', 'te', 'gl@@', 'ac@@', 'ière', 'ar@@', 'c@@', 'tique', 'comme', 'le', 'co@@', 'eur', 'du', 'système', 'cli@@', 'ma@@', 'tique', 'glob@@', 'al', '.']
2026-05-13 18:36:02,297 - DEBUG - joeynmt.training - 	Tokenized hypothesis: ['La', 'gl@@', 'ace', 'ar@@', 'c@@', 'tique', 'est', ',', 'dans', 'un', 'sens', ',', 'le', 'c@@', 'œ@@', 'u@@', 'r', 'du', 'système', 'cli@@', 'm@@', 'at', 'mon@@', 'di@@', 'al', '.', '</s>']
2026-05-13 18:36:02,298 - INFO - joeynmt.training - 	Source:     The arctic ice cap is , in a sense , the beating heart of the global climate system .
2026-05-13 18:36:02,298 - INFO - joeynmt.training - 	Reference:  On peut voir la calotte glacière arctique comme le coeur du système climatique global . On peut voir la calotte glacière arctique comme le coeur du système climatique global .
2026-05-13 18:36:02,298 - INFO - joeynmt.training - 	Hypothesis: La glace arctique est , dans un sens , le cœur du système climat mondial .
2026-05-13 18:36:02,298 - INFO - joeynmt.training - Example #3
2026-05-13 18:36:02,298 - DEBUG - joeynmt.training - 	Tokenized source:     ['It', 'exp@@', 'ands', 'in', 'w@@', 'int@@', 'er', 'and', 'contr@@', 'ac@@', 'ts', 'in', 'su@@', 'm@@', 'mer', '.']
2026-05-13 18:36:02,298 - DEBUG - joeynmt.training - 	Tokenized reference:  ['Elle', 's&apos;', 'ét@@', 'end', 'en', 'hi@@', 'ver', 'et', 'se', 'contr@@', 'ac@@', 'te', 'en', 'été', '.']
2026-05-13 18:36:02,298 - DEBUG - joeynmt.training - 	Tokenized hypothesis: ['Il', 's&apos;', 'ét@@', 'end@@', 'ance', 'en', 'hi@@', 'ver', 'et', 'contr@@', 'ac@@', 'te', 'en', 'hi@@', 'ver', '.', '</s>']
2026-05-13 18:36:02,298 - INFO - joeynmt.training - 	Source:     It expands in winter and contracts in summer .
2026-05-13 18:36:02,298 - INFO - joeynmt.training - 	Reference:  Elle s&apos; étend en hiver et se contracte en été .
2026-05-13 18:36:02,298 - INFO - joeynmt.training - 	Hypothesis: Il s&apos; étendance en hiver et contracte en hiver .
2026-05-13 18:36:02,298 - INFO - joeynmt.training - Example #4
2026-05-13 18:36:02,298 - DEBUG - joeynmt.training - 	Tokenized source:     ['The', 'next', 's@@', 'li@@', 'de', 'I', 'show', 'you', 'will', 'be', 'a', 'rap@@', 'id', 'fas@@', 't-@@', 'for@@', 'w@@', 'ard', 'of', 'what', '&apos;s', 'happen@@', 'ed', 'over', 'the', 'last', '2@@', '5', 'years', '.']
2026-05-13 18:36:02,298 - DEBUG - joeynmt.training - 	Tokenized reference:  ['La', 'pro@@', 'ch@@', 'aine', 'di@@', 'apos@@', 'iti@@', 've', 'que', 'je', 'vais', 'vous', 'montrer', 'est', 'une', 'v@@', 'ue', 'en', 'acc@@', 'él@@', 'ér@@', 'é', 'de', 'ce', 'qui', 's&apos;', 'est', 'passé', 'ces', '2@@', '5', 'derni@@', 'ères', 'années', '.']
2026-05-13 18:36:02,298 - DEBUG - joeynmt.training - 	Tokenized hypothesis: ['La', 'pro@@', 'ch@@', 'aine', 'di@@', 'a@@', 'que', 'je', 'vous', 'mon@@', 'tre', 'vous', 'ser@@', 'ez', 'un', 'rap@@', 'ide', 'rap@@', 'ide', 'de', 'ce', 'qui', 's&apos;', 'est', 'passé', 'pendant', 'les', '2@@', '5', 'derni@@', 'ères', 'années', '.', '</s>']
2026-05-13 18:36:02,298 - INFO - joeynmt.training - 	Source:     The next slide I show you will be a rapid fast-forward of what &apos;s happened over the last 25 years .
2026-05-13 18:36:02,298 - INFO - joeynmt.training - 	Reference:  La prochaine diapositive que je vais vous montrer est une vue en accéléré de ce qui s&apos; est passé ces 25 dernières années .
2026-05-13 18:36:02,298 - INFO - joeynmt.training - 	Hypothesis: La prochaine diaque je vous montre vous serez un rapide rapide de ce qui s&apos; est passé pendant les 25 dernières années .
2026-05-13 18:36:12,856 - INFO - joeynmt.training - Epoch   6, Step:    23100, Batch Loss:     1.170902, Batch Acc: 0.638751, Tokens per Sec:     7085, Lr: 0.000300
2026-05-13 18:36:23,787 - INFO - joeynmt.training - Epoch   6, Step:    23200, Batch Loss:     1.303920, Batch Acc: 0.635843, Tokens per Sec:     7183, Lr: 0.000300
2026-05-13 18:36:34,774 - INFO - joeynmt.training - Epoch   6, Step:    23300, Batch Loss:     1.177007, Batch Acc: 0.639306, Tokens per Sec:     7066, Lr: 0.000300
2026-05-13 18:36:45,540 - INFO - joeynmt.training - Epoch   6, Step:    23400, Batch Loss:     1.196204, Batch Acc: 0.637765, Tokens per Sec:     7135, Lr: 0.000300
2026-05-13 18:36:56,467 - INFO - joeynmt.training - Epoch   6, Step:    23500, Batch Loss:     1.205279, Batch Acc: 0.642162, Tokens per Sec:     7057, Lr: 0.000300
2026-05-13 18:36:56,467 - WARNING - joeynmt.helpers - `alpha` option is obsolete. Please use `beam_alpha`, instead.
2026-05-13 18:36:56,467 - INFO - joeynmt.prediction - Predicting 890 example(s)... (Greedy decoding with min_output_length=1, max_output_length=-1, return_prob='none', generate_unk=True, repetition_penalty=-1, no_repeat_ngram_size=-1)
2026-05-13 18:37:33,479 - INFO - joeynmt.prediction - Evaluation result (greedy) loss:   1.46, ppl:   4.31, acc:   0.58, generation: 37.0063[sec], evaluation: 0.0000[sec]
2026-05-13 18:37:33,481 - INFO - joeynmt.training - Hooray! New best validation result [ppl]!
2026-05-13 18:37:33,536 - INFO - joeynmt.helpers - delete models/bpe_2k/21500.ckpt
2026-05-13 18:37:33,539 - INFO - joeynmt.training - Example #0
2026-05-13 18:37:33,539 - DEBUG - joeynmt.training - 	Tokenized source:     ['L@@', 'ast', 'year', 'I', 'sho@@', 'w@@', 'ed', 'these', 'two', 's@@', 'li@@', 'des', 'so', 'that', 'dem@@', 'on@@', 'str@@', 'ate', 'that', 'the', 'ar@@', 'c@@', 'tic', 'ice', 'c@@', 'a@@', 'p', ',', 'which', 'for', 'most', 'of', 'the', 'last', 'three', 'million', 'years', 'has', 'been', 'the', 'si@@', 'ze', 'of', 'the', 'lo@@', 'wer', '4@@', '8', 'st@@', 'ates', ',', 'has', 'sh@@', 'r@@', 'un@@', 'k', 'by', '4@@', '0', 'percent', '.']
2026-05-13 18:37:33,539 - DEBUG - joeynmt.training - 	Tokenized reference:  ['L&apos;', 'année', 'derni@@', 'ère', ',', 'je', 'vous', 'ai', 'présent@@', 'é', 'ces', 'deux', 'di@@', 'apos@@', 'iti@@', 'ves', 'qui', 'montr@@', 'aient', 'que', 'la', 'cal@@', 'ot@@', 'te', 'gl@@', 'ac@@', 'ière', 'ar@@', 'c@@', 'tique', ',', 'qui', 'pendant', 'ces', '3', 'derni@@', 'ers', 'millions', 'd&apos;', 'année', 'avait', 'la', 't@@', 'ail@@', 'le', 'des', 'E@@', 'tat@@', 's-@@', 'Un@@', 'is', 'sans', 'l&apos;', 'Al@@', 'as@@', 'k@@', 'a', ',', 'qui', 'pendant', 'ces', '3', 'derni@@', 'ers', 'millions', 'd&apos;', 'année', 'avait', 'la', 't@@', 'ail@@', 'le', 'des', 'E@@', 'tat@@', 's-@@', 'Un@@', 'is', 'sans', 'l&apos;', 'Al@@', 'as@@', 'k@@', 'a', ',', 'avait', 'di@@', 'minu@@', 'é', 'de', '4@@', '0', '%', '.']
2026-05-13 18:37:33,539 - DEBUG - joeynmt.training - 	Tokenized hypothesis: ['L&apos;', 'année', 'derni@@', 'ère', ',', 'j&apos;', 'ai', 'montr@@', 'é', 'ces', 'deux', 's@@', 'li@@', 'des', 't@@', 'â@@', 'ches', 'pour', 'que', 'le', 'dé@@', 'mon@@', 'tre', 'ar@@', 'c@@', 'tique', ',', 'qui', 'depuis', 'la', 'plu@@', 'part', 'des', 'trois', 'millions', 'd&apos;', 'années', 'ont', 'été', 'la', 't@@', 'ail@@', 'le', 'de', '4@@', '8', 'ét@@', 'at@@', 's', ',', 'a', 'un', 'peu', 'plus', 'bas', ',', 'a', 'été', 'cour@@', 'ant', 'de', '4@@', '0', '%', '.', '</s>']
2026-05-13 18:37:33,539 - INFO - joeynmt.training - 	Source:     Last year I showed these two slides so that demonstrate that the arctic ice cap , which for most of the last three million years has been the size of the lower 48 states , has shrunk by 40 percent .
2026-05-13 18:37:33,539 - INFO - joeynmt.training - 	Reference:  L&apos; année dernière , je vous ai présenté ces deux diapositives qui montraient que la calotte glacière arctique , qui pendant ces 3 derniers millions d&apos; année avait la taille des Etats-Unis sans l&apos; Alaska , qui pendant ces 3 derniers millions d&apos; année avait la taille des Etats-Unis sans l&apos; Alaska , avait diminué de 40 % .
2026-05-13 18:37:33,539 - INFO - joeynmt.training - 	Hypothesis: L&apos; année dernière , j&apos; ai montré ces deux slides tâches pour que le démontre arctique , qui depuis la plupart des trois millions d&apos; années ont été la taille de 48 états , a un peu plus bas , a été courant de 40 % .
2026-05-13 18:37:33,539 - INFO - joeynmt.training - Example #1
2026-05-13 18:37:33,539 - DEBUG - joeynmt.training - 	Tokenized source:     ['But', 'this', 'underst@@', 'ates', 'the', 'ser@@', 'i@@', 'ous@@', 'ness', 'of', 'this', 'partic@@', 'ul@@', 'ar', 'problem', 'because', 'it', 'doesn', '&apos;t', 'show', 'the', 'th@@', 'ick@@', 'ness', 'of', 'the', 'ice', '.']
2026-05-13 18:37:33,539 - DEBUG - joeynmt.training - 	Tokenized reference:  ['Mais', 'ceci', 'ten@@', 'd', 'à', 'a@@', 'mo@@', 'ind@@', 'rir', 'le', 'problème', 'parce', 'qu&apos;', 'on', 'ne', 'vo@@', 'it', 'pas', 'l&apos;', 'é@@', 'p@@', 'aiss@@', 'eur', 'de', 'la', 'gl@@', 'ace', '.']
2026-05-13 18:37:33,539 - DEBUG - joeynmt.training - 	Tokenized hypothesis: ['Mais', 'cette', 'com@@', 'pren@@', 'ne', 'la', 's@@', 'éri@@', 'eu@@', 's@@', 'ement', 'de', 'ce', 'problème', 'parce', 'que', 'ça', 'ne', 'montr@@', 'ait', 'pas', 'le', 'pou@@', 'voir', '.', '</s>']
2026-05-13 18:37:33,539 - INFO - joeynmt.training - 	Source:     But this understates the seriousness of this particular problem because it doesn &apos;t show the thickness of the ice .
2026-05-13 18:37:33,539 - INFO - joeynmt.training - 	Reference:  Mais ceci tend à amoindrir le problème parce qu&apos; on ne voit pas l&apos; épaisseur de la glace .
2026-05-13 18:37:33,539 - INFO - joeynmt.training - 	Hypothesis: Mais cette comprenne la sérieusement de ce problème parce que ça ne montrait pas le pouvoir .
2026-05-13 18:37:33,539 - INFO - joeynmt.training - Example #2
2026-05-13 18:37:33,539 - DEBUG - joeynmt.training - 	Tokenized source:     ['The', 'ar@@', 'c@@', 'tic', 'ice', 'c@@', 'a@@', 'p', 'is', ',', 'in', 'a', 'sense', ',', 'the', 'be@@', 'ating', 'he@@', 'art', 'of', 'the', 'glob@@', 'al', 'cli@@', 'm@@', 'ate', 'system', '.']
2026-05-13 18:37:33,539 - DEBUG - joeynmt.training - 	Tokenized reference:  ['On', 'peut', 'voir', 'la', 'cal@@', 'ot@@', 'te', 'gl@@', 'ac@@', 'ière', 'ar@@', 'c@@', 'tique', 'comme', 'le', 'co@@', 'eur', 'du', 'système', 'cli@@', 'ma@@', 'tique', 'glob@@', 'al', '.', 'On', 'peut', 'voir', 'la', 'cal@@', 'ot@@', 'te', 'gl@@', 'ac@@', 'ière', 'ar@@', 'c@@', 'tique', 'comme', 'le', 'co@@', 'eur', 'du', 'système', 'cli@@', 'ma@@', 'tique', 'glob@@', 'al', '.']
2026-05-13 18:37:33,539 - DEBUG - joeynmt.training - 	Tokenized hypothesis: ['Le', 'c@@', 'â@@', 'le', 'de', 'la', 'c@@', 'â@@', 'le', 'est', ',', 'dans', 'un', 'sens', ',', 'le', 'car@@', 'di@@', 'a@@', 'que', 'du', 'système', 'cli@@', 'm@@', 'at', 'cli@@', 'm@@', 'at', 'mon@@', 'di@@', 'al', '.', '</s>']
2026-05-13 18:37:33,540 - INFO - joeynmt.training - 	Source:     The arctic ice cap is , in a sense , the beating heart of the global climate system .
2026-05-13 18:37:33,540 - INFO - joeynmt.training - 	Reference:  On peut voir la calotte glacière arctique comme le coeur du système climatique global . On peut voir la calotte glacière arctique comme le coeur du système climatique global .
2026-05-13 18:37:33,540 - INFO - joeynmt.training - 	Hypothesis: Le câle de la câle est , dans un sens , le cardiaque du système climat climat mondial .
2026-05-13 18:37:33,540 - INFO - joeynmt.training - Example #3
2026-05-13 18:37:33,540 - DEBUG - joeynmt.training - 	Tokenized source:     ['It', 'exp@@', 'ands', 'in', 'w@@', 'int@@', 'er', 'and', 'contr@@', 'ac@@', 'ts', 'in', 'su@@', 'm@@', 'mer', '.']
2026-05-13 18:37:33,540 - DEBUG - joeynmt.training - 	Tokenized reference:  ['Elle', 's&apos;', 'ét@@', 'end', 'en', 'hi@@', 'ver', 'et', 'se', 'contr@@', 'ac@@', 'te', 'en', 'été', '.']
2026-05-13 18:37:33,540 - DEBUG - joeynmt.training - 	Tokenized hypothesis: ['Il', 's&apos;', 'att@@', 'end@@', 'ent', 'en', 'hi@@', 'ver', 'et', 'des', 'contr@@', 'ac@@', 'ts', 'en', 'l&apos;', 'été', '.', '</s>']
2026-05-13 18:37:33,540 - INFO - joeynmt.training - 	Source:     It expands in winter and contracts in summer .
2026-05-13 18:37:33,540 - INFO - joeynmt.training - 	Reference:  Elle s&apos; étend en hiver et se contracte en été .
2026-05-13 18:37:33,540 - INFO - joeynmt.training - 	Hypothesis: Il s&apos; attendent en hiver et des contracts en l&apos; été .
2026-05-13 18:37:33,540 - INFO - joeynmt.training - Example #4
2026-05-13 18:37:33,540 - DEBUG - joeynmt.training - 	Tokenized source:     ['The', 'next', 's@@', 'li@@', 'de', 'I', 'show', 'you', 'will', 'be', 'a', 'rap@@', 'id', 'fas@@', 't-@@', 'for@@', 'w@@', 'ard', 'of', 'what', '&apos;s', 'happen@@', 'ed', 'over', 'the', 'last', '2@@', '5', 'years', '.']
2026-05-13 18:37:33,540 - DEBUG - joeynmt.training - 	Tokenized reference:  ['La', 'pro@@', 'ch@@', 'aine', 'di@@', 'apos@@', 'iti@@', 've', 'que', 'je', 'vais', 'vous', 'montrer', 'est', 'une', 'v@@', 'ue', 'en', 'acc@@', 'él@@', 'ér@@', 'é', 'de', 'ce', 'qui', 's&apos;', 'est', 'passé', 'ces', '2@@', '5', 'derni@@', 'ères', 'années', '.']
2026-05-13 18:37:33,540 - DEBUG - joeynmt.training - 	Tokenized hypothesis: ['La', 'pro@@', 'ch@@', 'aine', 'di@@', 'apos@@', 'iti@@', 've', 'que', 'je', 'vous', 'mon@@', 'tre', 'que', 'vous', 'ser@@', 'ez', 'une', 'rap@@', 'ide', 'rap@@', 'ide', 'rap@@', 'ide', 'de', 'ce', 'qui', 's&apos;', 'est', 'passé', 'au', 'cours', 'des', '2@@', '5', 'ans', '.', '</s>']
2026-05-13 18:37:33,540 - INFO - joeynmt.training - 	Source:     The next slide I show you will be a rapid fast-forward of what &apos;s happened over the last 25 years .
2026-05-13 18:37:33,540 - INFO - joeynmt.training - 	Reference:  La prochaine diapositive que je vais vous montrer est une vue en accéléré de ce qui s&apos; est passé ces 25 dernières années .
2026-05-13 18:37:33,540 - INFO - joeynmt.training - 	Hypothesis: La prochaine diapositive que je vous montre que vous serez une rapide rapide rapide de ce qui s&apos; est passé au cours des 25 ans .
2026-05-13 18:37:44,205 - INFO - joeynmt.training - Epoch   6, Step:    23600, Batch Loss:     1.135368, Batch Acc: 0.637870, Tokens per Sec:     7457, Lr: 0.000300
2026-05-13 18:37:55,032 - INFO - joeynmt.training - Epoch   6, Step:    23700, Batch Loss:     1.262406, Batch Acc: 0.645031, Tokens per Sec:     7400, Lr: 0.000300
2026-05-13 18:38:05,858 - INFO - joeynmt.training - Epoch   6, Step:    23800, Batch Loss:     1.335502, Batch Acc: 0.640596, Tokens per Sec:     7345, Lr: 0.000300
2026-05-13 18:38:16,298 - INFO - joeynmt.training - Epoch   6, Step:    23900, Batch Loss:     1.212620, Batch Acc: 0.642049, Tokens per Sec:     7673, Lr: 0.000300
2026-05-13 18:38:26,971 - INFO - joeynmt.training - Epoch   6, Step:    24000, Batch Loss:     1.229785, Batch Acc: 0.641352, Tokens per Sec:     7401, Lr: 0.000300
2026-05-13 18:38:26,971 - WARNING - joeynmt.helpers - `alpha` option is obsolete. Please use `beam_alpha`, instead.
2026-05-13 18:38:26,971 - INFO - joeynmt.prediction - Predicting 890 example(s)... (Greedy decoding with min_output_length=1, max_output_length=-1, return_prob='none', generate_unk=True, repetition_penalty=-1, no_repeat_ngram_size=-1)
2026-05-13 18:39:04,359 - INFO - joeynmt.prediction - Evaluation result (greedy) loss:   1.45, ppl:   4.28, acc:   0.58, generation: 37.3819[sec], evaluation: 0.0000[sec]
2026-05-13 18:39:04,359 - INFO - joeynmt.training - Hooray! New best validation result [ppl]!
2026-05-13 18:39:04,411 - INFO - joeynmt.helpers - delete models/bpe_2k/22000.ckpt
2026-05-13 18:39:04,417 - INFO - joeynmt.training - Example #0
2026-05-13 18:39:04,418 - DEBUG - joeynmt.training - 	Tokenized source:     ['L@@', 'ast', 'year', 'I', 'sho@@', 'w@@', 'ed', 'these', 'two', 's@@', 'li@@', 'des', 'so', 'that', 'dem@@', 'on@@', 'str@@', 'ate', 'that', 'the', 'ar@@', 'c@@', 'tic', 'ice', 'c@@', 'a@@', 'p', ',', 'which', 'for', 'most', 'of', 'the', 'last', 'three', 'million', 'years', 'has', 'been', 'the', 'si@@', 'ze', 'of', 'the', 'lo@@', 'wer', '4@@', '8', 'st@@', 'ates', ',', 'has', 'sh@@', 'r@@', 'un@@', 'k', 'by', '4@@', '0', 'percent', '.']
2026-05-13 18:39:04,418 - DEBUG - joeynmt.training - 	Tokenized reference:  ['L&apos;', 'année', 'derni@@', 'ère', ',', 'je', 'vous', 'ai', 'présent@@', 'é', 'ces', 'deux', 'di@@', 'apos@@', 'iti@@', 'ves', 'qui', 'montr@@', 'aient', 'que', 'la', 'cal@@', 'ot@@', 'te', 'gl@@', 'ac@@', 'ière', 'ar@@', 'c@@', 'tique', ',', 'qui', 'pendant', 'ces', '3', 'derni@@', 'ers', 'millions', 'd&apos;', 'année', 'avait', 'la', 't@@', 'ail@@', 'le', 'des', 'E@@', 'tat@@', 's-@@', 'Un@@', 'is', 'sans', 'l&apos;', 'Al@@', 'as@@', 'k@@', 'a', ',', 'qui', 'pendant', 'ces', '3', 'derni@@', 'ers', 'millions', 'd&apos;', 'année', 'avait', 'la', 't@@', 'ail@@', 'le', 'des', 'E@@', 'tat@@', 's-@@', 'Un@@', 'is', 'sans', 'l&apos;', 'Al@@', 'as@@', 'k@@', 'a', ',', 'avait', 'di@@', 'minu@@', 'é', 'de', '4@@', '0', '%', '.']
2026-05-13 18:39:04,418 - DEBUG - joeynmt.training - 	Tokenized hypothesis: ['L&apos;', 'année', 'derni@@', 'ère', ',', 'j&apos;', 'ai', 'montr@@', 'é', 'ces', 'deux', 'di@@', 'a@@', 'po@@', 's', 'de', 't@@', 'elle', 'que', 'l&apos;', 'ar@@', 'c@@', 'tique', 'de', 'la', 'gl@@', 'ace', 'ar@@', 'c@@', 'tique', ',', 'qui', 'pendant', 'la', 'plu@@', 'part', 'des', 'trois', 'millions', 'd&apos;', 'années', 'ont', 'été', 'la', 't@@', 'ail@@', 'le', 'de', '4@@', '0', '%', '.', '</s>']
2026-05-13 18:39:04,418 - INFO - joeynmt.training - 	Source:     Last year I showed these two slides so that demonstrate that the arctic ice cap , which for most of the last three million years has been the size of the lower 48 states , has shrunk by 40 percent .
2026-05-13 18:39:04,418 - INFO - joeynmt.training - 	Reference:  L&apos; année dernière , je vous ai présenté ces deux diapositives qui montraient que la calotte glacière arctique , qui pendant ces 3 derniers millions d&apos; année avait la taille des Etats-Unis sans l&apos; Alaska , qui pendant ces 3 derniers millions d&apos; année avait la taille des Etats-Unis sans l&apos; Alaska , avait diminué de 40 % .
2026-05-13 18:39:04,418 - INFO - joeynmt.training - 	Hypothesis: L&apos; année dernière , j&apos; ai montré ces deux diapos de telle que l&apos; arctique de la glace arctique , qui pendant la plupart des trois millions d&apos; années ont été la taille de 40 % .
2026-05-13 18:39:04,418 - INFO - joeynmt.training - Example #1
2026-05-13 18:39:04,418 - DEBUG - joeynmt.training - 	Tokenized source:     ['But', 'this', 'underst@@', 'ates', 'the', 'ser@@', 'i@@', 'ous@@', 'ness', 'of', 'this', 'partic@@', 'ul@@', 'ar', 'problem', 'because', 'it', 'doesn', '&apos;t', 'show', 'the', 'th@@', 'ick@@', 'ness', 'of', 'the', 'ice', '.']
2026-05-13 18:39:04,418 - DEBUG - joeynmt.training - 	Tokenized reference:  ['Mais', 'ceci', 'ten@@', 'd', 'à', 'a@@', 'mo@@', 'ind@@', 'rir', 'le', 'problème', 'parce', 'qu&apos;', 'on', 'ne', 'vo@@', 'it', 'pas', 'l&apos;', 'é@@', 'p@@', 'aiss@@', 'eur', 'de', 'la', 'gl@@', 'ace', '.']
2026-05-13 18:39:04,418 - DEBUG - joeynmt.training - 	Tokenized hypothesis: ['Mais', 'cette', 'com@@', 'pren@@', 'ne', 'la', 's@@', 'éri@@', 'eu@@', 's@@', 'ité', 'de', 'ce', 'problème', 'particu@@', 'li@@', 'er', 'parce', 'qu&apos;', 'il', 'ne', 'montr@@', 'ent', 'pas', 'la', 'gl@@', 'ace', '.', '</s>']
2026-05-13 18:39:04,418 - INFO - joeynmt.training - 	Source:     But this understates the seriousness of this particular problem because it doesn &apos;t show the thickness of the ice .
2026-05-13 18:39:04,418 - INFO - joeynmt.training - 	Reference:  Mais ceci tend à amoindrir le problème parce qu&apos; on ne voit pas l&apos; épaisseur de la glace .
2026-05-13 18:39:04,418 - INFO - joeynmt.training - 	Hypothesis: Mais cette comprenne la sérieusité de ce problème particulier parce qu&apos; il ne montrent pas la glace .
2026-05-13 18:39:04,418 - INFO - joeynmt.training - Example #2
2026-05-13 18:39:04,418 - DEBUG - joeynmt.training - 	Tokenized source:     ['The', 'ar@@', 'c@@', 'tic', 'ice', 'c@@', 'a@@', 'p', 'is', ',', 'in', 'a', 'sense', ',', 'the', 'be@@', 'ating', 'he@@', 'art', 'of', 'the', 'glob@@', 'al', 'cli@@', 'm@@', 'ate', 'system', '.']
2026-05-13 18:39:04,418 - DEBUG - joeynmt.training - 	Tokenized reference:  ['On', 'peut', 'voir', 'la', 'cal@@', 'ot@@', 'te', 'gl@@', 'ac@@', 'ière', 'ar@@', 'c@@', 'tique', 'comme', 'le', 'co@@', 'eur', 'du', 'système', 'cli@@', 'ma@@', 'tique', 'glob@@', 'al', '.', 'On', 'peut', 'voir', 'la', 'cal@@', 'ot@@', 'te', 'gl@@', 'ac@@', 'ière', 'ar@@', 'c@@', 'tique', 'comme', 'le', 'co@@', 'eur', 'du', 'système', 'cli@@', 'ma@@', 'tique', 'glob@@', 'al', '.']
2026-05-13 18:39:04,418 - DEBUG - joeynmt.training - 	Tokenized hypothesis: ['Le', 'c@@', 'tique', 'ar@@', 'c@@', 'tique', 'est', ',', 'dans', 'un', 'sens', ',', 'le', 'c@@', 'œ@@', 'u@@', 'r', 'du', 'système', 'cli@@', 'm@@', 'at', 'du', 'cli@@', 'm@@', 'at', 'mon@@', 'di@@', 'al', '.', '</s>']
2026-05-13 18:39:04,418 - INFO - joeynmt.training - 	Source:     The arctic ice cap is , in a sense , the beating heart of the global climate system .
2026-05-13 18:39:04,418 - INFO - joeynmt.training - 	Reference:  On peut voir la calotte glacière arctique comme le coeur du système climatique global . On peut voir la calotte glacière arctique comme le coeur du système climatique global .
2026-05-13 18:39:04,418 - INFO - joeynmt.training - 	Hypothesis: Le ctique arctique est , dans un sens , le cœur du système climat du climat mondial .
2026-05-13 18:39:04,418 - INFO - joeynmt.training - Example #3
2026-05-13 18:39:04,418 - DEBUG - joeynmt.training - 	Tokenized source:     ['It', 'exp@@', 'ands', 'in', 'w@@', 'int@@', 'er', 'and', 'contr@@', 'ac@@', 'ts', 'in', 'su@@', 'm@@', 'mer', '.']
2026-05-13 18:39:04,418 - DEBUG - joeynmt.training - 	Tokenized reference:  ['Elle', 's&apos;', 'ét@@', 'end', 'en', 'hi@@', 'ver', 'et', 'se', 'contr@@', 'ac@@', 'te', 'en', 'été', '.']
2026-05-13 18:39:04,418 - DEBUG - joeynmt.training - 	Tokenized hypothesis: ['Il', 's&apos;', 'ét@@', 'end@@', 'ue', 'en', 'hi@@', 'ver', 'et', 'les', 'contr@@', 'ac@@', 'ts', 'en', 'été', '.', '</s>']
2026-05-13 18:39:04,418 - INFO - joeynmt.training - 	Source:     It expands in winter and contracts in summer .
2026-05-13 18:39:04,418 - INFO - joeynmt.training - 	Reference:  Elle s&apos; étend en hiver et se contracte en été .
2026-05-13 18:39:04,418 - INFO - joeynmt.training - 	Hypothesis: Il s&apos; étendue en hiver et les contracts en été .
2026-05-13 18:39:04,418 - INFO - joeynmt.training - Example #4
2026-05-13 18:39:04,419 - DEBUG - joeynmt.training - 	Tokenized source:     ['The', 'next', 's@@', 'li@@', 'de', 'I', 'show', 'you', 'will', 'be', 'a', 'rap@@', 'id', 'fas@@', 't-@@', 'for@@', 'w@@', 'ard', 'of', 'what', '&apos;s', 'happen@@', 'ed', 'over', 'the', 'last', '2@@', '5', 'years', '.']
2026-05-13 18:39:04,419 - DEBUG - joeynmt.training - 	Tokenized reference:  ['La', 'pro@@', 'ch@@', 'aine', 'di@@', 'apos@@', 'iti@@', 've', 'que', 'je', 'vais', 'vous', 'montrer', 'est', 'une', 'v@@', 'ue', 'en', 'acc@@', 'él@@', 'ér@@', 'é', 'de', 'ce', 'qui', 's&apos;', 'est', 'passé', 'ces', '2@@', '5', 'derni@@', 'ères', 'années', '.']
2026-05-13 18:39:04,419 - DEBUG - joeynmt.training - 	Tokenized hypothesis: ['La', 'pro@@', 'ch@@', 'aine', 'di@@', 'apos@@', 'iti@@', 've', 'que', 'je', 'vous', 'mon@@', 'tre', 'que', 'vous', 'ser@@', 'ez', 'un', 'rap@@', 'ide', 'rap@@', 'ide', 'de', 'ce', 'qui', 'est', 'arriv@@', 'é', 'au', 'cours', 'des', '2@@', '5', 'derni@@', 'ères', 'années', '.', '</s>']
2026-05-13 18:39:04,419 - INFO - joeynmt.training - 	Source:     The next slide I show you will be a rapid fast-forward of what &apos;s happened over the last 25 years .
2026-05-13 18:39:04,419 - INFO - joeynmt.training - 	Reference:  La prochaine diapositive que je vais vous montrer est une vue en accéléré de ce qui s&apos; est passé ces 25 dernières années .
2026-05-13 18:39:04,419 - INFO - joeynmt.training - 	Hypothesis: La prochaine diapositive que je vous montre que vous serez un rapide rapide de ce qui est arrivé au cours des 25 dernières années .
2026-05-13 18:39:14,926 - INFO - joeynmt.training - Epoch   6, Step:    24100, Batch Loss:     1.014229, Batch Acc: 0.642663, Tokens per Sec:     7396, Lr: 0.000300
2026-05-13 18:39:25,383 - INFO - joeynmt.training - Epoch   6, Step:    24200, Batch Loss:     1.260118, Batch Acc: 0.640911, Tokens per Sec:     7548, Lr: 0.000300
2026-05-13 18:39:36,253 - INFO - joeynmt.training - Epoch   6, Step:    24300, Batch Loss:     1.172076, Batch Acc: 0.645767, Tokens per Sec:     7216, Lr: 0.000300
2026-05-13 18:39:47,110 - INFO - joeynmt.training - Epoch   6, Step:    24400, Batch Loss:     1.121107, Batch Acc: 0.638572, Tokens per Sec:     7030, Lr: 0.000300
2026-05-13 18:39:57,658 - INFO - joeynmt.training - Epoch   6, Step:    24500, Batch Loss:     1.130304, Batch Acc: 0.633895, Tokens per Sec:     7373, Lr: 0.000300
2026-05-13 18:39:57,658 - WARNING - joeynmt.helpers - `alpha` option is obsolete. Please use `beam_alpha`, instead.
2026-05-13 18:39:57,658 - INFO - joeynmt.prediction - Predicting 890 example(s)... (Greedy decoding with min_output_length=1, max_output_length=-1, return_prob='none', generate_unk=True, repetition_penalty=-1, no_repeat_ngram_size=-1)
2026-05-13 18:40:34,126 - INFO - joeynmt.prediction - Evaluation result (greedy) loss:   1.45, ppl:   4.28, acc:   0.58, generation: 36.4625[sec], evaluation: 0.0000[sec]
2026-05-13 18:40:34,127 - INFO - joeynmt.training - Hooray! New best validation result [ppl]!
2026-05-13 18:40:34,175 - INFO - joeynmt.helpers - delete models/bpe_2k/23000.ckpt
2026-05-13 18:40:34,178 - INFO - joeynmt.training - Example #0
2026-05-13 18:40:34,178 - DEBUG - joeynmt.training - 	Tokenized source:     ['L@@', 'ast', 'year', 'I', 'sho@@', 'w@@', 'ed', 'these', 'two', 's@@', 'li@@', 'des', 'so', 'that', 'dem@@', 'on@@', 'str@@', 'ate', 'that', 'the', 'ar@@', 'c@@', 'tic', 'ice', 'c@@', 'a@@', 'p', ',', 'which', 'for', 'most', 'of', 'the', 'last', 'three', 'million', 'years', 'has', 'been', 'the', 'si@@', 'ze', 'of', 'the', 'lo@@', 'wer', '4@@', '8', 'st@@', 'ates', ',', 'has', 'sh@@', 'r@@', 'un@@', 'k', 'by', '4@@', '0', 'percent', '.']
2026-05-13 18:40:34,178 - DEBUG - joeynmt.training - 	Tokenized reference:  ['L&apos;', 'année', 'derni@@', 'ère', ',', 'je', 'vous', 'ai', 'présent@@', 'é', 'ces', 'deux', 'di@@', 'apos@@', 'iti@@', 'ves', 'qui', 'montr@@', 'aient', 'que', 'la', 'cal@@', 'ot@@', 'te', 'gl@@', 'ac@@', 'ière', 'ar@@', 'c@@', 'tique', ',', 'qui', 'pendant', 'ces', '3', 'derni@@', 'ers', 'millions', 'd&apos;', 'année', 'avait', 'la', 't@@', 'ail@@', 'le', 'des', 'E@@', 'tat@@', 's-@@', 'Un@@', 'is', 'sans', 'l&apos;', 'Al@@', 'as@@', 'k@@', 'a', ',', 'qui', 'pendant', 'ces', '3', 'derni@@', 'ers', 'millions', 'd&apos;', 'année', 'avait', 'la', 't@@', 'ail@@', 'le', 'des', 'E@@', 'tat@@', 's-@@', 'Un@@', 'is', 'sans', 'l&apos;', 'Al@@', 'as@@', 'k@@', 'a', ',', 'avait', 'di@@', 'minu@@', 'é', 'de', '4@@', '0', '%', '.']
2026-05-13 18:40:34,178 - DEBUG - joeynmt.training - 	Tokenized hypothesis: ['L&apos;', 'année', 'derni@@', 'ère', ',', 'j&apos;', 'ai', 'montr@@', 'é', 'ces', 'deux', 'di@@', 'a@@', 'po@@', 's', 'de', 'la', 'gl@@', 'ace', 'ar@@', 'c@@', 'tique', ',', 'qui', 'a', 'la', 'plu@@', 'part', 'des', 'trois', 'millions', 'd&apos;', 'années', 'a', 'été', 'la', 't@@', 'ail@@', 'le', 'de', '4@@', '0', 'millions', 'd&apos;', 'années', 'ont', 'été', 'la', 't@@', 'ail@@', 'le', 'de', '4@@', '0', 'ét@@', 'at@@', 's', ',', 'a', 'part@@', 'i', 'par', 'la', 't@@', 'ail@@', 'le', 'de', '4@@', '0', '%', '.', '</s>']
2026-05-13 18:40:34,178 - INFO - joeynmt.training - 	Source:     Last year I showed these two slides so that demonstrate that the arctic ice cap , which for most of the last three million years has been the size of the lower 48 states , has shrunk by 40 percent .
2026-05-13 18:40:34,178 - INFO - joeynmt.training - 	Reference:  L&apos; année dernière , je vous ai présenté ces deux diapositives qui montraient que la calotte glacière arctique , qui pendant ces 3 derniers millions d&apos; année avait la taille des Etats-Unis sans l&apos; Alaska , qui pendant ces 3 derniers millions d&apos; année avait la taille des Etats-Unis sans l&apos; Alaska , avait diminué de 40 % .
2026-05-13 18:40:34,178 - INFO - joeynmt.training - 	Hypothesis: L&apos; année dernière , j&apos; ai montré ces deux diapos de la glace arctique , qui a la plupart des trois millions d&apos; années a été la taille de 40 millions d&apos; années ont été la taille de 40 états , a parti par la taille de 40 % .
2026-05-13 18:40:34,179 - INFO - joeynmt.training - Example #1
2026-05-13 18:40:34,179 - DEBUG - joeynmt.training - 	Tokenized source:     ['But', 'this', 'underst@@', 'ates', 'the', 'ser@@', 'i@@', 'ous@@', 'ness', 'of', 'this', 'partic@@', 'ul@@', 'ar', 'problem', 'because', 'it', 'doesn', '&apos;t', 'show', 'the', 'th@@', 'ick@@', 'ness', 'of', 'the', 'ice', '.']
2026-05-13 18:40:34,179 - DEBUG - joeynmt.training - 	Tokenized reference:  ['Mais', 'ceci', 'ten@@', 'd', 'à', 'a@@', 'mo@@', 'ind@@', 'rir', 'le', 'problème', 'parce', 'qu&apos;', 'on', 'ne', 'vo@@', 'it', 'pas', 'l&apos;', 'é@@', 'p@@', 'aiss@@', 'eur', 'de', 'la', 'gl@@', 'ace', '.']
2026-05-13 18:40:34,179 - DEBUG - joeynmt.training - 	Tokenized hypothesis: ['Mais', 'cette', 'com@@', 'pren@@', 'eur', 'la', 's@@', 'éri@@', 'eu@@', 's@@', 'ement', 'de', 'ce', 'problème', 'particu@@', 'li@@', 'è@@', 'rement', 'parce', 'que', 'ça', 'ne', 'mon@@', 'tre', 'pas', 'la', 'gl@@', 'ace', '.', '</s>']
2026-05-13 18:40:34,179 - INFO - joeynmt.training - 	Source:     But this understates the seriousness of this particular problem because it doesn &apos;t show the thickness of the ice .
2026-05-13 18:40:34,179 - INFO - joeynmt.training - 	Reference:  Mais ceci tend à amoindrir le problème parce qu&apos; on ne voit pas l&apos; épaisseur de la glace .
2026-05-13 18:40:34,179 - INFO - joeynmt.training - 	Hypothesis: Mais cette compreneur la sérieusement de ce problème particulièrement parce que ça ne montre pas la glace .
2026-05-13 18:40:34,179 - INFO - joeynmt.training - Example #2
2026-05-13 18:40:34,179 - DEBUG - joeynmt.training - 	Tokenized source:     ['The', 'ar@@', 'c@@', 'tic', 'ice', 'c@@', 'a@@', 'p', 'is', ',', 'in', 'a', 'sense', ',', 'the', 'be@@', 'ating', 'he@@', 'art', 'of', 'the', 'glob@@', 'al', 'cli@@', 'm@@', 'ate', 'system', '.']
2026-05-13 18:40:34,179 - DEBUG - joeynmt.training - 	Tokenized reference:  ['On', 'peut', 'voir', 'la', 'cal@@', 'ot@@', 'te', 'gl@@', 'ac@@', 'ière', 'ar@@', 'c@@', 'tique', 'comme', 'le', 'co@@', 'eur', 'du', 'système', 'cli@@', 'ma@@', 'tique', 'glob@@', 'al', '.', 'On', 'peut', 'voir', 'la', 'cal@@', 'ot@@', 'te', 'gl@@', 'ac@@', 'ière', 'ar@@', 'c@@', 'tique', 'comme', 'le', 'co@@', 'eur', 'du', 'système', 'cli@@', 'ma@@', 'tique', 'glob@@', 'al', '.']
2026-05-13 18:40:34,179 - DEBUG - joeynmt.training - 	Tokenized hypothesis: ['Le', 'c@@', 'tique', 'ar@@', 'c@@', 'tique', 'est', ',', 'dans', 'un', 'sens', ',', 'le', 'co@@', 'eur', ',', 'le', 'c@@', 'œ@@', 'u@@', 'r', 'de', 'c@@', 'œ@@', 'u@@', 'r', 'du', 'système', 'cli@@', 'm@@', 'at', 'mon@@', 'di@@', 'al', '.', '</s>']
2026-05-13 18:40:34,179 - INFO - joeynmt.training - 	Source:     The arctic ice cap is , in a sense , the beating heart of the global climate system .
2026-05-13 18:40:34,179 - INFO - joeynmt.training - 	Reference:  On peut voir la calotte glacière arctique comme le coeur du système climatique global . On peut voir la calotte glacière arctique comme le coeur du système climatique global .
2026-05-13 18:40:34,179 - INFO - joeynmt.training - 	Hypothesis: Le ctique arctique est , dans un sens , le coeur , le cœur de cœur du système climat mondial .
2026-05-13 18:40:34,179 - INFO - joeynmt.training - Example #3
2026-05-13 18:40:34,179 - DEBUG - joeynmt.training - 	Tokenized source:     ['It', 'exp@@', 'ands', 'in', 'w@@', 'int@@', 'er', 'and', 'contr@@', 'ac@@', 'ts', 'in', 'su@@', 'm@@', 'mer', '.']
2026-05-13 18:40:34,179 - DEBUG - joeynmt.training - 	Tokenized reference:  ['Elle', 's&apos;', 'ét@@', 'end', 'en', 'hi@@', 'ver', 'et', 'se', 'contr@@', 'ac@@', 'te', 'en', 'été', '.']
2026-05-13 18:40:34,179 - DEBUG - joeynmt.training - 	Tokenized hypothesis: ['Il', 's&apos;', 'att@@', 'end@@', 'ent', 'en', 'hi@@', 'ver', 'et', 'contr@@', 'ac@@', 'te', 'en', 'hi@@', 'ver', 'en', 'été', '.', '</s>']
2026-05-13 18:40:34,179 - INFO - joeynmt.training - 	Source:     It expands in winter and contracts in summer .
2026-05-13 18:40:34,179 - INFO - joeynmt.training - 	Reference:  Elle s&apos; étend en hiver et se contracte en été .
2026-05-13 18:40:34,179 - INFO - joeynmt.training - 	Hypothesis: Il s&apos; attendent en hiver et contracte en hiver en été .
2026-05-13 18:40:34,179 - INFO - joeynmt.training - Example #4
2026-05-13 18:40:34,179 - DEBUG - joeynmt.training - 	Tokenized source:     ['The', 'next', 's@@', 'li@@', 'de', 'I', 'show', 'you', 'will', 'be', 'a', 'rap@@', 'id', 'fas@@', 't-@@', 'for@@', 'w@@', 'ard', 'of', 'what', '&apos;s', 'happen@@', 'ed', 'over', 'the', 'last', '2@@', '5', 'years', '.']
2026-05-13 18:40:34,179 - DEBUG - joeynmt.training - 	Tokenized reference:  ['La', 'pro@@', 'ch@@', 'aine', 'di@@', 'apos@@', 'iti@@', 've', 'que', 'je', 'vais', 'vous', 'montrer', 'est', 'une', 'v@@', 'ue', 'en', 'acc@@', 'él@@', 'ér@@', 'é', 'de', 'ce', 'qui', 's&apos;', 'est', 'passé', 'ces', '2@@', '5', 'derni@@', 'ères', 'années', '.']
2026-05-13 18:40:34,179 - DEBUG - joeynmt.training - 	Tokenized hypothesis: ['La', 'di@@', 'apos@@', 'iti@@', 've', 'suiv@@', 'ante', 'que', 'je', 'vous', 'mon@@', 'tre', 'que', 'vous', 'ser@@', 'ez', 'une', 'rap@@', 'ide', 'rap@@', 'ide', 'de', 'ce', 'qui', 'est', 'arriv@@', 'é', 'pendant', 'les', '2@@', '5', 'derni@@', 'ères', 'années', '.', '</s>']
2026-05-13 18:40:34,179 - INFO - joeynmt.training - 	Source:     The next slide I show you will be a rapid fast-forward of what &apos;s happened over the last 25 years .
2026-05-13 18:40:34,179 - INFO - joeynmt.training - 	Reference:  La prochaine diapositive que je vais vous montrer est une vue en accéléré de ce qui s&apos; est passé ces 25 dernières années .
2026-05-13 18:40:34,179 - INFO - joeynmt.training - 	Hypothesis: La diapositive suivante que je vous montre que vous serez une rapide rapide de ce qui est arrivé pendant les 25 dernières années .
2026-05-13 18:40:44,728 - INFO - joeynmt.training - Epoch   6, Step:    24600, Batch Loss:     1.368251, Batch Acc: 0.638879, Tokens per Sec:     7384, Lr: 0.000300
2026-05-13 18:40:55,622 - INFO - joeynmt.training - Epoch   6, Step:    24700, Batch Loss:     1.074729, Batch Acc: 0.634978, Tokens per Sec:     7269, Lr: 0.000300
2026-05-13 18:41:06,040 - INFO - joeynmt.training - Epoch   6, Step:    24800, Batch Loss:     1.264808, Batch Acc: 0.640535, Tokens per Sec:     7564, Lr: 0.000300
2026-05-13 18:41:16,966 - INFO - joeynmt.training - Epoch   6, Step:    24900, Batch Loss:     1.344078, Batch Acc: 0.635331, Tokens per Sec:     7165, Lr: 0.000300
2026-05-13 18:41:27,601 - INFO - joeynmt.training - Epoch   6, Step:    25000, Batch Loss:     1.174486, Batch Acc: 0.637515, Tokens per Sec:     7249, Lr: 0.000300
2026-05-13 18:41:27,602 - WARNING - joeynmt.helpers - `alpha` option is obsolete. Please use `beam_alpha`, instead.
2026-05-13 18:41:27,602 - INFO - joeynmt.prediction - Predicting 890 example(s)... (Greedy decoding with min_output_length=1, max_output_length=-1, return_prob='none', generate_unk=True, repetition_penalty=-1, no_repeat_ngram_size=-1)
2026-05-13 18:42:05,252 - INFO - joeynmt.prediction - Evaluation result (greedy) loss:   1.45, ppl:   4.26, acc:   0.58, generation: 37.6448[sec], evaluation: 0.0000[sec]
2026-05-13 18:42:05,253 - INFO - joeynmt.training - Hooray! New best validation result [ppl]!
2026-05-13 18:42:05,302 - INFO - joeynmt.helpers - delete models/bpe_2k/22500.ckpt
2026-05-13 18:42:05,308 - INFO - joeynmt.training - Example #0
2026-05-13 18:42:05,308 - DEBUG - joeynmt.training - 	Tokenized source:     ['L@@', 'ast', 'year', 'I', 'sho@@', 'w@@', 'ed', 'these', 'two', 's@@', 'li@@', 'des', 'so', 'that', 'dem@@', 'on@@', 'str@@', 'ate', 'that', 'the', 'ar@@', 'c@@', 'tic', 'ice', 'c@@', 'a@@', 'p', ',', 'which', 'for', 'most', 'of', 'the', 'last', 'three', 'million', 'years', 'has', 'been', 'the', 'si@@', 'ze', 'of', 'the', 'lo@@', 'wer', '4@@', '8', 'st@@', 'ates', ',', 'has', 'sh@@', 'r@@', 'un@@', 'k', 'by', '4@@', '0', 'percent', '.']
2026-05-13 18:42:05,308 - DEBUG - joeynmt.training - 	Tokenized reference:  ['L&apos;', 'année', 'derni@@', 'ère', ',', 'je', 'vous', 'ai', 'présent@@', 'é', 'ces', 'deux', 'di@@', 'apos@@', 'iti@@', 'ves', 'qui', 'montr@@', 'aient', 'que', 'la', 'cal@@', 'ot@@', 'te', 'gl@@', 'ac@@', 'ière', 'ar@@', 'c@@', 'tique', ',', 'qui', 'pendant', 'ces', '3', 'derni@@', 'ers', 'millions', 'd&apos;', 'année', 'avait', 'la', 't@@', 'ail@@', 'le', 'des', 'E@@', 'tat@@', 's-@@', 'Un@@', 'is', 'sans', 'l&apos;', 'Al@@', 'as@@', 'k@@', 'a', ',', 'qui', 'pendant', 'ces', '3', 'derni@@', 'ers', 'millions', 'd&apos;', 'année', 'avait', 'la', 't@@', 'ail@@', 'le', 'des', 'E@@', 'tat@@', 's-@@', 'Un@@', 'is', 'sans', 'l&apos;', 'Al@@', 'as@@', 'k@@', 'a', ',', 'avait', 'di@@', 'minu@@', 'é', 'de', '4@@', '0', '%', '.']
2026-05-13 18:42:05,308 - DEBUG - joeynmt.training - 	Tokenized hypothesis: ['L&apos;', 'année', 'derni@@', 'ère', ',', 'j&apos;', 'ai', 'montr@@', 'é', 'ces', 'deux', 'di@@', 'a@@', 'po@@', 's', 'de', 'sorte', 'que', 'la', 'tr@@', 'ap@@', 'e', 'ar@@', 'c@@', 'tique', ',', 'qui', 'pendant', 'la', 'plu@@', 'part', 'des', 'trois', 'millions', 'd&apos;', 'années', 'ont', 'été', 'la', 't@@', 'ail@@', 'le', 'de', 'la', 't@@', 'ail@@', 'le', 'de', 'bas', 'bas', 'bas', ',', 'a', 'cour@@', 'u', 'cour@@', 't', 'à', '4@@', '0', 'pour', 'cent', '.', '</s>']
2026-05-13 18:42:05,308 - INFO - joeynmt.training - 	Source:     Last year I showed these two slides so that demonstrate that the arctic ice cap , which for most of the last three million years has been the size of the lower 48 states , has shrunk by 40 percent .
2026-05-13 18:42:05,308 - INFO - joeynmt.training - 	Reference:  L&apos; année dernière , je vous ai présenté ces deux diapositives qui montraient que la calotte glacière arctique , qui pendant ces 3 derniers millions d&apos; année avait la taille des Etats-Unis sans l&apos; Alaska , qui pendant ces 3 derniers millions d&apos; année avait la taille des Etats-Unis sans l&apos; Alaska , avait diminué de 40 % .
2026-05-13 18:42:05,308 - INFO - joeynmt.training - 	Hypothesis: L&apos; année dernière , j&apos; ai montré ces deux diapos de sorte que la trape arctique , qui pendant la plupart des trois millions d&apos; années ont été la taille de la taille de bas bas bas , a couru court à 40 pour cent .
2026-05-13 18:42:05,308 - INFO - joeynmt.training - Example #1
2026-05-13 18:42:05,308 - DEBUG - joeynmt.training - 	Tokenized source:     ['But', 'this', 'underst@@', 'ates', 'the', 'ser@@', 'i@@', 'ous@@', 'ness', 'of', 'this', 'partic@@', 'ul@@', 'ar', 'problem', 'because', 'it', 'doesn', '&apos;t', 'show', 'the', 'th@@', 'ick@@', 'ness', 'of', 'the', 'ice', '.']
2026-05-13 18:42:05,308 - DEBUG - joeynmt.training - 	Tokenized reference:  ['Mais', 'ceci', 'ten@@', 'd', 'à', 'a@@', 'mo@@', 'ind@@', 'rir', 'le', 'problème', 'parce', 'qu&apos;', 'on', 'ne', 'vo@@', 'it', 'pas', 'l&apos;', 'é@@', 'p@@', 'aiss@@', 'eur', 'de', 'la', 'gl@@', 'ace', '.']
2026-05-13 18:42:05,308 - DEBUG - joeynmt.training - 	Tokenized hypothesis: ['Mais', 'cette', 'com@@', 'pré@@', 'h@@', 'en@@', 'sion', 'de', 'ce', 'problème', 'particu@@', 'li@@', 'ère', 'parce', 'qu&apos;', 'il', 'ne', 'mon@@', 'tre', 'pas', 'le', 'pou@@', 'let', '.', '</s>']
2026-05-13 18:42:05,308 - INFO - joeynmt.training - 	Source:     But this understates the seriousness of this particular problem because it doesn &apos;t show the thickness of the ice .
2026-05-13 18:42:05,308 - INFO - joeynmt.training - 	Reference:  Mais ceci tend à amoindrir le problème parce qu&apos; on ne voit pas l&apos; épaisseur de la glace .
2026-05-13 18:42:05,308 - INFO - joeynmt.training - 	Hypothesis: Mais cette compréhension de ce problème particulière parce qu&apos; il ne montre pas le poulet .
2026-05-13 18:42:05,308 - INFO - joeynmt.training - Example #2
2026-05-13 18:42:05,308 - DEBUG - joeynmt.training - 	Tokenized source:     ['The', 'ar@@', 'c@@', 'tic', 'ice', 'c@@', 'a@@', 'p', 'is', ',', 'in', 'a', 'sense', ',', 'the', 'be@@', 'ating', 'he@@', 'art', 'of', 'the', 'glob@@', 'al', 'cli@@', 'm@@', 'ate', 'system', '.']
2026-05-13 18:42:05,309 - DEBUG - joeynmt.training - 	Tokenized reference:  ['On', 'peut', 'voir', 'la', 'cal@@', 'ot@@', 'te', 'gl@@', 'ac@@', 'ière', 'ar@@', 'c@@', 'tique', 'comme', 'le', 'co@@', 'eur', 'du', 'système', 'cli@@', 'ma@@', 'tique', 'glob@@', 'al', '.', 'On', 'peut', 'voir', 'la', 'cal@@', 'ot@@', 'te', 'gl@@', 'ac@@', 'ière', 'ar@@', 'c@@', 'tique', 'comme', 'le', 'co@@', 'eur', 'du', 'système', 'cli@@', 'ma@@', 'tique', 'glob@@', 'al', '.']
2026-05-13 18:42:05,309 - DEBUG - joeynmt.training - 	Tokenized hypothesis: ['Le', 'c@@', 'tique', 'c@@', 'tique', 'est', ',', 'dans', 'un', 'sens', ',', 'le', 'c@@', 'œ@@', 'u@@', 'r', 'de', 'la', 'b@@', 'elle', 'du', 'système', 'cli@@', 'm@@', 'at', 'cli@@', 'm@@', 'at', '.', '</s>']
2026-05-13 18:42:05,309 - INFO - joeynmt.training - 	Source:     The arctic ice cap is , in a sense , the beating heart of the global climate system .
2026-05-13 18:42:05,309 - INFO - joeynmt.training - 	Reference:  On peut voir la calotte glacière arctique comme le coeur du système climatique global . On peut voir la calotte glacière arctique comme le coeur du système climatique global .
2026-05-13 18:42:05,309 - INFO - joeynmt.training - 	Hypothesis: Le ctique ctique est , dans un sens , le cœur de la belle du système climat climat .
2026-05-13 18:42:05,309 - INFO - joeynmt.training - Example #3
2026-05-13 18:42:05,309 - DEBUG - joeynmt.training - 	Tokenized source:     ['It', 'exp@@', 'ands', 'in', 'w@@', 'int@@', 'er', 'and', 'contr@@', 'ac@@', 'ts', 'in', 'su@@', 'm@@', 'mer', '.']
2026-05-13 18:42:05,309 - DEBUG - joeynmt.training - 	Tokenized reference:  ['Elle', 's&apos;', 'ét@@', 'end', 'en', 'hi@@', 'ver', 'et', 'se', 'contr@@', 'ac@@', 'te', 'en', 'été', '.']
2026-05-13 18:42:05,309 - DEBUG - joeynmt.training - 	Tokenized hypothesis: ['Il', 's&apos;', 'att@@', 'end@@', 'ent', 'en', 'hi@@', 'ver', 'et', 'contr@@', 'ac@@', 'ts', 'en', 'hi@@', 'ver', 'en', 'été', '.', '</s>']
2026-05-13 18:42:05,309 - INFO - joeynmt.training - 	Source:     It expands in winter and contracts in summer .
2026-05-13 18:42:05,309 - INFO - joeynmt.training - 	Reference:  Elle s&apos; étend en hiver et se contracte en été .
2026-05-13 18:42:05,309 - INFO - joeynmt.training - 	Hypothesis: Il s&apos; attendent en hiver et contracts en hiver en été .
2026-05-13 18:42:05,309 - INFO - joeynmt.training - Example #4
2026-05-13 18:42:05,309 - DEBUG - joeynmt.training - 	Tokenized source:     ['The', 'next', 's@@', 'li@@', 'de', 'I', 'show', 'you', 'will', 'be', 'a', 'rap@@', 'id', 'fas@@', 't-@@', 'for@@', 'w@@', 'ard', 'of', 'what', '&apos;s', 'happen@@', 'ed', 'over', 'the', 'last', '2@@', '5', 'years', '.']
2026-05-13 18:42:05,309 - DEBUG - joeynmt.training - 	Tokenized reference:  ['La', 'pro@@', 'ch@@', 'aine', 'di@@', 'apos@@', 'iti@@', 've', 'que', 'je', 'vais', 'vous', 'montrer', 'est', 'une', 'v@@', 'ue', 'en', 'acc@@', 'él@@', 'ér@@', 'é', 'de', 'ce', 'qui', 's&apos;', 'est', 'passé', 'ces', '2@@', '5', 'derni@@', 'ères', 'années', '.']
2026-05-13 18:42:05,309 - DEBUG - joeynmt.training - 	Tokenized hypothesis: ['Le', 'di@@', 'a@@', 'que', 'que', 'je', 'vous', 'ser@@', 'ai', 'un', 'rap@@', 'ide', 'rap@@', 'ide', 'rap@@', 'ide', 'de', 'ce', 'qui', 's&apos;', 'est', 'passé', 'pendant', '2@@', '5', 'ans', '.', '</s>']
2026-05-13 18:42:05,309 - INFO - joeynmt.training - 	Source:     The next slide I show you will be a rapid fast-forward of what &apos;s happened over the last 25 years .
2026-05-13 18:42:05,309 - INFO - joeynmt.training - 	Reference:  La prochaine diapositive que je vais vous montrer est une vue en accéléré de ce qui s&apos; est passé ces 25 dernières années .
2026-05-13 18:42:05,309 - INFO - joeynmt.training - 	Hypothesis: Le diaque que je vous serai un rapide rapide rapide de ce qui s&apos; est passé pendant 25 ans .
2026-05-13 18:42:15,975 - INFO - joeynmt.training - Epoch   6, Step:    25100, Batch Loss:     1.165012, Batch Acc: 0.638632, Tokens per Sec:     7133, Lr: 0.000300
2026-05-13 18:42:26,244 - INFO - joeynmt.training - Epoch   6, Step:    25200, Batch Loss:     0.939209, Batch Acc: 0.635634, Tokens per Sec:     7642, Lr: 0.000300
2026-05-13 18:42:36,831 - INFO - joeynmt.training - Epoch   6, Step:    25300, Batch Loss:     1.098463, Batch Acc: 0.636943, Tokens per Sec:     7632, Lr: 0.000300
2026-05-13 18:42:47,147 - INFO - joeynmt.training - Epoch   6, Step:    25400, Batch Loss:     1.195961, Batch Acc: 0.641427, Tokens per Sec:     7627, Lr: 0.000300
2026-05-13 18:42:57,603 - INFO - joeynmt.training - Epoch   6, Step:    25500, Batch Loss:     1.226853, Batch Acc: 0.642078, Tokens per Sec:     7425, Lr: 0.000300
2026-05-13 18:42:57,603 - WARNING - joeynmt.helpers - `alpha` option is obsolete. Please use `beam_alpha`, instead.
2026-05-13 18:42:57,603 - INFO - joeynmt.prediction - Predicting 890 example(s)... (Greedy decoding with min_output_length=1, max_output_length=-1, return_prob='none', generate_unk=True, repetition_penalty=-1, no_repeat_ngram_size=-1)
2026-05-13 18:43:32,718 - INFO - joeynmt.prediction - Evaluation result (greedy) loss:   1.44, ppl:   4.24, acc:   0.58, generation: 35.1091[sec], evaluation: 0.0000[sec]
2026-05-13 18:43:32,718 - INFO - joeynmt.training - Hooray! New best validation result [ppl]!
2026-05-13 18:43:32,767 - INFO - joeynmt.helpers - delete models/bpe_2k/21000.ckpt
2026-05-13 18:43:32,773 - INFO - joeynmt.training - Example #0
2026-05-13 18:43:32,773 - DEBUG - joeynmt.training - 	Tokenized source:     ['L@@', 'ast', 'year', 'I', 'sho@@', 'w@@', 'ed', 'these', 'two', 's@@', 'li@@', 'des', 'so', 'that', 'dem@@', 'on@@', 'str@@', 'ate', 'that', 'the', 'ar@@', 'c@@', 'tic', 'ice', 'c@@', 'a@@', 'p', ',', 'which', 'for', 'most', 'of', 'the', 'last', 'three', 'million', 'years', 'has', 'been', 'the', 'si@@', 'ze', 'of', 'the', 'lo@@', 'wer', '4@@', '8', 'st@@', 'ates', ',', 'has', 'sh@@', 'r@@', 'un@@', 'k', 'by', '4@@', '0', 'percent', '.']
2026-05-13 18:43:32,773 - DEBUG - joeynmt.training - 	Tokenized reference:  ['L&apos;', 'année', 'derni@@', 'ère', ',', 'je', 'vous', 'ai', 'présent@@', 'é', 'ces', 'deux', 'di@@', 'apos@@', 'iti@@', 'ves', 'qui', 'montr@@', 'aient', 'que', 'la', 'cal@@', 'ot@@', 'te', 'gl@@', 'ac@@', 'ière', 'ar@@', 'c@@', 'tique', ',', 'qui', 'pendant', 'ces', '3', 'derni@@', 'ers', 'millions', 'd&apos;', 'année', 'avait', 'la', 't@@', 'ail@@', 'le', 'des', 'E@@', 'tat@@', 's-@@', 'Un@@', 'is', 'sans', 'l&apos;', 'Al@@', 'as@@', 'k@@', 'a', ',', 'qui', 'pendant', 'ces', '3', 'derni@@', 'ers', 'millions', 'd&apos;', 'année', 'avait', 'la', 't@@', 'ail@@', 'le', 'des', 'E@@', 'tat@@', 's-@@', 'Un@@', 'is', 'sans', 'l&apos;', 'Al@@', 'as@@', 'k@@', 'a', ',', 'avait', 'di@@', 'minu@@', 'é', 'de', '4@@', '0', '%', '.']
2026-05-13 18:43:32,773 - DEBUG - joeynmt.training - 	Tokenized hypothesis: ['L&apos;', 'année', 'derni@@', 'ère', ',', 'j&apos;', 'ai', 'montr@@', 'é', 'ces', 'deux', 's@@', 'li@@', 'des', 'pour', 'que', 'la', 'dé@@', 'mon@@', 'str@@', 'ation', 'de', 'la', 'gl@@', 'ace', 'ar@@', 'c@@', 'tique', ',', 'ce', 'qui', 'pendant', 'la', 'plu@@', 'part', 'des', 'trois', 'millions', 'd&apos;', 'années', 'ont', 'été', 'la', 't@@', 'ail@@', 'le', 'de', '4@@', '0', 'ét@@', 'at@@', 's', ',', 'a', 'un', 'peu', 'de', '4@@', '0', '%', '.', '</s>']
2026-05-13 18:43:32,773 - INFO - joeynmt.training - 	Source:     Last year I showed these two slides so that demonstrate that the arctic ice cap , which for most of the last three million years has been the size of the lower 48 states , has shrunk by 40 percent .
2026-05-13 18:43:32,773 - INFO - joeynmt.training - 	Reference:  L&apos; année dernière , je vous ai présenté ces deux diapositives qui montraient que la calotte glacière arctique , qui pendant ces 3 derniers millions d&apos; année avait la taille des Etats-Unis sans l&apos; Alaska , qui pendant ces 3 derniers millions d&apos; année avait la taille des Etats-Unis sans l&apos; Alaska , avait diminué de 40 % .
2026-05-13 18:43:32,773 - INFO - joeynmt.training - 	Hypothesis: L&apos; année dernière , j&apos; ai montré ces deux slides pour que la démonstration de la glace arctique , ce qui pendant la plupart des trois millions d&apos; années ont été la taille de 40 états , a un peu de 40 % .
2026-05-13 18:43:32,773 - INFO - joeynmt.training - Example #1
2026-05-13 18:43:32,773 - DEBUG - joeynmt.training - 	Tokenized source:     ['But', 'this', 'underst@@', 'ates', 'the', 'ser@@', 'i@@', 'ous@@', 'ness', 'of', 'this', 'partic@@', 'ul@@', 'ar', 'problem', 'because', 'it', 'doesn', '&apos;t', 'show', 'the', 'th@@', 'ick@@', 'ness', 'of', 'the', 'ice', '.']
2026-05-13 18:43:32,773 - DEBUG - joeynmt.training - 	Tokenized reference:  ['Mais', 'ceci', 'ten@@', 'd', 'à', 'a@@', 'mo@@', 'ind@@', 'rir', 'le', 'problème', 'parce', 'qu&apos;', 'on', 'ne', 'vo@@', 'it', 'pas', 'l&apos;', 'é@@', 'p@@', 'aiss@@', 'eur', 'de', 'la', 'gl@@', 'ace', '.']
2026-05-13 18:43:32,774 - DEBUG - joeynmt.training - 	Tokenized hypothesis: ['Mais', 'cette', 'com@@', 'pr@@', 'end', 'la', 's@@', 'éri@@', 'eu@@', 's@@', 'ement', 'de', 'ce', 'problème', 'parce', 'qu&apos;', 'il', 'ne', 'montr@@', 'ait', 'pas', 'le', 'pou@@', 'let', 'de', 'la', 'gl@@', 'ace', '.', '</s>']
2026-05-13 18:43:32,774 - INFO - joeynmt.training - 	Source:     But this understates the seriousness of this particular problem because it doesn &apos;t show the thickness of the ice .
2026-05-13 18:43:32,774 - INFO - joeynmt.training - 	Reference:  Mais ceci tend à amoindrir le problème parce qu&apos; on ne voit pas l&apos; épaisseur de la glace .
2026-05-13 18:43:32,774 - INFO - joeynmt.training - 	Hypothesis: Mais cette comprend la sérieusement de ce problème parce qu&apos; il ne montrait pas le poulet de la glace .
2026-05-13 18:43:32,774 - INFO - joeynmt.training - Example #2
2026-05-13 18:43:32,774 - DEBUG - joeynmt.training - 	Tokenized source:     ['The', 'ar@@', 'c@@', 'tic', 'ice', 'c@@', 'a@@', 'p', 'is', ',', 'in', 'a', 'sense', ',', 'the', 'be@@', 'ating', 'he@@', 'art', 'of', 'the', 'glob@@', 'al', 'cli@@', 'm@@', 'ate', 'system', '.']
2026-05-13 18:43:32,774 - DEBUG - joeynmt.training - 	Tokenized reference:  ['On', 'peut', 'voir', 'la', 'cal@@', 'ot@@', 'te', 'gl@@', 'ac@@', 'ière', 'ar@@', 'c@@', 'tique', 'comme', 'le', 'co@@', 'eur', 'du', 'système', 'cli@@', 'ma@@', 'tique', 'glob@@', 'al', '.', 'On', 'peut', 'voir', 'la', 'cal@@', 'ot@@', 'te', 'gl@@', 'ac@@', 'ière', 'ar@@', 'c@@', 'tique', 'comme', 'le', 'co@@', 'eur', 'du', 'système', 'cli@@', 'ma@@', 'tique', 'glob@@', 'al', '.']
2026-05-13 18:43:32,774 - DEBUG - joeynmt.training - 	Tokenized hypothesis: ['Le', 'c@@', 'â@@', 'ble', 'ar@@', 'c@@', 'tique', 'est', ',', 'dans', 'un', 'sens', ',', 'le', 'co@@', 'eur', 'de', 'la', 'bat@@', 'tre', 'du', 'système', 'cli@@', 'ma@@', 'tique', 'mon@@', 'di@@', 'al', '.', '</s>']
2026-05-13 18:43:32,774 - INFO - joeynmt.training - 	Source:     The arctic ice cap is , in a sense , the beating heart of the global climate system .
2026-05-13 18:43:32,774 - INFO - joeynmt.training - 	Reference:  On peut voir la calotte glacière arctique comme le coeur du système climatique global . On peut voir la calotte glacière arctique comme le coeur du système climatique global .
2026-05-13 18:43:32,774 - INFO - joeynmt.training - 	Hypothesis: Le câble arctique est , dans un sens , le coeur de la battre du système climatique mondial .
2026-05-13 18:43:32,774 - INFO - joeynmt.training - Example #3
2026-05-13 18:43:32,774 - DEBUG - joeynmt.training - 	Tokenized source:     ['It', 'exp@@', 'ands', 'in', 'w@@', 'int@@', 'er', 'and', 'contr@@', 'ac@@', 'ts', 'in', 'su@@', 'm@@', 'mer', '.']
2026-05-13 18:43:32,774 - DEBUG - joeynmt.training - 	Tokenized reference:  ['Elle', 's&apos;', 'ét@@', 'end', 'en', 'hi@@', 'ver', 'et', 'se', 'contr@@', 'ac@@', 'te', 'en', 'été', '.']
2026-05-13 18:43:32,774 - DEBUG - joeynmt.training - 	Tokenized hypothesis: ['Elle', 's&apos;', 'ét@@', 'end@@', 'ue', 'en', 'hi@@', 'ver', 'et', 'contr@@', 'ac@@', 'ts', 'en', 'été', '.', '</s>']
2026-05-13 18:43:32,774 - INFO - joeynmt.training - 	Source:     It expands in winter and contracts in summer .
2026-05-13 18:43:32,774 - INFO - joeynmt.training - 	Reference:  Elle s&apos; étend en hiver et se contracte en été .
2026-05-13 18:43:32,774 - INFO - joeynmt.training - 	Hypothesis: Elle s&apos; étendue en hiver et contracts en été .
2026-05-13 18:43:32,774 - INFO - joeynmt.training - Example #4
2026-05-13 18:43:32,774 - DEBUG - joeynmt.training - 	Tokenized source:     ['The', 'next', 's@@', 'li@@', 'de', 'I', 'show', 'you', 'will', 'be', 'a', 'rap@@', 'id', 'fas@@', 't-@@', 'for@@', 'w@@', 'ard', 'of', 'what', '&apos;s', 'happen@@', 'ed', 'over', 'the', 'last', '2@@', '5', 'years', '.']
2026-05-13 18:43:32,774 - DEBUG - joeynmt.training - 	Tokenized reference:  ['La', 'pro@@', 'ch@@', 'aine', 'di@@', 'apos@@', 'iti@@', 've', 'que', 'je', 'vais', 'vous', 'montrer', 'est', 'une', 'v@@', 'ue', 'en', 'acc@@', 'él@@', 'ér@@', 'é', 'de', 'ce', 'qui', 's&apos;', 'est', 'passé', 'ces', '2@@', '5', 'derni@@', 'ères', 'années', '.']
2026-05-13 18:43:32,774 - DEBUG - joeynmt.training - 	Tokenized hypothesis: ['La', 'pro@@', 'ch@@', 'aine', 'di@@', 'apos@@', 'iti@@', 've', 'que', 'je', 'vous', 'ser@@', 'ez', 'un', 'rap@@', 'ide', 'rap@@', 'ide', 'de', 'ce', 'qui', 's&apos;', 'est', 'passé', 'les', '2@@', '5', 'derni@@', 'ères', 'années', '.', '</s>']
2026-05-13 18:43:32,774 - INFO - joeynmt.training - 	Source:     The next slide I show you will be a rapid fast-forward of what &apos;s happened over the last 25 years .
2026-05-13 18:43:32,774 - INFO - joeynmt.training - 	Reference:  La prochaine diapositive que je vais vous montrer est une vue en accéléré de ce qui s&apos; est passé ces 25 dernières années .
2026-05-13 18:43:32,774 - INFO - joeynmt.training - 	Hypothesis: La prochaine diapositive que je vous serez un rapide rapide de ce qui s&apos; est passé les 25 dernières années .
2026-05-13 18:43:43,332 - INFO - joeynmt.training - Epoch   6, Step:    25600, Batch Loss:     1.101753, Batch Acc: 0.645252, Tokens per Sec:     7570, Lr: 0.000300
2026-05-13 18:43:53,957 - INFO - joeynmt.training - Epoch   6, Step:    25700, Batch Loss:     1.389542, Batch Acc: 0.638725, Tokens per Sec:     7363, Lr: 0.000300
2026-05-13 18:44:04,434 - INFO - joeynmt.training - Epoch   6, Step:    25800, Batch Loss:     1.278592, Batch Acc: 0.636164, Tokens per Sec:     7513, Lr: 0.000300
2026-05-13 18:44:14,965 - INFO - joeynmt.training - Epoch   6, Step:    25900, Batch Loss:     1.191894, Batch Acc: 0.639104, Tokens per Sec:     7512, Lr: 0.000300
2026-05-13 18:44:25,449 - INFO - joeynmt.training - Epoch   6, Step:    26000, Batch Loss:     1.268300, Batch Acc: 0.638429, Tokens per Sec:     7495, Lr: 0.000300
2026-05-13 18:44:25,449 - WARNING - joeynmt.helpers - `alpha` option is obsolete. Please use `beam_alpha`, instead.
2026-05-13 18:44:25,449 - INFO - joeynmt.prediction - Predicting 890 example(s)... (Greedy decoding with min_output_length=1, max_output_length=-1, return_prob='none', generate_unk=True, repetition_penalty=-1, no_repeat_ngram_size=-1)
2026-05-13 18:44:59,984 - INFO - joeynmt.prediction - Evaluation result (greedy) loss:   1.43, ppl:   4.20, acc:   0.59, generation: 34.5297[sec], evaluation: 0.0000[sec]
2026-05-13 18:44:59,984 - INFO - joeynmt.training - Hooray! New best validation result [ppl]!
2026-05-13 18:45:00,037 - INFO - joeynmt.helpers - delete models/bpe_2k/23500.ckpt
2026-05-13 18:45:00,037 - INFO - joeynmt.training - Example #0
2026-05-13 18:45:00,037 - DEBUG - joeynmt.training - 	Tokenized source:     ['L@@', 'ast', 'year', 'I', 'sho@@', 'w@@', 'ed', 'these', 'two', 's@@', 'li@@', 'des', 'so', 'that', 'dem@@', 'on@@', 'str@@', 'ate', 'that', 'the', 'ar@@', 'c@@', 'tic', 'ice', 'c@@', 'a@@', 'p', ',', 'which', 'for', 'most', 'of', 'the', 'last', 'three', 'million', 'years', 'has', 'been', 'the', 'si@@', 'ze', 'of', 'the', 'lo@@', 'wer', '4@@', '8', 'st@@', 'ates', ',', 'has', 'sh@@', 'r@@', 'un@@', 'k', 'by', '4@@', '0', 'percent', '.']
2026-05-13 18:45:00,037 - DEBUG - joeynmt.training - 	Tokenized reference:  ['L&apos;', 'année', 'derni@@', 'ère', ',', 'je', 'vous', 'ai', 'présent@@', 'é', 'ces', 'deux', 'di@@', 'apos@@', 'iti@@', 'ves', 'qui', 'montr@@', 'aient', 'que', 'la', 'cal@@', 'ot@@', 'te', 'gl@@', 'ac@@', 'ière', 'ar@@', 'c@@', 'tique', ',', 'qui', 'pendant', 'ces', '3', 'derni@@', 'ers', 'millions', 'd&apos;', 'année', 'avait', 'la', 't@@', 'ail@@', 'le', 'des', 'E@@', 'tat@@', 's-@@', 'Un@@', 'is', 'sans', 'l&apos;', 'Al@@', 'as@@', 'k@@', 'a', ',', 'qui', 'pendant', 'ces', '3', 'derni@@', 'ers', 'millions', 'd&apos;', 'année', 'avait', 'la', 't@@', 'ail@@', 'le', 'des', 'E@@', 'tat@@', 's-@@', 'Un@@', 'is', 'sans', 'l&apos;', 'Al@@', 'as@@', 'k@@', 'a', ',', 'avait', 'di@@', 'minu@@', 'é', 'de', '4@@', '0', '%', '.']
2026-05-13 18:45:00,037 - DEBUG - joeynmt.training - 	Tokenized hypothesis: ['L&apos;', 'année', 'derni@@', 'ère', ',', 'j&apos;', 'ai', 'montr@@', 'é', 'ces', 'deux', 'di@@', 'a@@', 'po@@', 's', 'de', 'la', 'gl@@', 'ace', 'ar@@', 'c@@', 'tique', ',', 'qui', 'pendant', 'la', 'plu@@', 'part', 'des', 'trois', 'millions', 'd&apos;', 'années', 'ont', 'été', 'la', 't@@', 'ail@@', 'le', 'des', 'trois', 'millions', 'd&apos;', 'années', 'ont', 'été', 'la', 't@@', 'ail@@', 'le', 'des', 'trois', 'millions', 'de', 'plus', ',', 'a', 'été', 'la', 't@@', 'ail@@', 'le', 'de', '4@@', '0', '%', '.', '</s>']
2026-05-13 18:45:00,038 - INFO - joeynmt.training - 	Source:     Last year I showed these two slides so that demonstrate that the arctic ice cap , which for most of the last three million years has been the size of the lower 48 states , has shrunk by 40 percent .
2026-05-13 18:45:00,038 - INFO - joeynmt.training - 	Reference:  L&apos; année dernière , je vous ai présenté ces deux diapositives qui montraient que la calotte glacière arctique , qui pendant ces 3 derniers millions d&apos; année avait la taille des Etats-Unis sans l&apos; Alaska , qui pendant ces 3 derniers millions d&apos; année avait la taille des Etats-Unis sans l&apos; Alaska , avait diminué de 40 % .
2026-05-13 18:45:00,038 - INFO - joeynmt.training - 	Hypothesis: L&apos; année dernière , j&apos; ai montré ces deux diapos de la glace arctique , qui pendant la plupart des trois millions d&apos; années ont été la taille des trois millions d&apos; années ont été la taille des trois millions de plus , a été la taille de 40 % .
2026-05-13 18:45:00,038 - INFO - joeynmt.training - Example #1
2026-05-13 18:45:00,038 - DEBUG - joeynmt.training - 	Tokenized source:     ['But', 'this', 'underst@@', 'ates', 'the', 'ser@@', 'i@@', 'ous@@', 'ness', 'of', 'this', 'partic@@', 'ul@@', 'ar', 'problem', 'because', 'it', 'doesn', '&apos;t', 'show', 'the', 'th@@', 'ick@@', 'ness', 'of', 'the', 'ice', '.']
2026-05-13 18:45:00,038 - DEBUG - joeynmt.training - 	Tokenized reference:  ['Mais', 'ceci', 'ten@@', 'd', 'à', 'a@@', 'mo@@', 'ind@@', 'rir', 'le', 'problème', 'parce', 'qu&apos;', 'on', 'ne', 'vo@@', 'it', 'pas', 'l&apos;', 'é@@', 'p@@', 'aiss@@', 'eur', 'de', 'la', 'gl@@', 'ace', '.']
2026-05-13 18:45:00,038 - DEBUG - joeynmt.training - 	Tokenized hypothesis: ['Mais', 'cette', 'com@@', 'pré@@', 'h@@', 'en@@', 'sion', 'le', 's@@', 'éri@@', 'eu@@', 's@@', 'ement', 'de', 'ce', 'problème', 'parce', 'que', 'ça', 'ne', 'mon@@', 'te', 'pas', 'le', 'pou@@', 'let', 'de', 'la', 'gl@@', 'ace', '.', '</s>']
2026-05-13 18:45:00,038 - INFO - joeynmt.training - 	Source:     But this understates the seriousness of this particular problem because it doesn &apos;t show the thickness of the ice .
2026-05-13 18:45:00,038 - INFO - joeynmt.training - 	Reference:  Mais ceci tend à amoindrir le problème parce qu&apos; on ne voit pas l&apos; épaisseur de la glace .
2026-05-13 18:45:00,038 - INFO - joeynmt.training - 	Hypothesis: Mais cette compréhension le sérieusement de ce problème parce que ça ne monte pas le poulet de la glace .
2026-05-13 18:45:00,038 - INFO - joeynmt.training - Example #2
2026-05-13 18:45:00,038 - DEBUG - joeynmt.training - 	Tokenized source:     ['The', 'ar@@', 'c@@', 'tic', 'ice', 'c@@', 'a@@', 'p', 'is', ',', 'in', 'a', 'sense', ',', 'the', 'be@@', 'ating', 'he@@', 'art', 'of', 'the', 'glob@@', 'al', 'cli@@', 'm@@', 'ate', 'system', '.']
2026-05-13 18:45:00,038 - DEBUG - joeynmt.training - 	Tokenized reference:  ['On', 'peut', 'voir', 'la', 'cal@@', 'ot@@', 'te', 'gl@@', 'ac@@', 'ière', 'ar@@', 'c@@', 'tique', 'comme', 'le', 'co@@', 'eur', 'du', 'système', 'cli@@', 'ma@@', 'tique', 'glob@@', 'al', '.', 'On', 'peut', 'voir', 'la', 'cal@@', 'ot@@', 'te', 'gl@@', 'ac@@', 'ière', 'ar@@', 'c@@', 'tique', 'comme', 'le', 'co@@', 'eur', 'du', 'système', 'cli@@', 'ma@@', 'tique', 'glob@@', 'al', '.']
2026-05-13 18:45:00,038 - DEBUG - joeynmt.training - 	Tokenized hypothesis: ['La', 'c@@', 'ause', 'de', 'gl@@', 'ace', 'ar@@', 'c@@', 'tique', 'est', ',', 'dans', 'un', 'sens', ',', 'le', 'c@@', 'œ@@', 'u@@', 'r', 'du', 'système', 'de', 'cli@@', 'ma@@', 'tique', 'mon@@', 'di@@', 'ale', '.', '</s>']
2026-05-13 18:45:00,038 - INFO - joeynmt.training - 	Source:     The arctic ice cap is , in a sense , the beating heart of the global climate system .
2026-05-13 18:45:00,038 - INFO - joeynmt.training - 	Reference:  On peut voir la calotte glacière arctique comme le coeur du système climatique global . On peut voir la calotte glacière arctique comme le coeur du système climatique global .
2026-05-13 18:45:00,038 - INFO - joeynmt.training - 	Hypothesis: La cause de glace arctique est , dans un sens , le cœur du système de climatique mondiale .
2026-05-13 18:45:00,038 - INFO - joeynmt.training - Example #3
2026-05-13 18:45:00,038 - DEBUG - joeynmt.training - 	Tokenized source:     ['It', 'exp@@', 'ands', 'in', 'w@@', 'int@@', 'er', 'and', 'contr@@', 'ac@@', 'ts', 'in', 'su@@', 'm@@', 'mer', '.']
2026-05-13 18:45:00,038 - DEBUG - joeynmt.training - 	Tokenized reference:  ['Elle', 's&apos;', 'ét@@', 'end', 'en', 'hi@@', 'ver', 'et', 'se', 'contr@@', 'ac@@', 'te', 'en', 'été', '.']
2026-05-13 18:45:00,038 - DEBUG - joeynmt.training - 	Tokenized hypothesis: ['Il', 's&apos;', 'ét@@', 'end@@', 'ent', 'en', 'hi@@', 'ver', 'et', 'contr@@', 'ac@@', 'te', 'en', 'été', '.', '</s>']
2026-05-13 18:45:00,038 - INFO - joeynmt.training - 	Source:     It expands in winter and contracts in summer .
2026-05-13 18:45:00,038 - INFO - joeynmt.training - 	Reference:  Elle s&apos; étend en hiver et se contracte en été .
2026-05-13 18:45:00,038 - INFO - joeynmt.training - 	Hypothesis: Il s&apos; étendent en hiver et contracte en été .
2026-05-13 18:45:00,038 - INFO - joeynmt.training - Example #4
2026-05-13 18:45:00,038 - DEBUG - joeynmt.training - 	Tokenized source:     ['The', 'next', 's@@', 'li@@', 'de', 'I', 'show', 'you', 'will', 'be', 'a', 'rap@@', 'id', 'fas@@', 't-@@', 'for@@', 'w@@', 'ard', 'of', 'what', '&apos;s', 'happen@@', 'ed', 'over', 'the', 'last', '2@@', '5', 'years', '.']
2026-05-13 18:45:00,038 - DEBUG - joeynmt.training - 	Tokenized reference:  ['La', 'pro@@', 'ch@@', 'aine', 'di@@', 'apos@@', 'iti@@', 've', 'que', 'je', 'vais', 'vous', 'montrer', 'est', 'une', 'v@@', 'ue', 'en', 'acc@@', 'él@@', 'ér@@', 'é', 'de', 'ce', 'qui', 's&apos;', 'est', 'passé', 'ces', '2@@', '5', 'derni@@', 'ères', 'années', '.']
2026-05-13 18:45:00,038 - DEBUG - joeynmt.training - 	Tokenized hypothesis: ['La', 'pro@@', 'ch@@', 'aine', 'di@@', 'apos@@', 'iti@@', 've', 'que', 'je', 'vous', 'mon@@', 'tre', 'rap@@', 'ide', 'de', 'ce', 'qui', 's&apos;', 'est', 'passé', 'pendant', 'les', '2@@', '5', 'derni@@', 'ères', 'années', '.', '</s>']
2026-05-13 18:45:00,039 - INFO - joeynmt.training - 	Source:     The next slide I show you will be a rapid fast-forward of what &apos;s happened over the last 25 years .
2026-05-13 18:45:00,039 - INFO - joeynmt.training - 	Reference:  La prochaine diapositive que je vais vous montrer est une vue en accéléré de ce qui s&apos; est passé ces 25 dernières années .
2026-05-13 18:45:00,039 - INFO - joeynmt.training - 	Hypothesis: La prochaine diapositive que je vous montre rapide de ce qui s&apos; est passé pendant les 25 dernières années .
2026-05-13 18:45:10,550 - INFO - joeynmt.training - Epoch   6, Step:    26100, Batch Loss:     1.297814, Batch Acc: 0.639622, Tokens per Sec:     7242, Lr: 0.000300
2026-05-13 18:45:21,462 - INFO - joeynmt.training - Epoch   6, Step:    26200, Batch Loss:     1.267639, Batch Acc: 0.639502, Tokens per Sec:     7090, Lr: 0.000300
2026-05-13 18:45:31,533 - INFO - joeynmt.training - Epoch   6: total training loss 5392.24
2026-05-13 18:45:31,533 - INFO - joeynmt.training - EPOCH 7
2026-05-13 18:45:32,259 - INFO - joeynmt.training - Epoch   7, Step:    26300, Batch Loss:     1.108860, Batch Acc: 0.651251, Tokens per Sec:     6884, Lr: 0.000300
2026-05-13 18:45:42,930 - INFO - joeynmt.training - Epoch   7, Step:    26400, Batch Loss:     1.231549, Batch Acc: 0.659233, Tokens per Sec:     7434, Lr: 0.000300
2026-05-13 18:45:53,547 - INFO - joeynmt.training - Epoch   7, Step:    26500, Batch Loss:     1.249113, Batch Acc: 0.656724, Tokens per Sec:     7304, Lr: 0.000300
2026-05-13 18:45:53,547 - WARNING - joeynmt.helpers - `alpha` option is obsolete. Please use `beam_alpha`, instead.
2026-05-13 18:45:53,547 - INFO - joeynmt.prediction - Predicting 890 example(s)... (Greedy decoding with min_output_length=1, max_output_length=-1, return_prob='none', generate_unk=True, repetition_penalty=-1, no_repeat_ngram_size=-1)
2026-05-13 18:46:32,523 - INFO - joeynmt.prediction - Evaluation result (greedy) loss:   1.44, ppl:   4.22, acc:   0.59, generation: 38.9706[sec], evaluation: 0.0000[sec]
2026-05-13 18:46:32,572 - INFO - joeynmt.helpers - delete models/bpe_2k/24000.ckpt
2026-05-13 18:46:32,572 - INFO - joeynmt.training - Example #0
2026-05-13 18:46:32,572 - DEBUG - joeynmt.training - 	Tokenized source:     ['L@@', 'ast', 'year', 'I', 'sho@@', 'w@@', 'ed', 'these', 'two', 's@@', 'li@@', 'des', 'so', 'that', 'dem@@', 'on@@', 'str@@', 'ate', 'that', 'the', 'ar@@', 'c@@', 'tic', 'ice', 'c@@', 'a@@', 'p', ',', 'which', 'for', 'most', 'of', 'the', 'last', 'three', 'million', 'years', 'has', 'been', 'the', 'si@@', 'ze', 'of', 'the', 'lo@@', 'wer', '4@@', '8', 'st@@', 'ates', ',', 'has', 'sh@@', 'r@@', 'un@@', 'k', 'by', '4@@', '0', 'percent', '.']
2026-05-13 18:46:32,572 - DEBUG - joeynmt.training - 	Tokenized reference:  ['L&apos;', 'année', 'derni@@', 'ère', ',', 'je', 'vous', 'ai', 'présent@@', 'é', 'ces', 'deux', 'di@@', 'apos@@', 'iti@@', 'ves', 'qui', 'montr@@', 'aient', 'que', 'la', 'cal@@', 'ot@@', 'te', 'gl@@', 'ac@@', 'ière', 'ar@@', 'c@@', 'tique', ',', 'qui', 'pendant', 'ces', '3', 'derni@@', 'ers', 'millions', 'd&apos;', 'année', 'avait', 'la', 't@@', 'ail@@', 'le', 'des', 'E@@', 'tat@@', 's-@@', 'Un@@', 'is', 'sans', 'l&apos;', 'Al@@', 'as@@', 'k@@', 'a', ',', 'qui', 'pendant', 'ces', '3', 'derni@@', 'ers', 'millions', 'd&apos;', 'année', 'avait', 'la', 't@@', 'ail@@', 'le', 'des', 'E@@', 'tat@@', 's-@@', 'Un@@', 'is', 'sans', 'l&apos;', 'Al@@', 'as@@', 'k@@', 'a', ',', 'avait', 'di@@', 'minu@@', 'é', 'de', '4@@', '0', '%', '.']
2026-05-13 18:46:32,572 - DEBUG - joeynmt.training - 	Tokenized hypothesis: ['L&apos;', 'année', 'derni@@', 'ère', 'j&apos;', 'ai', 'montr@@', 'é', 'ces', 'deux', 'di@@', 'a@@', 'po@@', 's', 'de', 't@@', 'elle', 'que', 'la', 'gl@@', 'ace', 'ar@@', 'c@@', 'tique', ',', 'qui', 'pendant', 'la', 'plu@@', 'part', 'des', 'trois', 'millions', 'd&apos;', 'années', 'ont', 'été', 'la', 't@@', 'ail@@', 'le', 'de', 'plus', 'bas', 'de', '4@@', '0', '%', ',', 'a', 'été', 'de', 'cour@@', 'ses', ',', 'a', 'cour@@', 'u', 'à', '4@@', '0', '%', '.', '</s>']
2026-05-13 18:46:32,572 - INFO - joeynmt.training - 	Source:     Last year I showed these two slides so that demonstrate that the arctic ice cap , which for most of the last three million years has been the size of the lower 48 states , has shrunk by 40 percent .
2026-05-13 18:46:32,572 - INFO - joeynmt.training - 	Reference:  L&apos; année dernière , je vous ai présenté ces deux diapositives qui montraient que la calotte glacière arctique , qui pendant ces 3 derniers millions d&apos; année avait la taille des Etats-Unis sans l&apos; Alaska , qui pendant ces 3 derniers millions d&apos; année avait la taille des Etats-Unis sans l&apos; Alaska , avait diminué de 40 % .
2026-05-13 18:46:32,572 - INFO - joeynmt.training - 	Hypothesis: L&apos; année dernière j&apos; ai montré ces deux diapos de telle que la glace arctique , qui pendant la plupart des trois millions d&apos; années ont été la taille de plus bas de 40 % , a été de courses , a couru à 40 % .
2026-05-13 18:46:32,572 - INFO - joeynmt.training - Example #1
2026-05-13 18:46:32,572 - DEBUG - joeynmt.training - 	Tokenized source:     ['But', 'this', 'underst@@', 'ates', 'the', 'ser@@', 'i@@', 'ous@@', 'ness', 'of', 'this', 'partic@@', 'ul@@', 'ar', 'problem', 'because', 'it', 'doesn', '&apos;t', 'show', 'the', 'th@@', 'ick@@', 'ness', 'of', 'the', 'ice', '.']
2026-05-13 18:46:32,572 - DEBUG - joeynmt.training - 	Tokenized reference:  ['Mais', 'ceci', 'ten@@', 'd', 'à', 'a@@', 'mo@@', 'ind@@', 'rir', 'le', 'problème', 'parce', 'qu&apos;', 'on', 'ne', 'vo@@', 'it', 'pas', 'l&apos;', 'é@@', 'p@@', 'aiss@@', 'eur', 'de', 'la', 'gl@@', 'ace', '.']
2026-05-13 18:46:32,572 - DEBUG - joeynmt.training - 	Tokenized hypothesis: ['Mais', 'cette', 'com@@', 'pré@@', 'e', 'le', 'problème', 'du', 's@@', 'éri@@', 'eux', 'de', 'ce', 'problème', 'parce', 'qu&apos;', 'il', 'ne', 'mon@@', 'te', 'pas', 'le', 'pou@@', 'let', 'de', 'la', 'gl@@', 'ace', '.', '</s>']
2026-05-13 18:46:32,573 - INFO - joeynmt.training - 	Source:     But this understates the seriousness of this particular problem because it doesn &apos;t show the thickness of the ice .
2026-05-13 18:46:32,573 - INFO - joeynmt.training - 	Reference:  Mais ceci tend à amoindrir le problème parce qu&apos; on ne voit pas l&apos; épaisseur de la glace .
2026-05-13 18:46:32,573 - INFO - joeynmt.training - 	Hypothesis: Mais cette comprée le problème du sérieux de ce problème parce qu&apos; il ne monte pas le poulet de la glace .
2026-05-13 18:46:32,573 - INFO - joeynmt.training - Example #2
2026-05-13 18:46:32,573 - DEBUG - joeynmt.training - 	Tokenized source:     ['The', 'ar@@', 'c@@', 'tic', 'ice', 'c@@', 'a@@', 'p', 'is', ',', 'in', 'a', 'sense', ',', 'the', 'be@@', 'ating', 'he@@', 'art', 'of', 'the', 'glob@@', 'al', 'cli@@', 'm@@', 'ate', 'system', '.']
2026-05-13 18:46:32,573 - DEBUG - joeynmt.training - 	Tokenized reference:  ['On', 'peut', 'voir', 'la', 'cal@@', 'ot@@', 'te', 'gl@@', 'ac@@', 'ière', 'ar@@', 'c@@', 'tique', 'comme', 'le', 'co@@', 'eur', 'du', 'système', 'cli@@', 'ma@@', 'tique', 'glob@@', 'al', '.', 'On', 'peut', 'voir', 'la', 'cal@@', 'ot@@', 'te', 'gl@@', 'ac@@', 'ière', 'ar@@', 'c@@', 'tique', 'comme', 'le', 'co@@', 'eur', 'du', 'système', 'cli@@', 'ma@@', 'tique', 'glob@@', 'al', '.']
2026-05-13 18:46:32,573 - DEBUG - joeynmt.training - 	Tokenized hypothesis: ['Le', 'c@@', 'est', 'de', 'la', 'gl@@', 'ace', 'ar@@', 'c@@', 'tique', 'est', ',', 'dans', 'un', 'sens', ',', 'le', 'système', 'de', 'l&apos;', 'art', 'du', 'cli@@', 'm@@', 'at', 'mon@@', 'di@@', 'al', '.', '</s>']
2026-05-13 18:46:32,573 - INFO - joeynmt.training - 	Source:     The arctic ice cap is , in a sense , the beating heart of the global climate system .
2026-05-13 18:46:32,573 - INFO - joeynmt.training - 	Reference:  On peut voir la calotte glacière arctique comme le coeur du système climatique global . On peut voir la calotte glacière arctique comme le coeur du système climatique global .
2026-05-13 18:46:32,573 - INFO - joeynmt.training - 	Hypothesis: Le cest de la glace arctique est , dans un sens , le système de l&apos; art du climat mondial .
2026-05-13 18:46:32,573 - INFO - joeynmt.training - Example #3
2026-05-13 18:46:32,573 - DEBUG - joeynmt.training - 	Tokenized source:     ['It', 'exp@@', 'ands', 'in', 'w@@', 'int@@', 'er', 'and', 'contr@@', 'ac@@', 'ts', 'in', 'su@@', 'm@@', 'mer', '.']
2026-05-13 18:46:32,573 - DEBUG - joeynmt.training - 	Tokenized reference:  ['Elle', 's&apos;', 'ét@@', 'end', 'en', 'hi@@', 'ver', 'et', 'se', 'contr@@', 'ac@@', 'te', 'en', 'été', '.']
2026-05-13 18:46:32,573 - DEBUG - joeynmt.training - 	Tokenized hypothesis: ['Il', 's&apos;', 'ét@@', 'end@@', 'ent', 'en', 'hi@@', 'ver', 'et', 'contr@@', 'ac@@', 'ts', 'en', 'été', '.', '</s>']
2026-05-13 18:46:32,573 - INFO - joeynmt.training - 	Source:     It expands in winter and contracts in summer .
2026-05-13 18:46:32,573 - INFO - joeynmt.training - 	Reference:  Elle s&apos; étend en hiver et se contracte en été .
2026-05-13 18:46:32,573 - INFO - joeynmt.training - 	Hypothesis: Il s&apos; étendent en hiver et contracts en été .
2026-05-13 18:46:32,573 - INFO - joeynmt.training - Example #4
2026-05-13 18:46:32,573 - DEBUG - joeynmt.training - 	Tokenized source:     ['The', 'next', 's@@', 'li@@', 'de', 'I', 'show', 'you', 'will', 'be', 'a', 'rap@@', 'id', 'fas@@', 't-@@', 'for@@', 'w@@', 'ard', 'of', 'what', '&apos;s', 'happen@@', 'ed', 'over', 'the', 'last', '2@@', '5', 'years', '.']
2026-05-13 18:46:32,573 - DEBUG - joeynmt.training - 	Tokenized reference:  ['La', 'pro@@', 'ch@@', 'aine', 'di@@', 'apos@@', 'iti@@', 've', 'que', 'je', 'vais', 'vous', 'montrer', 'est', 'une', 'v@@', 'ue', 'en', 'acc@@', 'él@@', 'ér@@', 'é', 'de', 'ce', 'qui', 's&apos;', 'est', 'passé', 'ces', '2@@', '5', 'derni@@', 'ères', 'années', '.']
2026-05-13 18:46:32,573 - DEBUG - joeynmt.training - 	Tokenized hypothesis: ['La', 'di@@', 'apos@@', 'iti@@', 've', 'que', 'je', 'vous', 'ser@@', 'ai', 'un', 'rap@@', 'ide', 'rap@@', 'ide', 'de', 'ce', 'qui', 's&apos;', 'est', 'passé', 'pendant', 'les', '2@@', '5', 'derni@@', 'ères', 'années', '.', '</s>']
2026-05-13 18:46:32,573 - INFO - joeynmt.training - 	Source:     The next slide I show you will be a rapid fast-forward of what &apos;s happened over the last 25 years .
2026-05-13 18:46:32,573 - INFO - joeynmt.training - 	Reference:  La prochaine diapositive que je vais vous montrer est une vue en accéléré de ce qui s&apos; est passé ces 25 dernières années .
2026-05-13 18:46:32,573 - INFO - joeynmt.training - 	Hypothesis: La diapositive que je vous serai un rapide rapide de ce qui s&apos; est passé pendant les 25 dernières années .
2026-05-13 18:46:43,301 - INFO - joeynmt.training - Epoch   7, Step:    26600, Batch Loss:     1.156687, Batch Acc: 0.652740, Tokens per Sec:     7351, Lr: 0.000300
2026-05-13 18:46:53,873 - INFO - joeynmt.training - Epoch   7, Step:    26700, Batch Loss:     1.296868, Batch Acc: 0.652048, Tokens per Sec:     7262, Lr: 0.000300
2026-05-13 18:47:04,136 - INFO - joeynmt.training - Epoch   7, Step:    26800, Batch Loss:     1.208475, Batch Acc: 0.653784, Tokens per Sec:     7569, Lr: 0.000300
2026-05-13 18:47:14,644 - INFO - joeynmt.training - Epoch   7, Step:    26900, Batch Loss:     1.142127, Batch Acc: 0.656457, Tokens per Sec:     7569, Lr: 0.000300
2026-05-13 18:47:24,920 - INFO - joeynmt.training - Epoch   7, Step:    27000, Batch Loss:     1.066314, Batch Acc: 0.650546, Tokens per Sec:     7542, Lr: 0.000300
2026-05-13 18:47:24,920 - WARNING - joeynmt.helpers - `alpha` option is obsolete. Please use `beam_alpha`, instead.
2026-05-13 18:47:24,920 - INFO - joeynmt.prediction - Predicting 890 example(s)... (Greedy decoding with min_output_length=1, max_output_length=-1, return_prob='none', generate_unk=True, repetition_penalty=-1, no_repeat_ngram_size=-1)
2026-05-13 18:48:02,830 - INFO - joeynmt.prediction - Evaluation result (greedy) loss:   1.44, ppl:   4.20, acc:   0.59, generation: 37.9043[sec], evaluation: 0.0000[sec]
2026-05-13 18:48:02,880 - INFO - joeynmt.helpers - delete models/bpe_2k/24500.ckpt
2026-05-13 18:48:02,881 - INFO - joeynmt.training - Example #0
2026-05-13 18:48:02,881 - DEBUG - joeynmt.training - 	Tokenized source:     ['L@@', 'ast', 'year', 'I', 'sho@@', 'w@@', 'ed', 'these', 'two', 's@@', 'li@@', 'des', 'so', 'that', 'dem@@', 'on@@', 'str@@', 'ate', 'that', 'the', 'ar@@', 'c@@', 'tic', 'ice', 'c@@', 'a@@', 'p', ',', 'which', 'for', 'most', 'of', 'the', 'last', 'three', 'million', 'years', 'has', 'been', 'the', 'si@@', 'ze', 'of', 'the', 'lo@@', 'wer', '4@@', '8', 'st@@', 'ates', ',', 'has', 'sh@@', 'r@@', 'un@@', 'k', 'by', '4@@', '0', 'percent', '.']
2026-05-13 18:48:02,881 - DEBUG - joeynmt.training - 	Tokenized reference:  ['L&apos;', 'année', 'derni@@', 'ère', ',', 'je', 'vous', 'ai', 'présent@@', 'é', 'ces', 'deux', 'di@@', 'apos@@', 'iti@@', 'ves', 'qui', 'montr@@', 'aient', 'que', 'la', 'cal@@', 'ot@@', 'te', 'gl@@', 'ac@@', 'ière', 'ar@@', 'c@@', 'tique', ',', 'qui', 'pendant', 'ces', '3', 'derni@@', 'ers', 'millions', 'd&apos;', 'année', 'avait', 'la', 't@@', 'ail@@', 'le', 'des', 'E@@', 'tat@@', 's-@@', 'Un@@', 'is', 'sans', 'l&apos;', 'Al@@', 'as@@', 'k@@', 'a', ',', 'qui', 'pendant', 'ces', '3', 'derni@@', 'ers', 'millions', 'd&apos;', 'année', 'avait', 'la', 't@@', 'ail@@', 'le', 'des', 'E@@', 'tat@@', 's-@@', 'Un@@', 'is', 'sans', 'l&apos;', 'Al@@', 'as@@', 'k@@', 'a', ',', 'avait', 'di@@', 'minu@@', 'é', 'de', '4@@', '0', '%', '.']
2026-05-13 18:48:02,881 - DEBUG - joeynmt.training - 	Tokenized hypothesis: ['L&apos;', 'année', 'derni@@', 'ère', ',', 'j&apos;', 'ai', 'montr@@', 'é', 'ces', 'deux', 'di@@', 'a@@', 'po@@', 's', 'pour', 'que', 'la', 'gl@@', 'ace', 'ar@@', 'c@@', 'tique', ',', 'qui', 'pendant', 'la', 'plu@@', 'part', 'des', 'trois', 'millions', 'd&apos;', 'années', 'ont', 'été', 'la', 't@@', 'ail@@', 'le', 'de', 'la', 't@@', 'ail@@', 'le', 'de', 'plus', 'bas', 'de', '4@@', '0', '%', ',', 'a', 'été', 'dé@@', 'mon@@', 't@@', 'ée', 'par', '4@@', '0', '%', '.', '</s>']
2026-05-13 18:48:02,881 - INFO - joeynmt.training - 	Source:     Last year I showed these two slides so that demonstrate that the arctic ice cap , which for most of the last three million years has been the size of the lower 48 states , has shrunk by 40 percent .
2026-05-13 18:48:02,881 - INFO - joeynmt.training - 	Reference:  L&apos; année dernière , je vous ai présenté ces deux diapositives qui montraient que la calotte glacière arctique , qui pendant ces 3 derniers millions d&apos; année avait la taille des Etats-Unis sans l&apos; Alaska , qui pendant ces 3 derniers millions d&apos; année avait la taille des Etats-Unis sans l&apos; Alaska , avait diminué de 40 % .
2026-05-13 18:48:02,881 - INFO - joeynmt.training - 	Hypothesis: L&apos; année dernière , j&apos; ai montré ces deux diapos pour que la glace arctique , qui pendant la plupart des trois millions d&apos; années ont été la taille de la taille de plus bas de 40 % , a été démontée par 40 % .
2026-05-13 18:48:02,881 - INFO - joeynmt.training - Example #1
2026-05-13 18:48:02,881 - DEBUG - joeynmt.training - 	Tokenized source:     ['But', 'this', 'underst@@', 'ates', 'the', 'ser@@', 'i@@', 'ous@@', 'ness', 'of', 'this', 'partic@@', 'ul@@', 'ar', 'problem', 'because', 'it', 'doesn', '&apos;t', 'show', 'the', 'th@@', 'ick@@', 'ness', 'of', 'the', 'ice', '.']
2026-05-13 18:48:02,881 - DEBUG - joeynmt.training - 	Tokenized reference:  ['Mais', 'ceci', 'ten@@', 'd', 'à', 'a@@', 'mo@@', 'ind@@', 'rir', 'le', 'problème', 'parce', 'qu&apos;', 'on', 'ne', 'vo@@', 'it', 'pas', 'l&apos;', 'é@@', 'p@@', 'aiss@@', 'eur', 'de', 'la', 'gl@@', 'ace', '.']
2026-05-13 18:48:02,881 - DEBUG - joeynmt.training - 	Tokenized hypothesis: ['Mais', 'cette', 'com@@', 'pr@@', 'end', 'le', 's@@', 'éri@@', 'eu@@', 's@@', 'ement', 'de', 'ce', 'problème', 'particu@@', 'li@@', 'er', 'parce', 'qu&apos;', 'il', 'ne', 'mon@@', 'tre', 'pas', 'le', 'pou@@', 's@@', 'se', '.', '</s>']
2026-05-13 18:48:02,881 - INFO - joeynmt.training - 	Source:     But this understates the seriousness of this particular problem because it doesn &apos;t show the thickness of the ice .
2026-05-13 18:48:02,881 - INFO - joeynmt.training - 	Reference:  Mais ceci tend à amoindrir le problème parce qu&apos; on ne voit pas l&apos; épaisseur de la glace .
2026-05-13 18:48:02,881 - INFO - joeynmt.training - 	Hypothesis: Mais cette comprend le sérieusement de ce problème particulier parce qu&apos; il ne montre pas le pousse .
2026-05-13 18:48:02,881 - INFO - joeynmt.training - Example #2
2026-05-13 18:48:02,881 - DEBUG - joeynmt.training - 	Tokenized source:     ['The', 'ar@@', 'c@@', 'tic', 'ice', 'c@@', 'a@@', 'p', 'is', ',', 'in', 'a', 'sense', ',', 'the', 'be@@', 'ating', 'he@@', 'art', 'of', 'the', 'glob@@', 'al', 'cli@@', 'm@@', 'ate', 'system', '.']
2026-05-13 18:48:02,881 - DEBUG - joeynmt.training - 	Tokenized reference:  ['On', 'peut', 'voir', 'la', 'cal@@', 'ot@@', 'te', 'gl@@', 'ac@@', 'ière', 'ar@@', 'c@@', 'tique', 'comme', 'le', 'co@@', 'eur', 'du', 'système', 'cli@@', 'ma@@', 'tique', 'glob@@', 'al', '.', 'On', 'peut', 'voir', 'la', 'cal@@', 'ot@@', 'te', 'gl@@', 'ac@@', 'ière', 'ar@@', 'c@@', 'tique', 'comme', 'le', 'co@@', 'eur', 'du', 'système', 'cli@@', 'ma@@', 'tique', 'glob@@', 'al', '.']
2026-05-13 18:48:02,881 - DEBUG - joeynmt.training - 	Tokenized hypothesis: ['La', 'gl@@', 'ace', 'ar@@', 'c@@', 'tique', 'est', ',', 'dans', 'un', 'sens', ',', 'le', 'c@@', 'œ@@', 'u@@', 'r', 'du', 'système', 'cli@@', 'm@@', 'at', 'mon@@', 'di@@', 'al', '.', '</s>']
2026-05-13 18:48:02,882 - INFO - joeynmt.training - 	Source:     The arctic ice cap is , in a sense , the beating heart of the global climate system .
2026-05-13 18:48:02,882 - INFO - joeynmt.training - 	Reference:  On peut voir la calotte glacière arctique comme le coeur du système climatique global . On peut voir la calotte glacière arctique comme le coeur du système climatique global .
2026-05-13 18:48:02,882 - INFO - joeynmt.training - 	Hypothesis: La glace arctique est , dans un sens , le cœur du système climat mondial .
2026-05-13 18:48:02,882 - INFO - joeynmt.training - Example #3
2026-05-13 18:48:02,882 - DEBUG - joeynmt.training - 	Tokenized source:     ['It', 'exp@@', 'ands', 'in', 'w@@', 'int@@', 'er', 'and', 'contr@@', 'ac@@', 'ts', 'in', 'su@@', 'm@@', 'mer', '.']
2026-05-13 18:48:02,882 - DEBUG - joeynmt.training - 	Tokenized reference:  ['Elle', 's&apos;', 'ét@@', 'end', 'en', 'hi@@', 'ver', 'et', 'se', 'contr@@', 'ac@@', 'te', 'en', 'été', '.']
2026-05-13 18:48:02,882 - DEBUG - joeynmt.training - 	Tokenized hypothesis: ['Il', 's&apos;', 'att@@', 'end@@', 'rait', 'en', 'hi@@', 'ver', 'et', 'contr@@', 'ac@@', 'ts', 'en', 'été', '.', '</s>']
2026-05-13 18:48:02,882 - INFO - joeynmt.training - 	Source:     It expands in winter and contracts in summer .
2026-05-13 18:48:02,882 - INFO - joeynmt.training - 	Reference:  Elle s&apos; étend en hiver et se contracte en été .
2026-05-13 18:48:02,882 - INFO - joeynmt.training - 	Hypothesis: Il s&apos; attendrait en hiver et contracts en été .
2026-05-13 18:48:02,882 - INFO - joeynmt.training - Example #4
2026-05-13 18:48:02,882 - DEBUG - joeynmt.training - 	Tokenized source:     ['The', 'next', 's@@', 'li@@', 'de', 'I', 'show', 'you', 'will', 'be', 'a', 'rap@@', 'id', 'fas@@', 't-@@', 'for@@', 'w@@', 'ard', 'of', 'what', '&apos;s', 'happen@@', 'ed', 'over', 'the', 'last', '2@@', '5', 'years', '.']
2026-05-13 18:48:02,882 - DEBUG - joeynmt.training - 	Tokenized reference:  ['La', 'pro@@', 'ch@@', 'aine', 'di@@', 'apos@@', 'iti@@', 've', 'que', 'je', 'vais', 'vous', 'montrer', 'est', 'une', 'v@@', 'ue', 'en', 'acc@@', 'él@@', 'ér@@', 'é', 'de', 'ce', 'qui', 's&apos;', 'est', 'passé', 'ces', '2@@', '5', 'derni@@', 'ères', 'années', '.']
2026-05-13 18:48:02,882 - DEBUG - joeynmt.training - 	Tokenized hypothesis: ['La', 'di@@', 'apos@@', 'iti@@', 've', 'suiv@@', 'ante', 'que', 'je', 'vous', 'mon@@', 'tre', 'rap@@', 'ide', 'rap@@', 'ide', 'de', 'ce', 'qui', 'est', 'arriv@@', 'é', 'pendant', 'les', '2@@', '5', 'derni@@', 'ères', 'années', '.', '</s>']
2026-05-13 18:48:02,882 - INFO - joeynmt.training - 	Source:     The next slide I show you will be a rapid fast-forward of what &apos;s happened over the last 25 years .
2026-05-13 18:48:02,882 - INFO - joeynmt.training - 	Reference:  La prochaine diapositive que je vais vous montrer est une vue en accéléré de ce qui s&apos; est passé ces 25 dernières années .
2026-05-13 18:48:02,882 - INFO - joeynmt.training - 	Hypothesis: La diapositive suivante que je vous montre rapide rapide de ce qui est arrivé pendant les 25 dernières années .
2026-05-13 18:48:13,032 - INFO - joeynmt.training - Epoch   7, Step:    27100, Batch Loss:     1.178084, Batch Acc: 0.654066, Tokens per Sec:     7882, Lr: 0.000300
2026-05-13 18:48:23,515 - INFO - joeynmt.training - Epoch   7, Step:    27200, Batch Loss:     1.151305, Batch Acc: 0.654640, Tokens per Sec:     7236, Lr: 0.000300
2026-05-13 18:48:33,703 - INFO - joeynmt.training - Epoch   7, Step:    27300, Batch Loss:     1.156407, Batch Acc: 0.649154, Tokens per Sec:     7940, Lr: 0.000300
2026-05-13 18:48:44,099 - INFO - joeynmt.training - Epoch   7, Step:    27400, Batch Loss:     0.959758, Batch Acc: 0.651546, Tokens per Sec:     7677, Lr: 0.000300
2026-05-13 18:48:54,847 - INFO - joeynmt.training - Epoch   7, Step:    27500, Batch Loss:     1.091617, Batch Acc: 0.655291, Tokens per Sec:     7383, Lr: 0.000300
2026-05-13 18:48:54,847 - WARNING - joeynmt.helpers - `alpha` option is obsolete. Please use `beam_alpha`, instead.
2026-05-13 18:48:54,847 - INFO - joeynmt.prediction - Predicting 890 example(s)... (Greedy decoding with min_output_length=1, max_output_length=-1, return_prob='none', generate_unk=True, repetition_penalty=-1, no_repeat_ngram_size=-1)
2026-05-13 18:49:28,614 - INFO - joeynmt.prediction - Evaluation result (greedy) loss:   1.44, ppl:   4.21, acc:   0.59, generation: 33.7617[sec], evaluation: 0.0000[sec]
2026-05-13 18:49:28,664 - INFO - joeynmt.helpers - delete models/bpe_2k/25000.ckpt
2026-05-13 18:49:28,665 - INFO - joeynmt.training - Example #0
2026-05-13 18:49:28,665 - DEBUG - joeynmt.training - 	Tokenized source:     ['L@@', 'ast', 'year', 'I', 'sho@@', 'w@@', 'ed', 'these', 'two', 's@@', 'li@@', 'des', 'so', 'that', 'dem@@', 'on@@', 'str@@', 'ate', 'that', 'the', 'ar@@', 'c@@', 'tic', 'ice', 'c@@', 'a@@', 'p', ',', 'which', 'for', 'most', 'of', 'the', 'last', 'three', 'million', 'years', 'has', 'been', 'the', 'si@@', 'ze', 'of', 'the', 'lo@@', 'wer', '4@@', '8', 'st@@', 'ates', ',', 'has', 'sh@@', 'r@@', 'un@@', 'k', 'by', '4@@', '0', 'percent', '.']
2026-05-13 18:49:28,665 - DEBUG - joeynmt.training - 	Tokenized reference:  ['L&apos;', 'année', 'derni@@', 'ère', ',', 'je', 'vous', 'ai', 'présent@@', 'é', 'ces', 'deux', 'di@@', 'apos@@', 'iti@@', 'ves', 'qui', 'montr@@', 'aient', 'que', 'la', 'cal@@', 'ot@@', 'te', 'gl@@', 'ac@@', 'ière', 'ar@@', 'c@@', 'tique', ',', 'qui', 'pendant', 'ces', '3', 'derni@@', 'ers', 'millions', 'd&apos;', 'année', 'avait', 'la', 't@@', 'ail@@', 'le', 'des', 'E@@', 'tat@@', 's-@@', 'Un@@', 'is', 'sans', 'l&apos;', 'Al@@', 'as@@', 'k@@', 'a', ',', 'qui', 'pendant', 'ces', '3', 'derni@@', 'ers', 'millions', 'd&apos;', 'année', 'avait', 'la', 't@@', 'ail@@', 'le', 'des', 'E@@', 'tat@@', 's-@@', 'Un@@', 'is', 'sans', 'l&apos;', 'Al@@', 'as@@', 'k@@', 'a', ',', 'avait', 'di@@', 'minu@@', 'é', 'de', '4@@', '0', '%', '.']
2026-05-13 18:49:28,665 - DEBUG - joeynmt.training - 	Tokenized hypothesis: ['L&apos;', 'année', 'derni@@', 'ère', 'j&apos;', 'ai', 'montr@@', 'é', 'ces', 'deux', 'di@@', 'a@@', 'po@@', 's', 'de', 'cette', 'dé@@', 'mon@@', 'str@@', 'ation', 'que', 'le', 'b@@', 'out', 'de', 'gl@@', 'ace', 'ar@@', 'c@@', 'tique', ',', 'qui', 'pendant', 'la', 'plu@@', 'part', 'des', 'trois', 'millions', 'd&apos;', 'années', 'a', 'été', 'le', 't@@', 'ail@@', 'le', 'de', '4@@', '0', 'ét@@', 'at@@', 's', ',', 'a', 'part@@', 'ag@@', 'é', 'par', '4@@', '0', '%', '.', '</s>']
2026-05-13 18:49:28,665 - INFO - joeynmt.training - 	Source:     Last year I showed these two slides so that demonstrate that the arctic ice cap , which for most of the last three million years has been the size of the lower 48 states , has shrunk by 40 percent .
2026-05-13 18:49:28,665 - INFO - joeynmt.training - 	Reference:  L&apos; année dernière , je vous ai présenté ces deux diapositives qui montraient que la calotte glacière arctique , qui pendant ces 3 derniers millions d&apos; année avait la taille des Etats-Unis sans l&apos; Alaska , qui pendant ces 3 derniers millions d&apos; année avait la taille des Etats-Unis sans l&apos; Alaska , avait diminué de 40 % .
2026-05-13 18:49:28,665 - INFO - joeynmt.training - 	Hypothesis: L&apos; année dernière j&apos; ai montré ces deux diapos de cette démonstration que le bout de glace arctique , qui pendant la plupart des trois millions d&apos; années a été le taille de 40 états , a partagé par 40 % .
2026-05-13 18:49:28,665 - INFO - joeynmt.training - Example #1
2026-05-13 18:49:28,665 - DEBUG - joeynmt.training - 	Tokenized source:     ['But', 'this', 'underst@@', 'ates', 'the', 'ser@@', 'i@@', 'ous@@', 'ness', 'of', 'this', 'partic@@', 'ul@@', 'ar', 'problem', 'because', 'it', 'doesn', '&apos;t', 'show', 'the', 'th@@', 'ick@@', 'ness', 'of', 'the', 'ice', '.']
2026-05-13 18:49:28,665 - DEBUG - joeynmt.training - 	Tokenized reference:  ['Mais', 'ceci', 'ten@@', 'd', 'à', 'a@@', 'mo@@', 'ind@@', 'rir', 'le', 'problème', 'parce', 'qu&apos;', 'on', 'ne', 'vo@@', 'it', 'pas', 'l&apos;', 'é@@', 'p@@', 'aiss@@', 'eur', 'de', 'la', 'gl@@', 'ace', '.']
2026-05-13 18:49:28,665 - DEBUG - joeynmt.training - 	Tokenized hypothesis: ['Mais', 'cette', 'com@@', 'pré@@', 'h@@', 'en@@', 'te', 'le', 's@@', 'éri@@', 'eu@@', 's@@', 'ement', 'de', 'ce', 'problème', 'parce', 'qu&apos;', 'il', 'ne', 'mon@@', 'te', 'pas', 'le', 'pou@@', 'let', 'de', 'la', 'gl@@', 'ace', '.', '</s>']
2026-05-13 18:49:28,665 - INFO - joeynmt.training - 	Source:     But this understates the seriousness of this particular problem because it doesn &apos;t show the thickness of the ice .
2026-05-13 18:49:28,665 - INFO - joeynmt.training - 	Reference:  Mais ceci tend à amoindrir le problème parce qu&apos; on ne voit pas l&apos; épaisseur de la glace .
2026-05-13 18:49:28,665 - INFO - joeynmt.training - 	Hypothesis: Mais cette compréhente le sérieusement de ce problème parce qu&apos; il ne monte pas le poulet de la glace .
2026-05-13 18:49:28,665 - INFO - joeynmt.training - Example #2
2026-05-13 18:49:28,665 - DEBUG - joeynmt.training - 	Tokenized source:     ['The', 'ar@@', 'c@@', 'tic', 'ice', 'c@@', 'a@@', 'p', 'is', ',', 'in', 'a', 'sense', ',', 'the', 'be@@', 'ating', 'he@@', 'art', 'of', 'the', 'glob@@', 'al', 'cli@@', 'm@@', 'ate', 'system', '.']
2026-05-13 18:49:28,665 - DEBUG - joeynmt.training - 	Tokenized reference:  ['On', 'peut', 'voir', 'la', 'cal@@', 'ot@@', 'te', 'gl@@', 'ac@@', 'ière', 'ar@@', 'c@@', 'tique', 'comme', 'le', 'co@@', 'eur', 'du', 'système', 'cli@@', 'ma@@', 'tique', 'glob@@', 'al', '.', 'On', 'peut', 'voir', 'la', 'cal@@', 'ot@@', 'te', 'gl@@', 'ac@@', 'ière', 'ar@@', 'c@@', 'tique', 'comme', 'le', 'co@@', 'eur', 'du', 'système', 'cli@@', 'ma@@', 'tique', 'glob@@', 'al', '.']
2026-05-13 18:49:28,665 - DEBUG - joeynmt.training - 	Tokenized hypothesis: ['La', 'gl@@', 'ace', 'ar@@', 'c@@', 'tique', 'est', ',', 'dans', 'un', 'sens', ',', 'le', 'co@@', 'eur', ',', 'le', 'c@@', 'œ@@', 'u@@', 'r', 'du', 'système', 'cli@@', 'm@@', 'at', 'mon@@', 'di@@', 'al', '.', '</s>']
2026-05-13 18:49:28,665 - INFO - joeynmt.training - 	Source:     The arctic ice cap is , in a sense , the beating heart of the global climate system .
2026-05-13 18:49:28,665 - INFO - joeynmt.training - 	Reference:  On peut voir la calotte glacière arctique comme le coeur du système climatique global . On peut voir la calotte glacière arctique comme le coeur du système climatique global .
2026-05-13 18:49:28,665 - INFO - joeynmt.training - 	Hypothesis: La glace arctique est , dans un sens , le coeur , le cœur du système climat mondial .
2026-05-13 18:49:28,665 - INFO - joeynmt.training - Example #3
2026-05-13 18:49:28,665 - DEBUG - joeynmt.training - 	Tokenized source:     ['It', 'exp@@', 'ands', 'in', 'w@@', 'int@@', 'er', 'and', 'contr@@', 'ac@@', 'ts', 'in', 'su@@', 'm@@', 'mer', '.']
2026-05-13 18:49:28,665 - DEBUG - joeynmt.training - 	Tokenized reference:  ['Elle', 's&apos;', 'ét@@', 'end', 'en', 'hi@@', 'ver', 'et', 'se', 'contr@@', 'ac@@', 'te', 'en', 'été', '.']
2026-05-13 18:49:28,665 - DEBUG - joeynmt.training - 	Tokenized hypothesis: ['Il', 's&apos;', 'ét@@', 'end', 'en', 'hi@@', 'ver', 'et', 'contr@@', 'ac@@', 'ts', 'en', 'été', '.', '</s>']
2026-05-13 18:49:28,666 - INFO - joeynmt.training - 	Source:     It expands in winter and contracts in summer .
2026-05-13 18:49:28,666 - INFO - joeynmt.training - 	Reference:  Elle s&apos; étend en hiver et se contracte en été .
2026-05-13 18:49:28,666 - INFO - joeynmt.training - 	Hypothesis: Il s&apos; étend en hiver et contracts en été .
2026-05-13 18:49:28,666 - INFO - joeynmt.training - Example #4
2026-05-13 18:49:28,666 - DEBUG - joeynmt.training - 	Tokenized source:     ['The', 'next', 's@@', 'li@@', 'de', 'I', 'show', 'you', 'will', 'be', 'a', 'rap@@', 'id', 'fas@@', 't-@@', 'for@@', 'w@@', 'ard', 'of', 'what', '&apos;s', 'happen@@', 'ed', 'over', 'the', 'last', '2@@', '5', 'years', '.']
2026-05-13 18:49:28,666 - DEBUG - joeynmt.training - 	Tokenized reference:  ['La', 'pro@@', 'ch@@', 'aine', 'di@@', 'apos@@', 'iti@@', 've', 'que', 'je', 'vais', 'vous', 'montrer', 'est', 'une', 'v@@', 'ue', 'en', 'acc@@', 'él@@', 'ér@@', 'é', 'de', 'ce', 'qui', 's&apos;', 'est', 'passé', 'ces', '2@@', '5', 'derni@@', 'ères', 'années', '.']
2026-05-13 18:49:28,666 - DEBUG - joeynmt.training - 	Tokenized hypothesis: ['La', 'pro@@', 'ch@@', 'aine', 'di@@', 'apos@@', 'iti@@', 've', 'que', 'je', 'vous', 'ser@@', 'ez', 'une', 'for@@', 'ce', 'rap@@', 'ide', 'de', 'ce', 'qui', 'est', 'passé', 'pendant', 'les', '2@@', '5', 'derni@@', 'ères', 'années', '.', '</s>']
2026-05-13 18:49:28,666 - INFO - joeynmt.training - 	Source:     The next slide I show you will be a rapid fast-forward of what &apos;s happened over the last 25 years .
2026-05-13 18:49:28,666 - INFO - joeynmt.training - 	Reference:  La prochaine diapositive que je vais vous montrer est une vue en accéléré de ce qui s&apos; est passé ces 25 dernières années .
2026-05-13 18:49:28,666 - INFO - joeynmt.training - 	Hypothesis: La prochaine diapositive que je vous serez une force rapide de ce qui est passé pendant les 25 dernières années .
2026-05-13 18:49:39,218 - INFO - joeynmt.training - Epoch   7, Step:    27600, Batch Loss:     1.152374, Batch Acc: 0.650669, Tokens per Sec:     7540, Lr: 0.000300
2026-05-13 18:49:49,744 - INFO - joeynmt.training - Epoch   7, Step:    27700, Batch Loss:     1.166049, Batch Acc: 0.650667, Tokens per Sec:     7569, Lr: 0.000300
2026-05-13 18:50:00,281 - INFO - joeynmt.training - Epoch   7, Step:    27800, Batch Loss:     1.180951, Batch Acc: 0.653264, Tokens per Sec:     7411, Lr: 0.000300
2026-05-13 18:50:10,820 - INFO - joeynmt.training - Epoch   7, Step:    27900, Batch Loss:     1.198540, Batch Acc: 0.650853, Tokens per Sec:     7368, Lr: 0.000300
2026-05-13 18:50:21,547 - INFO - joeynmt.training - Epoch   7, Step:    28000, Batch Loss:     1.208948, Batch Acc: 0.652371, Tokens per Sec:     7379, Lr: 0.000300
2026-05-13 18:50:21,548 - WARNING - joeynmt.helpers - `alpha` option is obsolete. Please use `beam_alpha`, instead.
2026-05-13 18:50:21,548 - INFO - joeynmt.prediction - Predicting 890 example(s)... (Greedy decoding with min_output_length=1, max_output_length=-1, return_prob='none', generate_unk=True, repetition_penalty=-1, no_repeat_ngram_size=-1)
2026-05-13 18:50:54,947 - INFO - joeynmt.prediction - Evaluation result (greedy) loss:   1.44, ppl:   4.20, acc:   0.59, generation: 33.3933[sec], evaluation: 0.0000[sec]
2026-05-13 18:50:54,996 - INFO - joeynmt.helpers - delete models/bpe_2k/25500.ckpt
2026-05-13 18:50:54,997 - INFO - joeynmt.training - Example #0
2026-05-13 18:50:54,997 - DEBUG - joeynmt.training - 	Tokenized source:     ['L@@', 'ast', 'year', 'I', 'sho@@', 'w@@', 'ed', 'these', 'two', 's@@', 'li@@', 'des', 'so', 'that', 'dem@@', 'on@@', 'str@@', 'ate', 'that', 'the', 'ar@@', 'c@@', 'tic', 'ice', 'c@@', 'a@@', 'p', ',', 'which', 'for', 'most', 'of', 'the', 'last', 'three', 'million', 'years', 'has', 'been', 'the', 'si@@', 'ze', 'of', 'the', 'lo@@', 'wer', '4@@', '8', 'st@@', 'ates', ',', 'has', 'sh@@', 'r@@', 'un@@', 'k', 'by', '4@@', '0', 'percent', '.']
2026-05-13 18:50:54,997 - DEBUG - joeynmt.training - 	Tokenized reference:  ['L&apos;', 'année', 'derni@@', 'ère', ',', 'je', 'vous', 'ai', 'présent@@', 'é', 'ces', 'deux', 'di@@', 'apos@@', 'iti@@', 'ves', 'qui', 'montr@@', 'aient', 'que', 'la', 'cal@@', 'ot@@', 'te', 'gl@@', 'ac@@', 'ière', 'ar@@', 'c@@', 'tique', ',', 'qui', 'pendant', 'ces', '3', 'derni@@', 'ers', 'millions', 'd&apos;', 'année', 'avait', 'la', 't@@', 'ail@@', 'le', 'des', 'E@@', 'tat@@', 's-@@', 'Un@@', 'is', 'sans', 'l&apos;', 'Al@@', 'as@@', 'k@@', 'a', ',', 'qui', 'pendant', 'ces', '3', 'derni@@', 'ers', 'millions', 'd&apos;', 'année', 'avait', 'la', 't@@', 'ail@@', 'le', 'des', 'E@@', 'tat@@', 's-@@', 'Un@@', 'is', 'sans', 'l&apos;', 'Al@@', 'as@@', 'k@@', 'a', ',', 'avait', 'di@@', 'minu@@', 'é', 'de', '4@@', '0', '%', '.']
2026-05-13 18:50:54,997 - DEBUG - joeynmt.training - 	Tokenized hypothesis: ['L&apos;', 'année', 'derni@@', 'ère', ',', 'j&apos;', 'ai', 'montr@@', 'é', 'ces', 'deux', 'di@@', 'a@@', 'po@@', 's', 'de', 'cette', 'dé@@', 'mon@@', 'str@@', 'ation', 'ar@@', 'c@@', 'tique', ',', 'ce', 'qui', 'pendant', 'la', 'plu@@', 'part', 'des', 'trois', 'millions', 'd&apos;', 'années', 'ont', 'été', 'la', 't@@', 'ail@@', 'le', 'de', '4@@', '8', 'ét@@', 'at@@', 's', ',', 'a', 'cour@@', 'u', 'à', '4@@', '0', '%', '.', '</s>']
2026-05-13 18:50:54,997 - INFO - joeynmt.training - 	Source:     Last year I showed these two slides so that demonstrate that the arctic ice cap , which for most of the last three million years has been the size of the lower 48 states , has shrunk by 40 percent .
2026-05-13 18:50:54,997 - INFO - joeynmt.training - 	Reference:  L&apos; année dernière , je vous ai présenté ces deux diapositives qui montraient que la calotte glacière arctique , qui pendant ces 3 derniers millions d&apos; année avait la taille des Etats-Unis sans l&apos; Alaska , qui pendant ces 3 derniers millions d&apos; année avait la taille des Etats-Unis sans l&apos; Alaska , avait diminué de 40 % .
2026-05-13 18:50:54,997 - INFO - joeynmt.training - 	Hypothesis: L&apos; année dernière , j&apos; ai montré ces deux diapos de cette démonstration arctique , ce qui pendant la plupart des trois millions d&apos; années ont été la taille de 48 états , a couru à 40 % .
2026-05-13 18:50:54,997 - INFO - joeynmt.training - Example #1
2026-05-13 18:50:54,997 - DEBUG - joeynmt.training - 	Tokenized source:     ['But', 'this', 'underst@@', 'ates', 'the', 'ser@@', 'i@@', 'ous@@', 'ness', 'of', 'this', 'partic@@', 'ul@@', 'ar', 'problem', 'because', 'it', 'doesn', '&apos;t', 'show', 'the', 'th@@', 'ick@@', 'ness', 'of', 'the', 'ice', '.']
2026-05-13 18:50:54,997 - DEBUG - joeynmt.training - 	Tokenized reference:  ['Mais', 'ceci', 'ten@@', 'd', 'à', 'a@@', 'mo@@', 'ind@@', 'rir', 'le', 'problème', 'parce', 'qu&apos;', 'on', 'ne', 'vo@@', 'it', 'pas', 'l&apos;', 'é@@', 'p@@', 'aiss@@', 'eur', 'de', 'la', 'gl@@', 'ace', '.']
2026-05-13 18:50:54,997 - DEBUG - joeynmt.training - 	Tokenized hypothesis: ['Mais', 'cette', 'com@@', 'pré@@', 'h@@', 'en@@', 'te', 'le', 'problème', 'de', 'ce', 'problème', 'particu@@', 'li@@', 'er', 'parce', 'que', 'ça', 'ne', 'montr@@', 'ent', 'pas', 'le', 'pou@@', 'let', 'de', 'la', 'gl@@', 'ace', '.', '</s>']
2026-05-13 18:50:54,998 - INFO - joeynmt.training - 	Source:     But this understates the seriousness of this particular problem because it doesn &apos;t show the thickness of the ice .
2026-05-13 18:50:54,998 - INFO - joeynmt.training - 	Reference:  Mais ceci tend à amoindrir le problème parce qu&apos; on ne voit pas l&apos; épaisseur de la glace .
2026-05-13 18:50:54,998 - INFO - joeynmt.training - 	Hypothesis: Mais cette compréhente le problème de ce problème particulier parce que ça ne montrent pas le poulet de la glace .
2026-05-13 18:50:54,998 - INFO - joeynmt.training - Example #2
2026-05-13 18:50:54,998 - DEBUG - joeynmt.training - 	Tokenized source:     ['The', 'ar@@', 'c@@', 'tic', 'ice', 'c@@', 'a@@', 'p', 'is', ',', 'in', 'a', 'sense', ',', 'the', 'be@@', 'ating', 'he@@', 'art', 'of', 'the', 'glob@@', 'al', 'cli@@', 'm@@', 'ate', 'system', '.']
2026-05-13 18:50:54,998 - DEBUG - joeynmt.training - 	Tokenized reference:  ['On', 'peut', 'voir', 'la', 'cal@@', 'ot@@', 'te', 'gl@@', 'ac@@', 'ière', 'ar@@', 'c@@', 'tique', 'comme', 'le', 'co@@', 'eur', 'du', 'système', 'cli@@', 'ma@@', 'tique', 'glob@@', 'al', '.', 'On', 'peut', 'voir', 'la', 'cal@@', 'ot@@', 'te', 'gl@@', 'ac@@', 'ière', 'ar@@', 'c@@', 'tique', 'comme', 'le', 'co@@', 'eur', 'du', 'système', 'cli@@', 'ma@@', 'tique', 'glob@@', 'al', '.']
2026-05-13 18:50:54,998 - DEBUG - joeynmt.training - 	Tokenized hypothesis: ['La', 'gl@@', 'ace', 'ar@@', 'c@@', 'tique', 'est', ',', 'dans', 'un', 'sens', ',', 'le', 'c@@', 'œ@@', 'u@@', 'r', 'de', 'la', 'gl@@', 'ace', 'de', 'cli@@', 'ma@@', 'tique', 'mon@@', 'di@@', 'al', '.', '</s>']
2026-05-13 18:50:54,998 - INFO - joeynmt.training - 	Source:     The arctic ice cap is , in a sense , the beating heart of the global climate system .
2026-05-13 18:50:54,998 - INFO - joeynmt.training - 	Reference:  On peut voir la calotte glacière arctique comme le coeur du système climatique global . On peut voir la calotte glacière arctique comme le coeur du système climatique global .
2026-05-13 18:50:54,998 - INFO - joeynmt.training - 	Hypothesis: La glace arctique est , dans un sens , le cœur de la glace de climatique mondial .
2026-05-13 18:50:54,998 - INFO - joeynmt.training - Example #3
2026-05-13 18:50:54,998 - DEBUG - joeynmt.training - 	Tokenized source:     ['It', 'exp@@', 'ands', 'in', 'w@@', 'int@@', 'er', 'and', 'contr@@', 'ac@@', 'ts', 'in', 'su@@', 'm@@', 'mer', '.']
2026-05-13 18:50:54,998 - DEBUG - joeynmt.training - 	Tokenized reference:  ['Elle', 's&apos;', 'ét@@', 'end', 'en', 'hi@@', 'ver', 'et', 'se', 'contr@@', 'ac@@', 'te', 'en', 'été', '.']
2026-05-13 18:50:54,998 - DEBUG - joeynmt.training - 	Tokenized hypothesis: ['Il', 's&apos;', 'ag@@', 'it', 'd&apos;', 'un', 'int@@', 'er', 'et', 'contr@@', 'ac@@', 'ts', 'en', 'été', '.', '</s>']
2026-05-13 18:50:54,998 - INFO - joeynmt.training - 	Source:     It expands in winter and contracts in summer .
2026-05-13 18:50:54,998 - INFO - joeynmt.training - 	Reference:  Elle s&apos; étend en hiver et se contracte en été .
2026-05-13 18:50:54,998 - INFO - joeynmt.training - 	Hypothesis: Il s&apos; agit d&apos; un inter et contracts en été .
2026-05-13 18:50:54,998 - INFO - joeynmt.training - Example #4
2026-05-13 18:50:54,998 - DEBUG - joeynmt.training - 	Tokenized source:     ['The', 'next', 's@@', 'li@@', 'de', 'I', 'show', 'you', 'will', 'be', 'a', 'rap@@', 'id', 'fas@@', 't-@@', 'for@@', 'w@@', 'ard', 'of', 'what', '&apos;s', 'happen@@', 'ed', 'over', 'the', 'last', '2@@', '5', 'years', '.']
2026-05-13 18:50:54,998 - DEBUG - joeynmt.training - 	Tokenized reference:  ['La', 'pro@@', 'ch@@', 'aine', 'di@@', 'apos@@', 'iti@@', 've', 'que', 'je', 'vais', 'vous', 'montrer', 'est', 'une', 'v@@', 'ue', 'en', 'acc@@', 'él@@', 'ér@@', 'é', 'de', 'ce', 'qui', 's&apos;', 'est', 'passé', 'ces', '2@@', '5', 'derni@@', 'ères', 'années', '.']
2026-05-13 18:50:54,998 - DEBUG - joeynmt.training - 	Tokenized hypothesis: ['La', 'pro@@', 'ch@@', 'aine', 'di@@', 'ap@@', 'o', 'que', 'je', 'vous', 'mon@@', 'tre', 'que', 'vous', 'ser@@', 'ez', 'une', 'rap@@', 'ide', 'rap@@', 'ide', 'rap@@', 'ide', 'de', 'ce', 'qui', 's&apos;', 'est', 'passé', 'au', 'cours', 'des', '2@@', '5', 'derni@@', 'ères', 'années', '.', '</s>']
2026-05-13 18:50:54,998 - INFO - joeynmt.training - 	Source:     The next slide I show you will be a rapid fast-forward of what &apos;s happened over the last 25 years .
2026-05-13 18:50:54,998 - INFO - joeynmt.training - 	Reference:  La prochaine diapositive que je vais vous montrer est une vue en accéléré de ce qui s&apos; est passé ces 25 dernières années .
2026-05-13 18:50:54,998 - INFO - joeynmt.training - 	Hypothesis: La prochaine diapo que je vous montre que vous serez une rapide rapide rapide de ce qui s&apos; est passé au cours des 25 dernières années .
2026-05-13 18:51:05,725 - INFO - joeynmt.training - Epoch   7, Step:    28100, Batch Loss:     1.187291, Batch Acc: 0.647238, Tokens per Sec:     7230, Lr: 0.000300
2026-05-13 18:51:16,421 - INFO - joeynmt.training - Epoch   7, Step:    28200, Batch Loss:     1.150457, Batch Acc: 0.652617, Tokens per Sec:     7466, Lr: 0.000300
2026-05-13 18:51:26,993 - INFO - joeynmt.training - Epoch   7, Step:    28300, Batch Loss:     1.178374, Batch Acc: 0.649048, Tokens per Sec:     7636, Lr: 0.000300
2026-05-13 18:51:37,793 - INFO - joeynmt.training - Epoch   7, Step:    28400, Batch Loss:     1.366760, Batch Acc: 0.651604, Tokens per Sec:     7319, Lr: 0.000300
2026-05-13 18:51:48,354 - INFO - joeynmt.training - Epoch   7, Step:    28500, Batch Loss:     1.274135, Batch Acc: 0.645427, Tokens per Sec:     7245, Lr: 0.000300
2026-05-13 18:51:48,354 - WARNING - joeynmt.helpers - `alpha` option is obsolete. Please use `beam_alpha`, instead.
2026-05-13 18:51:48,354 - INFO - joeynmt.prediction - Predicting 890 example(s)... (Greedy decoding with min_output_length=1, max_output_length=-1, return_prob='none', generate_unk=True, repetition_penalty=-1, no_repeat_ngram_size=-1)
2026-05-13 18:52:22,299 - INFO - joeynmt.prediction - Evaluation result (greedy) loss:   1.43, ppl:   4.19, acc:   0.59, generation: 33.9400[sec], evaluation: 0.0000[sec]
2026-05-13 18:52:22,300 - INFO - joeynmt.training - Hooray! New best validation result [ppl]!
2026-05-13 18:52:22,353 - INFO - joeynmt.helpers - delete models/bpe_2k/26500.ckpt
2026-05-13 18:52:22,354 - INFO - joeynmt.training - Example #0
2026-05-13 18:52:22,354 - DEBUG - joeynmt.training - 	Tokenized source:     ['L@@', 'ast', 'year', 'I', 'sho@@', 'w@@', 'ed', 'these', 'two', 's@@', 'li@@', 'des', 'so', 'that', 'dem@@', 'on@@', 'str@@', 'ate', 'that', 'the', 'ar@@', 'c@@', 'tic', 'ice', 'c@@', 'a@@', 'p', ',', 'which', 'for', 'most', 'of', 'the', 'last', 'three', 'million', 'years', 'has', 'been', 'the', 'si@@', 'ze', 'of', 'the', 'lo@@', 'wer', '4@@', '8', 'st@@', 'ates', ',', 'has', 'sh@@', 'r@@', 'un@@', 'k', 'by', '4@@', '0', 'percent', '.']
2026-05-13 18:52:22,354 - DEBUG - joeynmt.training - 	Tokenized reference:  ['L&apos;', 'année', 'derni@@', 'ère', ',', 'je', 'vous', 'ai', 'présent@@', 'é', 'ces', 'deux', 'di@@', 'apos@@', 'iti@@', 'ves', 'qui', 'montr@@', 'aient', 'que', 'la', 'cal@@', 'ot@@', 'te', 'gl@@', 'ac@@', 'ière', 'ar@@', 'c@@', 'tique', ',', 'qui', 'pendant', 'ces', '3', 'derni@@', 'ers', 'millions', 'd&apos;', 'année', 'avait', 'la', 't@@', 'ail@@', 'le', 'des', 'E@@', 'tat@@', 's-@@', 'Un@@', 'is', 'sans', 'l&apos;', 'Al@@', 'as@@', 'k@@', 'a', ',', 'qui', 'pendant', 'ces', '3', 'derni@@', 'ers', 'millions', 'd&apos;', 'année', 'avait', 'la', 't@@', 'ail@@', 'le', 'des', 'E@@', 'tat@@', 's-@@', 'Un@@', 'is', 'sans', 'l&apos;', 'Al@@', 'as@@', 'k@@', 'a', ',', 'avait', 'di@@', 'minu@@', 'é', 'de', '4@@', '0', '%', '.']
2026-05-13 18:52:22,354 - DEBUG - joeynmt.training - 	Tokenized hypothesis: ['L&apos;', 'année', 'derni@@', 'ère', ',', 'j&apos;', 'ai', 'montr@@', 'é', 'ces', 'deux', 'di@@', 'a@@', 'po@@', 's', 'de', 'dé@@', 'montrer', 'que', 'la', 't@@', 'ail@@', 'le', 'ar@@', 'c@@', 'tique', ',', 'qui', 'pendant', 'la', 'plu@@', 'part', 'des', 'trois', 'millions', 'd&apos;', 'années', 'ont', 'été', 'la', 't@@', 'ail@@', 'le', 'de', 'la', 't@@', 'ail@@', 'le', 'de', 'la', 'bas', 'de', 'la', 'plus', 'bas', 'de', '4@@', '0', '%', '.', '</s>']
2026-05-13 18:52:22,354 - INFO - joeynmt.training - 	Source:     Last year I showed these two slides so that demonstrate that the arctic ice cap , which for most of the last three million years has been the size of the lower 48 states , has shrunk by 40 percent .
2026-05-13 18:52:22,354 - INFO - joeynmt.training - 	Reference:  L&apos; année dernière , je vous ai présenté ces deux diapositives qui montraient que la calotte glacière arctique , qui pendant ces 3 derniers millions d&apos; année avait la taille des Etats-Unis sans l&apos; Alaska , qui pendant ces 3 derniers millions d&apos; année avait la taille des Etats-Unis sans l&apos; Alaska , avait diminué de 40 % .
2026-05-13 18:52:22,354 - INFO - joeynmt.training - 	Hypothesis: L&apos; année dernière , j&apos; ai montré ces deux diapos de démontrer que la taille arctique , qui pendant la plupart des trois millions d&apos; années ont été la taille de la taille de la bas de la plus bas de 40 % .
2026-05-13 18:52:22,354 - INFO - joeynmt.training - Example #1
2026-05-13 18:52:22,354 - DEBUG - joeynmt.training - 	Tokenized source:     ['But', 'this', 'underst@@', 'ates', 'the', 'ser@@', 'i@@', 'ous@@', 'ness', 'of', 'this', 'partic@@', 'ul@@', 'ar', 'problem', 'because', 'it', 'doesn', '&apos;t', 'show', 'the', 'th@@', 'ick@@', 'ness', 'of', 'the', 'ice', '.']
2026-05-13 18:52:22,354 - DEBUG - joeynmt.training - 	Tokenized reference:  ['Mais', 'ceci', 'ten@@', 'd', 'à', 'a@@', 'mo@@', 'ind@@', 'rir', 'le', 'problème', 'parce', 'qu&apos;', 'on', 'ne', 'vo@@', 'it', 'pas', 'l&apos;', 'é@@', 'p@@', 'aiss@@', 'eur', 'de', 'la', 'gl@@', 'ace', '.']
2026-05-13 18:52:22,354 - DEBUG - joeynmt.training - 	Tokenized hypothesis: ['Mais', 'cette', 'com@@', 'pr@@', 'ati@@', 'que', 'de', 'cette', 'com@@', 'pré@@', 'h@@', 'en@@', 'sion', 'problème', 'parce', 'qu&apos;', 'il', 'ne', 'mon@@', 'tre', 'pas', 'le', 'pou@@', 'let', 'de', 'la', 'gl@@', 'ace', '.', '</s>']
2026-05-13 18:52:22,354 - INFO - joeynmt.training - 	Source:     But this understates the seriousness of this particular problem because it doesn &apos;t show the thickness of the ice .
2026-05-13 18:52:22,355 - INFO - joeynmt.training - 	Reference:  Mais ceci tend à amoindrir le problème parce qu&apos; on ne voit pas l&apos; épaisseur de la glace .
2026-05-13 18:52:22,355 - INFO - joeynmt.training - 	Hypothesis: Mais cette compratique de cette compréhension problème parce qu&apos; il ne montre pas le poulet de la glace .
2026-05-13 18:52:22,355 - INFO - joeynmt.training - Example #2
2026-05-13 18:52:22,355 - DEBUG - joeynmt.training - 	Tokenized source:     ['The', 'ar@@', 'c@@', 'tic', 'ice', 'c@@', 'a@@', 'p', 'is', ',', 'in', 'a', 'sense', ',', 'the', 'be@@', 'ating', 'he@@', 'art', 'of', 'the', 'glob@@', 'al', 'cli@@', 'm@@', 'ate', 'system', '.']
2026-05-13 18:52:22,355 - DEBUG - joeynmt.training - 	Tokenized reference:  ['On', 'peut', 'voir', 'la', 'cal@@', 'ot@@', 'te', 'gl@@', 'ac@@', 'ière', 'ar@@', 'c@@', 'tique', 'comme', 'le', 'co@@', 'eur', 'du', 'système', 'cli@@', 'ma@@', 'tique', 'glob@@', 'al', '.', 'On', 'peut', 'voir', 'la', 'cal@@', 'ot@@', 'te', 'gl@@', 'ac@@', 'ière', 'ar@@', 'c@@', 'tique', 'comme', 'le', 'co@@', 'eur', 'du', 'système', 'cli@@', 'ma@@', 'tique', 'glob@@', 'al', '.']
2026-05-13 18:52:22,355 - DEBUG - joeynmt.training - 	Tokenized hypothesis: ['Le', 'c@@', 'tique', 'est', ',', 'le', 'c@@', 'tique', 'est', ',', 'dans', 'un', 'sens', ',', 'le', 'c@@', 'œ@@', 'u@@', 'r', 'du', 'système', 'cli@@', 'm@@', 'at', 'mon@@', 'di@@', 'al', '.', '</s>']
2026-05-13 18:52:22,355 - INFO - joeynmt.training - 	Source:     The arctic ice cap is , in a sense , the beating heart of the global climate system .
2026-05-13 18:52:22,355 - INFO - joeynmt.training - 	Reference:  On peut voir la calotte glacière arctique comme le coeur du système climatique global . On peut voir la calotte glacière arctique comme le coeur du système climatique global .
2026-05-13 18:52:22,355 - INFO - joeynmt.training - 	Hypothesis: Le ctique est , le ctique est , dans un sens , le cœur du système climat mondial .
2026-05-13 18:52:22,355 - INFO - joeynmt.training - Example #3
2026-05-13 18:52:22,355 - DEBUG - joeynmt.training - 	Tokenized source:     ['It', 'exp@@', 'ands', 'in', 'w@@', 'int@@', 'er', 'and', 'contr@@', 'ac@@', 'ts', 'in', 'su@@', 'm@@', 'mer', '.']
2026-05-13 18:52:22,355 - DEBUG - joeynmt.training - 	Tokenized reference:  ['Elle', 's&apos;', 'ét@@', 'end', 'en', 'hi@@', 'ver', 'et', 'se', 'contr@@', 'ac@@', 'te', 'en', 'été', '.']
2026-05-13 18:52:22,355 - DEBUG - joeynmt.training - 	Tokenized hypothesis: ['Il', 's&apos;', 'ag@@', 'it', 'd&apos;', 'hi@@', 'ver', 'et', 'contr@@', 'ac@@', 'ts', 'en', 'été', '.', '</s>']
2026-05-13 18:52:22,355 - INFO - joeynmt.training - 	Source:     It expands in winter and contracts in summer .
2026-05-13 18:52:22,355 - INFO - joeynmt.training - 	Reference:  Elle s&apos; étend en hiver et se contracte en été .
2026-05-13 18:52:22,355 - INFO - joeynmt.training - 	Hypothesis: Il s&apos; agit d&apos; hiver et contracts en été .
2026-05-13 18:52:22,355 - INFO - joeynmt.training - Example #4
2026-05-13 18:52:22,355 - DEBUG - joeynmt.training - 	Tokenized source:     ['The', 'next', 's@@', 'li@@', 'de', 'I', 'show', 'you', 'will', 'be', 'a', 'rap@@', 'id', 'fas@@', 't-@@', 'for@@', 'w@@', 'ard', 'of', 'what', '&apos;s', 'happen@@', 'ed', 'over', 'the', 'last', '2@@', '5', 'years', '.']
2026-05-13 18:52:22,355 - DEBUG - joeynmt.training - 	Tokenized reference:  ['La', 'pro@@', 'ch@@', 'aine', 'di@@', 'apos@@', 'iti@@', 've', 'que', 'je', 'vais', 'vous', 'montrer', 'est', 'une', 'v@@', 'ue', 'en', 'acc@@', 'él@@', 'ér@@', 'é', 'de', 'ce', 'qui', 's&apos;', 'est', 'passé', 'ces', '2@@', '5', 'derni@@', 'ères', 'années', '.']
2026-05-13 18:52:22,355 - DEBUG - joeynmt.training - 	Tokenized hypothesis: ['La', 'pro@@', 'ch@@', 'aine', 'di@@', 'apos@@', 'iti@@', 've', 'que', 'je', 'vous', 'mon@@', 'tre', 'rap@@', 'ide', 'rap@@', 'ide', 'de', 'ce', 'qui', 's&apos;', 'est', 'passé', 'pendant', 'les', '2@@', '5', 'derni@@', 'ères', 'années', '.', '</s>']
2026-05-13 18:52:22,355 - INFO - joeynmt.training - 	Source:     The next slide I show you will be a rapid fast-forward of what &apos;s happened over the last 25 years .
2026-05-13 18:52:22,355 - INFO - joeynmt.training - 	Reference:  La prochaine diapositive que je vais vous montrer est une vue en accéléré de ce qui s&apos; est passé ces 25 dernières années .
2026-05-13 18:52:22,355 - INFO - joeynmt.training - 	Hypothesis: La prochaine diapositive que je vous montre rapide rapide de ce qui s&apos; est passé pendant les 25 dernières années .
2026-05-13 18:52:32,828 - INFO - joeynmt.training - Epoch   7, Step:    28600, Batch Loss:     1.117533, Batch Acc: 0.647038, Tokens per Sec:     7381, Lr: 0.000300
2026-05-13 18:52:43,454 - INFO - joeynmt.training - Epoch   7, Step:    28700, Batch Loss:     1.300648, Batch Acc: 0.654295, Tokens per Sec:     7539, Lr: 0.000300
2026-05-13 18:52:54,014 - INFO - joeynmt.training - Epoch   7, Step:    28800, Batch Loss:     1.121645, Batch Acc: 0.650774, Tokens per Sec:     7508, Lr: 0.000300
2026-05-13 18:53:04,437 - INFO - joeynmt.training - Epoch   7, Step:    28900, Batch Loss:     1.222916, Batch Acc: 0.653327, Tokens per Sec:     7600, Lr: 0.000300
2026-05-13 18:53:15,221 - INFO - joeynmt.training - Epoch   7, Step:    29000, Batch Loss:     1.127050, Batch Acc: 0.653460, Tokens per Sec:     7403, Lr: 0.000300
2026-05-13 18:53:15,221 - WARNING - joeynmt.helpers - `alpha` option is obsolete. Please use `beam_alpha`, instead.
2026-05-13 18:53:15,221 - INFO - joeynmt.prediction - Predicting 890 example(s)... (Greedy decoding with min_output_length=1, max_output_length=-1, return_prob='none', generate_unk=True, repetition_penalty=-1, no_repeat_ngram_size=-1)
2026-05-13 18:53:51,959 - INFO - joeynmt.prediction - Evaluation result (greedy) loss:   1.43, ppl:   4.16, acc:   0.59, generation: 36.7324[sec], evaluation: 0.0000[sec]
2026-05-13 18:53:51,959 - INFO - joeynmt.training - Hooray! New best validation result [ppl]!
2026-05-13 18:53:52,009 - INFO - joeynmt.helpers - delete models/bpe_2k/27500.ckpt
2026-05-13 18:53:52,009 - INFO - joeynmt.training - Example #0
2026-05-13 18:53:52,010 - DEBUG - joeynmt.training - 	Tokenized source:     ['L@@', 'ast', 'year', 'I', 'sho@@', 'w@@', 'ed', 'these', 'two', 's@@', 'li@@', 'des', 'so', 'that', 'dem@@', 'on@@', 'str@@', 'ate', 'that', 'the', 'ar@@', 'c@@', 'tic', 'ice', 'c@@', 'a@@', 'p', ',', 'which', 'for', 'most', 'of', 'the', 'last', 'three', 'million', 'years', 'has', 'been', 'the', 'si@@', 'ze', 'of', 'the', 'lo@@', 'wer', '4@@', '8', 'st@@', 'ates', ',', 'has', 'sh@@', 'r@@', 'un@@', 'k', 'by', '4@@', '0', 'percent', '.']
2026-05-13 18:53:52,010 - DEBUG - joeynmt.training - 	Tokenized reference:  ['L&apos;', 'année', 'derni@@', 'ère', ',', 'je', 'vous', 'ai', 'présent@@', 'é', 'ces', 'deux', 'di@@', 'apos@@', 'iti@@', 'ves', 'qui', 'montr@@', 'aient', 'que', 'la', 'cal@@', 'ot@@', 'te', 'gl@@', 'ac@@', 'ière', 'ar@@', 'c@@', 'tique', ',', 'qui', 'pendant', 'ces', '3', 'derni@@', 'ers', 'millions', 'd&apos;', 'année', 'avait', 'la', 't@@', 'ail@@', 'le', 'des', 'E@@', 'tat@@', 's-@@', 'Un@@', 'is', 'sans', 'l&apos;', 'Al@@', 'as@@', 'k@@', 'a', ',', 'qui', 'pendant', 'ces', '3', 'derni@@', 'ers', 'millions', 'd&apos;', 'année', 'avait', 'la', 't@@', 'ail@@', 'le', 'des', 'E@@', 'tat@@', 's-@@', 'Un@@', 'is', 'sans', 'l&apos;', 'Al@@', 'as@@', 'k@@', 'a', ',', 'avait', 'di@@', 'minu@@', 'é', 'de', '4@@', '0', '%', '.']
2026-05-13 18:53:52,010 - DEBUG - joeynmt.training - 	Tokenized hypothesis: ['L&apos;', 'année', 'derni@@', 'ère', ',', 'j&apos;', 'ai', 'montr@@', 'é', 'ces', 'deux', 'di@@', 'a@@', 'po@@', 's', 'de', 'dé@@', 'mon@@', 'str@@', 'at', 'que', 'la', 'gl@@', 'ace', 'ar@@', 'c@@', 'tique', ',', 'qui', 'pendant', 'la', 'plu@@', 'part', 'des', 'trois', 'millions', 'd&apos;', 'années', 'ont', 'été', 'la', 't@@', 'ail@@', 'le', 'de', 'plus', 'bas', 'de', 'la', 't@@', 'ail@@', 'le', 'de', '4@@', '0', 'ét@@', 'at@@', 's', ',', 'a', 'part@@', 'ag@@', 'é', 'par', '4@@', '0', '%', '.', '</s>']
2026-05-13 18:53:52,010 - INFO - joeynmt.training - 	Source:     Last year I showed these two slides so that demonstrate that the arctic ice cap , which for most of the last three million years has been the size of the lower 48 states , has shrunk by 40 percent .
2026-05-13 18:53:52,010 - INFO - joeynmt.training - 	Reference:  L&apos; année dernière , je vous ai présenté ces deux diapositives qui montraient que la calotte glacière arctique , qui pendant ces 3 derniers millions d&apos; année avait la taille des Etats-Unis sans l&apos; Alaska , qui pendant ces 3 derniers millions d&apos; année avait la taille des Etats-Unis sans l&apos; Alaska , avait diminué de 40 % .
2026-05-13 18:53:52,010 - INFO - joeynmt.training - 	Hypothesis: L&apos; année dernière , j&apos; ai montré ces deux diapos de démonstrat que la glace arctique , qui pendant la plupart des trois millions d&apos; années ont été la taille de plus bas de la taille de 40 états , a partagé par 40 % .
2026-05-13 18:53:52,010 - INFO - joeynmt.training - Example #1
2026-05-13 18:53:52,010 - DEBUG - joeynmt.training - 	Tokenized source:     ['But', 'this', 'underst@@', 'ates', 'the', 'ser@@', 'i@@', 'ous@@', 'ness', 'of', 'this', 'partic@@', 'ul@@', 'ar', 'problem', 'because', 'it', 'doesn', '&apos;t', 'show', 'the', 'th@@', 'ick@@', 'ness', 'of', 'the', 'ice', '.']
2026-05-13 18:53:52,010 - DEBUG - joeynmt.training - 	Tokenized reference:  ['Mais', 'ceci', 'ten@@', 'd', 'à', 'a@@', 'mo@@', 'ind@@', 'rir', 'le', 'problème', 'parce', 'qu&apos;', 'on', 'ne', 'vo@@', 'it', 'pas', 'l&apos;', 'é@@', 'p@@', 'aiss@@', 'eur', 'de', 'la', 'gl@@', 'ace', '.']
2026-05-13 18:53:52,010 - DEBUG - joeynmt.training - 	Tokenized hypothesis: ['Mais', 'cette', 'com@@', 'pr@@', 'end', 'la', 's@@', 'éri@@', 'eu@@', 's@@', 'ité', 'de', 'ce', 'problème', 'parce', 'qu&apos;', 'il', 'ne', 'mon@@', 'tre', 'pas', 'le', 'pou@@', 'let', 'de', 'la', 'gl@@', 'ace', '.', '</s>']
2026-05-13 18:53:52,010 - INFO - joeynmt.training - 	Source:     But this understates the seriousness of this particular problem because it doesn &apos;t show the thickness of the ice .
2026-05-13 18:53:52,010 - INFO - joeynmt.training - 	Reference:  Mais ceci tend à amoindrir le problème parce qu&apos; on ne voit pas l&apos; épaisseur de la glace .
2026-05-13 18:53:52,010 - INFO - joeynmt.training - 	Hypothesis: Mais cette comprend la sérieusité de ce problème parce qu&apos; il ne montre pas le poulet de la glace .
2026-05-13 18:53:52,010 - INFO - joeynmt.training - Example #2
2026-05-13 18:53:52,010 - DEBUG - joeynmt.training - 	Tokenized source:     ['The', 'ar@@', 'c@@', 'tic', 'ice', 'c@@', 'a@@', 'p', 'is', ',', 'in', 'a', 'sense', ',', 'the', 'be@@', 'ating', 'he@@', 'art', 'of', 'the', 'glob@@', 'al', 'cli@@', 'm@@', 'ate', 'system', '.']
2026-05-13 18:53:52,010 - DEBUG - joeynmt.training - 	Tokenized reference:  ['On', 'peut', 'voir', 'la', 'cal@@', 'ot@@', 'te', 'gl@@', 'ac@@', 'ière', 'ar@@', 'c@@', 'tique', 'comme', 'le', 'co@@', 'eur', 'du', 'système', 'cli@@', 'ma@@', 'tique', 'glob@@', 'al', '.', 'On', 'peut', 'voir', 'la', 'cal@@', 'ot@@', 'te', 'gl@@', 'ac@@', 'ière', 'ar@@', 'c@@', 'tique', 'comme', 'le', 'co@@', 'eur', 'du', 'système', 'cli@@', 'ma@@', 'tique', 'glob@@', 'al', '.']
2026-05-13 18:53:52,010 - DEBUG - joeynmt.training - 	Tokenized hypothesis: ['Le', 'c@@', 'œ@@', 'u@@', 'r', 'de', 'gl@@', 'ace', 'est', ',', 'dans', 'un', 'sens', ',', 'le', 'c@@', 'œ@@', 'u@@', 'r', 'de', 'l&apos;', 'é@@', 'car@@', 'di@@', 'a@@', 'que', 'du', 'système', 'cli@@', 'm@@', 'at', 'mon@@', 'di@@', 'al', '.', '</s>']
2026-05-13 18:53:52,010 - INFO - joeynmt.training - 	Source:     The arctic ice cap is , in a sense , the beating heart of the global climate system .
2026-05-13 18:53:52,010 - INFO - joeynmt.training - 	Reference:  On peut voir la calotte glacière arctique comme le coeur du système climatique global . On peut voir la calotte glacière arctique comme le coeur du système climatique global .
2026-05-13 18:53:52,010 - INFO - joeynmt.training - 	Hypothesis: Le cœur de glace est , dans un sens , le cœur de l&apos; écardiaque du système climat mondial .
2026-05-13 18:53:52,010 - INFO - joeynmt.training - Example #3
2026-05-13 18:53:52,010 - DEBUG - joeynmt.training - 	Tokenized source:     ['It', 'exp@@', 'ands', 'in', 'w@@', 'int@@', 'er', 'and', 'contr@@', 'ac@@', 'ts', 'in', 'su@@', 'm@@', 'mer', '.']
2026-05-13 18:53:52,010 - DEBUG - joeynmt.training - 	Tokenized reference:  ['Elle', 's&apos;', 'ét@@', 'end', 'en', 'hi@@', 'ver', 'et', 'se', 'contr@@', 'ac@@', 'te', 'en', 'été', '.']
2026-05-13 18:53:52,010 - DEBUG - joeynmt.training - 	Tokenized hypothesis: ['Il', 's&apos;', 'att@@', 'end@@', 'ent', 'dans', 'l&apos;', 'hi@@', 'ver', 'et', 'contr@@', 'ac@@', 'te', 'en', 'été', '.', '</s>']
2026-05-13 18:53:52,010 - INFO - joeynmt.training - 	Source:     It expands in winter and contracts in summer .
2026-05-13 18:53:52,010 - INFO - joeynmt.training - 	Reference:  Elle s&apos; étend en hiver et se contracte en été .
2026-05-13 18:53:52,011 - INFO - joeynmt.training - 	Hypothesis: Il s&apos; attendent dans l&apos; hiver et contracte en été .
2026-05-13 18:53:52,011 - INFO - joeynmt.training - Example #4
2026-05-13 18:53:52,011 - DEBUG - joeynmt.training - 	Tokenized source:     ['The', 'next', 's@@', 'li@@', 'de', 'I', 'show', 'you', 'will', 'be', 'a', 'rap@@', 'id', 'fas@@', 't-@@', 'for@@', 'w@@', 'ard', 'of', 'what', '&apos;s', 'happen@@', 'ed', 'over', 'the', 'last', '2@@', '5', 'years', '.']
2026-05-13 18:53:52,011 - DEBUG - joeynmt.training - 	Tokenized reference:  ['La', 'pro@@', 'ch@@', 'aine', 'di@@', 'apos@@', 'iti@@', 've', 'que', 'je', 'vais', 'vous', 'montrer', 'est', 'une', 'v@@', 'ue', 'en', 'acc@@', 'él@@', 'ér@@', 'é', 'de', 'ce', 'qui', 's&apos;', 'est', 'passé', 'ces', '2@@', '5', 'derni@@', 'ères', 'années', '.']
2026-05-13 18:53:52,011 - DEBUG - joeynmt.training - 	Tokenized hypothesis: ['La', 'pro@@', 'ch@@', 'aine', 'di@@', 'apos@@', 'iti@@', 've', 'que', 'je', 'vous', 'all@@', 'ez', 'être', 'un', 'rap@@', 'ide', 'rap@@', 'ide', 'de', 'ce', 'qui', 's&apos;', 'est', 'passé', 'au', 'cours', 'des', '2@@', '5', 'derni@@', 'ères', 'années', '.', '</s>']
2026-05-13 18:53:52,011 - INFO - joeynmt.training - 	Source:     The next slide I show you will be a rapid fast-forward of what &apos;s happened over the last 25 years .
2026-05-13 18:53:52,011 - INFO - joeynmt.training - 	Reference:  La prochaine diapositive que je vais vous montrer est une vue en accéléré de ce qui s&apos; est passé ces 25 dernières années .
2026-05-13 18:53:52,011 - INFO - joeynmt.training - 	Hypothesis: La prochaine diapositive que je vous allez être un rapide rapide de ce qui s&apos; est passé au cours des 25 dernières années .
2026-05-13 18:54:03,013 - INFO - joeynmt.training - Epoch   7, Step:    29100, Batch Loss:     1.288651, Batch Acc: 0.646214, Tokens per Sec:     7156, Lr: 0.000300
2026-05-13 18:54:13,661 - INFO - joeynmt.training - Epoch   7, Step:    29200, Batch Loss:     1.067572, Batch Acc: 0.649154, Tokens per Sec:     7393, Lr: 0.000300
2026-05-13 18:54:24,200 - INFO - joeynmt.training - Epoch   7, Step:    29300, Batch Loss:     1.429851, Batch Acc: 0.650869, Tokens per Sec:     7476, Lr: 0.000300
2026-05-13 18:54:34,849 - INFO - joeynmt.training - Epoch   7, Step:    29400, Batch Loss:     1.246310, Batch Acc: 0.646952, Tokens per Sec:     7418, Lr: 0.000300
2026-05-13 18:54:45,671 - INFO - joeynmt.training - Epoch   7, Step:    29500, Batch Loss:     1.216799, Batch Acc: 0.651173, Tokens per Sec:     7172, Lr: 0.000300
2026-05-13 18:54:45,672 - WARNING - joeynmt.helpers - `alpha` option is obsolete. Please use `beam_alpha`, instead.
2026-05-13 18:54:45,672 - INFO - joeynmt.prediction - Predicting 890 example(s)... (Greedy decoding with min_output_length=1, max_output_length=-1, return_prob='none', generate_unk=True, repetition_penalty=-1, no_repeat_ngram_size=-1)
2026-05-13 18:55:20,612 - INFO - joeynmt.prediction - Evaluation result (greedy) loss:   1.43, ppl:   4.17, acc:   0.59, generation: 34.9344[sec], evaluation: 0.0000[sec]
2026-05-13 18:55:20,661 - INFO - joeynmt.helpers - delete models/bpe_2k/28000.ckpt
2026-05-13 18:55:20,662 - INFO - joeynmt.training - Example #0
2026-05-13 18:55:20,662 - DEBUG - joeynmt.training - 	Tokenized source:     ['L@@', 'ast', 'year', 'I', 'sho@@', 'w@@', 'ed', 'these', 'two', 's@@', 'li@@', 'des', 'so', 'that', 'dem@@', 'on@@', 'str@@', 'ate', 'that', 'the', 'ar@@', 'c@@', 'tic', 'ice', 'c@@', 'a@@', 'p', ',', 'which', 'for', 'most', 'of', 'the', 'last', 'three', 'million', 'years', 'has', 'been', 'the', 'si@@', 'ze', 'of', 'the', 'lo@@', 'wer', '4@@', '8', 'st@@', 'ates', ',', 'has', 'sh@@', 'r@@', 'un@@', 'k', 'by', '4@@', '0', 'percent', '.']
2026-05-13 18:55:20,662 - DEBUG - joeynmt.training - 	Tokenized reference:  ['L&apos;', 'année', 'derni@@', 'ère', ',', 'je', 'vous', 'ai', 'présent@@', 'é', 'ces', 'deux', 'di@@', 'apos@@', 'iti@@', 'ves', 'qui', 'montr@@', 'aient', 'que', 'la', 'cal@@', 'ot@@', 'te', 'gl@@', 'ac@@', 'ière', 'ar@@', 'c@@', 'tique', ',', 'qui', 'pendant', 'ces', '3', 'derni@@', 'ers', 'millions', 'd&apos;', 'année', 'avait', 'la', 't@@', 'ail@@', 'le', 'des', 'E@@', 'tat@@', 's-@@', 'Un@@', 'is', 'sans', 'l&apos;', 'Al@@', 'as@@', 'k@@', 'a', ',', 'qui', 'pendant', 'ces', '3', 'derni@@', 'ers', 'millions', 'd&apos;', 'année', 'avait', 'la', 't@@', 'ail@@', 'le', 'des', 'E@@', 'tat@@', 's-@@', 'Un@@', 'is', 'sans', 'l&apos;', 'Al@@', 'as@@', 'k@@', 'a', ',', 'avait', 'di@@', 'minu@@', 'é', 'de', '4@@', '0', '%', '.']
2026-05-13 18:55:20,662 - DEBUG - joeynmt.training - 	Tokenized hypothesis: ['L&apos;', 'année', 'derni@@', 'ère', 'j&apos;', 'ai', 'montr@@', 'é', 'ces', 'deux', 'di@@', 'a@@', 'po@@', 's', 'pour', 'que', 'la', 'dé@@', 'mon@@', 'str@@', 'ation', 'de', 'la', 'gl@@', 'ace', ',', 'qui', 'pendant', 'la', 'plu@@', 'part', 'des', 'trois', 'millions', 'd&apos;', 'années', 'ont', 'été', 'la', 't@@', 'ail@@', 'le', 'de', '4@@', '8', 'ét@@', 'at@@', 's', ',', 'a', 'part@@', 'i', 'par', '4@@', '0', '%', '.', '</s>']
2026-05-13 18:55:20,662 - INFO - joeynmt.training - 	Source:     Last year I showed these two slides so that demonstrate that the arctic ice cap , which for most of the last three million years has been the size of the lower 48 states , has shrunk by 40 percent .
2026-05-13 18:55:20,662 - INFO - joeynmt.training - 	Reference:  L&apos; année dernière , je vous ai présenté ces deux diapositives qui montraient que la calotte glacière arctique , qui pendant ces 3 derniers millions d&apos; année avait la taille des Etats-Unis sans l&apos; Alaska , qui pendant ces 3 derniers millions d&apos; année avait la taille des Etats-Unis sans l&apos; Alaska , avait diminué de 40 % .
2026-05-13 18:55:20,662 - INFO - joeynmt.training - 	Hypothesis: L&apos; année dernière j&apos; ai montré ces deux diapos pour que la démonstration de la glace , qui pendant la plupart des trois millions d&apos; années ont été la taille de 48 états , a parti par 40 % .
2026-05-13 18:55:20,662 - INFO - joeynmt.training - Example #1
2026-05-13 18:55:20,662 - DEBUG - joeynmt.training - 	Tokenized source:     ['But', 'this', 'underst@@', 'ates', 'the', 'ser@@', 'i@@', 'ous@@', 'ness', 'of', 'this', 'partic@@', 'ul@@', 'ar', 'problem', 'because', 'it', 'doesn', '&apos;t', 'show', 'the', 'th@@', 'ick@@', 'ness', 'of', 'the', 'ice', '.']
2026-05-13 18:55:20,662 - DEBUG - joeynmt.training - 	Tokenized reference:  ['Mais', 'ceci', 'ten@@', 'd', 'à', 'a@@', 'mo@@', 'ind@@', 'rir', 'le', 'problème', 'parce', 'qu&apos;', 'on', 'ne', 'vo@@', 'it', 'pas', 'l&apos;', 'é@@', 'p@@', 'aiss@@', 'eur', 'de', 'la', 'gl@@', 'ace', '.']
2026-05-13 18:55:20,662 - DEBUG - joeynmt.training - 	Tokenized hypothesis: ['Mais', 'cette', 'com@@', 'pr@@', 'end', 'la', 's@@', 'éri@@', 'eu@@', 's@@', 'ement', 'de', 'ce', 'problème', 'parce', 'qu&apos;', 'il', 'ne', 'mon@@', 'tre', 'pas', 'la', 'gl@@', 'ace', '.', '</s>']
2026-05-13 18:55:20,663 - INFO - joeynmt.training - 	Source:     But this understates the seriousness of this particular problem because it doesn &apos;t show the thickness of the ice .
2026-05-13 18:55:20,663 - INFO - joeynmt.training - 	Reference:  Mais ceci tend à amoindrir le problème parce qu&apos; on ne voit pas l&apos; épaisseur de la glace .
2026-05-13 18:55:20,663 - INFO - joeynmt.training - 	Hypothesis: Mais cette comprend la sérieusement de ce problème parce qu&apos; il ne montre pas la glace .
2026-05-13 18:55:20,663 - INFO - joeynmt.training - Example #2
2026-05-13 18:55:20,663 - DEBUG - joeynmt.training - 	Tokenized source:     ['The', 'ar@@', 'c@@', 'tic', 'ice', 'c@@', 'a@@', 'p', 'is', ',', 'in', 'a', 'sense', ',', 'the', 'be@@', 'ating', 'he@@', 'art', 'of', 'the', 'glob@@', 'al', 'cli@@', 'm@@', 'ate', 'system', '.']
2026-05-13 18:55:20,663 - DEBUG - joeynmt.training - 	Tokenized reference:  ['On', 'peut', 'voir', 'la', 'cal@@', 'ot@@', 'te', 'gl@@', 'ac@@', 'ière', 'ar@@', 'c@@', 'tique', 'comme', 'le', 'co@@', 'eur', 'du', 'système', 'cli@@', 'ma@@', 'tique', 'glob@@', 'al', '.', 'On', 'peut', 'voir', 'la', 'cal@@', 'ot@@', 'te', 'gl@@', 'ac@@', 'ière', 'ar@@', 'c@@', 'tique', 'comme', 'le', 'co@@', 'eur', 'du', 'système', 'cli@@', 'ma@@', 'tique', 'glob@@', 'al', '.']
2026-05-13 18:55:20,663 - DEBUG - joeynmt.training - 	Tokenized hypothesis: ['Le', 'c@@', 'â@@', 'ble', 'ar@@', 'c@@', 'tique', 'est', ',', 'dans', 'un', 'sens', ',', 'le', 'co@@', 'eur', 'de', 'la', 'b@@', 'our@@', 'se', 'de', 'la', 'système', 'cli@@', 'm@@', 'at', 'mon@@', 'di@@', 'al', '.', '</s>']
2026-05-13 18:55:20,663 - INFO - joeynmt.training - 	Source:     The arctic ice cap is , in a sense , the beating heart of the global climate system .
2026-05-13 18:55:20,663 - INFO - joeynmt.training - 	Reference:  On peut voir la calotte glacière arctique comme le coeur du système climatique global . On peut voir la calotte glacière arctique comme le coeur du système climatique global .
2026-05-13 18:55:20,663 - INFO - joeynmt.training - 	Hypothesis: Le câble arctique est , dans un sens , le coeur de la bourse de la système climat mondial .
2026-05-13 18:55:20,663 - INFO - joeynmt.training - Example #3
2026-05-13 18:55:20,663 - DEBUG - joeynmt.training - 	Tokenized source:     ['It', 'exp@@', 'ands', 'in', 'w@@', 'int@@', 'er', 'and', 'contr@@', 'ac@@', 'ts', 'in', 'su@@', 'm@@', 'mer', '.']
2026-05-13 18:55:20,663 - DEBUG - joeynmt.training - 	Tokenized reference:  ['Elle', 's&apos;', 'ét@@', 'end', 'en', 'hi@@', 'ver', 'et', 'se', 'contr@@', 'ac@@', 'te', 'en', 'été', '.']
2026-05-13 18:55:20,663 - DEBUG - joeynmt.training - 	Tokenized hypothesis: ['Il', 's&apos;', 'att@@', 'end@@', 'r@@', 'a', 'dans', 'l&apos;', 'été', 'hi@@', 'ver', 'et', 'les', 'contr@@', 'ac@@', 'ts', 'en', 'été', '.', '</s>']
2026-05-13 18:55:20,663 - INFO - joeynmt.training - 	Source:     It expands in winter and contracts in summer .
2026-05-13 18:55:20,663 - INFO - joeynmt.training - 	Reference:  Elle s&apos; étend en hiver et se contracte en été .
2026-05-13 18:55:20,663 - INFO - joeynmt.training - 	Hypothesis: Il s&apos; attendra dans l&apos; été hiver et les contracts en été .
2026-05-13 18:55:20,663 - INFO - joeynmt.training - Example #4
2026-05-13 18:55:20,663 - DEBUG - joeynmt.training - 	Tokenized source:     ['The', 'next', 's@@', 'li@@', 'de', 'I', 'show', 'you', 'will', 'be', 'a', 'rap@@', 'id', 'fas@@', 't-@@', 'for@@', 'w@@', 'ard', 'of', 'what', '&apos;s', 'happen@@', 'ed', 'over', 'the', 'last', '2@@', '5', 'years', '.']
2026-05-13 18:55:20,663 - DEBUG - joeynmt.training - 	Tokenized reference:  ['La', 'pro@@', 'ch@@', 'aine', 'di@@', 'apos@@', 'iti@@', 've', 'que', 'je', 'vais', 'vous', 'montrer', 'est', 'une', 'v@@', 'ue', 'en', 'acc@@', 'él@@', 'ér@@', 'é', 'de', 'ce', 'qui', 's&apos;', 'est', 'passé', 'ces', '2@@', '5', 'derni@@', 'ères', 'années', '.']
2026-05-13 18:55:20,663 - DEBUG - joeynmt.training - 	Tokenized hypothesis: ['La', 'pro@@', 'ch@@', 'aine', 'di@@', 'apos@@', 'iti@@', 've', 'que', 'je', 'vous', 'mon@@', 'tre', 'que', 'vous', 'ser@@', 'ez', 'une', 'vi@@', 'ol@@', 'le', 'rap@@', 'ide', 'de', 'ce', 'qui', 's&apos;', 'est', 'passé', 'au', 'cours', 'de', '2@@', '5', 'ans', '.', '</s>']
2026-05-13 18:55:20,663 - INFO - joeynmt.training - 	Source:     The next slide I show you will be a rapid fast-forward of what &apos;s happened over the last 25 years .
2026-05-13 18:55:20,663 - INFO - joeynmt.training - 	Reference:  La prochaine diapositive que je vais vous montrer est une vue en accéléré de ce qui s&apos; est passé ces 25 dernières années .
2026-05-13 18:55:20,663 - INFO - joeynmt.training - 	Hypothesis: La prochaine diapositive que je vous montre que vous serez une violle rapide de ce qui s&apos; est passé au cours de 25 ans .
2026-05-13 18:55:31,078 - INFO - joeynmt.training - Epoch   7, Step:    29600, Batch Loss:     1.198931, Batch Acc: 0.653265, Tokens per Sec:     7467, Lr: 0.000300
2026-05-13 18:55:41,477 - INFO - joeynmt.training - Epoch   7, Step:    29700, Batch Loss:     1.216263, Batch Acc: 0.653020, Tokens per Sec:     7550, Lr: 0.000300
2026-05-13 18:55:52,071 - INFO - joeynmt.training - Epoch   7, Step:    29800, Batch Loss:     1.073128, Batch Acc: 0.648197, Tokens per Sec:     7485, Lr: 0.000300
2026-05-13 18:56:02,430 - INFO - joeynmt.training - Epoch   7, Step:    29900, Batch Loss:     1.206382, Batch Acc: 0.651493, Tokens per Sec:     7766, Lr: 0.000300
2026-05-13 18:56:13,278 - INFO - joeynmt.training - Epoch   7, Step:    30000, Batch Loss:     1.274130, Batch Acc: 0.648638, Tokens per Sec:     7109, Lr: 0.000300
2026-05-13 18:56:13,278 - WARNING - joeynmt.helpers - `alpha` option is obsolete. Please use `beam_alpha`, instead.
2026-05-13 18:56:13,278 - INFO - joeynmt.prediction - Predicting 890 example(s)... (Greedy decoding with min_output_length=1, max_output_length=-1, return_prob='none', generate_unk=True, repetition_penalty=-1, no_repeat_ngram_size=-1)
2026-05-13 18:56:45,121 - INFO - joeynmt.prediction - Evaluation result (greedy) loss:   1.42, ppl:   4.14, acc:   0.59, generation: 31.8375[sec], evaluation: 0.0000[sec]
2026-05-13 18:56:45,122 - INFO - joeynmt.training - Hooray! New best validation result [ppl]!
2026-05-13 18:56:45,171 - INFO - joeynmt.helpers - delete models/bpe_2k/27000.ckpt
2026-05-13 18:56:45,172 - INFO - joeynmt.training - Example #0
2026-05-13 18:56:45,172 - DEBUG - joeynmt.training - 	Tokenized source:     ['L@@', 'ast', 'year', 'I', 'sho@@', 'w@@', 'ed', 'these', 'two', 's@@', 'li@@', 'des', 'so', 'that', 'dem@@', 'on@@', 'str@@', 'ate', 'that', 'the', 'ar@@', 'c@@', 'tic', 'ice', 'c@@', 'a@@', 'p', ',', 'which', 'for', 'most', 'of', 'the', 'last', 'three', 'million', 'years', 'has', 'been', 'the', 'si@@', 'ze', 'of', 'the', 'lo@@', 'wer', '4@@', '8', 'st@@', 'ates', ',', 'has', 'sh@@', 'r@@', 'un@@', 'k', 'by', '4@@', '0', 'percent', '.']
2026-05-13 18:56:45,172 - DEBUG - joeynmt.training - 	Tokenized reference:  ['L&apos;', 'année', 'derni@@', 'ère', ',', 'je', 'vous', 'ai', 'présent@@', 'é', 'ces', 'deux', 'di@@', 'apos@@', 'iti@@', 'ves', 'qui', 'montr@@', 'aient', 'que', 'la', 'cal@@', 'ot@@', 'te', 'gl@@', 'ac@@', 'ière', 'ar@@', 'c@@', 'tique', ',', 'qui', 'pendant', 'ces', '3', 'derni@@', 'ers', 'millions', 'd&apos;', 'année', 'avait', 'la', 't@@', 'ail@@', 'le', 'des', 'E@@', 'tat@@', 's-@@', 'Un@@', 'is', 'sans', 'l&apos;', 'Al@@', 'as@@', 'k@@', 'a', ',', 'qui', 'pendant', 'ces', '3', 'derni@@', 'ers', 'millions', 'd&apos;', 'année', 'avait', 'la', 't@@', 'ail@@', 'le', 'des', 'E@@', 'tat@@', 's-@@', 'Un@@', 'is', 'sans', 'l&apos;', 'Al@@', 'as@@', 'k@@', 'a', ',', 'avait', 'di@@', 'minu@@', 'é', 'de', '4@@', '0', '%', '.']
2026-05-13 18:56:45,172 - DEBUG - joeynmt.training - 	Tokenized hypothesis: ['L&apos;', 'année', 'derni@@', 'ère', ',', 'j&apos;', 'ai', 'montr@@', 'é', 'ces', 'deux', 'di@@', 'a@@', 'po@@', 's', 'de', 'cette', 'dé@@', 'mon@@', 'str@@', 'ation', 'que', 'l&apos;', 'ar@@', 'c@@', 'tique', 'de', 'gl@@', 'ace', ',', 'qui', 'pendant', 'la', 'plu@@', 'part', 'des', 'trois', 'millions', 'd&apos;', 'années', 'ont', 'été', 'la', 't@@', 'ail@@', 'le', 'des', 'trois', 'millions', 'd&apos;', 'années', ',', 'a', 'été', 'la', 't@@', 'ail@@', 'le', 'de', '4@@', '0', 'pour', 'cent', '.', '</s>']
2026-05-13 18:56:45,172 - INFO - joeynmt.training - 	Source:     Last year I showed these two slides so that demonstrate that the arctic ice cap , which for most of the last three million years has been the size of the lower 48 states , has shrunk by 40 percent .
2026-05-13 18:56:45,172 - INFO - joeynmt.training - 	Reference:  L&apos; année dernière , je vous ai présenté ces deux diapositives qui montraient que la calotte glacière arctique , qui pendant ces 3 derniers millions d&apos; année avait la taille des Etats-Unis sans l&apos; Alaska , qui pendant ces 3 derniers millions d&apos; année avait la taille des Etats-Unis sans l&apos; Alaska , avait diminué de 40 % .
2026-05-13 18:56:45,172 - INFO - joeynmt.training - 	Hypothesis: L&apos; année dernière , j&apos; ai montré ces deux diapos de cette démonstration que l&apos; arctique de glace , qui pendant la plupart des trois millions d&apos; années ont été la taille des trois millions d&apos; années , a été la taille de 40 pour cent .
2026-05-13 18:56:45,172 - INFO - joeynmt.training - Example #1
2026-05-13 18:56:45,172 - DEBUG - joeynmt.training - 	Tokenized source:     ['But', 'this', 'underst@@', 'ates', 'the', 'ser@@', 'i@@', 'ous@@', 'ness', 'of', 'this', 'partic@@', 'ul@@', 'ar', 'problem', 'because', 'it', 'doesn', '&apos;t', 'show', 'the', 'th@@', 'ick@@', 'ness', 'of', 'the', 'ice', '.']
2026-05-13 18:56:45,172 - DEBUG - joeynmt.training - 	Tokenized reference:  ['Mais', 'ceci', 'ten@@', 'd', 'à', 'a@@', 'mo@@', 'ind@@', 'rir', 'le', 'problème', 'parce', 'qu&apos;', 'on', 'ne', 'vo@@', 'it', 'pas', 'l&apos;', 'é@@', 'p@@', 'aiss@@', 'eur', 'de', 'la', 'gl@@', 'ace', '.']
2026-05-13 18:56:45,172 - DEBUG - joeynmt.training - 	Tokenized hypothesis: ['Mais', 'cela', 'com@@', 'pr@@', 'end', 'la', 's@@', 'éri@@', 'e', 'de', 'ce', 'problème', 'parce', 'qu&apos;', 'il', 'ne', 'peut', 'pas', 'montrer', 'la', 'pou@@', 'let', '.', '</s>']
2026-05-13 18:56:45,172 - INFO - joeynmt.training - 	Source:     But this understates the seriousness of this particular problem because it doesn &apos;t show the thickness of the ice .
2026-05-13 18:56:45,172 - INFO - joeynmt.training - 	Reference:  Mais ceci tend à amoindrir le problème parce qu&apos; on ne voit pas l&apos; épaisseur de la glace .
2026-05-13 18:56:45,172 - INFO - joeynmt.training - 	Hypothesis: Mais cela comprend la série de ce problème parce qu&apos; il ne peut pas montrer la poulet .
2026-05-13 18:56:45,172 - INFO - joeynmt.training - Example #2
2026-05-13 18:56:45,172 - DEBUG - joeynmt.training - 	Tokenized source:     ['The', 'ar@@', 'c@@', 'tic', 'ice', 'c@@', 'a@@', 'p', 'is', ',', 'in', 'a', 'sense', ',', 'the', 'be@@', 'ating', 'he@@', 'art', 'of', 'the', 'glob@@', 'al', 'cli@@', 'm@@', 'ate', 'system', '.']
2026-05-13 18:56:45,172 - DEBUG - joeynmt.training - 	Tokenized reference:  ['On', 'peut', 'voir', 'la', 'cal@@', 'ot@@', 'te', 'gl@@', 'ac@@', 'ière', 'ar@@', 'c@@', 'tique', 'comme', 'le', 'co@@', 'eur', 'du', 'système', 'cli@@', 'ma@@', 'tique', 'glob@@', 'al', '.', 'On', 'peut', 'voir', 'la', 'cal@@', 'ot@@', 'te', 'gl@@', 'ac@@', 'ière', 'ar@@', 'c@@', 'tique', 'comme', 'le', 'co@@', 'eur', 'du', 'système', 'cli@@', 'ma@@', 'tique', 'glob@@', 'al', '.']
2026-05-13 18:56:45,172 - DEBUG - joeynmt.training - 	Tokenized hypothesis: ['La', 'gl@@', 'ace', 'ar@@', 'c@@', 'tique', 'est', ',', 'dans', 'un', 'sens', ',', 'le', 'co@@', 'eur', ',', 'le', 'co@@', 'eur', 'de', 'la', 'b@@', 'ap@@', 'er@@', 'ie', 'du', 'cli@@', 'm@@', 'at', 'mon@@', 'di@@', 'al', '.', '</s>']
2026-05-13 18:56:45,172 - INFO - joeynmt.training - 	Source:     The arctic ice cap is , in a sense , the beating heart of the global climate system .
2026-05-13 18:56:45,172 - INFO - joeynmt.training - 	Reference:  On peut voir la calotte glacière arctique comme le coeur du système climatique global . On peut voir la calotte glacière arctique comme le coeur du système climatique global .
2026-05-13 18:56:45,172 - INFO - joeynmt.training - 	Hypothesis: La glace arctique est , dans un sens , le coeur , le coeur de la baperie du climat mondial .
2026-05-13 18:56:45,172 - INFO - joeynmt.training - Example #3
2026-05-13 18:56:45,172 - DEBUG - joeynmt.training - 	Tokenized source:     ['It', 'exp@@', 'ands', 'in', 'w@@', 'int@@', 'er', 'and', 'contr@@', 'ac@@', 'ts', 'in', 'su@@', 'm@@', 'mer', '.']
2026-05-13 18:56:45,172 - DEBUG - joeynmt.training - 	Tokenized reference:  ['Elle', 's&apos;', 'ét@@', 'end', 'en', 'hi@@', 'ver', 'et', 'se', 'contr@@', 'ac@@', 'te', 'en', 'été', '.']
2026-05-13 18:56:45,172 - DEBUG - joeynmt.training - 	Tokenized hypothesis: ['Il', 's&apos;', 'att@@', 'end@@', 'rait', 'en', 'hi@@', 'ver', 'et', 'des', 'contr@@', 'at@@', 's', 'en', 'été', '.', '</s>']
2026-05-13 18:56:45,173 - INFO - joeynmt.training - 	Source:     It expands in winter and contracts in summer .
2026-05-13 18:56:45,173 - INFO - joeynmt.training - 	Reference:  Elle s&apos; étend en hiver et se contracte en été .
2026-05-13 18:56:45,173 - INFO - joeynmt.training - 	Hypothesis: Il s&apos; attendrait en hiver et des contrats en été .
2026-05-13 18:56:45,173 - INFO - joeynmt.training - Example #4
2026-05-13 18:56:45,173 - DEBUG - joeynmt.training - 	Tokenized source:     ['The', 'next', 's@@', 'li@@', 'de', 'I', 'show', 'you', 'will', 'be', 'a', 'rap@@', 'id', 'fas@@', 't-@@', 'for@@', 'w@@', 'ard', 'of', 'what', '&apos;s', 'happen@@', 'ed', 'over', 'the', 'last', '2@@', '5', 'years', '.']
2026-05-13 18:56:45,173 - DEBUG - joeynmt.training - 	Tokenized reference:  ['La', 'pro@@', 'ch@@', 'aine', 'di@@', 'apos@@', 'iti@@', 've', 'que', 'je', 'vais', 'vous', 'montrer', 'est', 'une', 'v@@', 'ue', 'en', 'acc@@', 'él@@', 'ér@@', 'é', 'de', 'ce', 'qui', 's&apos;', 'est', 'passé', 'ces', '2@@', '5', 'derni@@', 'ères', 'années', '.']
2026-05-13 18:56:45,173 - DEBUG - joeynmt.training - 	Tokenized hypothesis: ['La', 'pro@@', 'ch@@', 'aine', 'di@@', 'apos@@', 'iti@@', 've', 'que', 'je', 'vous', 'ser@@', 'ez', 'un', 'rap@@', 'ide', 'rap@@', 'ide', 'de', 'ce', 'qui', 's&apos;', 'est', 'passé', 'au', 'cours', 'des', '2@@', '5', 'derni@@', 'ères', 'années', '.', '</s>']
2026-05-13 18:56:45,173 - INFO - joeynmt.training - 	Source:     The next slide I show you will be a rapid fast-forward of what &apos;s happened over the last 25 years .
2026-05-13 18:56:45,173 - INFO - joeynmt.training - 	Reference:  La prochaine diapositive que je vais vous montrer est une vue en accéléré de ce qui s&apos; est passé ces 25 dernières années .
2026-05-13 18:56:45,173 - INFO - joeynmt.training - 	Hypothesis: La prochaine diapositive que je vous serez un rapide rapide de ce qui s&apos; est passé au cours des 25 dernières années .
2026-05-13 18:56:55,833 - INFO - joeynmt.training - Epoch   7, Step:    30100, Batch Loss:     1.396726, Batch Acc: 0.648593, Tokens per Sec:     7292, Lr: 0.000300
2026-05-13 18:57:06,421 - INFO - joeynmt.training - Epoch   7, Step:    30200, Batch Loss:     1.126339, Batch Acc: 0.641906, Tokens per Sec:     7420, Lr: 0.000300
2026-05-13 18:57:17,140 - INFO - joeynmt.training - Epoch   7, Step:    30300, Batch Loss:     1.183929, Batch Acc: 0.647014, Tokens per Sec:     7401, Lr: 0.000300
2026-05-13 18:57:27,652 - INFO - joeynmt.training - Epoch   7, Step:    30400, Batch Loss:     1.155188, Batch Acc: 0.644388, Tokens per Sec:     7312, Lr: 0.000300
2026-05-13 18:57:38,286 - INFO - joeynmt.training - Epoch   7, Step:    30500, Batch Loss:     1.165081, Batch Acc: 0.646607, Tokens per Sec:     7254, Lr: 0.000300
2026-05-13 18:57:38,286 - WARNING - joeynmt.helpers - `alpha` option is obsolete. Please use `beam_alpha`, instead.
2026-05-13 18:57:38,286 - INFO - joeynmt.prediction - Predicting 890 example(s)... (Greedy decoding with min_output_length=1, max_output_length=-1, return_prob='none', generate_unk=True, repetition_penalty=-1, no_repeat_ngram_size=-1)
2026-05-13 18:58:11,961 - INFO - joeynmt.prediction - Evaluation result (greedy) loss:   1.42, ppl:   4.14, acc:   0.59, generation: 33.6697[sec], evaluation: 0.0000[sec]
2026-05-13 18:58:11,962 - INFO - joeynmt.training - Hooray! New best validation result [ppl]!
2026-05-13 18:58:12,012 - INFO - joeynmt.helpers - delete models/bpe_2k/26000.ckpt
2026-05-13 18:58:12,013 - INFO - joeynmt.training - Example #0
2026-05-13 18:58:12,013 - DEBUG - joeynmt.training - 	Tokenized source:     ['L@@', 'ast', 'year', 'I', 'sho@@', 'w@@', 'ed', 'these', 'two', 's@@', 'li@@', 'des', 'so', 'that', 'dem@@', 'on@@', 'str@@', 'ate', 'that', 'the', 'ar@@', 'c@@', 'tic', 'ice', 'c@@', 'a@@', 'p', ',', 'which', 'for', 'most', 'of', 'the', 'last', 'three', 'million', 'years', 'has', 'been', 'the', 'si@@', 'ze', 'of', 'the', 'lo@@', 'wer', '4@@', '8', 'st@@', 'ates', ',', 'has', 'sh@@', 'r@@', 'un@@', 'k', 'by', '4@@', '0', 'percent', '.']
2026-05-13 18:58:12,013 - DEBUG - joeynmt.training - 	Tokenized reference:  ['L&apos;', 'année', 'derni@@', 'ère', ',', 'je', 'vous', 'ai', 'présent@@', 'é', 'ces', 'deux', 'di@@', 'apos@@', 'iti@@', 'ves', 'qui', 'montr@@', 'aient', 'que', 'la', 'cal@@', 'ot@@', 'te', 'gl@@', 'ac@@', 'ière', 'ar@@', 'c@@', 'tique', ',', 'qui', 'pendant', 'ces', '3', 'derni@@', 'ers', 'millions', 'd&apos;', 'année', 'avait', 'la', 't@@', 'ail@@', 'le', 'des', 'E@@', 'tat@@', 's-@@', 'Un@@', 'is', 'sans', 'l&apos;', 'Al@@', 'as@@', 'k@@', 'a', ',', 'qui', 'pendant', 'ces', '3', 'derni@@', 'ers', 'millions', 'd&apos;', 'année', 'avait', 'la', 't@@', 'ail@@', 'le', 'des', 'E@@', 'tat@@', 's-@@', 'Un@@', 'is', 'sans', 'l&apos;', 'Al@@', 'as@@', 'k@@', 'a', ',', 'avait', 'di@@', 'minu@@', 'é', 'de', '4@@', '0', '%', '.']
2026-05-13 18:58:12,013 - DEBUG - joeynmt.training - 	Tokenized hypothesis: ['L&apos;', 'année', 'derni@@', 'ère', 'j&apos;', 'ai', 'montr@@', 'é', 'ces', 'deux', 'di@@', 'a@@', 'po@@', 's', 'de', 'cette', 'dé@@', 'mon@@', 'tre', 'que', 'la', 'gl@@', 'ace', 'ar@@', 'c@@', 'tique', ',', 'qui', 'pendant', 'la', 'plu@@', 'part', 'des', 'trois', 'millions', 'd&apos;', 'années', 'a', 'été', 'la', 't@@', 'ail@@', 'le', 'de', '4@@', '0', 'ét@@', 'at@@', 's', ',', 'a', 'un', 'peu', 'de', '4@@', '0', 'pour', 'cent', '.', '</s>']
2026-05-13 18:58:12,013 - INFO - joeynmt.training - 	Source:     Last year I showed these two slides so that demonstrate that the arctic ice cap , which for most of the last three million years has been the size of the lower 48 states , has shrunk by 40 percent .
2026-05-13 18:58:12,013 - INFO - joeynmt.training - 	Reference:  L&apos; année dernière , je vous ai présenté ces deux diapositives qui montraient que la calotte glacière arctique , qui pendant ces 3 derniers millions d&apos; année avait la taille des Etats-Unis sans l&apos; Alaska , qui pendant ces 3 derniers millions d&apos; année avait la taille des Etats-Unis sans l&apos; Alaska , avait diminué de 40 % .
2026-05-13 18:58:12,013 - INFO - joeynmt.training - 	Hypothesis: L&apos; année dernière j&apos; ai montré ces deux diapos de cette démontre que la glace arctique , qui pendant la plupart des trois millions d&apos; années a été la taille de 40 états , a un peu de 40 pour cent .
2026-05-13 18:58:12,013 - INFO - joeynmt.training - Example #1
2026-05-13 18:58:12,013 - DEBUG - joeynmt.training - 	Tokenized source:     ['But', 'this', 'underst@@', 'ates', 'the', 'ser@@', 'i@@', 'ous@@', 'ness', 'of', 'this', 'partic@@', 'ul@@', 'ar', 'problem', 'because', 'it', 'doesn', '&apos;t', 'show', 'the', 'th@@', 'ick@@', 'ness', 'of', 'the', 'ice', '.']
2026-05-13 18:58:12,013 - DEBUG - joeynmt.training - 	Tokenized reference:  ['Mais', 'ceci', 'ten@@', 'd', 'à', 'a@@', 'mo@@', 'ind@@', 'rir', 'le', 'problème', 'parce', 'qu&apos;', 'on', 'ne', 'vo@@', 'it', 'pas', 'l&apos;', 'é@@', 'p@@', 'aiss@@', 'eur', 'de', 'la', 'gl@@', 'ace', '.']
2026-05-13 18:58:12,013 - DEBUG - joeynmt.training - 	Tokenized hypothesis: ['Mais', 'cela', 'com@@', 'pr@@', 'end', 'la', 's@@', 'éri@@', 'eu@@', 's@@', 'ité', 'de', 'ce', 'problème', 'parce', 'qu&apos;', 'il', 'ne', 'montr@@', 'ait', 'pas', 'la', 'p@@', 'aiss@@', 'ance', 'de', 'la', 'gl@@', 'ace', '.', '</s>']
2026-05-13 18:58:12,013 - INFO - joeynmt.training - 	Source:     But this understates the seriousness of this particular problem because it doesn &apos;t show the thickness of the ice .
2026-05-13 18:58:12,013 - INFO - joeynmt.training - 	Reference:  Mais ceci tend à amoindrir le problème parce qu&apos; on ne voit pas l&apos; épaisseur de la glace .
2026-05-13 18:58:12,013 - INFO - joeynmt.training - 	Hypothesis: Mais cela comprend la sérieusité de ce problème parce qu&apos; il ne montrait pas la paissance de la glace .
2026-05-13 18:58:12,013 - INFO - joeynmt.training - Example #2
2026-05-13 18:58:12,013 - DEBUG - joeynmt.training - 	Tokenized source:     ['The', 'ar@@', 'c@@', 'tic', 'ice', 'c@@', 'a@@', 'p', 'is', ',', 'in', 'a', 'sense', ',', 'the', 'be@@', 'ating', 'he@@', 'art', 'of', 'the', 'glob@@', 'al', 'cli@@', 'm@@', 'ate', 'system', '.']
2026-05-13 18:58:12,013 - DEBUG - joeynmt.training - 	Tokenized reference:  ['On', 'peut', 'voir', 'la', 'cal@@', 'ot@@', 'te', 'gl@@', 'ac@@', 'ière', 'ar@@', 'c@@', 'tique', 'comme', 'le', 'co@@', 'eur', 'du', 'système', 'cli@@', 'ma@@', 'tique', 'glob@@', 'al', '.', 'On', 'peut', 'voir', 'la', 'cal@@', 'ot@@', 'te', 'gl@@', 'ac@@', 'ière', 'ar@@', 'c@@', 'tique', 'comme', 'le', 'co@@', 'eur', 'du', 'système', 'cli@@', 'ma@@', 'tique', 'glob@@', 'al', '.']
2026-05-13 18:58:12,013 - DEBUG - joeynmt.training - 	Tokenized hypothesis: ['Le', 'c@@', 'â@@', 'p', 'de', 'gl@@', 'ace', 'est', ',', 'dans', 'un', 'sens', ',', 'le', 'c@@', 'œ@@', 'u@@', 'r', 'de', 'la', 'm@@', 'ain', 'du', 'système', 'cli@@', 'ma@@', 'tique', 'mon@@', 'di@@', 'al', '.', '</s>']
2026-05-13 18:58:12,013 - INFO - joeynmt.training - 	Source:     The arctic ice cap is , in a sense , the beating heart of the global climate system .
2026-05-13 18:58:12,013 - INFO - joeynmt.training - 	Reference:  On peut voir la calotte glacière arctique comme le coeur du système climatique global . On peut voir la calotte glacière arctique comme le coeur du système climatique global .
2026-05-13 18:58:12,013 - INFO - joeynmt.training - 	Hypothesis: Le câp de glace est , dans un sens , le cœur de la main du système climatique mondial .
2026-05-13 18:58:12,013 - INFO - joeynmt.training - Example #3
2026-05-13 18:58:12,013 - DEBUG - joeynmt.training - 	Tokenized source:     ['It', 'exp@@', 'ands', 'in', 'w@@', 'int@@', 'er', 'and', 'contr@@', 'ac@@', 'ts', 'in', 'su@@', 'm@@', 'mer', '.']
2026-05-13 18:58:12,013 - DEBUG - joeynmt.training - 	Tokenized reference:  ['Elle', 's&apos;', 'ét@@', 'end', 'en', 'hi@@', 'ver', 'et', 'se', 'contr@@', 'ac@@', 'te', 'en', 'été', '.']
2026-05-13 18:58:12,013 - DEBUG - joeynmt.training - 	Tokenized hypothesis: ['Il', 's&apos;', 'ét@@', 'end', 'en', 'hi@@', 'ver', 'et', 'les', 'contr@@', 'at@@', 's', 'en', 'été', '.', '</s>']
2026-05-13 18:58:12,014 - INFO - joeynmt.training - 	Source:     It expands in winter and contracts in summer .
2026-05-13 18:58:12,014 - INFO - joeynmt.training - 	Reference:  Elle s&apos; étend en hiver et se contracte en été .
2026-05-13 18:58:12,014 - INFO - joeynmt.training - 	Hypothesis: Il s&apos; étend en hiver et les contrats en été .
2026-05-13 18:58:12,014 - INFO - joeynmt.training - Example #4
2026-05-13 18:58:12,014 - DEBUG - joeynmt.training - 	Tokenized source:     ['The', 'next', 's@@', 'li@@', 'de', 'I', 'show', 'you', 'will', 'be', 'a', 'rap@@', 'id', 'fas@@', 't-@@', 'for@@', 'w@@', 'ard', 'of', 'what', '&apos;s', 'happen@@', 'ed', 'over', 'the', 'last', '2@@', '5', 'years', '.']
2026-05-13 18:58:12,014 - DEBUG - joeynmt.training - 	Tokenized reference:  ['La', 'pro@@', 'ch@@', 'aine', 'di@@', 'apos@@', 'iti@@', 've', 'que', 'je', 'vais', 'vous', 'montrer', 'est', 'une', 'v@@', 'ue', 'en', 'acc@@', 'él@@', 'ér@@', 'é', 'de', 'ce', 'qui', 's&apos;', 'est', 'passé', 'ces', '2@@', '5', 'derni@@', 'ères', 'années', '.']
2026-05-13 18:58:12,014 - DEBUG - joeynmt.training - 	Tokenized hypothesis: ['La', 'pro@@', 'ch@@', 'aine', 'di@@', 'apos@@', 'iti@@', 've', 'que', 'je', 'vous', 'ser@@', 'ai', 'un', 'rap@@', 'ide', 'rap@@', 'ide', 'de', 'ce', 'qui', 's&apos;', 'est', 'passé', 'pendant', 'les', '2@@', '5', 'derni@@', 'ères', 'années', '.', '</s>']
2026-05-13 18:58:12,014 - INFO - joeynmt.training - 	Source:     The next slide I show you will be a rapid fast-forward of what &apos;s happened over the last 25 years .
2026-05-13 18:58:12,014 - INFO - joeynmt.training - 	Reference:  La prochaine diapositive que je vais vous montrer est une vue en accéléré de ce qui s&apos; est passé ces 25 dernières années .
2026-05-13 18:58:12,014 - INFO - joeynmt.training - 	Hypothesis: La prochaine diapositive que je vous serai un rapide rapide de ce qui s&apos; est passé pendant les 25 dernières années .
2026-05-13 18:58:23,105 - INFO - joeynmt.training - Epoch   7, Step:    30600, Batch Loss:     1.332108, Batch Acc: 0.649266, Tokens per Sec:     7107, Lr: 0.000300
2026-05-13 18:58:30,152 - INFO - joeynmt.training - Epoch   7: total training loss 5203.57
2026-05-13 18:58:30,152 - INFO - joeynmt.training - EPOCH 8
2026-05-13 18:58:33,926 - INFO - joeynmt.training - Epoch   8, Step:    30700, Batch Loss:     0.996316, Batch Acc: 0.665914, Tokens per Sec:     7155, Lr: 0.000300
2026-05-13 18:58:44,782 - INFO - joeynmt.training - Epoch   8, Step:    30800, Batch Loss:     1.058253, Batch Acc: 0.672816, Tokens per Sec:     7260, Lr: 0.000300
2026-05-13 18:58:55,709 - INFO - joeynmt.training - Epoch   8, Step:    30900, Batch Loss:     1.101705, Batch Acc: 0.666862, Tokens per Sec:     7170, Lr: 0.000300
2026-05-13 18:59:06,746 - INFO - joeynmt.training - Epoch   8, Step:    31000, Batch Loss:     1.199443, Batch Acc: 0.665278, Tokens per Sec:     7200, Lr: 0.000300
2026-05-13 18:59:06,747 - WARNING - joeynmt.helpers - `alpha` option is obsolete. Please use `beam_alpha`, instead.
2026-05-13 18:59:06,747 - INFO - joeynmt.prediction - Predicting 890 example(s)... (Greedy decoding with min_output_length=1, max_output_length=-1, return_prob='none', generate_unk=True, repetition_penalty=-1, no_repeat_ngram_size=-1)
2026-05-13 18:59:43,878 - INFO - joeynmt.prediction - Evaluation result (greedy) loss:   1.42, ppl:   4.12, acc:   0.59, generation: 37.1254[sec], evaluation: 0.0000[sec]
2026-05-13 18:59:43,878 - INFO - joeynmt.training - Hooray! New best validation result [ppl]!
2026-05-13 18:59:43,929 - INFO - joeynmt.helpers - delete models/bpe_2k/28500.ckpt
2026-05-13 18:59:43,929 - INFO - joeynmt.training - Example #0
2026-05-13 18:59:43,929 - DEBUG - joeynmt.training - 	Tokenized source:     ['L@@', 'ast', 'year', 'I', 'sho@@', 'w@@', 'ed', 'these', 'two', 's@@', 'li@@', 'des', 'so', 'that', 'dem@@', 'on@@', 'str@@', 'ate', 'that', 'the', 'ar@@', 'c@@', 'tic', 'ice', 'c@@', 'a@@', 'p', ',', 'which', 'for', 'most', 'of', 'the', 'last', 'three', 'million', 'years', 'has', 'been', 'the', 'si@@', 'ze', 'of', 'the', 'lo@@', 'wer', '4@@', '8', 'st@@', 'ates', ',', 'has', 'sh@@', 'r@@', 'un@@', 'k', 'by', '4@@', '0', 'percent', '.']
2026-05-13 18:59:43,929 - DEBUG - joeynmt.training - 	Tokenized reference:  ['L&apos;', 'année', 'derni@@', 'ère', ',', 'je', 'vous', 'ai', 'présent@@', 'é', 'ces', 'deux', 'di@@', 'apos@@', 'iti@@', 'ves', 'qui', 'montr@@', 'aient', 'que', 'la', 'cal@@', 'ot@@', 'te', 'gl@@', 'ac@@', 'ière', 'ar@@', 'c@@', 'tique', ',', 'qui', 'pendant', 'ces', '3', 'derni@@', 'ers', 'millions', 'd&apos;', 'année', 'avait', 'la', 't@@', 'ail@@', 'le', 'des', 'E@@', 'tat@@', 's-@@', 'Un@@', 'is', 'sans', 'l&apos;', 'Al@@', 'as@@', 'k@@', 'a', ',', 'qui', 'pendant', 'ces', '3', 'derni@@', 'ers', 'millions', 'd&apos;', 'année', 'avait', 'la', 't@@', 'ail@@', 'le', 'des', 'E@@', 'tat@@', 's-@@', 'Un@@', 'is', 'sans', 'l&apos;', 'Al@@', 'as@@', 'k@@', 'a', ',', 'avait', 'di@@', 'minu@@', 'é', 'de', '4@@', '0', '%', '.']
2026-05-13 18:59:43,929 - DEBUG - joeynmt.training - 	Tokenized hypothesis: ['L&apos;', 'année', 'derni@@', 'ère', ',', 'j&apos;', 'ai', 'montr@@', 'é', 'ces', 'deux', 'di@@', 'a@@', 'po@@', 's', 'de', 't@@', 'elle', 'que', 'la', 'gl@@', 'ace', 'ar@@', 'c@@', 'tique', ',', 'qui', 'pendant', 'la', 'plu@@', 'part', 'des', 'trois', 'millions', 'd&apos;', 'années', ',', 'a', 'été', 'la', 't@@', 'ail@@', 'le', 'de', 'plus', 'bas', 'de', '4@@', '8', 'ét@@', 'at@@', 's', ',', 'a', 'cour@@', 'u', 'à', '4@@', '0', '%', '.', '</s>']
2026-05-13 18:59:43,929 - INFO - joeynmt.training - 	Source:     Last year I showed these two slides so that demonstrate that the arctic ice cap , which for most of the last three million years has been the size of the lower 48 states , has shrunk by 40 percent .
2026-05-13 18:59:43,929 - INFO - joeynmt.training - 	Reference:  L&apos; année dernière , je vous ai présenté ces deux diapositives qui montraient que la calotte glacière arctique , qui pendant ces 3 derniers millions d&apos; année avait la taille des Etats-Unis sans l&apos; Alaska , qui pendant ces 3 derniers millions d&apos; année avait la taille des Etats-Unis sans l&apos; Alaska , avait diminué de 40 % .
2026-05-13 18:59:43,929 - INFO - joeynmt.training - 	Hypothesis: L&apos; année dernière , j&apos; ai montré ces deux diapos de telle que la glace arctique , qui pendant la plupart des trois millions d&apos; années , a été la taille de plus bas de 48 états , a couru à 40 % .
2026-05-13 18:59:43,929 - INFO - joeynmt.training - Example #1
2026-05-13 18:59:43,930 - DEBUG - joeynmt.training - 	Tokenized source:     ['But', 'this', 'underst@@', 'ates', 'the', 'ser@@', 'i@@', 'ous@@', 'ness', 'of', 'this', 'partic@@', 'ul@@', 'ar', 'problem', 'because', 'it', 'doesn', '&apos;t', 'show', 'the', 'th@@', 'ick@@', 'ness', 'of', 'the', 'ice', '.']
2026-05-13 18:59:43,930 - DEBUG - joeynmt.training - 	Tokenized reference:  ['Mais', 'ceci', 'ten@@', 'd', 'à', 'a@@', 'mo@@', 'ind@@', 'rir', 'le', 'problème', 'parce', 'qu&apos;', 'on', 'ne', 'vo@@', 'it', 'pas', 'l&apos;', 'é@@', 'p@@', 'aiss@@', 'eur', 'de', 'la', 'gl@@', 'ace', '.']
2026-05-13 18:59:43,930 - DEBUG - joeynmt.training - 	Tokenized hypothesis: ['Mais', 'cette', 'com@@', 'pr@@', 'end', 'la', 's@@', 'éri@@', 'eu@@', 's@@', 'ité', 'de', 'ce', 'problème', 'parce', 'qu&apos;', 'il', 'ne', 'mon@@', 'te', 'pas', 'le', 'pou@@', 'let', 'de', 'la', 'gl@@', 'ace', '.', '</s>']
2026-05-13 18:59:43,930 - INFO - joeynmt.training - 	Source:     But this understates the seriousness of this particular problem because it doesn &apos;t show the thickness of the ice .
2026-05-13 18:59:43,930 - INFO - joeynmt.training - 	Reference:  Mais ceci tend à amoindrir le problème parce qu&apos; on ne voit pas l&apos; épaisseur de la glace .
2026-05-13 18:59:43,930 - INFO - joeynmt.training - 	Hypothesis: Mais cette comprend la sérieusité de ce problème parce qu&apos; il ne monte pas le poulet de la glace .
2026-05-13 18:59:43,930 - INFO - joeynmt.training - Example #2
2026-05-13 18:59:43,930 - DEBUG - joeynmt.training - 	Tokenized source:     ['The', 'ar@@', 'c@@', 'tic', 'ice', 'c@@', 'a@@', 'p', 'is', ',', 'in', 'a', 'sense', ',', 'the', 'be@@', 'ating', 'he@@', 'art', 'of', 'the', 'glob@@', 'al', 'cli@@', 'm@@', 'ate', 'system', '.']
2026-05-13 18:59:43,930 - DEBUG - joeynmt.training - 	Tokenized reference:  ['On', 'peut', 'voir', 'la', 'cal@@', 'ot@@', 'te', 'gl@@', 'ac@@', 'ière', 'ar@@', 'c@@', 'tique', 'comme', 'le', 'co@@', 'eur', 'du', 'système', 'cli@@', 'ma@@', 'tique', 'glob@@', 'al', '.', 'On', 'peut', 'voir', 'la', 'cal@@', 'ot@@', 'te', 'gl@@', 'ac@@', 'ière', 'ar@@', 'c@@', 'tique', 'comme', 'le', 'co@@', 'eur', 'du', 'système', 'cli@@', 'ma@@', 'tique', 'glob@@', 'al', '.']
2026-05-13 18:59:43,930 - DEBUG - joeynmt.training - 	Tokenized hypothesis: ['Le', 'c@@', 'â@@', 'ble', 'de', 'gl@@', 'ace', 'est', ',', 'dans', 'un', 'sens', ',', 'le', 'c@@', 'œ@@', 'u@@', 'r', 'de', 'l&apos;', 'é@@', 'tr@@', 'ang@@', 'ement', 'du', 'système', 'cli@@', 'm@@', 'at', 'mon@@', 'di@@', 'al', '.', '</s>']
2026-05-13 18:59:43,930 - INFO - joeynmt.training - 	Source:     The arctic ice cap is , in a sense , the beating heart of the global climate system .
2026-05-13 18:59:43,930 - INFO - joeynmt.training - 	Reference:  On peut voir la calotte glacière arctique comme le coeur du système climatique global . On peut voir la calotte glacière arctique comme le coeur du système climatique global .
2026-05-13 18:59:43,930 - INFO - joeynmt.training - 	Hypothesis: Le câble de glace est , dans un sens , le cœur de l&apos; étrangement du système climat mondial .
2026-05-13 18:59:43,930 - INFO - joeynmt.training - Example #3
2026-05-13 18:59:43,930 - DEBUG - joeynmt.training - 	Tokenized source:     ['It', 'exp@@', 'ands', 'in', 'w@@', 'int@@', 'er', 'and', 'contr@@', 'ac@@', 'ts', 'in', 'su@@', 'm@@', 'mer', '.']
2026-05-13 18:59:43,930 - DEBUG - joeynmt.training - 	Tokenized reference:  ['Elle', 's&apos;', 'ét@@', 'end', 'en', 'hi@@', 'ver', 'et', 'se', 'contr@@', 'ac@@', 'te', 'en', 'été', '.']
2026-05-13 18:59:43,930 - DEBUG - joeynmt.training - 	Tokenized hypothesis: ['Il', 's&apos;', 'ét@@', 'end@@', 'ent', 'en', 'hi@@', 'ver', 'et', 'les', 'contr@@', 'ac@@', 'ts', 'en', 'été', '.', '</s>']
2026-05-13 18:59:43,930 - INFO - joeynmt.training - 	Source:     It expands in winter and contracts in summer .
2026-05-13 18:59:43,930 - INFO - joeynmt.training - 	Reference:  Elle s&apos; étend en hiver et se contracte en été .
2026-05-13 18:59:43,930 - INFO - joeynmt.training - 	Hypothesis: Il s&apos; étendent en hiver et les contracts en été .
2026-05-13 18:59:43,930 - INFO - joeynmt.training - Example #4
2026-05-13 18:59:43,930 - DEBUG - joeynmt.training - 	Tokenized source:     ['The', 'next', 's@@', 'li@@', 'de', 'I', 'show', 'you', 'will', 'be', 'a', 'rap@@', 'id', 'fas@@', 't-@@', 'for@@', 'w@@', 'ard', 'of', 'what', '&apos;s', 'happen@@', 'ed', 'over', 'the', 'last', '2@@', '5', 'years', '.']
2026-05-13 18:59:43,930 - DEBUG - joeynmt.training - 	Tokenized reference:  ['La', 'pro@@', 'ch@@', 'aine', 'di@@', 'apos@@', 'iti@@', 've', 'que', 'je', 'vais', 'vous', 'montrer', 'est', 'une', 'v@@', 'ue', 'en', 'acc@@', 'él@@', 'ér@@', 'é', 'de', 'ce', 'qui', 's&apos;', 'est', 'passé', 'ces', '2@@', '5', 'derni@@', 'ères', 'années', '.']
2026-05-13 18:59:43,930 - DEBUG - joeynmt.training - 	Tokenized hypothesis: ['La', 'pro@@', 'ch@@', 'aine', 'di@@', 'apos@@', 'iti@@', 've', 'que', 'vous', 'all@@', 'ez', 'être', 'un', 'rap@@', 'ide', 'rap@@', 'ide', 'de', 'ce', 'qui', 's&apos;', 'est', 'passé', 'au', 'cours', 'des', '2@@', '5', 'derni@@', 'ères', 'années', '.', '</s>']
2026-05-13 18:59:43,930 - INFO - joeynmt.training - 	Source:     The next slide I show you will be a rapid fast-forward of what &apos;s happened over the last 25 years .
2026-05-13 18:59:43,930 - INFO - joeynmt.training - 	Reference:  La prochaine diapositive que je vais vous montrer est une vue en accéléré de ce qui s&apos; est passé ces 25 dernières années .
2026-05-13 18:59:43,930 - INFO - joeynmt.training - 	Hypothesis: La prochaine diapositive que vous allez être un rapide rapide de ce qui s&apos; est passé au cours des 25 dernières années .
2026-05-13 18:59:55,090 - INFO - joeynmt.training - Epoch   8, Step:    31100, Batch Loss:     1.147492, Batch Acc: 0.669668, Tokens per Sec:     6905, Lr: 0.000300
2026-05-13 19:00:06,129 - INFO - joeynmt.training - Epoch   8, Step:    31200, Batch Loss:     1.220909, Batch Acc: 0.663897, Tokens per Sec:     7325, Lr: 0.000300
2026-05-13 19:00:16,553 - INFO - joeynmt.training - Epoch   8, Step:    31300, Batch Loss:     1.184188, Batch Acc: 0.661760, Tokens per Sec:     7664, Lr: 0.000300
2026-05-13 19:00:27,053 - INFO - joeynmt.training - Epoch   8, Step:    31400, Batch Loss:     1.096882, Batch Acc: 0.661231, Tokens per Sec:     7266, Lr: 0.000300
2026-05-13 19:00:37,459 - INFO - joeynmt.training - Epoch   8, Step:    31500, Batch Loss:     1.004624, Batch Acc: 0.661858, Tokens per Sec:     7567, Lr: 0.000300
2026-05-13 19:00:37,459 - WARNING - joeynmt.helpers - `alpha` option is obsolete. Please use `beam_alpha`, instead.
2026-05-13 19:00:37,460 - INFO - joeynmt.prediction - Predicting 890 example(s)... (Greedy decoding with min_output_length=1, max_output_length=-1, return_prob='none', generate_unk=True, repetition_penalty=-1, no_repeat_ngram_size=-1)
2026-05-13 19:01:16,220 - INFO - joeynmt.prediction - Evaluation result (greedy) loss:   1.42, ppl:   4.15, acc:   0.59, generation: 38.7553[sec], evaluation: 0.0000[sec]
2026-05-13 19:01:16,272 - INFO - joeynmt.helpers - delete models/bpe_2k/29500.ckpt
2026-05-13 19:01:16,272 - INFO - joeynmt.training - Example #0
2026-05-13 19:01:16,272 - DEBUG - joeynmt.training - 	Tokenized source:     ['L@@', 'ast', 'year', 'I', 'sho@@', 'w@@', 'ed', 'these', 'two', 's@@', 'li@@', 'des', 'so', 'that', 'dem@@', 'on@@', 'str@@', 'ate', 'that', 'the', 'ar@@', 'c@@', 'tic', 'ice', 'c@@', 'a@@', 'p', ',', 'which', 'for', 'most', 'of', 'the', 'last', 'three', 'million', 'years', 'has', 'been', 'the', 'si@@', 'ze', 'of', 'the', 'lo@@', 'wer', '4@@', '8', 'st@@', 'ates', ',', 'has', 'sh@@', 'r@@', 'un@@', 'k', 'by', '4@@', '0', 'percent', '.']
2026-05-13 19:01:16,272 - DEBUG - joeynmt.training - 	Tokenized reference:  ['L&apos;', 'année', 'derni@@', 'ère', ',', 'je', 'vous', 'ai', 'présent@@', 'é', 'ces', 'deux', 'di@@', 'apos@@', 'iti@@', 'ves', 'qui', 'montr@@', 'aient', 'que', 'la', 'cal@@', 'ot@@', 'te', 'gl@@', 'ac@@', 'ière', 'ar@@', 'c@@', 'tique', ',', 'qui', 'pendant', 'ces', '3', 'derni@@', 'ers', 'millions', 'd&apos;', 'année', 'avait', 'la', 't@@', 'ail@@', 'le', 'des', 'E@@', 'tat@@', 's-@@', 'Un@@', 'is', 'sans', 'l&apos;', 'Al@@', 'as@@', 'k@@', 'a', ',', 'qui', 'pendant', 'ces', '3', 'derni@@', 'ers', 'millions', 'd&apos;', 'année', 'avait', 'la', 't@@', 'ail@@', 'le', 'des', 'E@@', 'tat@@', 's-@@', 'Un@@', 'is', 'sans', 'l&apos;', 'Al@@', 'as@@', 'k@@', 'a', ',', 'avait', 'di@@', 'minu@@', 'é', 'de', '4@@', '0', '%', '.']
2026-05-13 19:01:16,272 - DEBUG - joeynmt.training - 	Tokenized hypothesis: ['L&apos;', 'année', 'derni@@', 'ère', ',', 'j&apos;', 'ai', 'montr@@', 'é', 'ces', 'deux', 'di@@', 'apos@@', 'iti@@', 'ves', 'pour', 'que', 'la', 'dé@@', 'mon@@', 'str@@', 'ation', 'de', 'gl@@', 'ace', ',', 'qui', 'pendant', 'la', 'plu@@', 'part', 'des', 'trois', 'millions', 'd&apos;', 'années', 'a', 'été', 'la', 't@@', 'ail@@', 'le', 'de', '4@@', '8', 'ét@@', 'at@@', 's', ',', 'a', 'cour@@', 'u', '4@@', '0', '%', '.', '</s>']
2026-05-13 19:01:16,272 - INFO - joeynmt.training - 	Source:     Last year I showed these two slides so that demonstrate that the arctic ice cap , which for most of the last three million years has been the size of the lower 48 states , has shrunk by 40 percent .
2026-05-13 19:01:16,272 - INFO - joeynmt.training - 	Reference:  L&apos; année dernière , je vous ai présenté ces deux diapositives qui montraient que la calotte glacière arctique , qui pendant ces 3 derniers millions d&apos; année avait la taille des Etats-Unis sans l&apos; Alaska , qui pendant ces 3 derniers millions d&apos; année avait la taille des Etats-Unis sans l&apos; Alaska , avait diminué de 40 % .
2026-05-13 19:01:16,272 - INFO - joeynmt.training - 	Hypothesis: L&apos; année dernière , j&apos; ai montré ces deux diapositives pour que la démonstration de glace , qui pendant la plupart des trois millions d&apos; années a été la taille de 48 états , a couru 40 % .
2026-05-13 19:01:16,273 - INFO - joeynmt.training - Example #1
2026-05-13 19:01:16,273 - DEBUG - joeynmt.training - 	Tokenized source:     ['But', 'this', 'underst@@', 'ates', 'the', 'ser@@', 'i@@', 'ous@@', 'ness', 'of', 'this', 'partic@@', 'ul@@', 'ar', 'problem', 'because', 'it', 'doesn', '&apos;t', 'show', 'the', 'th@@', 'ick@@', 'ness', 'of', 'the', 'ice', '.']
2026-05-13 19:01:16,273 - DEBUG - joeynmt.training - 	Tokenized reference:  ['Mais', 'ceci', 'ten@@', 'd', 'à', 'a@@', 'mo@@', 'ind@@', 'rir', 'le', 'problème', 'parce', 'qu&apos;', 'on', 'ne', 'vo@@', 'it', 'pas', 'l&apos;', 'é@@', 'p@@', 'aiss@@', 'eur', 'de', 'la', 'gl@@', 'ace', '.']
2026-05-13 19:01:16,273 - DEBUG - joeynmt.training - 	Tokenized hypothesis: ['Mais', 'cette', 'com@@', 'pr@@', 'end', 'le', 'problème', 'de', 'la', 's@@', 'éri@@', 'eu@@', 's@@', 'ité', 'de', 'ce', 'problème', 'parce', 'qu&apos;', 'il', 'ne', 'mon@@', 'te', 'pas', 'le', 'pou@@', 'let', 'de', 'la', 'gl@@', 'ace', '.', '</s>']
2026-05-13 19:01:16,273 - INFO - joeynmt.training - 	Source:     But this understates the seriousness of this particular problem because it doesn &apos;t show the thickness of the ice .
2026-05-13 19:01:16,273 - INFO - joeynmt.training - 	Reference:  Mais ceci tend à amoindrir le problème parce qu&apos; on ne voit pas l&apos; épaisseur de la glace .
2026-05-13 19:01:16,273 - INFO - joeynmt.training - 	Hypothesis: Mais cette comprend le problème de la sérieusité de ce problème parce qu&apos; il ne monte pas le poulet de la glace .
2026-05-13 19:01:16,273 - INFO - joeynmt.training - Example #2
2026-05-13 19:01:16,273 - DEBUG - joeynmt.training - 	Tokenized source:     ['The', 'ar@@', 'c@@', 'tic', 'ice', 'c@@', 'a@@', 'p', 'is', ',', 'in', 'a', 'sense', ',', 'the', 'be@@', 'ating', 'he@@', 'art', 'of', 'the', 'glob@@', 'al', 'cli@@', 'm@@', 'ate', 'system', '.']
2026-05-13 19:01:16,273 - DEBUG - joeynmt.training - 	Tokenized reference:  ['On', 'peut', 'voir', 'la', 'cal@@', 'ot@@', 'te', 'gl@@', 'ac@@', 'ière', 'ar@@', 'c@@', 'tique', 'comme', 'le', 'co@@', 'eur', 'du', 'système', 'cli@@', 'ma@@', 'tique', 'glob@@', 'al', '.', 'On', 'peut', 'voir', 'la', 'cal@@', 'ot@@', 'te', 'gl@@', 'ac@@', 'ière', 'ar@@', 'c@@', 'tique', 'comme', 'le', 'co@@', 'eur', 'du', 'système', 'cli@@', 'ma@@', 'tique', 'glob@@', 'al', '.']
2026-05-13 19:01:16,273 - DEBUG - joeynmt.training - 	Tokenized hypothesis: ['Le', 'c@@', 'â@@', 'p', 'de', 'gl@@', 'ace', 'est', ',', 'dans', 'un', 'sens', ',', 'le', 'co@@', 'eur', 'co@@', 'eur', 'du', 'système', 'cli@@', 'm@@', 'at', 'mon@@', 'di@@', 'al', '.', '</s>']
2026-05-13 19:01:16,273 - INFO - joeynmt.training - 	Source:     The arctic ice cap is , in a sense , the beating heart of the global climate system .
2026-05-13 19:01:16,273 - INFO - joeynmt.training - 	Reference:  On peut voir la calotte glacière arctique comme le coeur du système climatique global . On peut voir la calotte glacière arctique comme le coeur du système climatique global .
2026-05-13 19:01:16,273 - INFO - joeynmt.training - 	Hypothesis: Le câp de glace est , dans un sens , le coeur coeur du système climat mondial .
2026-05-13 19:01:16,273 - INFO - joeynmt.training - Example #3
2026-05-13 19:01:16,273 - DEBUG - joeynmt.training - 	Tokenized source:     ['It', 'exp@@', 'ands', 'in', 'w@@', 'int@@', 'er', 'and', 'contr@@', 'ac@@', 'ts', 'in', 'su@@', 'm@@', 'mer', '.']
2026-05-13 19:01:16,273 - DEBUG - joeynmt.training - 	Tokenized reference:  ['Elle', 's&apos;', 'ét@@', 'end', 'en', 'hi@@', 'ver', 'et', 'se', 'contr@@', 'ac@@', 'te', 'en', 'été', '.']
2026-05-13 19:01:16,273 - DEBUG - joeynmt.training - 	Tokenized hypothesis: ['Cela', 's&apos;', 'ét@@', 'end@@', 'ent', 'dans', 'l&apos;', 'été', 'et', 'des', 'contr@@', 'at@@', 's', 'en', 'été', '.', '</s>']
2026-05-13 19:01:16,273 - INFO - joeynmt.training - 	Source:     It expands in winter and contracts in summer .
2026-05-13 19:01:16,273 - INFO - joeynmt.training - 	Reference:  Elle s&apos; étend en hiver et se contracte en été .
2026-05-13 19:01:16,273 - INFO - joeynmt.training - 	Hypothesis: Cela s&apos; étendent dans l&apos; été et des contrats en été .
2026-05-13 19:01:16,273 - INFO - joeynmt.training - Example #4
2026-05-13 19:01:16,273 - DEBUG - joeynmt.training - 	Tokenized source:     ['The', 'next', 's@@', 'li@@', 'de', 'I', 'show', 'you', 'will', 'be', 'a', 'rap@@', 'id', 'fas@@', 't-@@', 'for@@', 'w@@', 'ard', 'of', 'what', '&apos;s', 'happen@@', 'ed', 'over', 'the', 'last', '2@@', '5', 'years', '.']
2026-05-13 19:01:16,273 - DEBUG - joeynmt.training - 	Tokenized reference:  ['La', 'pro@@', 'ch@@', 'aine', 'di@@', 'apos@@', 'iti@@', 've', 'que', 'je', 'vais', 'vous', 'montrer', 'est', 'une', 'v@@', 'ue', 'en', 'acc@@', 'él@@', 'ér@@', 'é', 'de', 'ce', 'qui', 's&apos;', 'est', 'passé', 'ces', '2@@', '5', 'derni@@', 'ères', 'années', '.']
2026-05-13 19:01:16,273 - DEBUG - joeynmt.training - 	Tokenized hypothesis: ['La', 'pro@@', 'ch@@', 'aine', 'di@@', 'apos@@', 'iti@@', 've', 'que', 'vous', 'ser@@', 'ez', 'un', 'rap@@', 'ide', 'rap@@', 'ide', 'de', 'ce', 'qui', 'est', 'arriv@@', 'é', 'au', 'cours', 'des', '2@@', '5', 'derni@@', 'ères', 'années', '.', '</s>']
2026-05-13 19:01:16,273 - INFO - joeynmt.training - 	Source:     The next slide I show you will be a rapid fast-forward of what &apos;s happened over the last 25 years .
2026-05-13 19:01:16,273 - INFO - joeynmt.training - 	Reference:  La prochaine diapositive que je vais vous montrer est une vue en accéléré de ce qui s&apos; est passé ces 25 dernières années .
2026-05-13 19:01:16,273 - INFO - joeynmt.training - 	Hypothesis: La prochaine diapositive que vous serez un rapide rapide de ce qui est arrivé au cours des 25 dernières années .
2026-05-13 19:01:26,965 - INFO - joeynmt.training - Epoch   8, Step:    31600, Batch Loss:     1.205565, Batch Acc: 0.665156, Tokens per Sec:     7312, Lr: 0.000300
2026-05-13 19:01:37,496 - INFO - joeynmt.training - Epoch   8, Step:    31700, Batch Loss:     1.187314, Batch Acc: 0.655794, Tokens per Sec:     7596, Lr: 0.000300
2026-05-13 19:01:48,118 - INFO - joeynmt.training - Epoch   8, Step:    31800, Batch Loss:     1.090275, Batch Acc: 0.656938, Tokens per Sec:     7261, Lr: 0.000300
2026-05-13 19:01:58,798 - INFO - joeynmt.training - Epoch   8, Step:    31900, Batch Loss:     1.341810, Batch Acc: 0.659770, Tokens per Sec:     7350, Lr: 0.000300
2026-05-13 19:02:09,253 - INFO - joeynmt.training - Epoch   8, Step:    32000, Batch Loss:     1.114141, Batch Acc: 0.662155, Tokens per Sec:     7442, Lr: 0.000300
2026-05-13 19:02:09,253 - WARNING - joeynmt.helpers - `alpha` option is obsolete. Please use `beam_alpha`, instead.
2026-05-13 19:02:09,253 - INFO - joeynmt.prediction - Predicting 890 example(s)... (Greedy decoding with min_output_length=1, max_output_length=-1, return_prob='none', generate_unk=True, repetition_penalty=-1, no_repeat_ngram_size=-1)
2026-05-13 19:02:46,189 - INFO - joeynmt.prediction - Evaluation result (greedy) loss:   1.42, ppl:   4.12, acc:   0.59, generation: 36.9304[sec], evaluation: 0.0000[sec]
2026-05-13 19:02:46,190 - INFO - joeynmt.training - Hooray! New best validation result [ppl]!
2026-05-13 19:02:46,240 - INFO - joeynmt.helpers - delete models/bpe_2k/29000.ckpt
2026-05-13 19:02:46,240 - INFO - joeynmt.training - Example #0
2026-05-13 19:02:46,240 - DEBUG - joeynmt.training - 	Tokenized source:     ['L@@', 'ast', 'year', 'I', 'sho@@', 'w@@', 'ed', 'these', 'two', 's@@', 'li@@', 'des', 'so', 'that', 'dem@@', 'on@@', 'str@@', 'ate', 'that', 'the', 'ar@@', 'c@@', 'tic', 'ice', 'c@@', 'a@@', 'p', ',', 'which', 'for', 'most', 'of', 'the', 'last', 'three', 'million', 'years', 'has', 'been', 'the', 'si@@', 'ze', 'of', 'the', 'lo@@', 'wer', '4@@', '8', 'st@@', 'ates', ',', 'has', 'sh@@', 'r@@', 'un@@', 'k', 'by', '4@@', '0', 'percent', '.']
2026-05-13 19:02:46,240 - DEBUG - joeynmt.training - 	Tokenized reference:  ['L&apos;', 'année', 'derni@@', 'ère', ',', 'je', 'vous', 'ai', 'présent@@', 'é', 'ces', 'deux', 'di@@', 'apos@@', 'iti@@', 'ves', 'qui', 'montr@@', 'aient', 'que', 'la', 'cal@@', 'ot@@', 'te', 'gl@@', 'ac@@', 'ière', 'ar@@', 'c@@', 'tique', ',', 'qui', 'pendant', 'ces', '3', 'derni@@', 'ers', 'millions', 'd&apos;', 'année', 'avait', 'la', 't@@', 'ail@@', 'le', 'des', 'E@@', 'tat@@', 's-@@', 'Un@@', 'is', 'sans', 'l&apos;', 'Al@@', 'as@@', 'k@@', 'a', ',', 'qui', 'pendant', 'ces', '3', 'derni@@', 'ers', 'millions', 'd&apos;', 'année', 'avait', 'la', 't@@', 'ail@@', 'le', 'des', 'E@@', 'tat@@', 's-@@', 'Un@@', 'is', 'sans', 'l&apos;', 'Al@@', 'as@@', 'k@@', 'a', ',', 'avait', 'di@@', 'minu@@', 'é', 'de', '4@@', '0', '%', '.']
2026-05-13 19:02:46,240 - DEBUG - joeynmt.training - 	Tokenized hypothesis: ['L&apos;', 'année', 'derni@@', 'ère', ',', 'j&apos;', 'ai', 'montr@@', 'é', 'ces', 'deux', 'di@@', 'a@@', 'po@@', 's', 'de', 'dé@@', 'montrer', 'que', 'la', 'gl@@', 'ace', 'ar@@', 'c@@', 'tique', ',', 'qui', 'pendant', 'la', 'plu@@', 'part', 'des', 'trois', 'millions', 'd&apos;', 'années', ',', 'a', 'été', 'la', 't@@', 'ail@@', 'le', 'de', '4@@', '0', 'ét@@', 'at@@', 's', '’', 'ét@@', 'at@@', 's', '’', 'ét@@', 'at@@', 's', '’', 'ét@@', 'at@@', 's', 'de', '4@@', '0', '%', '.', '</s>']
2026-05-13 19:02:46,241 - INFO - joeynmt.training - 	Source:     Last year I showed these two slides so that demonstrate that the arctic ice cap , which for most of the last three million years has been the size of the lower 48 states , has shrunk by 40 percent .
2026-05-13 19:02:46,241 - INFO - joeynmt.training - 	Reference:  L&apos; année dernière , je vous ai présenté ces deux diapositives qui montraient que la calotte glacière arctique , qui pendant ces 3 derniers millions d&apos; année avait la taille des Etats-Unis sans l&apos; Alaska , qui pendant ces 3 derniers millions d&apos; année avait la taille des Etats-Unis sans l&apos; Alaska , avait diminué de 40 % .
2026-05-13 19:02:46,241 - INFO - joeynmt.training - 	Hypothesis: L&apos; année dernière , j&apos; ai montré ces deux diapos de démontrer que la glace arctique , qui pendant la plupart des trois millions d&apos; années , a été la taille de 40 états ’ états ’ états ’ états de 40 % .
2026-05-13 19:02:46,241 - INFO - joeynmt.training - Example #1
2026-05-13 19:02:46,241 - DEBUG - joeynmt.training - 	Tokenized source:     ['But', 'this', 'underst@@', 'ates', 'the', 'ser@@', 'i@@', 'ous@@', 'ness', 'of', 'this', 'partic@@', 'ul@@', 'ar', 'problem', 'because', 'it', 'doesn', '&apos;t', 'show', 'the', 'th@@', 'ick@@', 'ness', 'of', 'the', 'ice', '.']
2026-05-13 19:02:46,241 - DEBUG - joeynmt.training - 	Tokenized reference:  ['Mais', 'ceci', 'ten@@', 'd', 'à', 'a@@', 'mo@@', 'ind@@', 'rir', 'le', 'problème', 'parce', 'qu&apos;', 'on', 'ne', 'vo@@', 'it', 'pas', 'l&apos;', 'é@@', 'p@@', 'aiss@@', 'eur', 'de', 'la', 'gl@@', 'ace', '.']
2026-05-13 19:02:46,241 - DEBUG - joeynmt.training - 	Tokenized hypothesis: ['Mais', 'cette', 'com@@', 'pré@@', 'h@@', 'en@@', 'sion', 'de', 'ce', 'problème', 'parce', 'que', 'ça', 'ne', 'mon@@', 'te', 'pas', 'la', 'p@@', 'aiss@@', 'eur', 'de', 'la', 'gl@@', 'ace', '.', '</s>']
2026-05-13 19:02:46,241 - INFO - joeynmt.training - 	Source:     But this understates the seriousness of this particular problem because it doesn &apos;t show the thickness of the ice .
2026-05-13 19:02:46,241 - INFO - joeynmt.training - 	Reference:  Mais ceci tend à amoindrir le problème parce qu&apos; on ne voit pas l&apos; épaisseur de la glace .
2026-05-13 19:02:46,241 - INFO - joeynmt.training - 	Hypothesis: Mais cette compréhension de ce problème parce que ça ne monte pas la paisseur de la glace .
2026-05-13 19:02:46,241 - INFO - joeynmt.training - Example #2
2026-05-13 19:02:46,241 - DEBUG - joeynmt.training - 	Tokenized source:     ['The', 'ar@@', 'c@@', 'tic', 'ice', 'c@@', 'a@@', 'p', 'is', ',', 'in', 'a', 'sense', ',', 'the', 'be@@', 'ating', 'he@@', 'art', 'of', 'the', 'glob@@', 'al', 'cli@@', 'm@@', 'ate', 'system', '.']
2026-05-13 19:02:46,241 - DEBUG - joeynmt.training - 	Tokenized reference:  ['On', 'peut', 'voir', 'la', 'cal@@', 'ot@@', 'te', 'gl@@', 'ac@@', 'ière', 'ar@@', 'c@@', 'tique', 'comme', 'le', 'co@@', 'eur', 'du', 'système', 'cli@@', 'ma@@', 'tique', 'glob@@', 'al', '.', 'On', 'peut', 'voir', 'la', 'cal@@', 'ot@@', 'te', 'gl@@', 'ac@@', 'ière', 'ar@@', 'c@@', 'tique', 'comme', 'le', 'co@@', 'eur', 'du', 'système', 'cli@@', 'ma@@', 'tique', 'glob@@', 'al', '.']
2026-05-13 19:02:46,241 - DEBUG - joeynmt.training - 	Tokenized hypothesis: ['Le', 'c@@', 'â@@', 'ble', 'ar@@', 'c@@', 'tique', 'est', ',', 'dans', 'un', 'sens', ',', 'le', 'c@@', 'œ@@', 'u@@', 'r', 'du', 'système', 'cli@@', 'm@@', 'at', 'mon@@', 'di@@', 'al', '.', '</s>']
2026-05-13 19:02:46,241 - INFO - joeynmt.training - 	Source:     The arctic ice cap is , in a sense , the beating heart of the global climate system .
2026-05-13 19:02:46,241 - INFO - joeynmt.training - 	Reference:  On peut voir la calotte glacière arctique comme le coeur du système climatique global . On peut voir la calotte glacière arctique comme le coeur du système climatique global .
2026-05-13 19:02:46,241 - INFO - joeynmt.training - 	Hypothesis: Le câble arctique est , dans un sens , le cœur du système climat mondial .
2026-05-13 19:02:46,241 - INFO - joeynmt.training - Example #3
2026-05-13 19:02:46,241 - DEBUG - joeynmt.training - 	Tokenized source:     ['It', 'exp@@', 'ands', 'in', 'w@@', 'int@@', 'er', 'and', 'contr@@', 'ac@@', 'ts', 'in', 'su@@', 'm@@', 'mer', '.']
2026-05-13 19:02:46,241 - DEBUG - joeynmt.training - 	Tokenized reference:  ['Elle', 's&apos;', 'ét@@', 'end', 'en', 'hi@@', 'ver', 'et', 'se', 'contr@@', 'ac@@', 'te', 'en', 'été', '.']
2026-05-13 19:02:46,241 - DEBUG - joeynmt.training - 	Tokenized hypothesis: ['Il', 's&apos;', 'ag@@', 'it', 'de', 'l&apos;', 'hi@@', 'ver', 'et', 'contr@@', 'ac@@', 'te', 'en', 'été', '.', '</s>']
2026-05-13 19:02:46,241 - INFO - joeynmt.training - 	Source:     It expands in winter and contracts in summer .
2026-05-13 19:02:46,241 - INFO - joeynmt.training - 	Reference:  Elle s&apos; étend en hiver et se contracte en été .
2026-05-13 19:02:46,241 - INFO - joeynmt.training - 	Hypothesis: Il s&apos; agit de l&apos; hiver et contracte en été .
2026-05-13 19:02:46,241 - INFO - joeynmt.training - Example #4
2026-05-13 19:02:46,241 - DEBUG - joeynmt.training - 	Tokenized source:     ['The', 'next', 's@@', 'li@@', 'de', 'I', 'show', 'you', 'will', 'be', 'a', 'rap@@', 'id', 'fas@@', 't-@@', 'for@@', 'w@@', 'ard', 'of', 'what', '&apos;s', 'happen@@', 'ed', 'over', 'the', 'last', '2@@', '5', 'years', '.']
2026-05-13 19:02:46,241 - DEBUG - joeynmt.training - 	Tokenized reference:  ['La', 'pro@@', 'ch@@', 'aine', 'di@@', 'apos@@', 'iti@@', 've', 'que', 'je', 'vais', 'vous', 'montrer', 'est', 'une', 'v@@', 'ue', 'en', 'acc@@', 'él@@', 'ér@@', 'é', 'de', 'ce', 'qui', 's&apos;', 'est', 'passé', 'ces', '2@@', '5', 'derni@@', 'ères', 'années', '.']
2026-05-13 19:02:46,241 - DEBUG - joeynmt.training - 	Tokenized hypothesis: ['La', 'pro@@', 'ch@@', 'aine', 'di@@', 'apos@@', 'iti@@', 've', 'que', 'je', 'vous', 'ser@@', 'ai', 'un', 'rap@@', 'ide', 'rap@@', 'ide', 'de', 'ce', 'qui', 'se', 'pass@@', 'ait', 'au', 'cours', 'des', '2@@', '5', 'derni@@', 'ères', 'années', '.', '</s>']
2026-05-13 19:02:46,241 - INFO - joeynmt.training - 	Source:     The next slide I show you will be a rapid fast-forward of what &apos;s happened over the last 25 years .
2026-05-13 19:02:46,241 - INFO - joeynmt.training - 	Reference:  La prochaine diapositive que je vais vous montrer est une vue en accéléré de ce qui s&apos; est passé ces 25 dernières années .
2026-05-13 19:02:46,241 - INFO - joeynmt.training - 	Hypothesis: La prochaine diapositive que je vous serai un rapide rapide de ce qui se passait au cours des 25 dernières années .
2026-05-13 19:02:57,198 - INFO - joeynmt.training - Epoch   8, Step:    32100, Batch Loss:     1.237386, Batch Acc: 0.663686, Tokens per Sec:     7000, Lr: 0.000300
2026-05-13 19:03:07,982 - INFO - joeynmt.training - Epoch   8, Step:    32200, Batch Loss:     1.356115, Batch Acc: 0.655948, Tokens per Sec:     7224, Lr: 0.000300
2026-05-13 19:03:18,547 - INFO - joeynmt.training - Epoch   8, Step:    32300, Batch Loss:     1.315676, Batch Acc: 0.660887, Tokens per Sec:     7278, Lr: 0.000300
2026-05-13 19:03:29,085 - INFO - joeynmt.training - Epoch   8, Step:    32400, Batch Loss:     1.084252, Batch Acc: 0.660712, Tokens per Sec:     7506, Lr: 0.000300
2026-05-13 19:03:39,889 - INFO - joeynmt.training - Epoch   8, Step:    32500, Batch Loss:     1.183380, Batch Acc: 0.660601, Tokens per Sec:     7238, Lr: 0.000300
2026-05-13 19:03:39,889 - WARNING - joeynmt.helpers - `alpha` option is obsolete. Please use `beam_alpha`, instead.
2026-05-13 19:03:39,889 - INFO - joeynmt.prediction - Predicting 890 example(s)... (Greedy decoding with min_output_length=1, max_output_length=-1, return_prob='none', generate_unk=True, repetition_penalty=-1, no_repeat_ngram_size=-1)
2026-05-13 19:04:20,260 - INFO - joeynmt.prediction - Evaluation result (greedy) loss:   1.42, ppl:   4.12, acc:   0.60, generation: 40.3658[sec], evaluation: 0.0000[sec]
2026-05-13 19:04:20,261 - INFO - joeynmt.training - Hooray! New best validation result [ppl]!
2026-05-13 19:04:20,314 - INFO - joeynmt.helpers - delete models/bpe_2k/31500.ckpt
2026-05-13 19:04:20,314 - INFO - joeynmt.training - Example #0
2026-05-13 19:04:20,315 - DEBUG - joeynmt.training - 	Tokenized source:     ['L@@', 'ast', 'year', 'I', 'sho@@', 'w@@', 'ed', 'these', 'two', 's@@', 'li@@', 'des', 'so', 'that', 'dem@@', 'on@@', 'str@@', 'ate', 'that', 'the', 'ar@@', 'c@@', 'tic', 'ice', 'c@@', 'a@@', 'p', ',', 'which', 'for', 'most', 'of', 'the', 'last', 'three', 'million', 'years', 'has', 'been', 'the', 'si@@', 'ze', 'of', 'the', 'lo@@', 'wer', '4@@', '8', 'st@@', 'ates', ',', 'has', 'sh@@', 'r@@', 'un@@', 'k', 'by', '4@@', '0', 'percent', '.']
2026-05-13 19:04:20,315 - DEBUG - joeynmt.training - 	Tokenized reference:  ['L&apos;', 'année', 'derni@@', 'ère', ',', 'je', 'vous', 'ai', 'présent@@', 'é', 'ces', 'deux', 'di@@', 'apos@@', 'iti@@', 'ves', 'qui', 'montr@@', 'aient', 'que', 'la', 'cal@@', 'ot@@', 'te', 'gl@@', 'ac@@', 'ière', 'ar@@', 'c@@', 'tique', ',', 'qui', 'pendant', 'ces', '3', 'derni@@', 'ers', 'millions', 'd&apos;', 'année', 'avait', 'la', 't@@', 'ail@@', 'le', 'des', 'E@@', 'tat@@', 's-@@', 'Un@@', 'is', 'sans', 'l&apos;', 'Al@@', 'as@@', 'k@@', 'a', ',', 'qui', 'pendant', 'ces', '3', 'derni@@', 'ers', 'millions', 'd&apos;', 'année', 'avait', 'la', 't@@', 'ail@@', 'le', 'des', 'E@@', 'tat@@', 's-@@', 'Un@@', 'is', 'sans', 'l&apos;', 'Al@@', 'as@@', 'k@@', 'a', ',', 'avait', 'di@@', 'minu@@', 'é', 'de', '4@@', '0', '%', '.']
2026-05-13 19:04:20,315 - DEBUG - joeynmt.training - 	Tokenized hypothesis: ['L&apos;', 'année', 'derni@@', 'ère', ',', 'j&apos;', 'ai', 'montr@@', 'é', 'ces', 'deux', 'di@@', 'a@@', 'po@@', 's', 'de', 't@@', 'elle', 'que', 'la', 'gl@@', 'ace', 'ar@@', 'c@@', 'tique', ',', 'qui', 'pendant', 'la', 'plu@@', 'part', 'des', 'trois', 'millions', 'd&apos;', 'années', 'a', 'été', 'la', 't@@', 'ail@@', 'le', 'des', 'trois', 'millions', 'd&apos;', 'années', 'a', 'été', 'la', 't@@', 'ail@@', 'le', 'de', 'plus', 'bas', ',', 'a', 'ré@@', 'p@@', 'and@@', 'i', 'par', '4@@', '0', '%', '.', '</s>']
2026-05-13 19:04:20,315 - INFO - joeynmt.training - 	Source:     Last year I showed these two slides so that demonstrate that the arctic ice cap , which for most of the last three million years has been the size of the lower 48 states , has shrunk by 40 percent .
2026-05-13 19:04:20,315 - INFO - joeynmt.training - 	Reference:  L&apos; année dernière , je vous ai présenté ces deux diapositives qui montraient que la calotte glacière arctique , qui pendant ces 3 derniers millions d&apos; année avait la taille des Etats-Unis sans l&apos; Alaska , qui pendant ces 3 derniers millions d&apos; année avait la taille des Etats-Unis sans l&apos; Alaska , avait diminué de 40 % .
2026-05-13 19:04:20,315 - INFO - joeynmt.training - 	Hypothesis: L&apos; année dernière , j&apos; ai montré ces deux diapos de telle que la glace arctique , qui pendant la plupart des trois millions d&apos; années a été la taille des trois millions d&apos; années a été la taille de plus bas , a répandi par 40 % .
2026-05-13 19:04:20,315 - INFO - joeynmt.training - Example #1
2026-05-13 19:04:20,315 - DEBUG - joeynmt.training - 	Tokenized source:     ['But', 'this', 'underst@@', 'ates', 'the', 'ser@@', 'i@@', 'ous@@', 'ness', 'of', 'this', 'partic@@', 'ul@@', 'ar', 'problem', 'because', 'it', 'doesn', '&apos;t', 'show', 'the', 'th@@', 'ick@@', 'ness', 'of', 'the', 'ice', '.']
2026-05-13 19:04:20,315 - DEBUG - joeynmt.training - 	Tokenized reference:  ['Mais', 'ceci', 'ten@@', 'd', 'à', 'a@@', 'mo@@', 'ind@@', 'rir', 'le', 'problème', 'parce', 'qu&apos;', 'on', 'ne', 'vo@@', 'it', 'pas', 'l&apos;', 'é@@', 'p@@', 'aiss@@', 'eur', 'de', 'la', 'gl@@', 'ace', '.']
2026-05-13 19:04:20,315 - DEBUG - joeynmt.training - 	Tokenized hypothesis: ['Mais', 'cela', 'com@@', 'pr@@', 'end', 'la', 's@@', 'éri@@', 'eu@@', 's@@', 'ité', 'de', 'ce', 'problème', 'parce', 'qu&apos;', 'il', 'ne', 'mon@@', 'te', 'pas', 'la', 'gl@@', 'ace', 'de', 'la', 'gl@@', 'ace', '.', '</s>']
2026-05-13 19:04:20,315 - INFO - joeynmt.training - 	Source:     But this understates the seriousness of this particular problem because it doesn &apos;t show the thickness of the ice .
2026-05-13 19:04:20,315 - INFO - joeynmt.training - 	Reference:  Mais ceci tend à amoindrir le problème parce qu&apos; on ne voit pas l&apos; épaisseur de la glace .
2026-05-13 19:04:20,315 - INFO - joeynmt.training - 	Hypothesis: Mais cela comprend la sérieusité de ce problème parce qu&apos; il ne monte pas la glace de la glace .
2026-05-13 19:04:20,315 - INFO - joeynmt.training - Example #2
2026-05-13 19:04:20,315 - DEBUG - joeynmt.training - 	Tokenized source:     ['The', 'ar@@', 'c@@', 'tic', 'ice', 'c@@', 'a@@', 'p', 'is', ',', 'in', 'a', 'sense', ',', 'the', 'be@@', 'ating', 'he@@', 'art', 'of', 'the', 'glob@@', 'al', 'cli@@', 'm@@', 'ate', 'system', '.']
2026-05-13 19:04:20,315 - DEBUG - joeynmt.training - 	Tokenized reference:  ['On', 'peut', 'voir', 'la', 'cal@@', 'ot@@', 'te', 'gl@@', 'ac@@', 'ière', 'ar@@', 'c@@', 'tique', 'comme', 'le', 'co@@', 'eur', 'du', 'système', 'cli@@', 'ma@@', 'tique', 'glob@@', 'al', '.', 'On', 'peut', 'voir', 'la', 'cal@@', 'ot@@', 'te', 'gl@@', 'ac@@', 'ière', 'ar@@', 'c@@', 'tique', 'comme', 'le', 'co@@', 'eur', 'du', 'système', 'cli@@', 'ma@@', 'tique', 'glob@@', 'al', '.']
2026-05-13 19:04:20,315 - DEBUG - joeynmt.training - 	Tokenized hypothesis: ['Le', 'c@@', 'â@@', 'p', 'de', 'gl@@', 'ace', 'est', ',', 'dans', 'un', 'sens', ',', 'le', 'co@@', 'eur', 'de', 'la', 'bi@@', 'p@@', 'p@@', 'p@@', 'éri@@', 'e', 'du', 'système', 'cli@@', 'm@@', 'at', 'mon@@', 'di@@', 'al', '.', '</s>']
2026-05-13 19:04:20,315 - INFO - joeynmt.training - 	Source:     The arctic ice cap is , in a sense , the beating heart of the global climate system .
2026-05-13 19:04:20,315 - INFO - joeynmt.training - 	Reference:  On peut voir la calotte glacière arctique comme le coeur du système climatique global . On peut voir la calotte glacière arctique comme le coeur du système climatique global .
2026-05-13 19:04:20,315 - INFO - joeynmt.training - 	Hypothesis: Le câp de glace est , dans un sens , le coeur de la bipppérie du système climat mondial .
2026-05-13 19:04:20,315 - INFO - joeynmt.training - Example #3
2026-05-13 19:04:20,315 - DEBUG - joeynmt.training - 	Tokenized source:     ['It', 'exp@@', 'ands', 'in', 'w@@', 'int@@', 'er', 'and', 'contr@@', 'ac@@', 'ts', 'in', 'su@@', 'm@@', 'mer', '.']
2026-05-13 19:04:20,315 - DEBUG - joeynmt.training - 	Tokenized reference:  ['Elle', 's&apos;', 'ét@@', 'end', 'en', 'hi@@', 'ver', 'et', 'se', 'contr@@', 'ac@@', 'te', 'en', 'été', '.']
2026-05-13 19:04:20,315 - DEBUG - joeynmt.training - 	Tokenized hypothesis: ['Il', 's&apos;', 'ét@@', 'end', 'en', 'hi@@', 'ver', 'et', 'contr@@', 'ac@@', 'tes', 'en', 'été', '.', '</s>']
2026-05-13 19:04:20,315 - INFO - joeynmt.training - 	Source:     It expands in winter and contracts in summer .
2026-05-13 19:04:20,315 - INFO - joeynmt.training - 	Reference:  Elle s&apos; étend en hiver et se contracte en été .
2026-05-13 19:04:20,316 - INFO - joeynmt.training - 	Hypothesis: Il s&apos; étend en hiver et contractes en été .
2026-05-13 19:04:20,316 - INFO - joeynmt.training - Example #4
2026-05-13 19:04:20,316 - DEBUG - joeynmt.training - 	Tokenized source:     ['The', 'next', 's@@', 'li@@', 'de', 'I', 'show', 'you', 'will', 'be', 'a', 'rap@@', 'id', 'fas@@', 't-@@', 'for@@', 'w@@', 'ard', 'of', 'what', '&apos;s', 'happen@@', 'ed', 'over', 'the', 'last', '2@@', '5', 'years', '.']
2026-05-13 19:04:20,316 - DEBUG - joeynmt.training - 	Tokenized reference:  ['La', 'pro@@', 'ch@@', 'aine', 'di@@', 'apos@@', 'iti@@', 've', 'que', 'je', 'vais', 'vous', 'montrer', 'est', 'une', 'v@@', 'ue', 'en', 'acc@@', 'él@@', 'ér@@', 'é', 'de', 'ce', 'qui', 's&apos;', 'est', 'passé', 'ces', '2@@', '5', 'derni@@', 'ères', 'années', '.']
2026-05-13 19:04:20,316 - DEBUG - joeynmt.training - 	Tokenized hypothesis: ['La', 'pro@@', 'ch@@', 'aine', 'di@@', 'apos@@', 'iti@@', 've', 'que', 'je', 'vais', 'être', 'un', 'rap@@', 'ide', 'rap@@', 'ide', 'de', 'ce', 'qui', 's&apos;', 'est', 'passé', 'au', 'cours', 'des', '2@@', '5', 'ans', '.', '</s>']
2026-05-13 19:04:20,316 - INFO - joeynmt.training - 	Source:     The next slide I show you will be a rapid fast-forward of what &apos;s happened over the last 25 years .
2026-05-13 19:04:20,316 - INFO - joeynmt.training - 	Reference:  La prochaine diapositive que je vais vous montrer est une vue en accéléré de ce qui s&apos; est passé ces 25 dernières années .
2026-05-13 19:04:20,316 - INFO - joeynmt.training - 	Hypothesis: La prochaine diapositive que je vais être un rapide rapide de ce qui s&apos; est passé au cours des 25 ans .
2026-05-13 19:04:31,287 - INFO - joeynmt.training - Epoch   8, Step:    32600, Batch Loss:     1.145779, Batch Acc: 0.660680, Tokens per Sec:     7135, Lr: 0.000300
2026-05-13 19:04:42,302 - INFO - joeynmt.training - Epoch   8, Step:    32700, Batch Loss:     1.048398, Batch Acc: 0.658319, Tokens per Sec:     7333, Lr: 0.000300
2026-05-13 19:04:53,569 - INFO - joeynmt.training - Epoch   8, Step:    32800, Batch Loss:     1.213657, Batch Acc: 0.658805, Tokens per Sec:     6861, Lr: 0.000300
2026-05-13 19:05:04,334 - INFO - joeynmt.training - Epoch   8, Step:    32900, Batch Loss:     1.139933, Batch Acc: 0.655334, Tokens per Sec:     7276, Lr: 0.000300
2026-05-13 19:05:15,193 - INFO - joeynmt.training - Epoch   8, Step:    33000, Batch Loss:     1.170438, Batch Acc: 0.660997, Tokens per Sec:     7228, Lr: 0.000300
2026-05-13 19:05:15,193 - WARNING - joeynmt.helpers - `alpha` option is obsolete. Please use `beam_alpha`, instead.
2026-05-13 19:05:15,193 - INFO - joeynmt.prediction - Predicting 890 example(s)... (Greedy decoding with min_output_length=1, max_output_length=-1, return_prob='none', generate_unk=True, repetition_penalty=-1, no_repeat_ngram_size=-1)
2026-05-13 19:05:55,654 - INFO - joeynmt.prediction - Evaluation result (greedy) loss:   1.41, ppl:   4.11, acc:   0.59, generation: 40.4554[sec], evaluation: 0.0000[sec]
2026-05-13 19:05:55,654 - INFO - joeynmt.training - Hooray! New best validation result [ppl]!
2026-05-13 19:05:55,705 - INFO - joeynmt.helpers - delete models/bpe_2k/30000.ckpt
2026-05-13 19:05:55,705 - INFO - joeynmt.training - Example #0
2026-05-13 19:05:55,705 - DEBUG - joeynmt.training - 	Tokenized source:     ['L@@', 'ast', 'year', 'I', 'sho@@', 'w@@', 'ed', 'these', 'two', 's@@', 'li@@', 'des', 'so', 'that', 'dem@@', 'on@@', 'str@@', 'ate', 'that', 'the', 'ar@@', 'c@@', 'tic', 'ice', 'c@@', 'a@@', 'p', ',', 'which', 'for', 'most', 'of', 'the', 'last', 'three', 'million', 'years', 'has', 'been', 'the', 'si@@', 'ze', 'of', 'the', 'lo@@', 'wer', '4@@', '8', 'st@@', 'ates', ',', 'has', 'sh@@', 'r@@', 'un@@', 'k', 'by', '4@@', '0', 'percent', '.']
2026-05-13 19:05:55,705 - DEBUG - joeynmt.training - 	Tokenized reference:  ['L&apos;', 'année', 'derni@@', 'ère', ',', 'je', 'vous', 'ai', 'présent@@', 'é', 'ces', 'deux', 'di@@', 'apos@@', 'iti@@', 'ves', 'qui', 'montr@@', 'aient', 'que', 'la', 'cal@@', 'ot@@', 'te', 'gl@@', 'ac@@', 'ière', 'ar@@', 'c@@', 'tique', ',', 'qui', 'pendant', 'ces', '3', 'derni@@', 'ers', 'millions', 'd&apos;', 'année', 'avait', 'la', 't@@', 'ail@@', 'le', 'des', 'E@@', 'tat@@', 's-@@', 'Un@@', 'is', 'sans', 'l&apos;', 'Al@@', 'as@@', 'k@@', 'a', ',', 'qui', 'pendant', 'ces', '3', 'derni@@', 'ers', 'millions', 'd&apos;', 'année', 'avait', 'la', 't@@', 'ail@@', 'le', 'des', 'E@@', 'tat@@', 's-@@', 'Un@@', 'is', 'sans', 'l&apos;', 'Al@@', 'as@@', 'k@@', 'a', ',', 'avait', 'di@@', 'minu@@', 'é', 'de', '4@@', '0', '%', '.']
2026-05-13 19:05:55,706 - DEBUG - joeynmt.training - 	Tokenized hypothesis: ['L&apos;', 'année', 'derni@@', 'ère', 'j&apos;', 'ai', 'montr@@', 'é', 'ces', 'deux', 'di@@', 'a@@', 'po@@', 's', 'que', 'la', 'gl@@', 'ace', 'de', 'gl@@', 'ace', 'ar@@', 'c@@', 'tique', ',', 'que', 'la', 'gl@@', 'ace', 'de', 'gl@@', 'ace', 'ar@@', 'c@@', 'tique', ',', 'qui', 'depuis', 'la', 'plu@@', 'part', 'des', 'trois', 'millions', 'd&apos;', 'années', 'ont', 'été', 'la', 't@@', 'ail@@', 'le', ',', 'a', 'part@@', 'i', 'par', '4@@', '0', '%', '.', '</s>']
2026-05-13 19:05:55,706 - INFO - joeynmt.training - 	Source:     Last year I showed these two slides so that demonstrate that the arctic ice cap , which for most of the last three million years has been the size of the lower 48 states , has shrunk by 40 percent .
2026-05-13 19:05:55,706 - INFO - joeynmt.training - 	Reference:  L&apos; année dernière , je vous ai présenté ces deux diapositives qui montraient que la calotte glacière arctique , qui pendant ces 3 derniers millions d&apos; année avait la taille des Etats-Unis sans l&apos; Alaska , qui pendant ces 3 derniers millions d&apos; année avait la taille des Etats-Unis sans l&apos; Alaska , avait diminué de 40 % .
2026-05-13 19:05:55,706 - INFO - joeynmt.training - 	Hypothesis: L&apos; année dernière j&apos; ai montré ces deux diapos que la glace de glace arctique , que la glace de glace arctique , qui depuis la plupart des trois millions d&apos; années ont été la taille , a parti par 40 % .
2026-05-13 19:05:55,706 - INFO - joeynmt.training - Example #1
2026-05-13 19:05:55,706 - DEBUG - joeynmt.training - 	Tokenized source:     ['But', 'this', 'underst@@', 'ates', 'the', 'ser@@', 'i@@', 'ous@@', 'ness', 'of', 'this', 'partic@@', 'ul@@', 'ar', 'problem', 'because', 'it', 'doesn', '&apos;t', 'show', 'the', 'th@@', 'ick@@', 'ness', 'of', 'the', 'ice', '.']
2026-05-13 19:05:55,706 - DEBUG - joeynmt.training - 	Tokenized reference:  ['Mais', 'ceci', 'ten@@', 'd', 'à', 'a@@', 'mo@@', 'ind@@', 'rir', 'le', 'problème', 'parce', 'qu&apos;', 'on', 'ne', 'vo@@', 'it', 'pas', 'l&apos;', 'é@@', 'p@@', 'aiss@@', 'eur', 'de', 'la', 'gl@@', 'ace', '.']
2026-05-13 19:05:55,706 - DEBUG - joeynmt.training - 	Tokenized hypothesis: ['Mais', 'cette', 'com@@', 'pr@@', 'ati@@', 'que', 'de', 'ce', 'problème', 'parce', 'que', 'ça', 'ne', 'mon@@', 'tre', 'pas', 'la', 'pou@@', 's@@', 'se', 'de', 'la', 'gl@@', 'ace', '.', '</s>']
2026-05-13 19:05:55,706 - INFO - joeynmt.training - 	Source:     But this understates the seriousness of this particular problem because it doesn &apos;t show the thickness of the ice .
2026-05-13 19:05:55,706 - INFO - joeynmt.training - 	Reference:  Mais ceci tend à amoindrir le problème parce qu&apos; on ne voit pas l&apos; épaisseur de la glace .
2026-05-13 19:05:55,706 - INFO - joeynmt.training - 	Hypothesis: Mais cette compratique de ce problème parce que ça ne montre pas la pousse de la glace .
2026-05-13 19:05:55,706 - INFO - joeynmt.training - Example #2
2026-05-13 19:05:55,706 - DEBUG - joeynmt.training - 	Tokenized source:     ['The', 'ar@@', 'c@@', 'tic', 'ice', 'c@@', 'a@@', 'p', 'is', ',', 'in', 'a', 'sense', ',', 'the', 'be@@', 'ating', 'he@@', 'art', 'of', 'the', 'glob@@', 'al', 'cli@@', 'm@@', 'ate', 'system', '.']
2026-05-13 19:05:55,706 - DEBUG - joeynmt.training - 	Tokenized reference:  ['On', 'peut', 'voir', 'la', 'cal@@', 'ot@@', 'te', 'gl@@', 'ac@@', 'ière', 'ar@@', 'c@@', 'tique', 'comme', 'le', 'co@@', 'eur', 'du', 'système', 'cli@@', 'ma@@', 'tique', 'glob@@', 'al', '.', 'On', 'peut', 'voir', 'la', 'cal@@', 'ot@@', 'te', 'gl@@', 'ac@@', 'ière', 'ar@@', 'c@@', 'tique', 'comme', 'le', 'co@@', 'eur', 'du', 'système', 'cli@@', 'ma@@', 'tique', 'glob@@', 'al', '.']
2026-05-13 19:05:55,706 - DEBUG - joeynmt.training - 	Tokenized hypothesis: ['Le', 'c@@', 'est', 'de', 'gl@@', 'ace', 'ar@@', 'c@@', 'tique', 'est', ',', 'dans', 'un', 'sens', ',', 'le', 'c@@', 'œ@@', 'u@@', 'r', 'de', 'la', 'b@@', 'ête', 'du', 'système', 'cli@@', 'ma@@', 'tique', 'mon@@', 'di@@', 'al', '.', '</s>']
2026-05-13 19:05:55,706 - INFO - joeynmt.training - 	Source:     The arctic ice cap is , in a sense , the beating heart of the global climate system .
2026-05-13 19:05:55,706 - INFO - joeynmt.training - 	Reference:  On peut voir la calotte glacière arctique comme le coeur du système climatique global . On peut voir la calotte glacière arctique comme le coeur du système climatique global .
2026-05-13 19:05:55,706 - INFO - joeynmt.training - 	Hypothesis: Le cest de glace arctique est , dans un sens , le cœur de la bête du système climatique mondial .
2026-05-13 19:05:55,706 - INFO - joeynmt.training - Example #3
2026-05-13 19:05:55,706 - DEBUG - joeynmt.training - 	Tokenized source:     ['It', 'exp@@', 'ands', 'in', 'w@@', 'int@@', 'er', 'and', 'contr@@', 'ac@@', 'ts', 'in', 'su@@', 'm@@', 'mer', '.']
2026-05-13 19:05:55,706 - DEBUG - joeynmt.training - 	Tokenized reference:  ['Elle', 's&apos;', 'ét@@', 'end', 'en', 'hi@@', 'ver', 'et', 'se', 'contr@@', 'ac@@', 'te', 'en', 'été', '.']
2026-05-13 19:05:55,706 - DEBUG - joeynmt.training - 	Tokenized hypothesis: ['Il', 's&apos;', 'ét@@', 'end@@', 'ent', 'dans', 'l&apos;', 'été', 'd&apos;', 'hi@@', 'ver', 'et', 'des', 'contr@@', 'at@@', 's', 'en', 'été', '.', '</s>']
2026-05-13 19:05:55,706 - INFO - joeynmt.training - 	Source:     It expands in winter and contracts in summer .
2026-05-13 19:05:55,706 - INFO - joeynmt.training - 	Reference:  Elle s&apos; étend en hiver et se contracte en été .
2026-05-13 19:05:55,706 - INFO - joeynmt.training - 	Hypothesis: Il s&apos; étendent dans l&apos; été d&apos; hiver et des contrats en été .
2026-05-13 19:05:55,706 - INFO - joeynmt.training - Example #4
2026-05-13 19:05:55,706 - DEBUG - joeynmt.training - 	Tokenized source:     ['The', 'next', 's@@', 'li@@', 'de', 'I', 'show', 'you', 'will', 'be', 'a', 'rap@@', 'id', 'fas@@', 't-@@', 'for@@', 'w@@', 'ard', 'of', 'what', '&apos;s', 'happen@@', 'ed', 'over', 'the', 'last', '2@@', '5', 'years', '.']
2026-05-13 19:05:55,706 - DEBUG - joeynmt.training - 	Tokenized reference:  ['La', 'pro@@', 'ch@@', 'aine', 'di@@', 'apos@@', 'iti@@', 've', 'que', 'je', 'vais', 'vous', 'montrer', 'est', 'une', 'v@@', 'ue', 'en', 'acc@@', 'él@@', 'ér@@', 'é', 'de', 'ce', 'qui', 's&apos;', 'est', 'passé', 'ces', '2@@', '5', 'derni@@', 'ères', 'années', '.']
2026-05-13 19:05:55,706 - DEBUG - joeynmt.training - 	Tokenized hypothesis: ['La', 'pro@@', 'ch@@', 'aine', 'di@@', 'ap@@', 'o', 'que', 'je', 'vais', 'vous', 'montrer', 'un', 'rap@@', 'ide', 'rap@@', 'ide', 'de', 'ce', 'qui', 'se', 'passe', 'pendant', 'les', '2@@', '5', 'derni@@', 'ères', 'années', '.', '</s>']
2026-05-13 19:05:55,707 - INFO - joeynmt.training - 	Source:     The next slide I show you will be a rapid fast-forward of what &apos;s happened over the last 25 years .
2026-05-13 19:05:55,707 - INFO - joeynmt.training - 	Reference:  La prochaine diapositive que je vais vous montrer est une vue en accéléré de ce qui s&apos; est passé ces 25 dernières années .
2026-05-13 19:05:55,707 - INFO - joeynmt.training - 	Hypothesis: La prochaine diapo que je vais vous montrer un rapide rapide de ce qui se passe pendant les 25 dernières années .
2026-05-13 19:06:06,405 - INFO - joeynmt.training - Epoch   8, Step:    33100, Batch Loss:     1.289458, Batch Acc: 0.653387, Tokens per Sec:     7333, Lr: 0.000300
2026-05-13 19:06:17,024 - INFO - joeynmt.training - Epoch   8, Step:    33200, Batch Loss:     1.167207, Batch Acc: 0.656422, Tokens per Sec:     7485, Lr: 0.000300
2026-05-13 19:06:27,727 - INFO - joeynmt.training - Epoch   8, Step:    33300, Batch Loss:     1.214400, Batch Acc: 0.658348, Tokens per Sec:     7402, Lr: 0.000300
2026-05-13 19:06:38,163 - INFO - joeynmt.training - Epoch   8, Step:    33400, Batch Loss:     0.988786, Batch Acc: 0.659059, Tokens per Sec:     7323, Lr: 0.000300
2026-05-13 19:06:49,020 - INFO - joeynmt.training - Epoch   8, Step:    33500, Batch Loss:     1.195912, Batch Acc: 0.653996, Tokens per Sec:     7209, Lr: 0.000300
2026-05-13 19:06:49,020 - WARNING - joeynmt.helpers - `alpha` option is obsolete. Please use `beam_alpha`, instead.
2026-05-13 19:06:49,020 - INFO - joeynmt.prediction - Predicting 890 example(s)... (Greedy decoding with min_output_length=1, max_output_length=-1, return_prob='none', generate_unk=True, repetition_penalty=-1, no_repeat_ngram_size=-1)
2026-05-13 19:07:21,879 - INFO - joeynmt.prediction - Evaluation result (greedy) loss:   1.40, ppl:   4.07, acc:   0.59, generation: 32.8541[sec], evaluation: 0.0000[sec]
2026-05-13 19:07:21,880 - INFO - joeynmt.training - Hooray! New best validation result [ppl]!
2026-05-13 19:07:21,931 - INFO - joeynmt.helpers - delete models/bpe_2k/30500.ckpt
2026-05-13 19:07:21,932 - INFO - joeynmt.training - Example #0
2026-05-13 19:07:21,932 - DEBUG - joeynmt.training - 	Tokenized source:     ['L@@', 'ast', 'year', 'I', 'sho@@', 'w@@', 'ed', 'these', 'two', 's@@', 'li@@', 'des', 'so', 'that', 'dem@@', 'on@@', 'str@@', 'ate', 'that', 'the', 'ar@@', 'c@@', 'tic', 'ice', 'c@@', 'a@@', 'p', ',', 'which', 'for', 'most', 'of', 'the', 'last', 'three', 'million', 'years', 'has', 'been', 'the', 'si@@', 'ze', 'of', 'the', 'lo@@', 'wer', '4@@', '8', 'st@@', 'ates', ',', 'has', 'sh@@', 'r@@', 'un@@', 'k', 'by', '4@@', '0', 'percent', '.']
2026-05-13 19:07:21,932 - DEBUG - joeynmt.training - 	Tokenized reference:  ['L&apos;', 'année', 'derni@@', 'ère', ',', 'je', 'vous', 'ai', 'présent@@', 'é', 'ces', 'deux', 'di@@', 'apos@@', 'iti@@', 'ves', 'qui', 'montr@@', 'aient', 'que', 'la', 'cal@@', 'ot@@', 'te', 'gl@@', 'ac@@', 'ière', 'ar@@', 'c@@', 'tique', ',', 'qui', 'pendant', 'ces', '3', 'derni@@', 'ers', 'millions', 'd&apos;', 'année', 'avait', 'la', 't@@', 'ail@@', 'le', 'des', 'E@@', 'tat@@', 's-@@', 'Un@@', 'is', 'sans', 'l&apos;', 'Al@@', 'as@@', 'k@@', 'a', ',', 'qui', 'pendant', 'ces', '3', 'derni@@', 'ers', 'millions', 'd&apos;', 'année', 'avait', 'la', 't@@', 'ail@@', 'le', 'des', 'E@@', 'tat@@', 's-@@', 'Un@@', 'is', 'sans', 'l&apos;', 'Al@@', 'as@@', 'k@@', 'a', ',', 'avait', 'di@@', 'minu@@', 'é', 'de', '4@@', '0', '%', '.']
2026-05-13 19:07:21,932 - DEBUG - joeynmt.training - 	Tokenized hypothesis: ['L&apos;', 'année', 'derni@@', 'ère', ',', 'j&apos;', 'ai', 'montr@@', 'é', 'ces', 'deux', 'di@@', 'a@@', 'po@@', 's', 'de', 't@@', 'elle', 'que', 'la', 'gl@@', 'ace', 'ar@@', 'c@@', 'tique', ',', 'qui', 'pendant', 'la', 'plu@@', 'part', 'des', 'trois', 'millions', 'd&apos;', 'années', 'ont', 'été', 'la', 't@@', 'ail@@', 'le', 'de', '4@@', '0', 'ét@@', 'at@@', 's', ',', 'a', 'cour@@', 'u', '4@@', '0', 'pour', 'cent', '.', '</s>']
2026-05-13 19:07:21,932 - INFO - joeynmt.training - 	Source:     Last year I showed these two slides so that demonstrate that the arctic ice cap , which for most of the last three million years has been the size of the lower 48 states , has shrunk by 40 percent .
2026-05-13 19:07:21,932 - INFO - joeynmt.training - 	Reference:  L&apos; année dernière , je vous ai présenté ces deux diapositives qui montraient que la calotte glacière arctique , qui pendant ces 3 derniers millions d&apos; année avait la taille des Etats-Unis sans l&apos; Alaska , qui pendant ces 3 derniers millions d&apos; année avait la taille des Etats-Unis sans l&apos; Alaska , avait diminué de 40 % .
2026-05-13 19:07:21,932 - INFO - joeynmt.training - 	Hypothesis: L&apos; année dernière , j&apos; ai montré ces deux diapos de telle que la glace arctique , qui pendant la plupart des trois millions d&apos; années ont été la taille de 40 états , a couru 40 pour cent .
2026-05-13 19:07:21,932 - INFO - joeynmt.training - Example #1
2026-05-13 19:07:21,932 - DEBUG - joeynmt.training - 	Tokenized source:     ['But', 'this', 'underst@@', 'ates', 'the', 'ser@@', 'i@@', 'ous@@', 'ness', 'of', 'this', 'partic@@', 'ul@@', 'ar', 'problem', 'because', 'it', 'doesn', '&apos;t', 'show', 'the', 'th@@', 'ick@@', 'ness', 'of', 'the', 'ice', '.']
2026-05-13 19:07:21,932 - DEBUG - joeynmt.training - 	Tokenized reference:  ['Mais', 'ceci', 'ten@@', 'd', 'à', 'a@@', 'mo@@', 'ind@@', 'rir', 'le', 'problème', 'parce', 'qu&apos;', 'on', 'ne', 'vo@@', 'it', 'pas', 'l&apos;', 'é@@', 'p@@', 'aiss@@', 'eur', 'de', 'la', 'gl@@', 'ace', '.']
2026-05-13 19:07:21,932 - DEBUG - joeynmt.training - 	Tokenized hypothesis: ['Mais', 'cette', 'com@@', 'pré@@', 'h@@', 'en@@', 'sion', ',', 'ce', 'problème', 'particu@@', 'li@@', 'er', 'parce', 'qu&apos;', 'il', 'ne', 'mon@@', 'tre', 'pas', 'la', 'gl@@', 'ace', '.', '</s>']
2026-05-13 19:07:21,932 - INFO - joeynmt.training - 	Source:     But this understates the seriousness of this particular problem because it doesn &apos;t show the thickness of the ice .
2026-05-13 19:07:21,932 - INFO - joeynmt.training - 	Reference:  Mais ceci tend à amoindrir le problème parce qu&apos; on ne voit pas l&apos; épaisseur de la glace .
2026-05-13 19:07:21,932 - INFO - joeynmt.training - 	Hypothesis: Mais cette compréhension , ce problème particulier parce qu&apos; il ne montre pas la glace .
2026-05-13 19:07:21,932 - INFO - joeynmt.training - Example #2
2026-05-13 19:07:21,932 - DEBUG - joeynmt.training - 	Tokenized source:     ['The', 'ar@@', 'c@@', 'tic', 'ice', 'c@@', 'a@@', 'p', 'is', ',', 'in', 'a', 'sense', ',', 'the', 'be@@', 'ating', 'he@@', 'art', 'of', 'the', 'glob@@', 'al', 'cli@@', 'm@@', 'ate', 'system', '.']
2026-05-13 19:07:21,932 - DEBUG - joeynmt.training - 	Tokenized reference:  ['On', 'peut', 'voir', 'la', 'cal@@', 'ot@@', 'te', 'gl@@', 'ac@@', 'ière', 'ar@@', 'c@@', 'tique', 'comme', 'le', 'co@@', 'eur', 'du', 'système', 'cli@@', 'ma@@', 'tique', 'glob@@', 'al', '.', 'On', 'peut', 'voir', 'la', 'cal@@', 'ot@@', 'te', 'gl@@', 'ac@@', 'ière', 'ar@@', 'c@@', 'tique', 'comme', 'le', 'co@@', 'eur', 'du', 'système', 'cli@@', 'ma@@', 'tique', 'glob@@', 'al', '.']
2026-05-13 19:07:21,932 - DEBUG - joeynmt.training - 	Tokenized hypothesis: ['La', 'gl@@', 'ace', 'ar@@', 'c@@', 'tique', 'est', ',', 'dans', 'un', 'sens', ',', 'le', 'co@@', 'eur', ',', 'le', 'co@@', 'eur', 'du', 'système', 'cli@@', 'ma@@', 'tique', '.', '</s>']
2026-05-13 19:07:21,932 - INFO - joeynmt.training - 	Source:     The arctic ice cap is , in a sense , the beating heart of the global climate system .
2026-05-13 19:07:21,932 - INFO - joeynmt.training - 	Reference:  On peut voir la calotte glacière arctique comme le coeur du système climatique global . On peut voir la calotte glacière arctique comme le coeur du système climatique global .
2026-05-13 19:07:21,932 - INFO - joeynmt.training - 	Hypothesis: La glace arctique est , dans un sens , le coeur , le coeur du système climatique .
2026-05-13 19:07:21,932 - INFO - joeynmt.training - Example #3
2026-05-13 19:07:21,932 - DEBUG - joeynmt.training - 	Tokenized source:     ['It', 'exp@@', 'ands', 'in', 'w@@', 'int@@', 'er', 'and', 'contr@@', 'ac@@', 'ts', 'in', 'su@@', 'm@@', 'mer', '.']
2026-05-13 19:07:21,932 - DEBUG - joeynmt.training - 	Tokenized reference:  ['Elle', 's&apos;', 'ét@@', 'end', 'en', 'hi@@', 'ver', 'et', 'se', 'contr@@', 'ac@@', 'te', 'en', 'été', '.']
2026-05-13 19:07:21,932 - DEBUG - joeynmt.training - 	Tokenized hypothesis: ['Il', 's&apos;', 'ét@@', 'end@@', 'ant', 'en', 'hi@@', 'ver', 'et', 'contr@@', 'ac@@', 'te', 'en', 'été', '.', '</s>']
2026-05-13 19:07:21,933 - INFO - joeynmt.training - 	Source:     It expands in winter and contracts in summer .
2026-05-13 19:07:21,933 - INFO - joeynmt.training - 	Reference:  Elle s&apos; étend en hiver et se contracte en été .
2026-05-13 19:07:21,933 - INFO - joeynmt.training - 	Hypothesis: Il s&apos; étendant en hiver et contracte en été .
2026-05-13 19:07:21,933 - INFO - joeynmt.training - Example #4
2026-05-13 19:07:21,933 - DEBUG - joeynmt.training - 	Tokenized source:     ['The', 'next', 's@@', 'li@@', 'de', 'I', 'show', 'you', 'will', 'be', 'a', 'rap@@', 'id', 'fas@@', 't-@@', 'for@@', 'w@@', 'ard', 'of', 'what', '&apos;s', 'happen@@', 'ed', 'over', 'the', 'last', '2@@', '5', 'years', '.']
2026-05-13 19:07:21,933 - DEBUG - joeynmt.training - 	Tokenized reference:  ['La', 'pro@@', 'ch@@', 'aine', 'di@@', 'apos@@', 'iti@@', 've', 'que', 'je', 'vais', 'vous', 'montrer', 'est', 'une', 'v@@', 'ue', 'en', 'acc@@', 'él@@', 'ér@@', 'é', 'de', 'ce', 'qui', 's&apos;', 'est', 'passé', 'ces', '2@@', '5', 'derni@@', 'ères', 'années', '.']
2026-05-13 19:07:21,933 - DEBUG - joeynmt.training - 	Tokenized hypothesis: ['La', 'pro@@', 'ch@@', 'aine', 'di@@', 'apos@@', 'iti@@', 've', 'suiv@@', 'ante', 'que', 'je', 'vous', 'ser@@', 'ez', 'un', 'rap@@', 'ide', 'rap@@', 'ide', 'de', 'ce', 'qui', 's&apos;', 'est', 'passé', 'pendant', 'les', '2@@', '5', 'derni@@', 'ères', 'années', '.', '</s>']
2026-05-13 19:07:21,933 - INFO - joeynmt.training - 	Source:     The next slide I show you will be a rapid fast-forward of what &apos;s happened over the last 25 years .
2026-05-13 19:07:21,933 - INFO - joeynmt.training - 	Reference:  La prochaine diapositive que je vais vous montrer est une vue en accéléré de ce qui s&apos; est passé ces 25 dernières années .
2026-05-13 19:07:21,933 - INFO - joeynmt.training - 	Hypothesis: La prochaine diapositive suivante que je vous serez un rapide rapide de ce qui s&apos; est passé pendant les 25 dernières années .
2026-05-13 19:07:32,708 - INFO - joeynmt.training - Epoch   8, Step:    33600, Batch Loss:     1.170040, Batch Acc: 0.658021, Tokens per Sec:     6982, Lr: 0.000300
2026-05-13 19:07:43,565 - INFO - joeynmt.training - Epoch   8, Step:    33700, Batch Loss:     1.163564, Batch Acc: 0.659238, Tokens per Sec:     7208, Lr: 0.000300
2026-05-13 19:07:54,362 - INFO - joeynmt.training - Epoch   8, Step:    33800, Batch Loss:     1.079004, Batch Acc: 0.657303, Tokens per Sec:     7284, Lr: 0.000300
2026-05-13 19:08:05,232 - INFO - joeynmt.training - Epoch   8, Step:    33900, Batch Loss:     1.132184, Batch Acc: 0.656787, Tokens per Sec:     7257, Lr: 0.000300
2026-05-13 19:08:16,317 - INFO - joeynmt.training - Epoch   8, Step:    34000, Batch Loss:     1.078571, Batch Acc: 0.658850, Tokens per Sec:     7017, Lr: 0.000300
2026-05-13 19:08:16,317 - WARNING - joeynmt.helpers - `alpha` option is obsolete. Please use `beam_alpha`, instead.
2026-05-13 19:08:16,317 - INFO - joeynmt.prediction - Predicting 890 example(s)... (Greedy decoding with min_output_length=1, max_output_length=-1, return_prob='none', generate_unk=True, repetition_penalty=-1, no_repeat_ngram_size=-1)
2026-05-13 19:08:49,941 - INFO - joeynmt.prediction - Evaluation result (greedy) loss:   1.40, ppl:   4.07, acc:   0.60, generation: 33.6180[sec], evaluation: 0.0000[sec]
2026-05-13 19:08:49,941 - INFO - joeynmt.training - Hooray! New best validation result [ppl]!
2026-05-13 19:08:49,990 - INFO - joeynmt.helpers - delete models/bpe_2k/31000.ckpt
2026-05-13 19:08:49,991 - INFO - joeynmt.training - Example #0
2026-05-13 19:08:49,991 - DEBUG - joeynmt.training - 	Tokenized source:     ['L@@', 'ast', 'year', 'I', 'sho@@', 'w@@', 'ed', 'these', 'two', 's@@', 'li@@', 'des', 'so', 'that', 'dem@@', 'on@@', 'str@@', 'ate', 'that', 'the', 'ar@@', 'c@@', 'tic', 'ice', 'c@@', 'a@@', 'p', ',', 'which', 'for', 'most', 'of', 'the', 'last', 'three', 'million', 'years', 'has', 'been', 'the', 'si@@', 'ze', 'of', 'the', 'lo@@', 'wer', '4@@', '8', 'st@@', 'ates', ',', 'has', 'sh@@', 'r@@', 'un@@', 'k', 'by', '4@@', '0', 'percent', '.']
2026-05-13 19:08:49,991 - DEBUG - joeynmt.training - 	Tokenized reference:  ['L&apos;', 'année', 'derni@@', 'ère', ',', 'je', 'vous', 'ai', 'présent@@', 'é', 'ces', 'deux', 'di@@', 'apos@@', 'iti@@', 'ves', 'qui', 'montr@@', 'aient', 'que', 'la', 'cal@@', 'ot@@', 'te', 'gl@@', 'ac@@', 'ière', 'ar@@', 'c@@', 'tique', ',', 'qui', 'pendant', 'ces', '3', 'derni@@', 'ers', 'millions', 'd&apos;', 'année', 'avait', 'la', 't@@', 'ail@@', 'le', 'des', 'E@@', 'tat@@', 's-@@', 'Un@@', 'is', 'sans', 'l&apos;', 'Al@@', 'as@@', 'k@@', 'a', ',', 'qui', 'pendant', 'ces', '3', 'derni@@', 'ers', 'millions', 'd&apos;', 'année', 'avait', 'la', 't@@', 'ail@@', 'le', 'des', 'E@@', 'tat@@', 's-@@', 'Un@@', 'is', 'sans', 'l&apos;', 'Al@@', 'as@@', 'k@@', 'a', ',', 'avait', 'di@@', 'minu@@', 'é', 'de', '4@@', '0', '%', '.']
2026-05-13 19:08:49,991 - DEBUG - joeynmt.training - 	Tokenized hypothesis: ['L&apos;', 'année', 'derni@@', 'ère', ',', 'j&apos;', 'ai', 'montr@@', 'é', 'ces', 'deux', 'di@@', 'a@@', 'po@@', 's', 'de', 't@@', 'elle', 'que', 'la', 'c@@', 'a@@', 'p', 'de', 'gl@@', 'ace', 'ar@@', 'c@@', 'tique', ',', 'qui', 'depuis', 'la', 'plu@@', 'part', 'des', 'trois', 'millions', 'd&apos;', 'années', 'ont', 'été', 'le', 't@@', 'ail@@', 'le', 'de', '4@@', '0', '%', '.', '</s>']
2026-05-13 19:08:49,991 - INFO - joeynmt.training - 	Source:     Last year I showed these two slides so that demonstrate that the arctic ice cap , which for most of the last three million years has been the size of the lower 48 states , has shrunk by 40 percent .
2026-05-13 19:08:49,991 - INFO - joeynmt.training - 	Reference:  L&apos; année dernière , je vous ai présenté ces deux diapositives qui montraient que la calotte glacière arctique , qui pendant ces 3 derniers millions d&apos; année avait la taille des Etats-Unis sans l&apos; Alaska , qui pendant ces 3 derniers millions d&apos; année avait la taille des Etats-Unis sans l&apos; Alaska , avait diminué de 40 % .
2026-05-13 19:08:49,991 - INFO - joeynmt.training - 	Hypothesis: L&apos; année dernière , j&apos; ai montré ces deux diapos de telle que la cap de glace arctique , qui depuis la plupart des trois millions d&apos; années ont été le taille de 40 % .
2026-05-13 19:08:49,991 - INFO - joeynmt.training - Example #1
2026-05-13 19:08:49,991 - DEBUG - joeynmt.training - 	Tokenized source:     ['But', 'this', 'underst@@', 'ates', 'the', 'ser@@', 'i@@', 'ous@@', 'ness', 'of', 'this', 'partic@@', 'ul@@', 'ar', 'problem', 'because', 'it', 'doesn', '&apos;t', 'show', 'the', 'th@@', 'ick@@', 'ness', 'of', 'the', 'ice', '.']
2026-05-13 19:08:49,991 - DEBUG - joeynmt.training - 	Tokenized reference:  ['Mais', 'ceci', 'ten@@', 'd', 'à', 'a@@', 'mo@@', 'ind@@', 'rir', 'le', 'problème', 'parce', 'qu&apos;', 'on', 'ne', 'vo@@', 'it', 'pas', 'l&apos;', 'é@@', 'p@@', 'aiss@@', 'eur', 'de', 'la', 'gl@@', 'ace', '.']
2026-05-13 19:08:49,991 - DEBUG - joeynmt.training - 	Tokenized hypothesis: ['Mais', 'cette', 'com@@', 'pré@@', 'h@@', 'en@@', 'sion', 'de', 'ce', 'problème', 'parce', 'que', 'ça', 'ne', 'mon@@', 'te', 'pas', 'la', 'gl@@', 'ace', '.', '</s>']
2026-05-13 19:08:49,992 - INFO - joeynmt.training - 	Source:     But this understates the seriousness of this particular problem because it doesn &apos;t show the thickness of the ice .
2026-05-13 19:08:49,992 - INFO - joeynmt.training - 	Reference:  Mais ceci tend à amoindrir le problème parce qu&apos; on ne voit pas l&apos; épaisseur de la glace .
2026-05-13 19:08:49,992 - INFO - joeynmt.training - 	Hypothesis: Mais cette compréhension de ce problème parce que ça ne monte pas la glace .
2026-05-13 19:08:49,992 - INFO - joeynmt.training - Example #2
2026-05-13 19:08:49,992 - DEBUG - joeynmt.training - 	Tokenized source:     ['The', 'ar@@', 'c@@', 'tic', 'ice', 'c@@', 'a@@', 'p', 'is', ',', 'in', 'a', 'sense', ',', 'the', 'be@@', 'ating', 'he@@', 'art', 'of', 'the', 'glob@@', 'al', 'cli@@', 'm@@', 'ate', 'system', '.']
2026-05-13 19:08:49,992 - DEBUG - joeynmt.training - 	Tokenized reference:  ['On', 'peut', 'voir', 'la', 'cal@@', 'ot@@', 'te', 'gl@@', 'ac@@', 'ière', 'ar@@', 'c@@', 'tique', 'comme', 'le', 'co@@', 'eur', 'du', 'système', 'cli@@', 'ma@@', 'tique', 'glob@@', 'al', '.', 'On', 'peut', 'voir', 'la', 'cal@@', 'ot@@', 'te', 'gl@@', 'ac@@', 'ière', 'ar@@', 'c@@', 'tique', 'comme', 'le', 'co@@', 'eur', 'du', 'système', 'cli@@', 'ma@@', 'tique', 'glob@@', 'al', '.']
2026-05-13 19:08:49,992 - DEBUG - joeynmt.training - 	Tokenized hypothesis: ['La', 'gl@@', 'ace', 'ar@@', 'c@@', 'tique', 'est', ',', 'dans', 'un', 'sens', ',', 'le', 'c@@', 'œ@@', 'u@@', 'r', 'du', 'système', 'cli@@', 'm@@', 'at', 'mon@@', 'di@@', 'al', '.', '</s>']
2026-05-13 19:08:49,992 - INFO - joeynmt.training - 	Source:     The arctic ice cap is , in a sense , the beating heart of the global climate system .
2026-05-13 19:08:49,992 - INFO - joeynmt.training - 	Reference:  On peut voir la calotte glacière arctique comme le coeur du système climatique global . On peut voir la calotte glacière arctique comme le coeur du système climatique global .
2026-05-13 19:08:49,992 - INFO - joeynmt.training - 	Hypothesis: La glace arctique est , dans un sens , le cœur du système climat mondial .
2026-05-13 19:08:49,992 - INFO - joeynmt.training - Example #3
2026-05-13 19:08:49,992 - DEBUG - joeynmt.training - 	Tokenized source:     ['It', 'exp@@', 'ands', 'in', 'w@@', 'int@@', 'er', 'and', 'contr@@', 'ac@@', 'ts', 'in', 'su@@', 'm@@', 'mer', '.']
2026-05-13 19:08:49,992 - DEBUG - joeynmt.training - 	Tokenized reference:  ['Elle', 's&apos;', 'ét@@', 'end', 'en', 'hi@@', 'ver', 'et', 'se', 'contr@@', 'ac@@', 'te', 'en', 'été', '.']
2026-05-13 19:08:49,992 - DEBUG - joeynmt.training - 	Tokenized hypothesis: ['Il', 's&apos;', 'ét@@', 'end@@', 'ent', 'en', 'hi@@', 'ver', 'et', 'des', 'contr@@', 'at@@', 's', 'en', 'été', '.', '</s>']
2026-05-13 19:08:49,992 - INFO - joeynmt.training - 	Source:     It expands in winter and contracts in summer .
2026-05-13 19:08:49,992 - INFO - joeynmt.training - 	Reference:  Elle s&apos; étend en hiver et se contracte en été .
2026-05-13 19:08:49,992 - INFO - joeynmt.training - 	Hypothesis: Il s&apos; étendent en hiver et des contrats en été .
2026-05-13 19:08:49,992 - INFO - joeynmt.training - Example #4
2026-05-13 19:08:49,992 - DEBUG - joeynmt.training - 	Tokenized source:     ['The', 'next', 's@@', 'li@@', 'de', 'I', 'show', 'you', 'will', 'be', 'a', 'rap@@', 'id', 'fas@@', 't-@@', 'for@@', 'w@@', 'ard', 'of', 'what', '&apos;s', 'happen@@', 'ed', 'over', 'the', 'last', '2@@', '5', 'years', '.']
2026-05-13 19:08:49,992 - DEBUG - joeynmt.training - 	Tokenized reference:  ['La', 'pro@@', 'ch@@', 'aine', 'di@@', 'apos@@', 'iti@@', 've', 'que', 'je', 'vais', 'vous', 'montrer', 'est', 'une', 'v@@', 'ue', 'en', 'acc@@', 'él@@', 'ér@@', 'é', 'de', 'ce', 'qui', 's&apos;', 'est', 'passé', 'ces', '2@@', '5', 'derni@@', 'ères', 'années', '.']
2026-05-13 19:08:49,992 - DEBUG - joeynmt.training - 	Tokenized hypothesis: ['La', 'pro@@', 'ch@@', 'aine', 'di@@', 'apos@@', 'iti@@', 've', 'que', 'je', 'vous', 'ser@@', 'ez', 'une', 'rap@@', 'ide', 'rap@@', 'ide', 'de', 'ce', 'qui', 's&apos;', 'est', 'passé', 'depuis', '2@@', '5', 'ans', '.', '</s>']
2026-05-13 19:08:49,992 - INFO - joeynmt.training - 	Source:     The next slide I show you will be a rapid fast-forward of what &apos;s happened over the last 25 years .
2026-05-13 19:08:49,992 - INFO - joeynmt.training - 	Reference:  La prochaine diapositive que je vais vous montrer est une vue en accéléré de ce qui s&apos; est passé ces 25 dernières années .
2026-05-13 19:08:49,992 - INFO - joeynmt.training - 	Hypothesis: La prochaine diapositive que je vous serez une rapide rapide de ce qui s&apos; est passé depuis 25 ans .
2026-05-13 19:09:00,662 - INFO - joeynmt.training - Epoch   8, Step:    34100, Batch Loss:     1.069692, Batch Acc: 0.656690, Tokens per Sec:     7245, Lr: 0.000300
2026-05-13 19:09:11,172 - INFO - joeynmt.training - Epoch   8, Step:    34200, Batch Loss:     1.083135, Batch Acc: 0.656996, Tokens per Sec:     7579, Lr: 0.000300
2026-05-13 19:09:22,209 - INFO - joeynmt.training - Epoch   8, Step:    34300, Batch Loss:     1.173887, Batch Acc: 0.657996, Tokens per Sec:     7061, Lr: 0.000300
2026-05-13 19:09:33,077 - INFO - joeynmt.training - Epoch   8, Step:    34400, Batch Loss:     1.220039, Batch Acc: 0.657054, Tokens per Sec:     7345, Lr: 0.000300
2026-05-13 19:09:43,981 - INFO - joeynmt.training - Epoch   8, Step:    34500, Batch Loss:     1.148911, Batch Acc: 0.657514, Tokens per Sec:     7218, Lr: 0.000300
2026-05-13 19:09:43,981 - WARNING - joeynmt.helpers - `alpha` option is obsolete. Please use `beam_alpha`, instead.
2026-05-13 19:09:43,981 - INFO - joeynmt.prediction - Predicting 890 example(s)... (Greedy decoding with min_output_length=1, max_output_length=-1, return_prob='none', generate_unk=True, repetition_penalty=-1, no_repeat_ngram_size=-1)
2026-05-13 19:10:20,812 - INFO - joeynmt.prediction - Evaluation result (greedy) loss:   1.40, ppl:   4.06, acc:   0.60, generation: 36.8247[sec], evaluation: 0.0000[sec]
2026-05-13 19:10:20,812 - INFO - joeynmt.training - Hooray! New best validation result [ppl]!
2026-05-13 19:10:20,863 - INFO - joeynmt.helpers - delete models/bpe_2k/32000.ckpt
2026-05-13 19:10:20,863 - INFO - joeynmt.training - Example #0
2026-05-13 19:10:20,863 - DEBUG - joeynmt.training - 	Tokenized source:     ['L@@', 'ast', 'year', 'I', 'sho@@', 'w@@', 'ed', 'these', 'two', 's@@', 'li@@', 'des', 'so', 'that', 'dem@@', 'on@@', 'str@@', 'ate', 'that', 'the', 'ar@@', 'c@@', 'tic', 'ice', 'c@@', 'a@@', 'p', ',', 'which', 'for', 'most', 'of', 'the', 'last', 'three', 'million', 'years', 'has', 'been', 'the', 'si@@', 'ze', 'of', 'the', 'lo@@', 'wer', '4@@', '8', 'st@@', 'ates', ',', 'has', 'sh@@', 'r@@', 'un@@', 'k', 'by', '4@@', '0', 'percent', '.']
2026-05-13 19:10:20,863 - DEBUG - joeynmt.training - 	Tokenized reference:  ['L&apos;', 'année', 'derni@@', 'ère', ',', 'je', 'vous', 'ai', 'présent@@', 'é', 'ces', 'deux', 'di@@', 'apos@@', 'iti@@', 'ves', 'qui', 'montr@@', 'aient', 'que', 'la', 'cal@@', 'ot@@', 'te', 'gl@@', 'ac@@', 'ière', 'ar@@', 'c@@', 'tique', ',', 'qui', 'pendant', 'ces', '3', 'derni@@', 'ers', 'millions', 'd&apos;', 'année', 'avait', 'la', 't@@', 'ail@@', 'le', 'des', 'E@@', 'tat@@', 's-@@', 'Un@@', 'is', 'sans', 'l&apos;', 'Al@@', 'as@@', 'k@@', 'a', ',', 'qui', 'pendant', 'ces', '3', 'derni@@', 'ers', 'millions', 'd&apos;', 'année', 'avait', 'la', 't@@', 'ail@@', 'le', 'des', 'E@@', 'tat@@', 's-@@', 'Un@@', 'is', 'sans', 'l&apos;', 'Al@@', 'as@@', 'k@@', 'a', ',', 'avait', 'di@@', 'minu@@', 'é', 'de', '4@@', '0', '%', '.']
2026-05-13 19:10:20,863 - DEBUG - joeynmt.training - 	Tokenized hypothesis: ['L&apos;', 'année', 'derni@@', 'ère', ',', 'j&apos;', 'ai', 'montr@@', 'é', 'ces', 'deux', 'di@@', 'apos@@', 'iti@@', 'ves', 'pour', 'que', 'la', 'dé@@', 'mon@@', 'str@@', 'ation', 'ar@@', 'c@@', 'tique', ',', 'qui', 'pendant', 'la', 'plu@@', 'part', 'des', 'trois', 'millions', 'd&apos;', 'années', 'ont', 'été', 'la', 't@@', 'ail@@', 'le', 'de', '4@@', '0', 'ét@@', 'at@@', 's', ',', 'a', 'ré@@', 'p@@', 'and@@', 'onn@@', 'é', 'par', '4@@', '0', '%', '.', '</s>']
2026-05-13 19:10:20,863 - INFO - joeynmt.training - 	Source:     Last year I showed these two slides so that demonstrate that the arctic ice cap , which for most of the last three million years has been the size of the lower 48 states , has shrunk by 40 percent .
2026-05-13 19:10:20,864 - INFO - joeynmt.training - 	Reference:  L&apos; année dernière , je vous ai présenté ces deux diapositives qui montraient que la calotte glacière arctique , qui pendant ces 3 derniers millions d&apos; année avait la taille des Etats-Unis sans l&apos; Alaska , qui pendant ces 3 derniers millions d&apos; année avait la taille des Etats-Unis sans l&apos; Alaska , avait diminué de 40 % .
2026-05-13 19:10:20,864 - INFO - joeynmt.training - 	Hypothesis: L&apos; année dernière , j&apos; ai montré ces deux diapositives pour que la démonstration arctique , qui pendant la plupart des trois millions d&apos; années ont été la taille de 40 états , a répandonné par 40 % .
2026-05-13 19:10:20,864 - INFO - joeynmt.training - Example #1
2026-05-13 19:10:20,864 - DEBUG - joeynmt.training - 	Tokenized source:     ['But', 'this', 'underst@@', 'ates', 'the', 'ser@@', 'i@@', 'ous@@', 'ness', 'of', 'this', 'partic@@', 'ul@@', 'ar', 'problem', 'because', 'it', 'doesn', '&apos;t', 'show', 'the', 'th@@', 'ick@@', 'ness', 'of', 'the', 'ice', '.']
2026-05-13 19:10:20,864 - DEBUG - joeynmt.training - 	Tokenized reference:  ['Mais', 'ceci', 'ten@@', 'd', 'à', 'a@@', 'mo@@', 'ind@@', 'rir', 'le', 'problème', 'parce', 'qu&apos;', 'on', 'ne', 'vo@@', 'it', 'pas', 'l&apos;', 'é@@', 'p@@', 'aiss@@', 'eur', 'de', 'la', 'gl@@', 'ace', '.']
2026-05-13 19:10:20,864 - DEBUG - joeynmt.training - 	Tokenized hypothesis: ['Mais', 'cette', 'com@@', 'pré@@', 'h@@', 'en@@', 'sion', 'de', 'ce', 'problème', 'parce', 'qu&apos;', 'il', 'ne', 'mon@@', 'te', 'pas', 'le', 'problème', 'parce', 'qu&apos;', 'il', 'ne', 'mon@@', 'te', 'pas', 'le', 'pou@@', 'voir', 'de', 'la', 'gl@@', 'ace', '.', '</s>']
2026-05-13 19:10:20,864 - INFO - joeynmt.training - 	Source:     But this understates the seriousness of this particular problem because it doesn &apos;t show the thickness of the ice .
2026-05-13 19:10:20,864 - INFO - joeynmt.training - 	Reference:  Mais ceci tend à amoindrir le problème parce qu&apos; on ne voit pas l&apos; épaisseur de la glace .
2026-05-13 19:10:20,864 - INFO - joeynmt.training - 	Hypothesis: Mais cette compréhension de ce problème parce qu&apos; il ne monte pas le problème parce qu&apos; il ne monte pas le pouvoir de la glace .
2026-05-13 19:10:20,864 - INFO - joeynmt.training - Example #2
2026-05-13 19:10:20,864 - DEBUG - joeynmt.training - 	Tokenized source:     ['The', 'ar@@', 'c@@', 'tic', 'ice', 'c@@', 'a@@', 'p', 'is', ',', 'in', 'a', 'sense', ',', 'the', 'be@@', 'ating', 'he@@', 'art', 'of', 'the', 'glob@@', 'al', 'cli@@', 'm@@', 'ate', 'system', '.']
2026-05-13 19:10:20,864 - DEBUG - joeynmt.training - 	Tokenized reference:  ['On', 'peut', 'voir', 'la', 'cal@@', 'ot@@', 'te', 'gl@@', 'ac@@', 'ière', 'ar@@', 'c@@', 'tique', 'comme', 'le', 'co@@', 'eur', 'du', 'système', 'cli@@', 'ma@@', 'tique', 'glob@@', 'al', '.', 'On', 'peut', 'voir', 'la', 'cal@@', 'ot@@', 'te', 'gl@@', 'ac@@', 'ière', 'ar@@', 'c@@', 'tique', 'comme', 'le', 'co@@', 'eur', 'du', 'système', 'cli@@', 'ma@@', 'tique', 'glob@@', 'al', '.']
2026-05-13 19:10:20,864 - DEBUG - joeynmt.training - 	Tokenized hypothesis: ['La', 'gl@@', 'ace', 'ar@@', 'c@@', 'tique', 'est', ',', 'dans', 'un', 'sens', ',', 'le', 'c@@', 'œ@@', 'u@@', 'r', 'du', 'système', 'cli@@', 'm@@', 'at', 'mon@@', 'di@@', 'al', '.', '</s>']
2026-05-13 19:10:20,864 - INFO - joeynmt.training - 	Source:     The arctic ice cap is , in a sense , the beating heart of the global climate system .
2026-05-13 19:10:20,864 - INFO - joeynmt.training - 	Reference:  On peut voir la calotte glacière arctique comme le coeur du système climatique global . On peut voir la calotte glacière arctique comme le coeur du système climatique global .
2026-05-13 19:10:20,864 - INFO - joeynmt.training - 	Hypothesis: La glace arctique est , dans un sens , le cœur du système climat mondial .
2026-05-13 19:10:20,864 - INFO - joeynmt.training - Example #3
2026-05-13 19:10:20,864 - DEBUG - joeynmt.training - 	Tokenized source:     ['It', 'exp@@', 'ands', 'in', 'w@@', 'int@@', 'er', 'and', 'contr@@', 'ac@@', 'ts', 'in', 'su@@', 'm@@', 'mer', '.']
2026-05-13 19:10:20,864 - DEBUG - joeynmt.training - 	Tokenized reference:  ['Elle', 's&apos;', 'ét@@', 'end', 'en', 'hi@@', 'ver', 'et', 'se', 'contr@@', 'ac@@', 'te', 'en', 'été', '.']
2026-05-13 19:10:20,864 - DEBUG - joeynmt.training - 	Tokenized hypothesis: ['Il', 's&apos;', 'ét@@', 'end', 'en', 'hi@@', 'ver', 'et', 'les', 'contr@@', 'at@@', 's', 'en', 'été', '.', '</s>']
2026-05-13 19:10:20,864 - INFO - joeynmt.training - 	Source:     It expands in winter and contracts in summer .
2026-05-13 19:10:20,864 - INFO - joeynmt.training - 	Reference:  Elle s&apos; étend en hiver et se contracte en été .
2026-05-13 19:10:20,864 - INFO - joeynmt.training - 	Hypothesis: Il s&apos; étend en hiver et les contrats en été .
2026-05-13 19:10:20,864 - INFO - joeynmt.training - Example #4
2026-05-13 19:10:20,864 - DEBUG - joeynmt.training - 	Tokenized source:     ['The', 'next', 's@@', 'li@@', 'de', 'I', 'show', 'you', 'will', 'be', 'a', 'rap@@', 'id', 'fas@@', 't-@@', 'for@@', 'w@@', 'ard', 'of', 'what', '&apos;s', 'happen@@', 'ed', 'over', 'the', 'last', '2@@', '5', 'years', '.']
2026-05-13 19:10:20,864 - DEBUG - joeynmt.training - 	Tokenized reference:  ['La', 'pro@@', 'ch@@', 'aine', 'di@@', 'apos@@', 'iti@@', 've', 'que', 'je', 'vais', 'vous', 'montrer', 'est', 'une', 'v@@', 'ue', 'en', 'acc@@', 'él@@', 'ér@@', 'é', 'de', 'ce', 'qui', 's&apos;', 'est', 'passé', 'ces', '2@@', '5', 'derni@@', 'ères', 'années', '.']
2026-05-13 19:10:20,864 - DEBUG - joeynmt.training - 	Tokenized hypothesis: ['La', 'di@@', 'apos@@', 'iti@@', 've', 'suiv@@', 'ante', 'que', 'je', 'mon@@', 'tre', 'que', 'vous', 'ser@@', 'ez', 'un', 'rap@@', 'ide', 'rap@@', 'ide', 'de', 'ce', 'qui', 'se', 'passe', 'sur', 'les', '2@@', '5', 'derni@@', 'ères', 'années', '.', '</s>']
2026-05-13 19:10:20,864 - INFO - joeynmt.training - 	Source:     The next slide I show you will be a rapid fast-forward of what &apos;s happened over the last 25 years .
2026-05-13 19:10:20,864 - INFO - joeynmt.training - 	Reference:  La prochaine diapositive que je vais vous montrer est une vue en accéléré de ce qui s&apos; est passé ces 25 dernières années .
2026-05-13 19:10:20,864 - INFO - joeynmt.training - 	Hypothesis: La diapositive suivante que je montre que vous serez un rapide rapide de ce qui se passe sur les 25 dernières années .
2026-05-13 19:10:31,234 - INFO - joeynmt.training - Epoch   8, Step:    34600, Batch Loss:     1.108128, Batch Acc: 0.658151, Tokens per Sec:     7358, Lr: 0.000300
2026-05-13 19:10:41,956 - INFO - joeynmt.training - Epoch   8, Step:    34700, Batch Loss:     1.209260, Batch Acc: 0.657542, Tokens per Sec:     7523, Lr: 0.000300
2026-05-13 19:10:52,335 - INFO - joeynmt.training - Epoch   8, Step:    34800, Batch Loss:     1.190673, Batch Acc: 0.659913, Tokens per Sec:     7537, Lr: 0.000300
2026-05-13 19:11:03,054 - INFO - joeynmt.training - Epoch   8, Step:    34900, Batch Loss:     1.141277, Batch Acc: 0.655272, Tokens per Sec:     7211, Lr: 0.000300
2026-05-13 19:11:14,382 - INFO - joeynmt.training - Epoch   8, Step:    35000, Batch Loss:     1.182300, Batch Acc: 0.658985, Tokens per Sec:     6960, Lr: 0.000300
2026-05-13 19:11:14,382 - WARNING - joeynmt.helpers - `alpha` option is obsolete. Please use `beam_alpha`, instead.
2026-05-13 19:11:14,382 - INFO - joeynmt.prediction - Predicting 890 example(s)... (Greedy decoding with min_output_length=1, max_output_length=-1, return_prob='none', generate_unk=True, repetition_penalty=-1, no_repeat_ngram_size=-1)
2026-05-13 19:11:49,449 - INFO - joeynmt.prediction - Evaluation result (greedy) loss:   1.40, ppl:   4.07, acc:   0.59, generation: 35.0613[sec], evaluation: 0.0000[sec]
2026-05-13 19:11:49,498 - INFO - joeynmt.helpers - delete models/bpe_2k/32500.ckpt
2026-05-13 19:11:49,498 - INFO - joeynmt.training - Example #0
2026-05-13 19:11:49,498 - DEBUG - joeynmt.training - 	Tokenized source:     ['L@@', 'ast', 'year', 'I', 'sho@@', 'w@@', 'ed', 'these', 'two', 's@@', 'li@@', 'des', 'so', 'that', 'dem@@', 'on@@', 'str@@', 'ate', 'that', 'the', 'ar@@', 'c@@', 'tic', 'ice', 'c@@', 'a@@', 'p', ',', 'which', 'for', 'most', 'of', 'the', 'last', 'three', 'million', 'years', 'has', 'been', 'the', 'si@@', 'ze', 'of', 'the', 'lo@@', 'wer', '4@@', '8', 'st@@', 'ates', ',', 'has', 'sh@@', 'r@@', 'un@@', 'k', 'by', '4@@', '0', 'percent', '.']
2026-05-13 19:11:49,498 - DEBUG - joeynmt.training - 	Tokenized reference:  ['L&apos;', 'année', 'derni@@', 'ère', ',', 'je', 'vous', 'ai', 'présent@@', 'é', 'ces', 'deux', 'di@@', 'apos@@', 'iti@@', 'ves', 'qui', 'montr@@', 'aient', 'que', 'la', 'cal@@', 'ot@@', 'te', 'gl@@', 'ac@@', 'ière', 'ar@@', 'c@@', 'tique', ',', 'qui', 'pendant', 'ces', '3', 'derni@@', 'ers', 'millions', 'd&apos;', 'année', 'avait', 'la', 't@@', 'ail@@', 'le', 'des', 'E@@', 'tat@@', 's-@@', 'Un@@', 'is', 'sans', 'l&apos;', 'Al@@', 'as@@', 'k@@', 'a', ',', 'qui', 'pendant', 'ces', '3', 'derni@@', 'ers', 'millions', 'd&apos;', 'année', 'avait', 'la', 't@@', 'ail@@', 'le', 'des', 'E@@', 'tat@@', 's-@@', 'Un@@', 'is', 'sans', 'l&apos;', 'Al@@', 'as@@', 'k@@', 'a', ',', 'avait', 'di@@', 'minu@@', 'é', 'de', '4@@', '0', '%', '.']
2026-05-13 19:11:49,498 - DEBUG - joeynmt.training - 	Tokenized hypothesis: ['L&apos;', 'année', 'derni@@', 'ère', ',', 'j&apos;', 'ai', 'montr@@', 'é', 'ces', 'deux', 'di@@', 'a@@', 'po@@', 's', 'de', 't@@', 'elle', 'que', 'la', 'gl@@', 'ace', 'ar@@', 'c@@', 'tique', ',', 'qui', 'pendant', 'la', 'plu@@', 'part', 'des', 'trois', 'millions', 'd&apos;', 'années', 'ont', 'été', 'la', 't@@', 'ail@@', 'le', 'de', 'plus', 'bas', 'de', '4@@', '0', 'ans', ',', 'a', 'dé@@', 'cl@@', 'ar@@', 'é', 'par', '4@@', '0', '%', '.', '</s>']
2026-05-13 19:11:49,499 - INFO - joeynmt.training - 	Source:     Last year I showed these two slides so that demonstrate that the arctic ice cap , which for most of the last three million years has been the size of the lower 48 states , has shrunk by 40 percent .
2026-05-13 19:11:49,499 - INFO - joeynmt.training - 	Reference:  L&apos; année dernière , je vous ai présenté ces deux diapositives qui montraient que la calotte glacière arctique , qui pendant ces 3 derniers millions d&apos; année avait la taille des Etats-Unis sans l&apos; Alaska , qui pendant ces 3 derniers millions d&apos; année avait la taille des Etats-Unis sans l&apos; Alaska , avait diminué de 40 % .
2026-05-13 19:11:49,499 - INFO - joeynmt.training - 	Hypothesis: L&apos; année dernière , j&apos; ai montré ces deux diapos de telle que la glace arctique , qui pendant la plupart des trois millions d&apos; années ont été la taille de plus bas de 40 ans , a déclaré par 40 % .
2026-05-13 19:11:49,499 - INFO - joeynmt.training - Example #1
2026-05-13 19:11:49,499 - DEBUG - joeynmt.training - 	Tokenized source:     ['But', 'this', 'underst@@', 'ates', 'the', 'ser@@', 'i@@', 'ous@@', 'ness', 'of', 'this', 'partic@@', 'ul@@', 'ar', 'problem', 'because', 'it', 'doesn', '&apos;t', 'show', 'the', 'th@@', 'ick@@', 'ness', 'of', 'the', 'ice', '.']
2026-05-13 19:11:49,499 - DEBUG - joeynmt.training - 	Tokenized reference:  ['Mais', 'ceci', 'ten@@', 'd', 'à', 'a@@', 'mo@@', 'ind@@', 'rir', 'le', 'problème', 'parce', 'qu&apos;', 'on', 'ne', 'vo@@', 'it', 'pas', 'l&apos;', 'é@@', 'p@@', 'aiss@@', 'eur', 'de', 'la', 'gl@@', 'ace', '.']
2026-05-13 19:11:49,499 - DEBUG - joeynmt.training - 	Tokenized hypothesis: ['Mais', 'cette', 'com@@', 'pré@@', 'h@@', 'en@@', 'sion', 'de', 'ce', 'problème', 'parce', 'que', 'ça', 'ne', 'mon@@', 'te', 'pas', 'la', 'pou@@', 'let', 'de', 'la', 'gl@@', 'ace', '.', '</s>']
2026-05-13 19:11:49,499 - INFO - joeynmt.training - 	Source:     But this understates the seriousness of this particular problem because it doesn &apos;t show the thickness of the ice .
2026-05-13 19:11:49,499 - INFO - joeynmt.training - 	Reference:  Mais ceci tend à amoindrir le problème parce qu&apos; on ne voit pas l&apos; épaisseur de la glace .
2026-05-13 19:11:49,499 - INFO - joeynmt.training - 	Hypothesis: Mais cette compréhension de ce problème parce que ça ne monte pas la poulet de la glace .
2026-05-13 19:11:49,499 - INFO - joeynmt.training - Example #2
2026-05-13 19:11:49,499 - DEBUG - joeynmt.training - 	Tokenized source:     ['The', 'ar@@', 'c@@', 'tic', 'ice', 'c@@', 'a@@', 'p', 'is', ',', 'in', 'a', 'sense', ',', 'the', 'be@@', 'ating', 'he@@', 'art', 'of', 'the', 'glob@@', 'al', 'cli@@', 'm@@', 'ate', 'system', '.']
2026-05-13 19:11:49,499 - DEBUG - joeynmt.training - 	Tokenized reference:  ['On', 'peut', 'voir', 'la', 'cal@@', 'ot@@', 'te', 'gl@@', 'ac@@', 'ière', 'ar@@', 'c@@', 'tique', 'comme', 'le', 'co@@', 'eur', 'du', 'système', 'cli@@', 'ma@@', 'tique', 'glob@@', 'al', '.', 'On', 'peut', 'voir', 'la', 'cal@@', 'ot@@', 'te', 'gl@@', 'ac@@', 'ière', 'ar@@', 'c@@', 'tique', 'comme', 'le', 'co@@', 'eur', 'du', 'système', 'cli@@', 'ma@@', 'tique', 'glob@@', 'al', '.']
2026-05-13 19:11:49,499 - DEBUG - joeynmt.training - 	Tokenized hypothesis: ['La', 'gl@@', 'ace', 'ar@@', 'c@@', 'tique', 'est', ',', 'dans', 'un', 'sens', ',', 'le', 'c@@', 'œ@@', 'u@@', 'r', 'de', 'la', 'gl@@', 'ace', 'de', 'la', 'c@@', 'œ@@', 'u@@', 'r', 'du', 'système', 'cli@@', 'ma@@', 'tique', '.', '</s>']
2026-05-13 19:11:49,499 - INFO - joeynmt.training - 	Source:     The arctic ice cap is , in a sense , the beating heart of the global climate system .
2026-05-13 19:11:49,499 - INFO - joeynmt.training - 	Reference:  On peut voir la calotte glacière arctique comme le coeur du système climatique global . On peut voir la calotte glacière arctique comme le coeur du système climatique global .
2026-05-13 19:11:49,499 - INFO - joeynmt.training - 	Hypothesis: La glace arctique est , dans un sens , le cœur de la glace de la cœur du système climatique .
2026-05-13 19:11:49,499 - INFO - joeynmt.training - Example #3
2026-05-13 19:11:49,499 - DEBUG - joeynmt.training - 	Tokenized source:     ['It', 'exp@@', 'ands', 'in', 'w@@', 'int@@', 'er', 'and', 'contr@@', 'ac@@', 'ts', 'in', 'su@@', 'm@@', 'mer', '.']
2026-05-13 19:11:49,499 - DEBUG - joeynmt.training - 	Tokenized reference:  ['Elle', 's&apos;', 'ét@@', 'end', 'en', 'hi@@', 'ver', 'et', 'se', 'contr@@', 'ac@@', 'te', 'en', 'été', '.']
2026-05-13 19:11:49,499 - DEBUG - joeynmt.training - 	Tokenized hypothesis: ['Il', 's&apos;', 'att@@', 'end@@', 'ent', 'en', 'hi@@', 'ver', 'et', 'contr@@', 'ac@@', 'ts', 'en', 'été', '.', '</s>']
2026-05-13 19:11:49,499 - INFO - joeynmt.training - 	Source:     It expands in winter and contracts in summer .
2026-05-13 19:11:49,499 - INFO - joeynmt.training - 	Reference:  Elle s&apos; étend en hiver et se contracte en été .
2026-05-13 19:11:49,499 - INFO - joeynmt.training - 	Hypothesis: Il s&apos; attendent en hiver et contracts en été .
2026-05-13 19:11:49,499 - INFO - joeynmt.training - Example #4
2026-05-13 19:11:49,499 - DEBUG - joeynmt.training - 	Tokenized source:     ['The', 'next', 's@@', 'li@@', 'de', 'I', 'show', 'you', 'will', 'be', 'a', 'rap@@', 'id', 'fas@@', 't-@@', 'for@@', 'w@@', 'ard', 'of', 'what', '&apos;s', 'happen@@', 'ed', 'over', 'the', 'last', '2@@', '5', 'years', '.']
2026-05-13 19:11:49,499 - DEBUG - joeynmt.training - 	Tokenized reference:  ['La', 'pro@@', 'ch@@', 'aine', 'di@@', 'apos@@', 'iti@@', 've', 'que', 'je', 'vais', 'vous', 'montrer', 'est', 'une', 'v@@', 'ue', 'en', 'acc@@', 'él@@', 'ér@@', 'é', 'de', 'ce', 'qui', 's&apos;', 'est', 'passé', 'ces', '2@@', '5', 'derni@@', 'ères', 'années', '.']
2026-05-13 19:11:49,499 - DEBUG - joeynmt.training - 	Tokenized hypothesis: ['La', 'pro@@', 'ch@@', 'aine', 'di@@', 'apos@@', 'iti@@', 've', 'que', 'je', 'vous', 'ser@@', 'ai', 'un', 'rap@@', 'ide', 'rap@@', 'ide', 'de', 'ce', 'qui', 'se', 'passe', 'sur', 'les', '2@@', '5', 'derni@@', 'ères', 'années', '.', '</s>']
2026-05-13 19:11:49,500 - INFO - joeynmt.training - 	Source:     The next slide I show you will be a rapid fast-forward of what &apos;s happened over the last 25 years .
2026-05-13 19:11:49,500 - INFO - joeynmt.training - 	Reference:  La prochaine diapositive que je vais vous montrer est une vue en accéléré de ce qui s&apos; est passé ces 25 dernières années .
2026-05-13 19:11:49,500 - INFO - joeynmt.training - 	Hypothesis: La prochaine diapositive que je vous serai un rapide rapide de ce qui se passe sur les 25 dernières années .
2026-05-13 19:11:55,597 - INFO - joeynmt.training - Epoch   8: total training loss 5083.95
2026-05-13 19:11:55,597 - INFO - joeynmt.training - EPOCH 9
2026-05-13 19:12:00,219 - INFO - joeynmt.training - Epoch   9, Step:    35100, Batch Loss:     1.072773, Batch Acc: 0.671373, Tokens per Sec:     7280, Lr: 0.000300
2026-05-13 19:12:11,104 - INFO - joeynmt.training - Epoch   9, Step:    35200, Batch Loss:     1.173764, Batch Acc: 0.674420, Tokens per Sec:     7236, Lr: 0.000300
2026-05-13 19:12:21,856 - INFO - joeynmt.training - Epoch   9, Step:    35300, Batch Loss:     1.172297, Batch Acc: 0.674301, Tokens per Sec:     7172, Lr: 0.000300
2026-05-13 19:12:32,628 - INFO - joeynmt.training - Epoch   9, Step:    35400, Batch Loss:     1.087371, Batch Acc: 0.676561, Tokens per Sec:     7443, Lr: 0.000300
2026-05-13 19:12:43,077 - INFO - joeynmt.training - Epoch   9, Step:    35500, Batch Loss:     0.988041, Batch Acc: 0.674260, Tokens per Sec:     7521, Lr: 0.000300
2026-05-13 19:12:43,077 - WARNING - joeynmt.helpers - `alpha` option is obsolete. Please use `beam_alpha`, instead.
2026-05-13 19:12:43,077 - INFO - joeynmt.prediction - Predicting 890 example(s)... (Greedy decoding with min_output_length=1, max_output_length=-1, return_prob='none', generate_unk=True, repetition_penalty=-1, no_repeat_ngram_size=-1)
2026-05-13 19:13:20,696 - INFO - joeynmt.prediction - Evaluation result (greedy) loss:   1.41, ppl:   4.09, acc:   0.59, generation: 37.6124[sec], evaluation: 0.0000[sec]
2026-05-13 19:13:20,746 - INFO - joeynmt.helpers - delete models/bpe_2k/33000.ckpt
2026-05-13 19:13:20,746 - INFO - joeynmt.training - Example #0
2026-05-13 19:13:20,746 - DEBUG - joeynmt.training - 	Tokenized source:     ['L@@', 'ast', 'year', 'I', 'sho@@', 'w@@', 'ed', 'these', 'two', 's@@', 'li@@', 'des', 'so', 'that', 'dem@@', 'on@@', 'str@@', 'ate', 'that', 'the', 'ar@@', 'c@@', 'tic', 'ice', 'c@@', 'a@@', 'p', ',', 'which', 'for', 'most', 'of', 'the', 'last', 'three', 'million', 'years', 'has', 'been', 'the', 'si@@', 'ze', 'of', 'the', 'lo@@', 'wer', '4@@', '8', 'st@@', 'ates', ',', 'has', 'sh@@', 'r@@', 'un@@', 'k', 'by', '4@@', '0', 'percent', '.']
2026-05-13 19:13:20,746 - DEBUG - joeynmt.training - 	Tokenized reference:  ['L&apos;', 'année', 'derni@@', 'ère', ',', 'je', 'vous', 'ai', 'présent@@', 'é', 'ces', 'deux', 'di@@', 'apos@@', 'iti@@', 'ves', 'qui', 'montr@@', 'aient', 'que', 'la', 'cal@@', 'ot@@', 'te', 'gl@@', 'ac@@', 'ière', 'ar@@', 'c@@', 'tique', ',', 'qui', 'pendant', 'ces', '3', 'derni@@', 'ers', 'millions', 'd&apos;', 'année', 'avait', 'la', 't@@', 'ail@@', 'le', 'des', 'E@@', 'tat@@', 's-@@', 'Un@@', 'is', 'sans', 'l&apos;', 'Al@@', 'as@@', 'k@@', 'a', ',', 'qui', 'pendant', 'ces', '3', 'derni@@', 'ers', 'millions', 'd&apos;', 'année', 'avait', 'la', 't@@', 'ail@@', 'le', 'des', 'E@@', 'tat@@', 's-@@', 'Un@@', 'is', 'sans', 'l&apos;', 'Al@@', 'as@@', 'k@@', 'a', ',', 'avait', 'di@@', 'minu@@', 'é', 'de', '4@@', '0', '%', '.']
2026-05-13 19:13:20,746 - DEBUG - joeynmt.training - 	Tokenized hypothesis: ['L&apos;', 'année', 'derni@@', 'ère', 'j&apos;', 'ai', 'montr@@', 'é', 'ces', 'deux', 'di@@', 'a@@', 'po@@', 's', 'pour', 'que', 'la', 'dé@@', 'mon@@', 'str@@', 'ation', 'ar@@', 'c@@', 'tique', ',', 'qui', 'pendant', 'la', 'plu@@', 'part', 'des', 'trois', 'millions', 'd&apos;', 'années', 'a', 'été', 'la', 't@@', 'ail@@', 'le', 'de', '4@@', '0', 'derni@@', 'ères', 'millions', 'd&apos;', 'années', ',', 'a', 'été', 'dé@@', 'ch@@', 'ets', 'par', 'la', 't@@', 'ail@@', 'le', 'plus', 'bas', ',', 'et', '4@@', '0', '%', '.', '</s>']
2026-05-13 19:13:20,746 - INFO - joeynmt.training - 	Source:     Last year I showed these two slides so that demonstrate that the arctic ice cap , which for most of the last three million years has been the size of the lower 48 states , has shrunk by 40 percent .
2026-05-13 19:13:20,747 - INFO - joeynmt.training - 	Reference:  L&apos; année dernière , je vous ai présenté ces deux diapositives qui montraient que la calotte glacière arctique , qui pendant ces 3 derniers millions d&apos; année avait la taille des Etats-Unis sans l&apos; Alaska , qui pendant ces 3 derniers millions d&apos; année avait la taille des Etats-Unis sans l&apos; Alaska , avait diminué de 40 % .
2026-05-13 19:13:20,747 - INFO - joeynmt.training - 	Hypothesis: L&apos; année dernière j&apos; ai montré ces deux diapos pour que la démonstration arctique , qui pendant la plupart des trois millions d&apos; années a été la taille de 40 dernières millions d&apos; années , a été déchets par la taille plus bas , et 40 % .
2026-05-13 19:13:20,747 - INFO - joeynmt.training - Example #1
2026-05-13 19:13:20,747 - DEBUG - joeynmt.training - 	Tokenized source:     ['But', 'this', 'underst@@', 'ates', 'the', 'ser@@', 'i@@', 'ous@@', 'ness', 'of', 'this', 'partic@@', 'ul@@', 'ar', 'problem', 'because', 'it', 'doesn', '&apos;t', 'show', 'the', 'th@@', 'ick@@', 'ness', 'of', 'the', 'ice', '.']
2026-05-13 19:13:20,747 - DEBUG - joeynmt.training - 	Tokenized reference:  ['Mais', 'ceci', 'ten@@', 'd', 'à', 'a@@', 'mo@@', 'ind@@', 'rir', 'le', 'problème', 'parce', 'qu&apos;', 'on', 'ne', 'vo@@', 'it', 'pas', 'l&apos;', 'é@@', 'p@@', 'aiss@@', 'eur', 'de', 'la', 'gl@@', 'ace', '.']
2026-05-13 19:13:20,747 - DEBUG - joeynmt.training - 	Tokenized hypothesis: ['Mais', 'cette', 'com@@', 'pr@@', 'end', 'le', 'problème', 'de', 'ce', 'problème', 'particu@@', 'li@@', 'er', 'parce', 'qu&apos;', 'il', 'ne', 'montr@@', 'ait', 'pas', 'le', 'pou@@', 'let', 'de', 'la', 'gl@@', 'ace', '.', '</s>']
2026-05-13 19:13:20,747 - INFO - joeynmt.training - 	Source:     But this understates the seriousness of this particular problem because it doesn &apos;t show the thickness of the ice .
2026-05-13 19:13:20,747 - INFO - joeynmt.training - 	Reference:  Mais ceci tend à amoindrir le problème parce qu&apos; on ne voit pas l&apos; épaisseur de la glace .
2026-05-13 19:13:20,747 - INFO - joeynmt.training - 	Hypothesis: Mais cette comprend le problème de ce problème particulier parce qu&apos; il ne montrait pas le poulet de la glace .
2026-05-13 19:13:20,747 - INFO - joeynmt.training - Example #2
2026-05-13 19:13:20,747 - DEBUG - joeynmt.training - 	Tokenized source:     ['The', 'ar@@', 'c@@', 'tic', 'ice', 'c@@', 'a@@', 'p', 'is', ',', 'in', 'a', 'sense', ',', 'the', 'be@@', 'ating', 'he@@', 'art', 'of', 'the', 'glob@@', 'al', 'cli@@', 'm@@', 'ate', 'system', '.']
2026-05-13 19:13:20,747 - DEBUG - joeynmt.training - 	Tokenized reference:  ['On', 'peut', 'voir', 'la', 'cal@@', 'ot@@', 'te', 'gl@@', 'ac@@', 'ière', 'ar@@', 'c@@', 'tique', 'comme', 'le', 'co@@', 'eur', 'du', 'système', 'cli@@', 'ma@@', 'tique', 'glob@@', 'al', '.', 'On', 'peut', 'voir', 'la', 'cal@@', 'ot@@', 'te', 'gl@@', 'ac@@', 'ière', 'ar@@', 'c@@', 'tique', 'comme', 'le', 'co@@', 'eur', 'du', 'système', 'cli@@', 'ma@@', 'tique', 'glob@@', 'al', '.']
2026-05-13 19:13:20,747 - DEBUG - joeynmt.training - 	Tokenized hypothesis: ['La', 'c@@', 'ause', 'd&apos;', 'ar@@', 'c@@', 'tique', 'est', ',', 'dans', 'un', 'sens', ',', 'le', 'c@@', 'œ@@', 'u@@', 'r', 'de', 'la', 'b@@', 'ête', 'de', 'la', 'système', 'cli@@', 'm@@', 'at', '.', '</s>']
2026-05-13 19:13:20,747 - INFO - joeynmt.training - 	Source:     The arctic ice cap is , in a sense , the beating heart of the global climate system .
2026-05-13 19:13:20,747 - INFO - joeynmt.training - 	Reference:  On peut voir la calotte glacière arctique comme le coeur du système climatique global . On peut voir la calotte glacière arctique comme le coeur du système climatique global .
2026-05-13 19:13:20,747 - INFO - joeynmt.training - 	Hypothesis: La cause d&apos; arctique est , dans un sens , le cœur de la bête de la système climat .
2026-05-13 19:13:20,747 - INFO - joeynmt.training - Example #3
2026-05-13 19:13:20,747 - DEBUG - joeynmt.training - 	Tokenized source:     ['It', 'exp@@', 'ands', 'in', 'w@@', 'int@@', 'er', 'and', 'contr@@', 'ac@@', 'ts', 'in', 'su@@', 'm@@', 'mer', '.']
2026-05-13 19:13:20,747 - DEBUG - joeynmt.training - 	Tokenized reference:  ['Elle', 's&apos;', 'ét@@', 'end', 'en', 'hi@@', 'ver', 'et', 'se', 'contr@@', 'ac@@', 'te', 'en', 'été', '.']
2026-05-13 19:13:20,747 - DEBUG - joeynmt.training - 	Tokenized hypothesis: ['Il', 's&apos;', 'ét@@', 'end', 'en', 'hi@@', 'ver', 'et', 'les', 'contr@@', 'ac@@', 'ts', 'en', 'été', '.', '</s>']
2026-05-13 19:13:20,747 - INFO - joeynmt.training - 	Source:     It expands in winter and contracts in summer .
2026-05-13 19:13:20,747 - INFO - joeynmt.training - 	Reference:  Elle s&apos; étend en hiver et se contracte en été .
2026-05-13 19:13:20,747 - INFO - joeynmt.training - 	Hypothesis: Il s&apos; étend en hiver et les contracts en été .
2026-05-13 19:13:20,747 - INFO - joeynmt.training - Example #4
2026-05-13 19:13:20,747 - DEBUG - joeynmt.training - 	Tokenized source:     ['The', 'next', 's@@', 'li@@', 'de', 'I', 'show', 'you', 'will', 'be', 'a', 'rap@@', 'id', 'fas@@', 't-@@', 'for@@', 'w@@', 'ard', 'of', 'what', '&apos;s', 'happen@@', 'ed', 'over', 'the', 'last', '2@@', '5', 'years', '.']
2026-05-13 19:13:20,747 - DEBUG - joeynmt.training - 	Tokenized reference:  ['La', 'pro@@', 'ch@@', 'aine', 'di@@', 'apos@@', 'iti@@', 've', 'que', 'je', 'vais', 'vous', 'montrer', 'est', 'une', 'v@@', 'ue', 'en', 'acc@@', 'él@@', 'ér@@', 'é', 'de', 'ce', 'qui', 's&apos;', 'est', 'passé', 'ces', '2@@', '5', 'derni@@', 'ères', 'années', '.']
2026-05-13 19:13:20,747 - DEBUG - joeynmt.training - 	Tokenized hypothesis: ['La', 'pro@@', 'ch@@', 'aine', 'di@@', 'apos@@', 'iti@@', 've', 'que', 'je', 'vous', 'ser@@', 'ai', 'un', 'rap@@', 'ide', 'rap@@', 'ide', 'de', 'ce', 'qui', 's&apos;', 'est', 'passé', 'les', '2@@', '5', 'derni@@', 'ères', 'années', '.', '</s>']
2026-05-13 19:13:20,747 - INFO - joeynmt.training - 	Source:     The next slide I show you will be a rapid fast-forward of what &apos;s happened over the last 25 years .
2026-05-13 19:13:20,747 - INFO - joeynmt.training - 	Reference:  La prochaine diapositive que je vais vous montrer est une vue en accéléré de ce qui s&apos; est passé ces 25 dernières années .
2026-05-13 19:13:20,747 - INFO - joeynmt.training - 	Hypothesis: La prochaine diapositive que je vous serai un rapide rapide de ce qui s&apos; est passé les 25 dernières années .
2026-05-13 19:13:31,598 - INFO - joeynmt.training - Epoch   9, Step:    35600, Batch Loss:     1.072942, Batch Acc: 0.669607, Tokens per Sec:     7165, Lr: 0.000300
2026-05-13 19:13:42,630 - INFO - joeynmt.training - Epoch   9, Step:    35700, Batch Loss:     1.122316, Batch Acc: 0.671967, Tokens per Sec:     7298, Lr: 0.000300
2026-05-13 19:13:53,311 - INFO - joeynmt.training - Epoch   9, Step:    35800, Batch Loss:     1.096822, Batch Acc: 0.673624, Tokens per Sec:     7674, Lr: 0.000300
2026-05-13 19:14:04,112 - INFO - joeynmt.training - Epoch   9, Step:    35900, Batch Loss:     1.172346, Batch Acc: 0.671579, Tokens per Sec:     7382, Lr: 0.000300
2026-05-13 19:14:15,045 - INFO - joeynmt.training - Epoch   9, Step:    36000, Batch Loss:     1.065527, Batch Acc: 0.668141, Tokens per Sec:     7092, Lr: 0.000300
2026-05-13 19:14:15,045 - WARNING - joeynmt.helpers - `alpha` option is obsolete. Please use `beam_alpha`, instead.
2026-05-13 19:14:15,045 - INFO - joeynmt.prediction - Predicting 890 example(s)... (Greedy decoding with min_output_length=1, max_output_length=-1, return_prob='none', generate_unk=True, repetition_penalty=-1, no_repeat_ngram_size=-1)
2026-05-13 19:14:51,795 - INFO - joeynmt.prediction - Evaluation result (greedy) loss:   1.40, ppl:   4.08, acc:   0.60, generation: 36.7447[sec], evaluation: 0.0000[sec]
2026-05-13 19:14:51,847 - INFO - joeynmt.helpers - delete models/bpe_2k/35500.ckpt
2026-05-13 19:14:51,847 - INFO - joeynmt.helpers - delete /Users/leonieadm/Desktop/mt-exercise-04/models/bpe_2k/35500.ckpt
2026-05-13 19:14:51,847 - WARNING - joeynmt.helpers - Wanted to delete old checkpoint /Users/leonieadm/Desktop/mt-exercise-04/models/bpe_2k/35500.ckpt but file does not exist. ([Errno 2] No such file or directory: '/Users/leonieadm/Desktop/mt-exercise-04/models/bpe_2k/35500.ckpt')
2026-05-13 19:14:51,847 - INFO - joeynmt.training - Example #0
2026-05-13 19:14:51,847 - DEBUG - joeynmt.training - 	Tokenized source:     ['L@@', 'ast', 'year', 'I', 'sho@@', 'w@@', 'ed', 'these', 'two', 's@@', 'li@@', 'des', 'so', 'that', 'dem@@', 'on@@', 'str@@', 'ate', 'that', 'the', 'ar@@', 'c@@', 'tic', 'ice', 'c@@', 'a@@', 'p', ',', 'which', 'for', 'most', 'of', 'the', 'last', 'three', 'million', 'years', 'has', 'been', 'the', 'si@@', 'ze', 'of', 'the', 'lo@@', 'wer', '4@@', '8', 'st@@', 'ates', ',', 'has', 'sh@@', 'r@@', 'un@@', 'k', 'by', '4@@', '0', 'percent', '.']
2026-05-13 19:14:51,847 - DEBUG - joeynmt.training - 	Tokenized reference:  ['L&apos;', 'année', 'derni@@', 'ère', ',', 'je', 'vous', 'ai', 'présent@@', 'é', 'ces', 'deux', 'di@@', 'apos@@', 'iti@@', 'ves', 'qui', 'montr@@', 'aient', 'que', 'la', 'cal@@', 'ot@@', 'te', 'gl@@', 'ac@@', 'ière', 'ar@@', 'c@@', 'tique', ',', 'qui', 'pendant', 'ces', '3', 'derni@@', 'ers', 'millions', 'd&apos;', 'année', 'avait', 'la', 't@@', 'ail@@', 'le', 'des', 'E@@', 'tat@@', 's-@@', 'Un@@', 'is', 'sans', 'l&apos;', 'Al@@', 'as@@', 'k@@', 'a', ',', 'qui', 'pendant', 'ces', '3', 'derni@@', 'ers', 'millions', 'd&apos;', 'année', 'avait', 'la', 't@@', 'ail@@', 'le', 'des', 'E@@', 'tat@@', 's-@@', 'Un@@', 'is', 'sans', 'l&apos;', 'Al@@', 'as@@', 'k@@', 'a', ',', 'avait', 'di@@', 'minu@@', 'é', 'de', '4@@', '0', '%', '.']
2026-05-13 19:14:51,847 - DEBUG - joeynmt.training - 	Tokenized hypothesis: ['L&apos;', 'année', 'derni@@', 'ère', 'j&apos;', 'ai', 'montr@@', 'é', 'ces', 'deux', 'di@@', 'a@@', 'po@@', 's', 'de', 't@@', 'elle', 'que', 'l&apos;', 'année', 'derni@@', 'ère', ',', 'qui', 'a', 'été', 'les', 't@@', 'ail@@', 'le', 'de', 'gl@@', 'ace', 'ar@@', 'c@@', 'tique', ',', 'depuis', 'la', 'plu@@', 'part', 'des', 'trois', 'millions', 'd&apos;', 'années', ',', 'a', 'été', 'la', 't@@', 'ail@@', 'le', 'de', 'la', 'plus', 'bas', 'de', '4@@', '0', '%', '.', '</s>']
2026-05-13 19:14:51,848 - INFO - joeynmt.training - 	Source:     Last year I showed these two slides so that demonstrate that the arctic ice cap , which for most of the last three million years has been the size of the lower 48 states , has shrunk by 40 percent .
2026-05-13 19:14:51,848 - INFO - joeynmt.training - 	Reference:  L&apos; année dernière , je vous ai présenté ces deux diapositives qui montraient que la calotte glacière arctique , qui pendant ces 3 derniers millions d&apos; année avait la taille des Etats-Unis sans l&apos; Alaska , qui pendant ces 3 derniers millions d&apos; année avait la taille des Etats-Unis sans l&apos; Alaska , avait diminué de 40 % .
2026-05-13 19:14:51,848 - INFO - joeynmt.training - 	Hypothesis: L&apos; année dernière j&apos; ai montré ces deux diapos de telle que l&apos; année dernière , qui a été les taille de glace arctique , depuis la plupart des trois millions d&apos; années , a été la taille de la plus bas de 40 % .
2026-05-13 19:14:51,848 - INFO - joeynmt.training - Example #1
2026-05-13 19:14:51,848 - DEBUG - joeynmt.training - 	Tokenized source:     ['But', 'this', 'underst@@', 'ates', 'the', 'ser@@', 'i@@', 'ous@@', 'ness', 'of', 'this', 'partic@@', 'ul@@', 'ar', 'problem', 'because', 'it', 'doesn', '&apos;t', 'show', 'the', 'th@@', 'ick@@', 'ness', 'of', 'the', 'ice', '.']
2026-05-13 19:14:51,848 - DEBUG - joeynmt.training - 	Tokenized reference:  ['Mais', 'ceci', 'ten@@', 'd', 'à', 'a@@', 'mo@@', 'ind@@', 'rir', 'le', 'problème', 'parce', 'qu&apos;', 'on', 'ne', 'vo@@', 'it', 'pas', 'l&apos;', 'é@@', 'p@@', 'aiss@@', 'eur', 'de', 'la', 'gl@@', 'ace', '.']
2026-05-13 19:14:51,848 - DEBUG - joeynmt.training - 	Tokenized hypothesis: ['Mais', 'cela', 'com@@', 'pr@@', 'end', 'la', 's@@', 'éri@@', 'eu@@', 's@@', 'me', 'de', 'ce', 'problème', 'particu@@', 'li@@', 'er', 'parce', 'que', 'ça', 'ne', 'mon@@', 'te', 'pas', 'le', 'mo@@', 'ind@@', 're', 'é@@', 'p@@', 'én@@', 'é@@', 'f@@', 'ici@@', 'le', '.', '</s>']
2026-05-13 19:14:51,848 - INFO - joeynmt.training - 	Source:     But this understates the seriousness of this particular problem because it doesn &apos;t show the thickness of the ice .
2026-05-13 19:14:51,848 - INFO - joeynmt.training - 	Reference:  Mais ceci tend à amoindrir le problème parce qu&apos; on ne voit pas l&apos; épaisseur de la glace .
2026-05-13 19:14:51,848 - INFO - joeynmt.training - 	Hypothesis: Mais cela comprend la sérieusme de ce problème particulier parce que ça ne monte pas le moindre épénéficile .
2026-05-13 19:14:51,848 - INFO - joeynmt.training - Example #2
2026-05-13 19:14:51,848 - DEBUG - joeynmt.training - 	Tokenized source:     ['The', 'ar@@', 'c@@', 'tic', 'ice', 'c@@', 'a@@', 'p', 'is', ',', 'in', 'a', 'sense', ',', 'the', 'be@@', 'ating', 'he@@', 'art', 'of', 'the', 'glob@@', 'al', 'cli@@', 'm@@', 'ate', 'system', '.']
2026-05-13 19:14:51,848 - DEBUG - joeynmt.training - 	Tokenized reference:  ['On', 'peut', 'voir', 'la', 'cal@@', 'ot@@', 'te', 'gl@@', 'ac@@', 'ière', 'ar@@', 'c@@', 'tique', 'comme', 'le', 'co@@', 'eur', 'du', 'système', 'cli@@', 'ma@@', 'tique', 'glob@@', 'al', '.', 'On', 'peut', 'voir', 'la', 'cal@@', 'ot@@', 'te', 'gl@@', 'ac@@', 'ière', 'ar@@', 'c@@', 'tique', 'comme', 'le', 'co@@', 'eur', 'du', 'système', 'cli@@', 'ma@@', 'tique', 'glob@@', 'al', '.']
2026-05-13 19:14:51,848 - DEBUG - joeynmt.training - 	Tokenized hypothesis: ['La', 'gl@@', 'ace', 'ar@@', 'c@@', 'tique', 'est', ',', 'dans', 'un', 'sens', ',', 'le', 'c@@', 'œ@@', 'u@@', 'r', 'du', 'système', 'cli@@', 'm@@', 'at', 'mon@@', 'di@@', 'al', '.', '</s>']
2026-05-13 19:14:51,848 - INFO - joeynmt.training - 	Source:     The arctic ice cap is , in a sense , the beating heart of the global climate system .
2026-05-13 19:14:51,848 - INFO - joeynmt.training - 	Reference:  On peut voir la calotte glacière arctique comme le coeur du système climatique global . On peut voir la calotte glacière arctique comme le coeur du système climatique global .
2026-05-13 19:14:51,848 - INFO - joeynmt.training - 	Hypothesis: La glace arctique est , dans un sens , le cœur du système climat mondial .
2026-05-13 19:14:51,848 - INFO - joeynmt.training - Example #3
2026-05-13 19:14:51,848 - DEBUG - joeynmt.training - 	Tokenized source:     ['It', 'exp@@', 'ands', 'in', 'w@@', 'int@@', 'er', 'and', 'contr@@', 'ac@@', 'ts', 'in', 'su@@', 'm@@', 'mer', '.']
2026-05-13 19:14:51,848 - DEBUG - joeynmt.training - 	Tokenized reference:  ['Elle', 's&apos;', 'ét@@', 'end', 'en', 'hi@@', 'ver', 'et', 'se', 'contr@@', 'ac@@', 'te', 'en', 'été', '.']
2026-05-13 19:14:51,848 - DEBUG - joeynmt.training - 	Tokenized hypothesis: ['Il', 's&apos;', 'ét@@', 'end', 'en', 'hi@@', 'ver', 'et', 'les', 'contr@@', 'ac@@', 'tes', 'en', 'été', 'l&apos;', 'été', '.', '</s>']
2026-05-13 19:14:51,848 - INFO - joeynmt.training - 	Source:     It expands in winter and contracts in summer .
2026-05-13 19:14:51,848 - INFO - joeynmt.training - 	Reference:  Elle s&apos; étend en hiver et se contracte en été .
2026-05-13 19:14:51,848 - INFO - joeynmt.training - 	Hypothesis: Il s&apos; étend en hiver et les contractes en été l&apos; été .
2026-05-13 19:14:51,848 - INFO - joeynmt.training - Example #4
2026-05-13 19:14:51,848 - DEBUG - joeynmt.training - 	Tokenized source:     ['The', 'next', 's@@', 'li@@', 'de', 'I', 'show', 'you', 'will', 'be', 'a', 'rap@@', 'id', 'fas@@', 't-@@', 'for@@', 'w@@', 'ard', 'of', 'what', '&apos;s', 'happen@@', 'ed', 'over', 'the', 'last', '2@@', '5', 'years', '.']
2026-05-13 19:14:51,848 - DEBUG - joeynmt.training - 	Tokenized reference:  ['La', 'pro@@', 'ch@@', 'aine', 'di@@', 'apos@@', 'iti@@', 've', 'que', 'je', 'vais', 'vous', 'montrer', 'est', 'une', 'v@@', 'ue', 'en', 'acc@@', 'él@@', 'ér@@', 'é', 'de', 'ce', 'qui', 's&apos;', 'est', 'passé', 'ces', '2@@', '5', 'derni@@', 'ères', 'années', '.']
2026-05-13 19:14:51,848 - DEBUG - joeynmt.training - 	Tokenized hypothesis: ['La', 'pro@@', 'ch@@', 'aine', 'di@@', 'apos@@', 'iti@@', 've', 'que', 'je', 'vous', 'ser@@', 'ai', 'rap@@', 'ide', 'rap@@', 'ide', 'de', 'ce', 'qui', 's&apos;', 'est', 'passé', 'depuis', 'les', '2@@', '5', 'derni@@', 'ères', 'années', '.', '</s>']
2026-05-13 19:14:51,849 - INFO - joeynmt.training - 	Source:     The next slide I show you will be a rapid fast-forward of what &apos;s happened over the last 25 years .
2026-05-13 19:14:51,849 - INFO - joeynmt.training - 	Reference:  La prochaine diapositive que je vais vous montrer est une vue en accéléré de ce qui s&apos; est passé ces 25 dernières années .
2026-05-13 19:14:51,849 - INFO - joeynmt.training - 	Hypothesis: La prochaine diapositive que je vous serai rapide rapide de ce qui s&apos; est passé depuis les 25 dernières années .
2026-05-13 19:15:02,922 - INFO - joeynmt.training - Epoch   9, Step:    36100, Batch Loss:     1.238979, Batch Acc: 0.664857, Tokens per Sec:     7001, Lr: 0.000300
2026-05-13 19:15:13,746 - INFO - joeynmt.training - Epoch   9, Step:    36200, Batch Loss:     1.158299, Batch Acc: 0.673740, Tokens per Sec:     7184, Lr: 0.000300
2026-05-13 19:15:24,563 - INFO - joeynmt.training - Epoch   9, Step:    36300, Batch Loss:     1.128176, Batch Acc: 0.666949, Tokens per Sec:     7321, Lr: 0.000300
2026-05-13 19:15:35,477 - INFO - joeynmt.training - Epoch   9, Step:    36400, Batch Loss:     1.057983, Batch Acc: 0.670390, Tokens per Sec:     7169, Lr: 0.000300
2026-05-13 19:15:46,288 - INFO - joeynmt.training - Epoch   9, Step:    36500, Batch Loss:     1.099660, Batch Acc: 0.668484, Tokens per Sec:     7194, Lr: 0.000300
2026-05-13 19:15:46,288 - WARNING - joeynmt.helpers - `alpha` option is obsolete. Please use `beam_alpha`, instead.
2026-05-13 19:15:46,288 - INFO - joeynmt.prediction - Predicting 890 example(s)... (Greedy decoding with min_output_length=1, max_output_length=-1, return_prob='none', generate_unk=True, repetition_penalty=-1, no_repeat_ngram_size=-1)
2026-05-13 19:16:23,055 - INFO - joeynmt.prediction - Evaluation result (greedy) loss:   1.40, ppl:   4.06, acc:   0.60, generation: 36.7610[sec], evaluation: 0.0000[sec]
2026-05-13 19:16:23,055 - INFO - joeynmt.training - Hooray! New best validation result [ppl]!
2026-05-13 19:16:23,105 - INFO - joeynmt.helpers - delete models/bpe_2k/36000.ckpt
2026-05-13 19:16:23,105 - INFO - joeynmt.training - Example #0
2026-05-13 19:16:23,105 - DEBUG - joeynmt.training - 	Tokenized source:     ['L@@', 'ast', 'year', 'I', 'sho@@', 'w@@', 'ed', 'these', 'two', 's@@', 'li@@', 'des', 'so', 'that', 'dem@@', 'on@@', 'str@@', 'ate', 'that', 'the', 'ar@@', 'c@@', 'tic', 'ice', 'c@@', 'a@@', 'p', ',', 'which', 'for', 'most', 'of', 'the', 'last', 'three', 'million', 'years', 'has', 'been', 'the', 'si@@', 'ze', 'of', 'the', 'lo@@', 'wer', '4@@', '8', 'st@@', 'ates', ',', 'has', 'sh@@', 'r@@', 'un@@', 'k', 'by', '4@@', '0', 'percent', '.']
2026-05-13 19:16:23,105 - DEBUG - joeynmt.training - 	Tokenized reference:  ['L&apos;', 'année', 'derni@@', 'ère', ',', 'je', 'vous', 'ai', 'présent@@', 'é', 'ces', 'deux', 'di@@', 'apos@@', 'iti@@', 'ves', 'qui', 'montr@@', 'aient', 'que', 'la', 'cal@@', 'ot@@', 'te', 'gl@@', 'ac@@', 'ière', 'ar@@', 'c@@', 'tique', ',', 'qui', 'pendant', 'ces', '3', 'derni@@', 'ers', 'millions', 'd&apos;', 'année', 'avait', 'la', 't@@', 'ail@@', 'le', 'des', 'E@@', 'tat@@', 's-@@', 'Un@@', 'is', 'sans', 'l&apos;', 'Al@@', 'as@@', 'k@@', 'a', ',', 'qui', 'pendant', 'ces', '3', 'derni@@', 'ers', 'millions', 'd&apos;', 'année', 'avait', 'la', 't@@', 'ail@@', 'le', 'des', 'E@@', 'tat@@', 's-@@', 'Un@@', 'is', 'sans', 'l&apos;', 'Al@@', 'as@@', 'k@@', 'a', ',', 'avait', 'di@@', 'minu@@', 'é', 'de', '4@@', '0', '%', '.']
2026-05-13 19:16:23,105 - DEBUG - joeynmt.training - 	Tokenized hypothesis: ['L&apos;', 'année', 'derni@@', 'ère', ',', 'j&apos;', 'ai', 'montr@@', 'é', 'ces', 'deux', 'di@@', 'a@@', 'po@@', 's', 'de', 't@@', 'elle', 'que', 'le', 'c@@', 'a@@', 'p', 'de', 'gl@@', 'ace', 'ar@@', 'c@@', 'tique', ',', 'qui', 'depuis', 'la', 'plu@@', 'part', 'des', 'trois', 'millions', 'd&apos;', 'années', 'ont', 'été', 'la', 't@@', 'ail@@', 'le', 'de', 'plus', 'bas', 'de', '4@@', '0', 'ét@@', 'at@@', 's', ',', 'a', 'ré@@', 'us@@', 'si', 'par', '4@@', '0', '%', '.', '</s>']
2026-05-13 19:16:23,106 - INFO - joeynmt.training - 	Source:     Last year I showed these two slides so that demonstrate that the arctic ice cap , which for most of the last three million years has been the size of the lower 48 states , has shrunk by 40 percent .
2026-05-13 19:16:23,106 - INFO - joeynmt.training - 	Reference:  L&apos; année dernière , je vous ai présenté ces deux diapositives qui montraient que la calotte glacière arctique , qui pendant ces 3 derniers millions d&apos; année avait la taille des Etats-Unis sans l&apos; Alaska , qui pendant ces 3 derniers millions d&apos; année avait la taille des Etats-Unis sans l&apos; Alaska , avait diminué de 40 % .
2026-05-13 19:16:23,106 - INFO - joeynmt.training - 	Hypothesis: L&apos; année dernière , j&apos; ai montré ces deux diapos de telle que le cap de glace arctique , qui depuis la plupart des trois millions d&apos; années ont été la taille de plus bas de 40 états , a réussi par 40 % .
2026-05-13 19:16:23,106 - INFO - joeynmt.training - Example #1
2026-05-13 19:16:23,106 - DEBUG - joeynmt.training - 	Tokenized source:     ['But', 'this', 'underst@@', 'ates', 'the', 'ser@@', 'i@@', 'ous@@', 'ness', 'of', 'this', 'partic@@', 'ul@@', 'ar', 'problem', 'because', 'it', 'doesn', '&apos;t', 'show', 'the', 'th@@', 'ick@@', 'ness', 'of', 'the', 'ice', '.']
2026-05-13 19:16:23,106 - DEBUG - joeynmt.training - 	Tokenized reference:  ['Mais', 'ceci', 'ten@@', 'd', 'à', 'a@@', 'mo@@', 'ind@@', 'rir', 'le', 'problème', 'parce', 'qu&apos;', 'on', 'ne', 'vo@@', 'it', 'pas', 'l&apos;', 'é@@', 'p@@', 'aiss@@', 'eur', 'de', 'la', 'gl@@', 'ace', '.']
2026-05-13 19:16:23,106 - DEBUG - joeynmt.training - 	Tokenized hypothesis: ['Mais', 'cela', 'com@@', 'pr@@', 'end', 'la', 's@@', 'éri@@', 'eu@@', 's@@', 'ité', 'de', 'ce', 'problème', 'particu@@', 'li@@', 'er', 'parce', 'qu&apos;', 'il', 'ne', 'montr@@', 'ait', 'pas', 'la', 'pou@@', 'let', 'de', 'la', 'gl@@', 'ace', '.', '</s>']
2026-05-13 19:16:23,106 - INFO - joeynmt.training - 	Source:     But this understates the seriousness of this particular problem because it doesn &apos;t show the thickness of the ice .
2026-05-13 19:16:23,106 - INFO - joeynmt.training - 	Reference:  Mais ceci tend à amoindrir le problème parce qu&apos; on ne voit pas l&apos; épaisseur de la glace .
2026-05-13 19:16:23,106 - INFO - joeynmt.training - 	Hypothesis: Mais cela comprend la sérieusité de ce problème particulier parce qu&apos; il ne montrait pas la poulet de la glace .
2026-05-13 19:16:23,106 - INFO - joeynmt.training - Example #2
2026-05-13 19:16:23,106 - DEBUG - joeynmt.training - 	Tokenized source:     ['The', 'ar@@', 'c@@', 'tic', 'ice', 'c@@', 'a@@', 'p', 'is', ',', 'in', 'a', 'sense', ',', 'the', 'be@@', 'ating', 'he@@', 'art', 'of', 'the', 'glob@@', 'al', 'cli@@', 'm@@', 'ate', 'system', '.']
2026-05-13 19:16:23,106 - DEBUG - joeynmt.training - 	Tokenized reference:  ['On', 'peut', 'voir', 'la', 'cal@@', 'ot@@', 'te', 'gl@@', 'ac@@', 'ière', 'ar@@', 'c@@', 'tique', 'comme', 'le', 'co@@', 'eur', 'du', 'système', 'cli@@', 'ma@@', 'tique', 'glob@@', 'al', '.', 'On', 'peut', 'voir', 'la', 'cal@@', 'ot@@', 'te', 'gl@@', 'ac@@', 'ière', 'ar@@', 'c@@', 'tique', 'comme', 'le', 'co@@', 'eur', 'du', 'système', 'cli@@', 'ma@@', 'tique', 'glob@@', 'al', '.']
2026-05-13 19:16:23,106 - DEBUG - joeynmt.training - 	Tokenized hypothesis: ['Le', 'c@@', 'é@@', 'ré@@', 'ment', 'de', 'gl@@', 'ace', 'est', ',', 'dans', 'un', 'sens', ',', 'le', 'c@@', 'œ@@', 'u@@', 'r', 'de', 'l&apos;', 'é@@', 'car@@', 'di@@', 'a@@', 'que', 'du', 'système', 'cli@@', 'm@@', 'at', 'mon@@', 'di@@', 'al', '.', '</s>']
2026-05-13 19:16:23,106 - INFO - joeynmt.training - 	Source:     The arctic ice cap is , in a sense , the beating heart of the global climate system .
2026-05-13 19:16:23,106 - INFO - joeynmt.training - 	Reference:  On peut voir la calotte glacière arctique comme le coeur du système climatique global . On peut voir la calotte glacière arctique comme le coeur du système climatique global .
2026-05-13 19:16:23,106 - INFO - joeynmt.training - 	Hypothesis: Le cérément de glace est , dans un sens , le cœur de l&apos; écardiaque du système climat mondial .
2026-05-13 19:16:23,106 - INFO - joeynmt.training - Example #3
2026-05-13 19:16:23,106 - DEBUG - joeynmt.training - 	Tokenized source:     ['It', 'exp@@', 'ands', 'in', 'w@@', 'int@@', 'er', 'and', 'contr@@', 'ac@@', 'ts', 'in', 'su@@', 'm@@', 'mer', '.']
2026-05-13 19:16:23,106 - DEBUG - joeynmt.training - 	Tokenized reference:  ['Elle', 's&apos;', 'ét@@', 'end', 'en', 'hi@@', 'ver', 'et', 'se', 'contr@@', 'ac@@', 'te', 'en', 'été', '.']
2026-05-13 19:16:23,106 - DEBUG - joeynmt.training - 	Tokenized hypothesis: ['Il', 's&apos;', 'ét@@', 'end', 'en', 'hi@@', 'ver', 'et', 'les', 'contr@@', 'at@@', 's', 'en', 'été', '.', '</s>']
2026-05-13 19:16:23,106 - INFO - joeynmt.training - 	Source:     It expands in winter and contracts in summer .
2026-05-13 19:16:23,106 - INFO - joeynmt.training - 	Reference:  Elle s&apos; étend en hiver et se contracte en été .
2026-05-13 19:16:23,106 - INFO - joeynmt.training - 	Hypothesis: Il s&apos; étend en hiver et les contrats en été .
2026-05-13 19:16:23,106 - INFO - joeynmt.training - Example #4
2026-05-13 19:16:23,106 - DEBUG - joeynmt.training - 	Tokenized source:     ['The', 'next', 's@@', 'li@@', 'de', 'I', 'show', 'you', 'will', 'be', 'a', 'rap@@', 'id', 'fas@@', 't-@@', 'for@@', 'w@@', 'ard', 'of', 'what', '&apos;s', 'happen@@', 'ed', 'over', 'the', 'last', '2@@', '5', 'years', '.']
2026-05-13 19:16:23,106 - DEBUG - joeynmt.training - 	Tokenized reference:  ['La', 'pro@@', 'ch@@', 'aine', 'di@@', 'apos@@', 'iti@@', 've', 'que', 'je', 'vais', 'vous', 'montrer', 'est', 'une', 'v@@', 'ue', 'en', 'acc@@', 'él@@', 'ér@@', 'é', 'de', 'ce', 'qui', 's&apos;', 'est', 'passé', 'ces', '2@@', '5', 'derni@@', 'ères', 'années', '.']
2026-05-13 19:16:23,106 - DEBUG - joeynmt.training - 	Tokenized hypothesis: ['La', 'pro@@', 'ch@@', 'aine', 'di@@', 'ap@@', 'o', 'que', 'vous', 'ser@@', 'ez', 'un', 'rap@@', 'ide', 'rap@@', 'ide', 'de', 'ce', 'qui', 'est', 'arriv@@', 'é', 'pendant', 'les', '2@@', '5', 'derni@@', 'ères', 'années', '.', '</s>']
2026-05-13 19:16:23,107 - INFO - joeynmt.training - 	Source:     The next slide I show you will be a rapid fast-forward of what &apos;s happened over the last 25 years .
2026-05-13 19:16:23,107 - INFO - joeynmt.training - 	Reference:  La prochaine diapositive que je vais vous montrer est une vue en accéléré de ce qui s&apos; est passé ces 25 dernières années .
2026-05-13 19:16:23,107 - INFO - joeynmt.training - 	Hypothesis: La prochaine diapo que vous serez un rapide rapide de ce qui est arrivé pendant les 25 dernières années .
2026-05-13 19:16:33,677 - INFO - joeynmt.training - Epoch   9, Step:    36600, Batch Loss:     1.014209, Batch Acc: 0.671614, Tokens per Sec:     7535, Lr: 0.000300
2026-05-13 19:16:43,932 - INFO - joeynmt.training - Epoch   9, Step:    36700, Batch Loss:     1.205693, Batch Acc: 0.664365, Tokens per Sec:     7556, Lr: 0.000300
2026-05-13 19:16:54,576 - INFO - joeynmt.training - Epoch   9, Step:    36800, Batch Loss:     1.337030, Batch Acc: 0.663370, Tokens per Sec:     7323, Lr: 0.000300
2026-05-13 19:17:05,437 - INFO - joeynmt.training - Epoch   9, Step:    36900, Batch Loss:     1.178679, Batch Acc: 0.673779, Tokens per Sec:     7047, Lr: 0.000300
2026-05-13 19:17:16,073 - INFO - joeynmt.training - Epoch   9, Step:    37000, Batch Loss:     1.268635, Batch Acc: 0.663678, Tokens per Sec:     7277, Lr: 0.000300
2026-05-13 19:17:16,073 - WARNING - joeynmt.helpers - `alpha` option is obsolete. Please use `beam_alpha`, instead.
2026-05-13 19:17:16,073 - INFO - joeynmt.prediction - Predicting 890 example(s)... (Greedy decoding with min_output_length=1, max_output_length=-1, return_prob='none', generate_unk=True, repetition_penalty=-1, no_repeat_ngram_size=-1)
2026-05-13 19:17:53,976 - INFO - joeynmt.prediction - Evaluation result (greedy) loss:   1.40, ppl:   4.06, acc:   0.60, generation: 37.8976[sec], evaluation: 0.0000[sec]
2026-05-13 19:17:53,977 - INFO - joeynmt.training - Hooray! New best validation result [ppl]!
2026-05-13 19:17:54,025 - INFO - joeynmt.helpers - delete models/bpe_2k/33500.ckpt
2026-05-13 19:17:54,026 - INFO - joeynmt.training - Example #0
2026-05-13 19:17:54,026 - DEBUG - joeynmt.training - 	Tokenized source:     ['L@@', 'ast', 'year', 'I', 'sho@@', 'w@@', 'ed', 'these', 'two', 's@@', 'li@@', 'des', 'so', 'that', 'dem@@', 'on@@', 'str@@', 'ate', 'that', 'the', 'ar@@', 'c@@', 'tic', 'ice', 'c@@', 'a@@', 'p', ',', 'which', 'for', 'most', 'of', 'the', 'last', 'three', 'million', 'years', 'has', 'been', 'the', 'si@@', 'ze', 'of', 'the', 'lo@@', 'wer', '4@@', '8', 'st@@', 'ates', ',', 'has', 'sh@@', 'r@@', 'un@@', 'k', 'by', '4@@', '0', 'percent', '.']
2026-05-13 19:17:54,026 - DEBUG - joeynmt.training - 	Tokenized reference:  ['L&apos;', 'année', 'derni@@', 'ère', ',', 'je', 'vous', 'ai', 'présent@@', 'é', 'ces', 'deux', 'di@@', 'apos@@', 'iti@@', 'ves', 'qui', 'montr@@', 'aient', 'que', 'la', 'cal@@', 'ot@@', 'te', 'gl@@', 'ac@@', 'ière', 'ar@@', 'c@@', 'tique', ',', 'qui', 'pendant', 'ces', '3', 'derni@@', 'ers', 'millions', 'd&apos;', 'année', 'avait', 'la', 't@@', 'ail@@', 'le', 'des', 'E@@', 'tat@@', 's-@@', 'Un@@', 'is', 'sans', 'l&apos;', 'Al@@', 'as@@', 'k@@', 'a', ',', 'qui', 'pendant', 'ces', '3', 'derni@@', 'ers', 'millions', 'd&apos;', 'année', 'avait', 'la', 't@@', 'ail@@', 'le', 'des', 'E@@', 'tat@@', 's-@@', 'Un@@', 'is', 'sans', 'l&apos;', 'Al@@', 'as@@', 'k@@', 'a', ',', 'avait', 'di@@', 'minu@@', 'é', 'de', '4@@', '0', '%', '.']
2026-05-13 19:17:54,026 - DEBUG - joeynmt.training - 	Tokenized hypothesis: ['L&apos;', 'année', 'derni@@', 'ère', ',', 'j&apos;', 'ai', 'montr@@', 'é', 'ces', 'deux', 'di@@', 'a@@', 'po@@', 's', 'de', 'dé@@', 'montrer', 'que', 'le', 'c@@', 'a@@', 'p', 'de', 'gl@@', 'ace', 'ar@@', 'c@@', 'tique', ',', 'qui', 'pendant', 'la', 'plu@@', 'part', 'des', 'trois', 'millions', 'd&apos;', 'années', 'ont', 'été', 'la', 't@@', 'ail@@', 'le', 'de', 'plus', 'bas', 'de', '4@@', '0', '%', '.', '</s>']
2026-05-13 19:17:54,026 - INFO - joeynmt.training - 	Source:     Last year I showed these two slides so that demonstrate that the arctic ice cap , which for most of the last three million years has been the size of the lower 48 states , has shrunk by 40 percent .
2026-05-13 19:17:54,026 - INFO - joeynmt.training - 	Reference:  L&apos; année dernière , je vous ai présenté ces deux diapositives qui montraient que la calotte glacière arctique , qui pendant ces 3 derniers millions d&apos; année avait la taille des Etats-Unis sans l&apos; Alaska , qui pendant ces 3 derniers millions d&apos; année avait la taille des Etats-Unis sans l&apos; Alaska , avait diminué de 40 % .
2026-05-13 19:17:54,026 - INFO - joeynmt.training - 	Hypothesis: L&apos; année dernière , j&apos; ai montré ces deux diapos de démontrer que le cap de glace arctique , qui pendant la plupart des trois millions d&apos; années ont été la taille de plus bas de 40 % .
2026-05-13 19:17:54,026 - INFO - joeynmt.training - Example #1
2026-05-13 19:17:54,026 - DEBUG - joeynmt.training - 	Tokenized source:     ['But', 'this', 'underst@@', 'ates', 'the', 'ser@@', 'i@@', 'ous@@', 'ness', 'of', 'this', 'partic@@', 'ul@@', 'ar', 'problem', 'because', 'it', 'doesn', '&apos;t', 'show', 'the', 'th@@', 'ick@@', 'ness', 'of', 'the', 'ice', '.']
2026-05-13 19:17:54,026 - DEBUG - joeynmt.training - 	Tokenized reference:  ['Mais', 'ceci', 'ten@@', 'd', 'à', 'a@@', 'mo@@', 'ind@@', 'rir', 'le', 'problème', 'parce', 'qu&apos;', 'on', 'ne', 'vo@@', 'it', 'pas', 'l&apos;', 'é@@', 'p@@', 'aiss@@', 'eur', 'de', 'la', 'gl@@', 'ace', '.']
2026-05-13 19:17:54,026 - DEBUG - joeynmt.training - 	Tokenized hypothesis: ['Mais', 'cela', 'com@@', 'pr@@', 'end', 'la', 's@@', 'éri@@', 'eu@@', 's@@', 'ité', 'de', 'ce', 'problème', 'particu@@', 'li@@', 'er', 'parce', 'qu&apos;', 'il', 'ne', 'mon@@', 'tre', 'pas', 'le', 'pou@@', 'let', 'de', 'la', 'gl@@', 'ace', '.', '</s>']
2026-05-13 19:17:54,026 - INFO - joeynmt.training - 	Source:     But this understates the seriousness of this particular problem because it doesn &apos;t show the thickness of the ice .
2026-05-13 19:17:54,026 - INFO - joeynmt.training - 	Reference:  Mais ceci tend à amoindrir le problème parce qu&apos; on ne voit pas l&apos; épaisseur de la glace .
2026-05-13 19:17:54,026 - INFO - joeynmt.training - 	Hypothesis: Mais cela comprend la sérieusité de ce problème particulier parce qu&apos; il ne montre pas le poulet de la glace .
2026-05-13 19:17:54,026 - INFO - joeynmt.training - Example #2
2026-05-13 19:17:54,026 - DEBUG - joeynmt.training - 	Tokenized source:     ['The', 'ar@@', 'c@@', 'tic', 'ice', 'c@@', 'a@@', 'p', 'is', ',', 'in', 'a', 'sense', ',', 'the', 'be@@', 'ating', 'he@@', 'art', 'of', 'the', 'glob@@', 'al', 'cli@@', 'm@@', 'ate', 'system', '.']
2026-05-13 19:17:54,026 - DEBUG - joeynmt.training - 	Tokenized reference:  ['On', 'peut', 'voir', 'la', 'cal@@', 'ot@@', 'te', 'gl@@', 'ac@@', 'ière', 'ar@@', 'c@@', 'tique', 'comme', 'le', 'co@@', 'eur', 'du', 'système', 'cli@@', 'ma@@', 'tique', 'glob@@', 'al', '.', 'On', 'peut', 'voir', 'la', 'cal@@', 'ot@@', 'te', 'gl@@', 'ac@@', 'ière', 'ar@@', 'c@@', 'tique', 'comme', 'le', 'co@@', 'eur', 'du', 'système', 'cli@@', 'ma@@', 'tique', 'glob@@', 'al', '.']
2026-05-13 19:17:54,026 - DEBUG - joeynmt.training - 	Tokenized hypothesis: ['Le', 'c@@', 'a@@', 'p', 'de', 'gl@@', 'ace', 'est', ',', 'dans', 'un', 'sens', ',', 'le', 'co@@', 'eur', 'du', 'système', 'cli@@', 'm@@', 'at', 'du', 'cli@@', 'm@@', 'at', '.', '</s>']
2026-05-13 19:17:54,027 - INFO - joeynmt.training - 	Source:     The arctic ice cap is , in a sense , the beating heart of the global climate system .
2026-05-13 19:17:54,027 - INFO - joeynmt.training - 	Reference:  On peut voir la calotte glacière arctique comme le coeur du système climatique global . On peut voir la calotte glacière arctique comme le coeur du système climatique global .
2026-05-13 19:17:54,027 - INFO - joeynmt.training - 	Hypothesis: Le cap de glace est , dans un sens , le coeur du système climat du climat .
2026-05-13 19:17:54,027 - INFO - joeynmt.training - Example #3
2026-05-13 19:17:54,027 - DEBUG - joeynmt.training - 	Tokenized source:     ['It', 'exp@@', 'ands', 'in', 'w@@', 'int@@', 'er', 'and', 'contr@@', 'ac@@', 'ts', 'in', 'su@@', 'm@@', 'mer', '.']
2026-05-13 19:17:54,027 - DEBUG - joeynmt.training - 	Tokenized reference:  ['Elle', 's&apos;', 'ét@@', 'end', 'en', 'hi@@', 'ver', 'et', 'se', 'contr@@', 'ac@@', 'te', 'en', 'été', '.']
2026-05-13 19:17:54,027 - DEBUG - joeynmt.training - 	Tokenized hypothesis: ['Il', 's&apos;', 'ét@@', 'end@@', 'ent', 'en', 'hi@@', 'ver', 'et', 'les', 'contr@@', 'ac@@', 'ts', 'en', 'été', '.', '</s>']
2026-05-13 19:17:54,027 - INFO - joeynmt.training - 	Source:     It expands in winter and contracts in summer .
2026-05-13 19:17:54,027 - INFO - joeynmt.training - 	Reference:  Elle s&apos; étend en hiver et se contracte en été .
2026-05-13 19:17:54,027 - INFO - joeynmt.training - 	Hypothesis: Il s&apos; étendent en hiver et les contracts en été .
2026-05-13 19:17:54,027 - INFO - joeynmt.training - Example #4
2026-05-13 19:17:54,027 - DEBUG - joeynmt.training - 	Tokenized source:     ['The', 'next', 's@@', 'li@@', 'de', 'I', 'show', 'you', 'will', 'be', 'a', 'rap@@', 'id', 'fas@@', 't-@@', 'for@@', 'w@@', 'ard', 'of', 'what', '&apos;s', 'happen@@', 'ed', 'over', 'the', 'last', '2@@', '5', 'years', '.']
2026-05-13 19:17:54,027 - DEBUG - joeynmt.training - 	Tokenized reference:  ['La', 'pro@@', 'ch@@', 'aine', 'di@@', 'apos@@', 'iti@@', 've', 'que', 'je', 'vais', 'vous', 'montrer', 'est', 'une', 'v@@', 'ue', 'en', 'acc@@', 'él@@', 'ér@@', 'é', 'de', 'ce', 'qui', 's&apos;', 'est', 'passé', 'ces', '2@@', '5', 'derni@@', 'ères', 'années', '.']
2026-05-13 19:17:54,027 - DEBUG - joeynmt.training - 	Tokenized hypothesis: ['La', 'pro@@', 'ch@@', 'aine', 'di@@', 'apos@@', 'iti@@', 've', 'que', 'vous', 'ser@@', 'ez', 'un', 'rap@@', 'ide', 'rap@@', 'ide', 'de', 'ce', 'qui', 's&apos;', 'est', 'passé', 'pendant', 'les', '2@@', '5', 'derni@@', 'ers', 'années', '.', '</s>']
2026-05-13 19:17:54,027 - INFO - joeynmt.training - 	Source:     The next slide I show you will be a rapid fast-forward of what &apos;s happened over the last 25 years .
2026-05-13 19:17:54,027 - INFO - joeynmt.training - 	Reference:  La prochaine diapositive que je vais vous montrer est une vue en accéléré de ce qui s&apos; est passé ces 25 dernières années .
2026-05-13 19:17:54,027 - INFO - joeynmt.training - 	Hypothesis: La prochaine diapositive que vous serez un rapide rapide de ce qui s&apos; est passé pendant les 25 derniers années .
2026-05-13 19:18:04,616 - INFO - joeynmt.training - Epoch   9, Step:    37100, Batch Loss:     1.111959, Batch Acc: 0.667914, Tokens per Sec:     7462, Lr: 0.000300
2026-05-13 19:18:15,356 - INFO - joeynmt.training - Epoch   9, Step:    37200, Batch Loss:     1.035205, Batch Acc: 0.663148, Tokens per Sec:     7382, Lr: 0.000300
2026-05-13 19:18:26,092 - INFO - joeynmt.training - Epoch   9, Step:    37300, Batch Loss:     0.910882, Batch Acc: 0.664819, Tokens per Sec:     7561, Lr: 0.000300
2026-05-13 19:18:36,890 - INFO - joeynmt.training - Epoch   9, Step:    37400, Batch Loss:     1.083286, Batch Acc: 0.666236, Tokens per Sec:     7165, Lr: 0.000300
2026-05-13 19:18:47,674 - INFO - joeynmt.training - Epoch   9, Step:    37500, Batch Loss:     1.137608, Batch Acc: 0.665122, Tokens per Sec:     7664, Lr: 0.000300
2026-05-13 19:18:47,674 - WARNING - joeynmt.helpers - `alpha` option is obsolete. Please use `beam_alpha`, instead.
2026-05-13 19:18:47,674 - INFO - joeynmt.prediction - Predicting 890 example(s)... (Greedy decoding with min_output_length=1, max_output_length=-1, return_prob='none', generate_unk=True, repetition_penalty=-1, no_repeat_ngram_size=-1)
2026-05-13 19:19:26,178 - INFO - joeynmt.prediction - Evaluation result (greedy) loss:   1.39, ppl:   4.02, acc:   0.60, generation: 38.4988[sec], evaluation: 0.0000[sec]
2026-05-13 19:19:26,179 - INFO - joeynmt.training - Hooray! New best validation result [ppl]!
2026-05-13 19:19:26,229 - INFO - joeynmt.helpers - delete models/bpe_2k/34000.ckpt
2026-05-13 19:19:26,230 - INFO - joeynmt.training - Example #0
2026-05-13 19:19:26,230 - DEBUG - joeynmt.training - 	Tokenized source:     ['L@@', 'ast', 'year', 'I', 'sho@@', 'w@@', 'ed', 'these', 'two', 's@@', 'li@@', 'des', 'so', 'that', 'dem@@', 'on@@', 'str@@', 'ate', 'that', 'the', 'ar@@', 'c@@', 'tic', 'ice', 'c@@', 'a@@', 'p', ',', 'which', 'for', 'most', 'of', 'the', 'last', 'three', 'million', 'years', 'has', 'been', 'the', 'si@@', 'ze', 'of', 'the', 'lo@@', 'wer', '4@@', '8', 'st@@', 'ates', ',', 'has', 'sh@@', 'r@@', 'un@@', 'k', 'by', '4@@', '0', 'percent', '.']
2026-05-13 19:19:26,230 - DEBUG - joeynmt.training - 	Tokenized reference:  ['L&apos;', 'année', 'derni@@', 'ère', ',', 'je', 'vous', 'ai', 'présent@@', 'é', 'ces', 'deux', 'di@@', 'apos@@', 'iti@@', 'ves', 'qui', 'montr@@', 'aient', 'que', 'la', 'cal@@', 'ot@@', 'te', 'gl@@', 'ac@@', 'ière', 'ar@@', 'c@@', 'tique', ',', 'qui', 'pendant', 'ces', '3', 'derni@@', 'ers', 'millions', 'd&apos;', 'année', 'avait', 'la', 't@@', 'ail@@', 'le', 'des', 'E@@', 'tat@@', 's-@@', 'Un@@', 'is', 'sans', 'l&apos;', 'Al@@', 'as@@', 'k@@', 'a', ',', 'qui', 'pendant', 'ces', '3', 'derni@@', 'ers', 'millions', 'd&apos;', 'année', 'avait', 'la', 't@@', 'ail@@', 'le', 'des', 'E@@', 'tat@@', 's-@@', 'Un@@', 'is', 'sans', 'l&apos;', 'Al@@', 'as@@', 'k@@', 'a', ',', 'avait', 'di@@', 'minu@@', 'é', 'de', '4@@', '0', '%', '.']
2026-05-13 19:19:26,230 - DEBUG - joeynmt.training - 	Tokenized hypothesis: ['L&apos;', 'année', 'derni@@', 'ère', ',', 'j&apos;', 'ai', 'montr@@', 'é', 'ces', 'deux', 'di@@', 'apos@@', 'iti@@', 'ves', 'pour', 'que', 'la', 'dé@@', 'mon@@', 'str@@', 'ation', 'ar@@', 'c@@', 'tique', ',', 'qui', 'pendant', 'la', 'plu@@', 'part', 'des', 'trois', 'derni@@', 'ères', 'millions', 'd&apos;', 'années', 'ont', 'été', 'la', 't@@', 'ail@@', 'le', 'de', 'la', 'plus', 'bas', 'de', '4@@', '0', 'ét@@', 'at@@', 's', ',', 'a', 'ré@@', 'us@@', 's@@', 'it', 'par', '4@@', '0', '%', '.', '</s>']
2026-05-13 19:19:26,230 - INFO - joeynmt.training - 	Source:     Last year I showed these two slides so that demonstrate that the arctic ice cap , which for most of the last three million years has been the size of the lower 48 states , has shrunk by 40 percent .
2026-05-13 19:19:26,230 - INFO - joeynmt.training - 	Reference:  L&apos; année dernière , je vous ai présenté ces deux diapositives qui montraient que la calotte glacière arctique , qui pendant ces 3 derniers millions d&apos; année avait la taille des Etats-Unis sans l&apos; Alaska , qui pendant ces 3 derniers millions d&apos; année avait la taille des Etats-Unis sans l&apos; Alaska , avait diminué de 40 % .
2026-05-13 19:19:26,230 - INFO - joeynmt.training - 	Hypothesis: L&apos; année dernière , j&apos; ai montré ces deux diapositives pour que la démonstration arctique , qui pendant la plupart des trois dernières millions d&apos; années ont été la taille de la plus bas de 40 états , a réussit par 40 % .
2026-05-13 19:19:26,230 - INFO - joeynmt.training - Example #1
2026-05-13 19:19:26,230 - DEBUG - joeynmt.training - 	Tokenized source:     ['But', 'this', 'underst@@', 'ates', 'the', 'ser@@', 'i@@', 'ous@@', 'ness', 'of', 'this', 'partic@@', 'ul@@', 'ar', 'problem', 'because', 'it', 'doesn', '&apos;t', 'show', 'the', 'th@@', 'ick@@', 'ness', 'of', 'the', 'ice', '.']
2026-05-13 19:19:26,230 - DEBUG - joeynmt.training - 	Tokenized reference:  ['Mais', 'ceci', 'ten@@', 'd', 'à', 'a@@', 'mo@@', 'ind@@', 'rir', 'le', 'problème', 'parce', 'qu&apos;', 'on', 'ne', 'vo@@', 'it', 'pas', 'l&apos;', 'é@@', 'p@@', 'aiss@@', 'eur', 'de', 'la', 'gl@@', 'ace', '.']
2026-05-13 19:19:26,230 - DEBUG - joeynmt.training - 	Tokenized hypothesis: ['Mais', 'cela', 'com@@', 'pr@@', 'end', 'le', 's@@', 'éri@@', 'eux', 'de', 'ce', 'problème', 'particu@@', 'li@@', 'er', 'parce', 'qu&apos;', 'il', 'ne', 'mon@@', 'tre', 'pas', 'le', 'mo@@', 'ind@@', 're', 'de', 'la', 'gl@@', 'ace', '.', '</s>']
2026-05-13 19:19:26,230 - INFO - joeynmt.training - 	Source:     But this understates the seriousness of this particular problem because it doesn &apos;t show the thickness of the ice .
2026-05-13 19:19:26,230 - INFO - joeynmt.training - 	Reference:  Mais ceci tend à amoindrir le problème parce qu&apos; on ne voit pas l&apos; épaisseur de la glace .
2026-05-13 19:19:26,230 - INFO - joeynmt.training - 	Hypothesis: Mais cela comprend le sérieux de ce problème particulier parce qu&apos; il ne montre pas le moindre de la glace .
2026-05-13 19:19:26,230 - INFO - joeynmt.training - Example #2
2026-05-13 19:19:26,230 - DEBUG - joeynmt.training - 	Tokenized source:     ['The', 'ar@@', 'c@@', 'tic', 'ice', 'c@@', 'a@@', 'p', 'is', ',', 'in', 'a', 'sense', ',', 'the', 'be@@', 'ating', 'he@@', 'art', 'of', 'the', 'glob@@', 'al', 'cli@@', 'm@@', 'ate', 'system', '.']
2026-05-13 19:19:26,230 - DEBUG - joeynmt.training - 	Tokenized reference:  ['On', 'peut', 'voir', 'la', 'cal@@', 'ot@@', 'te', 'gl@@', 'ac@@', 'ière', 'ar@@', 'c@@', 'tique', 'comme', 'le', 'co@@', 'eur', 'du', 'système', 'cli@@', 'ma@@', 'tique', 'glob@@', 'al', '.', 'On', 'peut', 'voir', 'la', 'cal@@', 'ot@@', 'te', 'gl@@', 'ac@@', 'ière', 'ar@@', 'c@@', 'tique', 'comme', 'le', 'co@@', 'eur', 'du', 'système', 'cli@@', 'ma@@', 'tique', 'glob@@', 'al', '.']
2026-05-13 19:19:26,230 - DEBUG - joeynmt.training - 	Tokenized hypothesis: ['Le', 'c@@', 'a@@', 'p', 'de', 'gl@@', 'ace', 'ar@@', 'c@@', 'tique', 'est', ',', 'dans', 'un', 'sens', ',', 'le', 'c@@', 'œ@@', 'u@@', 'r', 'du', 'système', 'cli@@', 'm@@', 'at', 'mon@@', 'di@@', 'al', '.', '</s>']
2026-05-13 19:19:26,231 - INFO - joeynmt.training - 	Source:     The arctic ice cap is , in a sense , the beating heart of the global climate system .
2026-05-13 19:19:26,231 - INFO - joeynmt.training - 	Reference:  On peut voir la calotte glacière arctique comme le coeur du système climatique global . On peut voir la calotte glacière arctique comme le coeur du système climatique global .
2026-05-13 19:19:26,231 - INFO - joeynmt.training - 	Hypothesis: Le cap de glace arctique est , dans un sens , le cœur du système climat mondial .
2026-05-13 19:19:26,231 - INFO - joeynmt.training - Example #3
2026-05-13 19:19:26,231 - DEBUG - joeynmt.training - 	Tokenized source:     ['It', 'exp@@', 'ands', 'in', 'w@@', 'int@@', 'er', 'and', 'contr@@', 'ac@@', 'ts', 'in', 'su@@', 'm@@', 'mer', '.']
2026-05-13 19:19:26,231 - DEBUG - joeynmt.training - 	Tokenized reference:  ['Elle', 's&apos;', 'ét@@', 'end', 'en', 'hi@@', 'ver', 'et', 'se', 'contr@@', 'ac@@', 'te', 'en', 'été', '.']
2026-05-13 19:19:26,231 - DEBUG - joeynmt.training - 	Tokenized hypothesis: ['Il', 's&apos;', 'at@@', 'ta@@', 'se', 'en', 'hi@@', 'ver', 'et', 'contr@@', 'ac@@', 'te', 'en', 'été', '.', '</s>']
2026-05-13 19:19:26,231 - INFO - joeynmt.training - 	Source:     It expands in winter and contracts in summer .
2026-05-13 19:19:26,231 - INFO - joeynmt.training - 	Reference:  Elle s&apos; étend en hiver et se contracte en été .
2026-05-13 19:19:26,231 - INFO - joeynmt.training - 	Hypothesis: Il s&apos; attase en hiver et contracte en été .
2026-05-13 19:19:26,231 - INFO - joeynmt.training - Example #4
2026-05-13 19:19:26,231 - DEBUG - joeynmt.training - 	Tokenized source:     ['The', 'next', 's@@', 'li@@', 'de', 'I', 'show', 'you', 'will', 'be', 'a', 'rap@@', 'id', 'fas@@', 't-@@', 'for@@', 'w@@', 'ard', 'of', 'what', '&apos;s', 'happen@@', 'ed', 'over', 'the', 'last', '2@@', '5', 'years', '.']
2026-05-13 19:19:26,231 - DEBUG - joeynmt.training - 	Tokenized reference:  ['La', 'pro@@', 'ch@@', 'aine', 'di@@', 'apos@@', 'iti@@', 've', 'que', 'je', 'vais', 'vous', 'montrer', 'est', 'une', 'v@@', 'ue', 'en', 'acc@@', 'él@@', 'ér@@', 'é', 'de', 'ce', 'qui', 's&apos;', 'est', 'passé', 'ces', '2@@', '5', 'derni@@', 'ères', 'années', '.']
2026-05-13 19:19:26,231 - DEBUG - joeynmt.training - 	Tokenized hypothesis: ['La', 'pro@@', 'ch@@', 'aine', 'di@@', 'apos@@', 'iti@@', 've', 'que', 'je', 'vous', 'ser@@', 'ez', 'un', 'rap@@', 'ide', 'rap@@', 'ide', 'de', 'ce', 'qui', 's&apos;', 'est', 'passé', 'pendant', '2@@', '5', 'ans', '.', '</s>']
2026-05-13 19:19:26,231 - INFO - joeynmt.training - 	Source:     The next slide I show you will be a rapid fast-forward of what &apos;s happened over the last 25 years .
2026-05-13 19:19:26,231 - INFO - joeynmt.training - 	Reference:  La prochaine diapositive que je vais vous montrer est une vue en accéléré de ce qui s&apos; est passé ces 25 dernières années .
2026-05-13 19:19:26,231 - INFO - joeynmt.training - 	Hypothesis: La prochaine diapositive que je vous serez un rapide rapide de ce qui s&apos; est passé pendant 25 ans .
2026-05-13 19:19:37,387 - INFO - joeynmt.training - Epoch   9, Step:    37600, Batch Loss:     1.077991, Batch Acc: 0.666679, Tokens per Sec:     6998, Lr: 0.000300
2026-05-13 19:19:48,100 - INFO - joeynmt.training - Epoch   9, Step:    37700, Batch Loss:     1.060027, Batch Acc: 0.664978, Tokens per Sec:     7408, Lr: 0.000300
2026-05-13 19:19:58,695 - INFO - joeynmt.training - Epoch   9, Step:    37800, Batch Loss:     0.973721, Batch Acc: 0.665889, Tokens per Sec:     7403, Lr: 0.000300
2026-05-13 19:20:09,163 - INFO - joeynmt.training - Epoch   9, Step:    37900, Batch Loss:     1.065739, Batch Acc: 0.668845, Tokens per Sec:     7675, Lr: 0.000300
2026-05-13 19:20:19,989 - INFO - joeynmt.training - Epoch   9, Step:    38000, Batch Loss:     1.078536, Batch Acc: 0.671272, Tokens per Sec:     7180, Lr: 0.000300
2026-05-13 19:20:19,989 - WARNING - joeynmt.helpers - `alpha` option is obsolete. Please use `beam_alpha`, instead.
2026-05-13 19:20:19,989 - INFO - joeynmt.prediction - Predicting 890 example(s)... (Greedy decoding with min_output_length=1, max_output_length=-1, return_prob='none', generate_unk=True, repetition_penalty=-1, no_repeat_ngram_size=-1)
2026-05-13 19:20:53,288 - INFO - joeynmt.prediction - Evaluation result (greedy) loss:   1.40, ppl:   4.05, acc:   0.60, generation: 33.2932[sec], evaluation: 0.0000[sec]
2026-05-13 19:20:53,338 - INFO - joeynmt.helpers - delete models/bpe_2k/35000.ckpt
2026-05-13 19:20:53,338 - INFO - joeynmt.training - Example #0
2026-05-13 19:20:53,338 - DEBUG - joeynmt.training - 	Tokenized source:     ['L@@', 'ast', 'year', 'I', 'sho@@', 'w@@', 'ed', 'these', 'two', 's@@', 'li@@', 'des', 'so', 'that', 'dem@@', 'on@@', 'str@@', 'ate', 'that', 'the', 'ar@@', 'c@@', 'tic', 'ice', 'c@@', 'a@@', 'p', ',', 'which', 'for', 'most', 'of', 'the', 'last', 'three', 'million', 'years', 'has', 'been', 'the', 'si@@', 'ze', 'of', 'the', 'lo@@', 'wer', '4@@', '8', 'st@@', 'ates', ',', 'has', 'sh@@', 'r@@', 'un@@', 'k', 'by', '4@@', '0', 'percent', '.']
2026-05-13 19:20:53,338 - DEBUG - joeynmt.training - 	Tokenized reference:  ['L&apos;', 'année', 'derni@@', 'ère', ',', 'je', 'vous', 'ai', 'présent@@', 'é', 'ces', 'deux', 'di@@', 'apos@@', 'iti@@', 'ves', 'qui', 'montr@@', 'aient', 'que', 'la', 'cal@@', 'ot@@', 'te', 'gl@@', 'ac@@', 'ière', 'ar@@', 'c@@', 'tique', ',', 'qui', 'pendant', 'ces', '3', 'derni@@', 'ers', 'millions', 'd&apos;', 'année', 'avait', 'la', 't@@', 'ail@@', 'le', 'des', 'E@@', 'tat@@', 's-@@', 'Un@@', 'is', 'sans', 'l&apos;', 'Al@@', 'as@@', 'k@@', 'a', ',', 'qui', 'pendant', 'ces', '3', 'derni@@', 'ers', 'millions', 'd&apos;', 'année', 'avait', 'la', 't@@', 'ail@@', 'le', 'des', 'E@@', 'tat@@', 's-@@', 'Un@@', 'is', 'sans', 'l&apos;', 'Al@@', 'as@@', 'k@@', 'a', ',', 'avait', 'di@@', 'minu@@', 'é', 'de', '4@@', '0', '%', '.']
2026-05-13 19:20:53,338 - DEBUG - joeynmt.training - 	Tokenized hypothesis: ['L&apos;', 'année', 'derni@@', 'ère', ',', 'j&apos;', 'ai', 'montr@@', 'é', 'ces', 'deux', 'di@@', 'a@@', 'po@@', 's', 'de', 'dé@@', 'mon@@', 'str@@', 'at', 'que', 'le', 'c@@', 'a@@', 'p', 'de', 'gl@@', 'ace', 'ar@@', 'c@@', 'tique', ',', 'qui', 'pendant', 'la', 'plu@@', 'part', 'des', 'trois', 'millions', 'd&apos;', 'années', 'ont', 'été', 'la', 't@@', 'ail@@', 'le', 'de', 'plus', 'bas', 'de', '4@@', '8', 'ét@@', 'at@@', 's', ',', 'a', 'cour@@', 'u', '4@@', '0', '%', '.', '</s>']
2026-05-13 19:20:53,338 - INFO - joeynmt.training - 	Source:     Last year I showed these two slides so that demonstrate that the arctic ice cap , which for most of the last three million years has been the size of the lower 48 states , has shrunk by 40 percent .
2026-05-13 19:20:53,338 - INFO - joeynmt.training - 	Reference:  L&apos; année dernière , je vous ai présenté ces deux diapositives qui montraient que la calotte glacière arctique , qui pendant ces 3 derniers millions d&apos; année avait la taille des Etats-Unis sans l&apos; Alaska , qui pendant ces 3 derniers millions d&apos; année avait la taille des Etats-Unis sans l&apos; Alaska , avait diminué de 40 % .
2026-05-13 19:20:53,338 - INFO - joeynmt.training - 	Hypothesis: L&apos; année dernière , j&apos; ai montré ces deux diapos de démonstrat que le cap de glace arctique , qui pendant la plupart des trois millions d&apos; années ont été la taille de plus bas de 48 états , a couru 40 % .
2026-05-13 19:20:53,339 - INFO - joeynmt.training - Example #1
2026-05-13 19:20:53,339 - DEBUG - joeynmt.training - 	Tokenized source:     ['But', 'this', 'underst@@', 'ates', 'the', 'ser@@', 'i@@', 'ous@@', 'ness', 'of', 'this', 'partic@@', 'ul@@', 'ar', 'problem', 'because', 'it', 'doesn', '&apos;t', 'show', 'the', 'th@@', 'ick@@', 'ness', 'of', 'the', 'ice', '.']
2026-05-13 19:20:53,339 - DEBUG - joeynmt.training - 	Tokenized reference:  ['Mais', 'ceci', 'ten@@', 'd', 'à', 'a@@', 'mo@@', 'ind@@', 'rir', 'le', 'problème', 'parce', 'qu&apos;', 'on', 'ne', 'vo@@', 'it', 'pas', 'l&apos;', 'é@@', 'p@@', 'aiss@@', 'eur', 'de', 'la', 'gl@@', 'ace', '.']
2026-05-13 19:20:53,339 - DEBUG - joeynmt.training - 	Tokenized hypothesis: ['Mais', 'cela', 'com@@', 'pr@@', 'end', 'le', 'problème', 'particu@@', 'li@@', 'è@@', 'rement', 'parce', 'qu&apos;', 'il', 'ne', 'montr@@', 'ent', 'pas', 'le', 't@@', 'aiss@@', 'eur', 'de', 'la', 'gl@@', 'ace', '.', '</s>']
2026-05-13 19:20:53,339 - INFO - joeynmt.training - 	Source:     But this understates the seriousness of this particular problem because it doesn &apos;t show the thickness of the ice .
2026-05-13 19:20:53,339 - INFO - joeynmt.training - 	Reference:  Mais ceci tend à amoindrir le problème parce qu&apos; on ne voit pas l&apos; épaisseur de la glace .
2026-05-13 19:20:53,339 - INFO - joeynmt.training - 	Hypothesis: Mais cela comprend le problème particulièrement parce qu&apos; il ne montrent pas le taisseur de la glace .
2026-05-13 19:20:53,339 - INFO - joeynmt.training - Example #2
2026-05-13 19:20:53,339 - DEBUG - joeynmt.training - 	Tokenized source:     ['The', 'ar@@', 'c@@', 'tic', 'ice', 'c@@', 'a@@', 'p', 'is', ',', 'in', 'a', 'sense', ',', 'the', 'be@@', 'ating', 'he@@', 'art', 'of', 'the', 'glob@@', 'al', 'cli@@', 'm@@', 'ate', 'system', '.']
2026-05-13 19:20:53,339 - DEBUG - joeynmt.training - 	Tokenized reference:  ['On', 'peut', 'voir', 'la', 'cal@@', 'ot@@', 'te', 'gl@@', 'ac@@', 'ière', 'ar@@', 'c@@', 'tique', 'comme', 'le', 'co@@', 'eur', 'du', 'système', 'cli@@', 'ma@@', 'tique', 'glob@@', 'al', '.', 'On', 'peut', 'voir', 'la', 'cal@@', 'ot@@', 'te', 'gl@@', 'ac@@', 'ière', 'ar@@', 'c@@', 'tique', 'comme', 'le', 'co@@', 'eur', 'du', 'système', 'cli@@', 'ma@@', 'tique', 'glob@@', 'al', '.']
2026-05-13 19:20:53,339 - DEBUG - joeynmt.training - 	Tokenized hypothesis: ['Le', 'c@@', 'a@@', 'p', 'de', 'gl@@', 'ace', 'est', ',', 'dans', 'un', 'sens', ',', 'le', 'c@@', 'œ@@', 'u@@', 'r', 'du', 'système', 'cli@@', 'm@@', 'at', 'mon@@', 'di@@', 'al', '.', '</s>']
2026-05-13 19:20:53,339 - INFO - joeynmt.training - 	Source:     The arctic ice cap is , in a sense , the beating heart of the global climate system .
2026-05-13 19:20:53,339 - INFO - joeynmt.training - 	Reference:  On peut voir la calotte glacière arctique comme le coeur du système climatique global . On peut voir la calotte glacière arctique comme le coeur du système climatique global .
2026-05-13 19:20:53,339 - INFO - joeynmt.training - 	Hypothesis: Le cap de glace est , dans un sens , le cœur du système climat mondial .
2026-05-13 19:20:53,339 - INFO - joeynmt.training - Example #3
2026-05-13 19:20:53,339 - DEBUG - joeynmt.training - 	Tokenized source:     ['It', 'exp@@', 'ands', 'in', 'w@@', 'int@@', 'er', 'and', 'contr@@', 'ac@@', 'ts', 'in', 'su@@', 'm@@', 'mer', '.']
2026-05-13 19:20:53,339 - DEBUG - joeynmt.training - 	Tokenized reference:  ['Elle', 's&apos;', 'ét@@', 'end', 'en', 'hi@@', 'ver', 'et', 'se', 'contr@@', 'ac@@', 'te', 'en', 'été', '.']
2026-05-13 19:20:53,339 - DEBUG - joeynmt.training - 	Tokenized hypothesis: ['Il', 's&apos;', 'ét@@', 'end', 'en', 'hi@@', 'ver', 'et', 'contr@@', 'at@@', 's', 'en', 'été', '.', '</s>']
2026-05-13 19:20:53,339 - INFO - joeynmt.training - 	Source:     It expands in winter and contracts in summer .
2026-05-13 19:20:53,339 - INFO - joeynmt.training - 	Reference:  Elle s&apos; étend en hiver et se contracte en été .
2026-05-13 19:20:53,339 - INFO - joeynmt.training - 	Hypothesis: Il s&apos; étend en hiver et contrats en été .
2026-05-13 19:20:53,339 - INFO - joeynmt.training - Example #4
2026-05-13 19:20:53,339 - DEBUG - joeynmt.training - 	Tokenized source:     ['The', 'next', 's@@', 'li@@', 'de', 'I', 'show', 'you', 'will', 'be', 'a', 'rap@@', 'id', 'fas@@', 't-@@', 'for@@', 'w@@', 'ard', 'of', 'what', '&apos;s', 'happen@@', 'ed', 'over', 'the', 'last', '2@@', '5', 'years', '.']
2026-05-13 19:20:53,339 - DEBUG - joeynmt.training - 	Tokenized reference:  ['La', 'pro@@', 'ch@@', 'aine', 'di@@', 'apos@@', 'iti@@', 've', 'que', 'je', 'vais', 'vous', 'montrer', 'est', 'une', 'v@@', 'ue', 'en', 'acc@@', 'él@@', 'ér@@', 'é', 'de', 'ce', 'qui', 's&apos;', 'est', 'passé', 'ces', '2@@', '5', 'derni@@', 'ères', 'années', '.']
2026-05-13 19:20:53,339 - DEBUG - joeynmt.training - 	Tokenized hypothesis: ['La', 'di@@', 'apos@@', 'iti@@', 've', 'que', 'je', 'vous', 'mon@@', 'tre', 'que', 'vous', 'ser@@', 'ez', 'un', 'rap@@', 'port', 'rap@@', 'ide', 'de', 'ce', 'qui', 's&apos;', 'est', 'passé', 'depuis', '2@@', '5', 'ans', '.', '</s>']
2026-05-13 19:20:53,339 - INFO - joeynmt.training - 	Source:     The next slide I show you will be a rapid fast-forward of what &apos;s happened over the last 25 years .
2026-05-13 19:20:53,339 - INFO - joeynmt.training - 	Reference:  La prochaine diapositive que je vais vous montrer est une vue en accéléré de ce qui s&apos; est passé ces 25 dernières années .
2026-05-13 19:20:53,339 - INFO - joeynmt.training - 	Hypothesis: La diapositive que je vous montre que vous serez un rapport rapide de ce qui s&apos; est passé depuis 25 ans .
2026-05-13 19:21:04,157 - INFO - joeynmt.training - Epoch   9, Step:    38100, Batch Loss:     1.053118, Batch Acc: 0.659283, Tokens per Sec:     7219, Lr: 0.000300
2026-05-13 19:21:14,855 - INFO - joeynmt.training - Epoch   9, Step:    38200, Batch Loss:     1.295107, Batch Acc: 0.664370, Tokens per Sec:     7422, Lr: 0.000300
2026-05-13 19:21:25,546 - INFO - joeynmt.training - Epoch   9, Step:    38300, Batch Loss:     1.080704, Batch Acc: 0.663661, Tokens per Sec:     7188, Lr: 0.000300
2026-05-13 19:21:36,548 - INFO - joeynmt.training - Epoch   9, Step:    38400, Batch Loss:     1.275327, Batch Acc: 0.661447, Tokens per Sec:     7215, Lr: 0.000300
2026-05-13 19:21:47,493 - INFO - joeynmt.training - Epoch   9, Step:    38500, Batch Loss:     1.175863, Batch Acc: 0.666006, Tokens per Sec:     7193, Lr: 0.000300
2026-05-13 19:21:47,493 - WARNING - joeynmt.helpers - `alpha` option is obsolete. Please use `beam_alpha`, instead.
2026-05-13 19:21:47,493 - INFO - joeynmt.prediction - Predicting 890 example(s)... (Greedy decoding with min_output_length=1, max_output_length=-1, return_prob='none', generate_unk=True, repetition_penalty=-1, no_repeat_ngram_size=-1)
2026-05-13 19:22:23,404 - INFO - joeynmt.prediction - Evaluation result (greedy) loss:   1.39, ppl:   4.03, acc:   0.60, generation: 35.9052[sec], evaluation: 0.0000[sec]
2026-05-13 19:22:23,453 - INFO - joeynmt.helpers - delete models/bpe_2k/34500.ckpt
2026-05-13 19:22:23,454 - INFO - joeynmt.training - Example #0
2026-05-13 19:22:23,454 - DEBUG - joeynmt.training - 	Tokenized source:     ['L@@', 'ast', 'year', 'I', 'sho@@', 'w@@', 'ed', 'these', 'two', 's@@', 'li@@', 'des', 'so', 'that', 'dem@@', 'on@@', 'str@@', 'ate', 'that', 'the', 'ar@@', 'c@@', 'tic', 'ice', 'c@@', 'a@@', 'p', ',', 'which', 'for', 'most', 'of', 'the', 'last', 'three', 'million', 'years', 'has', 'been', 'the', 'si@@', 'ze', 'of', 'the', 'lo@@', 'wer', '4@@', '8', 'st@@', 'ates', ',', 'has', 'sh@@', 'r@@', 'un@@', 'k', 'by', '4@@', '0', 'percent', '.']
2026-05-13 19:22:23,454 - DEBUG - joeynmt.training - 	Tokenized reference:  ['L&apos;', 'année', 'derni@@', 'ère', ',', 'je', 'vous', 'ai', 'présent@@', 'é', 'ces', 'deux', 'di@@', 'apos@@', 'iti@@', 'ves', 'qui', 'montr@@', 'aient', 'que', 'la', 'cal@@', 'ot@@', 'te', 'gl@@', 'ac@@', 'ière', 'ar@@', 'c@@', 'tique', ',', 'qui', 'pendant', 'ces', '3', 'derni@@', 'ers', 'millions', 'd&apos;', 'année', 'avait', 'la', 't@@', 'ail@@', 'le', 'des', 'E@@', 'tat@@', 's-@@', 'Un@@', 'is', 'sans', 'l&apos;', 'Al@@', 'as@@', 'k@@', 'a', ',', 'qui', 'pendant', 'ces', '3', 'derni@@', 'ers', 'millions', 'd&apos;', 'année', 'avait', 'la', 't@@', 'ail@@', 'le', 'des', 'E@@', 'tat@@', 's-@@', 'Un@@', 'is', 'sans', 'l&apos;', 'Al@@', 'as@@', 'k@@', 'a', ',', 'avait', 'di@@', 'minu@@', 'é', 'de', '4@@', '0', '%', '.']
2026-05-13 19:22:23,454 - DEBUG - joeynmt.training - 	Tokenized hypothesis: ['L&apos;', 'année', 'derni@@', 'ère', ',', 'j&apos;', 'ai', 'montr@@', 'é', 'ces', 'deux', 'di@@', 'a@@', 'po@@', 's', 'de', 't@@', 'elle', 'dé@@', 'mon@@', 'str@@', 'ation', 'que', 'le', 'c@@', 'a@@', 'p', 'de', 'gl@@', 'ace', ',', 'qui', 'pendant', 'la', 'plu@@', 'part', 'des', 'trois', 'millions', 'd&apos;', 'années', 'ont', 'été', 'la', 't@@', 'ail@@', 'le', 'des', '4@@', '8', 'ét@@', 'at@@', 's', ',', 'a', 'ré@@', 'us@@', 's@@', 'iss@@', 'ant', 'de', '4@@', '0', '%', '.', '</s>']
2026-05-13 19:22:23,454 - INFO - joeynmt.training - 	Source:     Last year I showed these two slides so that demonstrate that the arctic ice cap , which for most of the last three million years has been the size of the lower 48 states , has shrunk by 40 percent .
2026-05-13 19:22:23,454 - INFO - joeynmt.training - 	Reference:  L&apos; année dernière , je vous ai présenté ces deux diapositives qui montraient que la calotte glacière arctique , qui pendant ces 3 derniers millions d&apos; année avait la taille des Etats-Unis sans l&apos; Alaska , qui pendant ces 3 derniers millions d&apos; année avait la taille des Etats-Unis sans l&apos; Alaska , avait diminué de 40 % .
2026-05-13 19:22:23,454 - INFO - joeynmt.training - 	Hypothesis: L&apos; année dernière , j&apos; ai montré ces deux diapos de telle démonstration que le cap de glace , qui pendant la plupart des trois millions d&apos; années ont été la taille des 48 états , a réussissant de 40 % .
2026-05-13 19:22:23,455 - INFO - joeynmt.training - Example #1
2026-05-13 19:22:23,455 - DEBUG - joeynmt.training - 	Tokenized source:     ['But', 'this', 'underst@@', 'ates', 'the', 'ser@@', 'i@@', 'ous@@', 'ness', 'of', 'this', 'partic@@', 'ul@@', 'ar', 'problem', 'because', 'it', 'doesn', '&apos;t', 'show', 'the', 'th@@', 'ick@@', 'ness', 'of', 'the', 'ice', '.']
2026-05-13 19:22:23,455 - DEBUG - joeynmt.training - 	Tokenized reference:  ['Mais', 'ceci', 'ten@@', 'd', 'à', 'a@@', 'mo@@', 'ind@@', 'rir', 'le', 'problème', 'parce', 'qu&apos;', 'on', 'ne', 'vo@@', 'it', 'pas', 'l&apos;', 'é@@', 'p@@', 'aiss@@', 'eur', 'de', 'la', 'gl@@', 'ace', '.']
2026-05-13 19:22:23,455 - DEBUG - joeynmt.training - 	Tokenized hypothesis: ['Mais', 'cette', 'com@@', 'pré@@', 'h@@', 'en@@', 'sion', 'de', 'ce', 'problème', 'parce', 'que', 'ça', 'ne', 'mon@@', 'te', 'pas', 'le', 'm@@', 'ouv@@', 'ement', 'de', 'la', 'gl@@', 'ace', '.', '</s>']
2026-05-13 19:22:23,455 - INFO - joeynmt.training - 	Source:     But this understates the seriousness of this particular problem because it doesn &apos;t show the thickness of the ice .
2026-05-13 19:22:23,455 - INFO - joeynmt.training - 	Reference:  Mais ceci tend à amoindrir le problème parce qu&apos; on ne voit pas l&apos; épaisseur de la glace .
2026-05-13 19:22:23,455 - INFO - joeynmt.training - 	Hypothesis: Mais cette compréhension de ce problème parce que ça ne monte pas le mouvement de la glace .
2026-05-13 19:22:23,455 - INFO - joeynmt.training - Example #2
2026-05-13 19:22:23,455 - DEBUG - joeynmt.training - 	Tokenized source:     ['The', 'ar@@', 'c@@', 'tic', 'ice', 'c@@', 'a@@', 'p', 'is', ',', 'in', 'a', 'sense', ',', 'the', 'be@@', 'ating', 'he@@', 'art', 'of', 'the', 'glob@@', 'al', 'cli@@', 'm@@', 'ate', 'system', '.']
2026-05-13 19:22:23,455 - DEBUG - joeynmt.training - 	Tokenized reference:  ['On', 'peut', 'voir', 'la', 'cal@@', 'ot@@', 'te', 'gl@@', 'ac@@', 'ière', 'ar@@', 'c@@', 'tique', 'comme', 'le', 'co@@', 'eur', 'du', 'système', 'cli@@', 'ma@@', 'tique', 'glob@@', 'al', '.', 'On', 'peut', 'voir', 'la', 'cal@@', 'ot@@', 'te', 'gl@@', 'ac@@', 'ière', 'ar@@', 'c@@', 'tique', 'comme', 'le', 'co@@', 'eur', 'du', 'système', 'cli@@', 'ma@@', 'tique', 'glob@@', 'al', '.']
2026-05-13 19:22:23,455 - DEBUG - joeynmt.training - 	Tokenized hypothesis: ['Le', 'c@@', 'a@@', 'p', 'de', 'gl@@', 'ace', 'est', ',', 'dans', 'un', 'sens', ',', 'le', 'co@@', 'eur', ',', 'le', 'c@@', 'œ@@', 'u@@', 'r', 'de', 'la', 'b@@', 'ase', 'du', 'système', 'mon@@', 'di@@', 'al', '.', '</s>']
2026-05-13 19:22:23,455 - INFO - joeynmt.training - 	Source:     The arctic ice cap is , in a sense , the beating heart of the global climate system .
2026-05-13 19:22:23,455 - INFO - joeynmt.training - 	Reference:  On peut voir la calotte glacière arctique comme le coeur du système climatique global . On peut voir la calotte glacière arctique comme le coeur du système climatique global .
2026-05-13 19:22:23,455 - INFO - joeynmt.training - 	Hypothesis: Le cap de glace est , dans un sens , le coeur , le cœur de la base du système mondial .
2026-05-13 19:22:23,455 - INFO - joeynmt.training - Example #3
2026-05-13 19:22:23,455 - DEBUG - joeynmt.training - 	Tokenized source:     ['It', 'exp@@', 'ands', 'in', 'w@@', 'int@@', 'er', 'and', 'contr@@', 'ac@@', 'ts', 'in', 'su@@', 'm@@', 'mer', '.']
2026-05-13 19:22:23,455 - DEBUG - joeynmt.training - 	Tokenized reference:  ['Elle', 's&apos;', 'ét@@', 'end', 'en', 'hi@@', 'ver', 'et', 'se', 'contr@@', 'ac@@', 'te', 'en', 'été', '.']
2026-05-13 19:22:23,455 - DEBUG - joeynmt.training - 	Tokenized hypothesis: ['Il', 's&apos;', 'ét@@', 'end@@', 'r@@', 'a', 'et', 'contr@@', 'ac@@', 'ts', 'en', 'été', '.', '</s>']
2026-05-13 19:22:23,455 - INFO - joeynmt.training - 	Source:     It expands in winter and contracts in summer .
2026-05-13 19:22:23,455 - INFO - joeynmt.training - 	Reference:  Elle s&apos; étend en hiver et se contracte en été .
2026-05-13 19:22:23,455 - INFO - joeynmt.training - 	Hypothesis: Il s&apos; étendra et contracts en été .
2026-05-13 19:22:23,455 - INFO - joeynmt.training - Example #4
2026-05-13 19:22:23,455 - DEBUG - joeynmt.training - 	Tokenized source:     ['The', 'next', 's@@', 'li@@', 'de', 'I', 'show', 'you', 'will', 'be', 'a', 'rap@@', 'id', 'fas@@', 't-@@', 'for@@', 'w@@', 'ard', 'of', 'what', '&apos;s', 'happen@@', 'ed', 'over', 'the', 'last', '2@@', '5', 'years', '.']
2026-05-13 19:22:23,455 - DEBUG - joeynmt.training - 	Tokenized reference:  ['La', 'pro@@', 'ch@@', 'aine', 'di@@', 'apos@@', 'iti@@', 've', 'que', 'je', 'vais', 'vous', 'montrer', 'est', 'une', 'v@@', 'ue', 'en', 'acc@@', 'él@@', 'ér@@', 'é', 'de', 'ce', 'qui', 's&apos;', 'est', 'passé', 'ces', '2@@', '5', 'derni@@', 'ères', 'années', '.']
2026-05-13 19:22:23,455 - DEBUG - joeynmt.training - 	Tokenized hypothesis: ['La', 'pro@@', 'ch@@', 'aine', 'di@@', 'apos@@', 'iti@@', 'ves', 'que', 'je', 'vous', 'mon@@', 'tre', 'rap@@', 'ide', 'à', 'for@@', 'mer', 'ce', 'qui', 's&apos;', 'est', 'passé', 'pendant', 'les', '2@@', '5', 'ans', '.', '</s>']
2026-05-13 19:22:23,455 - INFO - joeynmt.training - 	Source:     The next slide I show you will be a rapid fast-forward of what &apos;s happened over the last 25 years .
2026-05-13 19:22:23,455 - INFO - joeynmt.training - 	Reference:  La prochaine diapositive que je vais vous montrer est une vue en accéléré de ce qui s&apos; est passé ces 25 dernières années .
2026-05-13 19:22:23,455 - INFO - joeynmt.training - 	Hypothesis: La prochaine diapositives que je vous montre rapide à former ce qui s&apos; est passé pendant les 25 ans .
2026-05-13 19:22:33,934 - INFO - joeynmt.training - Epoch   9, Step:    38600, Batch Loss:     1.147375, Batch Acc: 0.666823, Tokens per Sec:     7513, Lr: 0.000300
2026-05-13 19:22:44,732 - INFO - joeynmt.training - Epoch   9, Step:    38700, Batch Loss:     1.221399, Batch Acc: 0.661062, Tokens per Sec:     7210, Lr: 0.000300
2026-05-13 19:22:55,736 - INFO - joeynmt.training - Epoch   9, Step:    38800, Batch Loss:     1.032192, Batch Acc: 0.662138, Tokens per Sec:     7138, Lr: 0.000300
2026-05-13 19:23:06,657 - INFO - joeynmt.training - Epoch   9, Step:    38900, Batch Loss:     1.163318, Batch Acc: 0.664816, Tokens per Sec:     7190, Lr: 0.000300
2026-05-13 19:23:17,998 - INFO - joeynmt.training - Epoch   9, Step:    39000, Batch Loss:     1.343107, Batch Acc: 0.661169, Tokens per Sec:     6880, Lr: 0.000300
2026-05-13 19:23:17,998 - WARNING - joeynmt.helpers - `alpha` option is obsolete. Please use `beam_alpha`, instead.
2026-05-13 19:23:17,998 - INFO - joeynmt.prediction - Predicting 890 example(s)... (Greedy decoding with min_output_length=1, max_output_length=-1, return_prob='none', generate_unk=True, repetition_penalty=-1, no_repeat_ngram_size=-1)
2026-05-13 19:23:55,507 - INFO - joeynmt.prediction - Evaluation result (greedy) loss:   1.39, ppl:   4.02, acc:   0.60, generation: 37.5038[sec], evaluation: 0.0000[sec]
2026-05-13 19:23:55,508 - INFO - joeynmt.training - Hooray! New best validation result [ppl]!
2026-05-13 19:23:55,559 - INFO - joeynmt.helpers - delete models/bpe_2k/36500.ckpt
2026-05-13 19:23:55,559 - INFO - joeynmt.training - Example #0
2026-05-13 19:23:55,559 - DEBUG - joeynmt.training - 	Tokenized source:     ['L@@', 'ast', 'year', 'I', 'sho@@', 'w@@', 'ed', 'these', 'two', 's@@', 'li@@', 'des', 'so', 'that', 'dem@@', 'on@@', 'str@@', 'ate', 'that', 'the', 'ar@@', 'c@@', 'tic', 'ice', 'c@@', 'a@@', 'p', ',', 'which', 'for', 'most', 'of', 'the', 'last', 'three', 'million', 'years', 'has', 'been', 'the', 'si@@', 'ze', 'of', 'the', 'lo@@', 'wer', '4@@', '8', 'st@@', 'ates', ',', 'has', 'sh@@', 'r@@', 'un@@', 'k', 'by', '4@@', '0', 'percent', '.']
2026-05-13 19:23:55,559 - DEBUG - joeynmt.training - 	Tokenized reference:  ['L&apos;', 'année', 'derni@@', 'ère', ',', 'je', 'vous', 'ai', 'présent@@', 'é', 'ces', 'deux', 'di@@', 'apos@@', 'iti@@', 'ves', 'qui', 'montr@@', 'aient', 'que', 'la', 'cal@@', 'ot@@', 'te', 'gl@@', 'ac@@', 'ière', 'ar@@', 'c@@', 'tique', ',', 'qui', 'pendant', 'ces', '3', 'derni@@', 'ers', 'millions', 'd&apos;', 'année', 'avait', 'la', 't@@', 'ail@@', 'le', 'des', 'E@@', 'tat@@', 's-@@', 'Un@@', 'is', 'sans', 'l&apos;', 'Al@@', 'as@@', 'k@@', 'a', ',', 'qui', 'pendant', 'ces', '3', 'derni@@', 'ers', 'millions', 'd&apos;', 'année', 'avait', 'la', 't@@', 'ail@@', 'le', 'des', 'E@@', 'tat@@', 's-@@', 'Un@@', 'is', 'sans', 'l&apos;', 'Al@@', 'as@@', 'k@@', 'a', ',', 'avait', 'di@@', 'minu@@', 'é', 'de', '4@@', '0', '%', '.']
2026-05-13 19:23:55,559 - DEBUG - joeynmt.training - 	Tokenized hypothesis: ['L&apos;', 'année', 'derni@@', 'ère', ',', 'j&apos;', 'ai', 'montr@@', 'é', 'ces', 'deux', 'di@@', 'a@@', 'po@@', 's', 'de', 'dé@@', 'montrer', 'que', 'la', 'gl@@', 'ace', 'ar@@', 'c@@', 'tique', ',', 'qui', 'pendant', 'la', 'plu@@', 'part', 'des', 'trois', 'millions', 'd&apos;', 'années', 'ont', 'été', 'la', 't@@', 'ail@@', 'le', 'des', '4@@', '8', 'ét@@', 'ates', ',', 'a', 'ré@@', 'tr@@', 'an@@', 'ch@@', 'é', 'par', 'les', '4@@', '0', '%', '.', '</s>']
2026-05-13 19:23:55,560 - INFO - joeynmt.training - 	Source:     Last year I showed these two slides so that demonstrate that the arctic ice cap , which for most of the last three million years has been the size of the lower 48 states , has shrunk by 40 percent .
2026-05-13 19:23:55,560 - INFO - joeynmt.training - 	Reference:  L&apos; année dernière , je vous ai présenté ces deux diapositives qui montraient que la calotte glacière arctique , qui pendant ces 3 derniers millions d&apos; année avait la taille des Etats-Unis sans l&apos; Alaska , qui pendant ces 3 derniers millions d&apos; année avait la taille des Etats-Unis sans l&apos; Alaska , avait diminué de 40 % .
2026-05-13 19:23:55,560 - INFO - joeynmt.training - 	Hypothesis: L&apos; année dernière , j&apos; ai montré ces deux diapos de démontrer que la glace arctique , qui pendant la plupart des trois millions d&apos; années ont été la taille des 48 étates , a rétranché par les 40 % .
2026-05-13 19:23:55,560 - INFO - joeynmt.training - Example #1
2026-05-13 19:23:55,560 - DEBUG - joeynmt.training - 	Tokenized source:     ['But', 'this', 'underst@@', 'ates', 'the', 'ser@@', 'i@@', 'ous@@', 'ness', 'of', 'this', 'partic@@', 'ul@@', 'ar', 'problem', 'because', 'it', 'doesn', '&apos;t', 'show', 'the', 'th@@', 'ick@@', 'ness', 'of', 'the', 'ice', '.']
2026-05-13 19:23:55,560 - DEBUG - joeynmt.training - 	Tokenized reference:  ['Mais', 'ceci', 'ten@@', 'd', 'à', 'a@@', 'mo@@', 'ind@@', 'rir', 'le', 'problème', 'parce', 'qu&apos;', 'on', 'ne', 'vo@@', 'it', 'pas', 'l&apos;', 'é@@', 'p@@', 'aiss@@', 'eur', 'de', 'la', 'gl@@', 'ace', '.']
2026-05-13 19:23:55,560 - DEBUG - joeynmt.training - 	Tokenized hypothesis: ['Mais', 'cette', 'com@@', 'pré@@', 'h@@', 'en@@', 'te', 'le', 'problème', 'particu@@', 'li@@', 'er', 'parce', 'que', 'ça', 'ne', 'mon@@', 'tre', 'pas', 'le', 's@@', 'éri@@', 'eux', 'de', 'la', 'gl@@', 'ace', '.', '</s>']
2026-05-13 19:23:55,560 - INFO - joeynmt.training - 	Source:     But this understates the seriousness of this particular problem because it doesn &apos;t show the thickness of the ice .
2026-05-13 19:23:55,560 - INFO - joeynmt.training - 	Reference:  Mais ceci tend à amoindrir le problème parce qu&apos; on ne voit pas l&apos; épaisseur de la glace .
2026-05-13 19:23:55,560 - INFO - joeynmt.training - 	Hypothesis: Mais cette compréhente le problème particulier parce que ça ne montre pas le sérieux de la glace .
2026-05-13 19:23:55,560 - INFO - joeynmt.training - Example #2
2026-05-13 19:23:55,560 - DEBUG - joeynmt.training - 	Tokenized source:     ['The', 'ar@@', 'c@@', 'tic', 'ice', 'c@@', 'a@@', 'p', 'is', ',', 'in', 'a', 'sense', ',', 'the', 'be@@', 'ating', 'he@@', 'art', 'of', 'the', 'glob@@', 'al', 'cli@@', 'm@@', 'ate', 'system', '.']
2026-05-13 19:23:55,560 - DEBUG - joeynmt.training - 	Tokenized reference:  ['On', 'peut', 'voir', 'la', 'cal@@', 'ot@@', 'te', 'gl@@', 'ac@@', 'ière', 'ar@@', 'c@@', 'tique', 'comme', 'le', 'co@@', 'eur', 'du', 'système', 'cli@@', 'ma@@', 'tique', 'glob@@', 'al', '.', 'On', 'peut', 'voir', 'la', 'cal@@', 'ot@@', 'te', 'gl@@', 'ac@@', 'ière', 'ar@@', 'c@@', 'tique', 'comme', 'le', 'co@@', 'eur', 'du', 'système', 'cli@@', 'ma@@', 'tique', 'glob@@', 'al', '.']
2026-05-13 19:23:55,560 - DEBUG - joeynmt.training - 	Tokenized hypothesis: ['Le', 'c@@', 'a@@', 'p', 'de', 'gl@@', 'ace', 'est', ',', 'dans', 'un', 'sens', ',', 'le', 'co@@', 'eur', 'de', 'la', 'b@@', 'our@@', 'se', 'du', 'système', 'cli@@', 'm@@', 'at', 'mon@@', 'di@@', 'al', '.', '</s>']
2026-05-13 19:23:55,560 - INFO - joeynmt.training - 	Source:     The arctic ice cap is , in a sense , the beating heart of the global climate system .
2026-05-13 19:23:55,560 - INFO - joeynmt.training - 	Reference:  On peut voir la calotte glacière arctique comme le coeur du système climatique global . On peut voir la calotte glacière arctique comme le coeur du système climatique global .
2026-05-13 19:23:55,560 - INFO - joeynmt.training - 	Hypothesis: Le cap de glace est , dans un sens , le coeur de la bourse du système climat mondial .
2026-05-13 19:23:55,560 - INFO - joeynmt.training - Example #3
2026-05-13 19:23:55,560 - DEBUG - joeynmt.training - 	Tokenized source:     ['It', 'exp@@', 'ands', 'in', 'w@@', 'int@@', 'er', 'and', 'contr@@', 'ac@@', 'ts', 'in', 'su@@', 'm@@', 'mer', '.']
2026-05-13 19:23:55,560 - DEBUG - joeynmt.training - 	Tokenized reference:  ['Elle', 's&apos;', 'ét@@', 'end', 'en', 'hi@@', 'ver', 'et', 'se', 'contr@@', 'ac@@', 'te', 'en', 'été', '.']
2026-05-13 19:23:55,560 - DEBUG - joeynmt.training - 	Tokenized hypothesis: ['Il', 's&apos;', 'ét@@', 'end@@', 'ent', 'en', 'hi@@', 'ver', 'et', 'contr@@', 'ac@@', 'te', 'en', 'été', '.', '</s>']
2026-05-13 19:23:55,560 - INFO - joeynmt.training - 	Source:     It expands in winter and contracts in summer .
2026-05-13 19:23:55,560 - INFO - joeynmt.training - 	Reference:  Elle s&apos; étend en hiver et se contracte en été .
2026-05-13 19:23:55,560 - INFO - joeynmt.training - 	Hypothesis: Il s&apos; étendent en hiver et contracte en été .
2026-05-13 19:23:55,560 - INFO - joeynmt.training - Example #4
2026-05-13 19:23:55,560 - DEBUG - joeynmt.training - 	Tokenized source:     ['The', 'next', 's@@', 'li@@', 'de', 'I', 'show', 'you', 'will', 'be', 'a', 'rap@@', 'id', 'fas@@', 't-@@', 'for@@', 'w@@', 'ard', 'of', 'what', '&apos;s', 'happen@@', 'ed', 'over', 'the', 'last', '2@@', '5', 'years', '.']
2026-05-13 19:23:55,560 - DEBUG - joeynmt.training - 	Tokenized reference:  ['La', 'pro@@', 'ch@@', 'aine', 'di@@', 'apos@@', 'iti@@', 've', 'que', 'je', 'vais', 'vous', 'montrer', 'est', 'une', 'v@@', 'ue', 'en', 'acc@@', 'él@@', 'ér@@', 'é', 'de', 'ce', 'qui', 's&apos;', 'est', 'passé', 'ces', '2@@', '5', 'derni@@', 'ères', 'années', '.']
2026-05-13 19:23:55,560 - DEBUG - joeynmt.training - 	Tokenized hypothesis: ['La', 'pro@@', 'ch@@', 'aine', 'di@@', 'apos@@', 'iti@@', 've', 'que', 'je', 'vous', 'mon@@', 'tre', 'rap@@', 'ide', 'rap@@', 'ide', 'de', 'ce', 'qui', 's&apos;', 'est', 'passé', 'au', 'cours', 'des', '2@@', '5', 'derni@@', 'ères', 'années', '.', '</s>']
2026-05-13 19:23:55,561 - INFO - joeynmt.training - 	Source:     The next slide I show you will be a rapid fast-forward of what &apos;s happened over the last 25 years .
2026-05-13 19:23:55,561 - INFO - joeynmt.training - 	Reference:  La prochaine diapositive que je vais vous montrer est une vue en accéléré de ce qui s&apos; est passé ces 25 dernières années .
2026-05-13 19:23:55,561 - INFO - joeynmt.training - 	Hypothesis: La prochaine diapositive que je vous montre rapide rapide de ce qui s&apos; est passé au cours des 25 dernières années .
2026-05-13 19:24:06,410 - INFO - joeynmt.training - Epoch   9, Step:    39100, Batch Loss:     1.056239, Batch Acc: 0.665640, Tokens per Sec:     7323, Lr: 0.000300
2026-05-13 19:24:17,185 - INFO - joeynmt.training - Epoch   9, Step:    39200, Batch Loss:     0.968692, Batch Acc: 0.663375, Tokens per Sec:     7237, Lr: 0.000300
2026-05-13 19:24:28,019 - INFO - joeynmt.training - Epoch   9, Step:    39300, Batch Loss:     1.124806, Batch Acc: 0.665007, Tokens per Sec:     7341, Lr: 0.000300
2026-05-13 19:24:38,707 - INFO - joeynmt.training - Epoch   9, Step:    39400, Batch Loss:     1.239382, Batch Acc: 0.659705, Tokens per Sec:     7383, Lr: 0.000300
2026-05-13 19:24:41,318 - INFO - joeynmt.training - Epoch   9: total training loss 4940.95
2026-05-13 19:24:41,318 - INFO - joeynmt.training - EPOCH 10
2026-05-13 19:24:49,237 - INFO - joeynmt.training - Epoch  10, Step:    39500, Batch Loss:     1.154864, Batch Acc: 0.683194, Tokens per Sec:     7297, Lr: 0.000300
2026-05-13 19:24:49,237 - WARNING - joeynmt.helpers - `alpha` option is obsolete. Please use `beam_alpha`, instead.
2026-05-13 19:24:49,237 - INFO - joeynmt.prediction - Predicting 890 example(s)... (Greedy decoding with min_output_length=1, max_output_length=-1, return_prob='none', generate_unk=True, repetition_penalty=-1, no_repeat_ngram_size=-1)
2026-05-13 19:25:24,207 - INFO - joeynmt.prediction - Evaluation result (greedy) loss:   1.39, ppl:   4.03, acc:   0.60, generation: 34.9636[sec], evaluation: 0.0000[sec]
2026-05-13 19:25:24,257 - INFO - joeynmt.helpers - delete models/bpe_2k/37000.ckpt
2026-05-13 19:25:24,258 - INFO - joeynmt.training - Example #0
2026-05-13 19:25:24,258 - DEBUG - joeynmt.training - 	Tokenized source:     ['L@@', 'ast', 'year', 'I', 'sho@@', 'w@@', 'ed', 'these', 'two', 's@@', 'li@@', 'des', 'so', 'that', 'dem@@', 'on@@', 'str@@', 'ate', 'that', 'the', 'ar@@', 'c@@', 'tic', 'ice', 'c@@', 'a@@', 'p', ',', 'which', 'for', 'most', 'of', 'the', 'last', 'three', 'million', 'years', 'has', 'been', 'the', 'si@@', 'ze', 'of', 'the', 'lo@@', 'wer', '4@@', '8', 'st@@', 'ates', ',', 'has', 'sh@@', 'r@@', 'un@@', 'k', 'by', '4@@', '0', 'percent', '.']
2026-05-13 19:25:24,258 - DEBUG - joeynmt.training - 	Tokenized reference:  ['L&apos;', 'année', 'derni@@', 'ère', ',', 'je', 'vous', 'ai', 'présent@@', 'é', 'ces', 'deux', 'di@@', 'apos@@', 'iti@@', 'ves', 'qui', 'montr@@', 'aient', 'que', 'la', 'cal@@', 'ot@@', 'te', 'gl@@', 'ac@@', 'ière', 'ar@@', 'c@@', 'tique', ',', 'qui', 'pendant', 'ces', '3', 'derni@@', 'ers', 'millions', 'd&apos;', 'année', 'avait', 'la', 't@@', 'ail@@', 'le', 'des', 'E@@', 'tat@@', 's-@@', 'Un@@', 'is', 'sans', 'l&apos;', 'Al@@', 'as@@', 'k@@', 'a', ',', 'qui', 'pendant', 'ces', '3', 'derni@@', 'ers', 'millions', 'd&apos;', 'année', 'avait', 'la', 't@@', 'ail@@', 'le', 'des', 'E@@', 'tat@@', 's-@@', 'Un@@', 'is', 'sans', 'l&apos;', 'Al@@', 'as@@', 'k@@', 'a', ',', 'avait', 'di@@', 'minu@@', 'é', 'de', '4@@', '0', '%', '.']
2026-05-13 19:25:24,258 - DEBUG - joeynmt.training - 	Tokenized hypothesis: ['L&apos;', 'année', 'derni@@', 'ère', 'j&apos;', 'ai', 'montr@@', 'é', 'ces', 'deux', 'di@@', 'a@@', 'po@@', 's', 'de', 't@@', 'elle', 'que', 'l&apos;', 'ar@@', 'c@@', 'tique', ',', 'qui', 'pendant', 'la', 'plu@@', 'part', 'des', 'trois', 'millions', 'd&apos;', 'années', 'ont', 'été', 'la', 't@@', 'ail@@', 'le', 'des', 'trois', 'millions', 'de', 'années', 'ont', 'été', 'la', 't@@', 'ail@@', 'le', 'de', 'plus', 'bas', 'de', '4@@', '0', '%', '.', '</s>']
2026-05-13 19:25:24,258 - INFO - joeynmt.training - 	Source:     Last year I showed these two slides so that demonstrate that the arctic ice cap , which for most of the last three million years has been the size of the lower 48 states , has shrunk by 40 percent .
2026-05-13 19:25:24,258 - INFO - joeynmt.training - 	Reference:  L&apos; année dernière , je vous ai présenté ces deux diapositives qui montraient que la calotte glacière arctique , qui pendant ces 3 derniers millions d&apos; année avait la taille des Etats-Unis sans l&apos; Alaska , qui pendant ces 3 derniers millions d&apos; année avait la taille des Etats-Unis sans l&apos; Alaska , avait diminué de 40 % .
2026-05-13 19:25:24,258 - INFO - joeynmt.training - 	Hypothesis: L&apos; année dernière j&apos; ai montré ces deux diapos de telle que l&apos; arctique , qui pendant la plupart des trois millions d&apos; années ont été la taille des trois millions de années ont été la taille de plus bas de 40 % .
2026-05-13 19:25:24,258 - INFO - joeynmt.training - Example #1
2026-05-13 19:25:24,258 - DEBUG - joeynmt.training - 	Tokenized source:     ['But', 'this', 'underst@@', 'ates', 'the', 'ser@@', 'i@@', 'ous@@', 'ness', 'of', 'this', 'partic@@', 'ul@@', 'ar', 'problem', 'because', 'it', 'doesn', '&apos;t', 'show', 'the', 'th@@', 'ick@@', 'ness', 'of', 'the', 'ice', '.']
2026-05-13 19:25:24,258 - DEBUG - joeynmt.training - 	Tokenized reference:  ['Mais', 'ceci', 'ten@@', 'd', 'à', 'a@@', 'mo@@', 'ind@@', 'rir', 'le', 'problème', 'parce', 'qu&apos;', 'on', 'ne', 'vo@@', 'it', 'pas', 'l&apos;', 'é@@', 'p@@', 'aiss@@', 'eur', 'de', 'la', 'gl@@', 'ace', '.']
2026-05-13 19:25:24,258 - DEBUG - joeynmt.training - 	Tokenized hypothesis: ['Mais', 'cette', 'com@@', 'pr@@', 'end', 'la', 's@@', 'éri@@', 'eu@@', 'se', 'de', 'ce', 'problème', 'parce', 'que', 'ça', 'ne', 'mon@@', 'tre', 'pas', 'le', 's@@', 'éri@@', 'eux', 'de', 'la', 'gl@@', 'ace', '.', '</s>']
2026-05-13 19:25:24,258 - INFO - joeynmt.training - 	Source:     But this understates the seriousness of this particular problem because it doesn &apos;t show the thickness of the ice .
2026-05-13 19:25:24,258 - INFO - joeynmt.training - 	Reference:  Mais ceci tend à amoindrir le problème parce qu&apos; on ne voit pas l&apos; épaisseur de la glace .
2026-05-13 19:25:24,258 - INFO - joeynmt.training - 	Hypothesis: Mais cette comprend la sérieuse de ce problème parce que ça ne montre pas le sérieux de la glace .
2026-05-13 19:25:24,258 - INFO - joeynmt.training - Example #2
2026-05-13 19:25:24,258 - DEBUG - joeynmt.training - 	Tokenized source:     ['The', 'ar@@', 'c@@', 'tic', 'ice', 'c@@', 'a@@', 'p', 'is', ',', 'in', 'a', 'sense', ',', 'the', 'be@@', 'ating', 'he@@', 'art', 'of', 'the', 'glob@@', 'al', 'cli@@', 'm@@', 'ate', 'system', '.']
2026-05-13 19:25:24,258 - DEBUG - joeynmt.training - 	Tokenized reference:  ['On', 'peut', 'voir', 'la', 'cal@@', 'ot@@', 'te', 'gl@@', 'ac@@', 'ière', 'ar@@', 'c@@', 'tique', 'comme', 'le', 'co@@', 'eur', 'du', 'système', 'cli@@', 'ma@@', 'tique', 'glob@@', 'al', '.', 'On', 'peut', 'voir', 'la', 'cal@@', 'ot@@', 'te', 'gl@@', 'ac@@', 'ière', 'ar@@', 'c@@', 'tique', 'comme', 'le', 'co@@', 'eur', 'du', 'système', 'cli@@', 'ma@@', 'tique', 'glob@@', 'al', '.']
2026-05-13 19:25:24,258 - DEBUG - joeynmt.training - 	Tokenized hypothesis: ['Le', 'c@@', 'a@@', 'p', 'de', 'gl@@', 'ace', 'est', ',', 'dans', 'un', 'sens', ',', 'le', 'co@@', 'eur', 'de', 'la', 'm@@', 'ain', 'du', 'système', 'cli@@', 'ma@@', 'tique', '.', '</s>']
2026-05-13 19:25:24,259 - INFO - joeynmt.training - 	Source:     The arctic ice cap is , in a sense , the beating heart of the global climate system .
2026-05-13 19:25:24,259 - INFO - joeynmt.training - 	Reference:  On peut voir la calotte glacière arctique comme le coeur du système climatique global . On peut voir la calotte glacière arctique comme le coeur du système climatique global .
2026-05-13 19:25:24,259 - INFO - joeynmt.training - 	Hypothesis: Le cap de glace est , dans un sens , le coeur de la main du système climatique .
2026-05-13 19:25:24,259 - INFO - joeynmt.training - Example #3
2026-05-13 19:25:24,259 - DEBUG - joeynmt.training - 	Tokenized source:     ['It', 'exp@@', 'ands', 'in', 'w@@', 'int@@', 'er', 'and', 'contr@@', 'ac@@', 'ts', 'in', 'su@@', 'm@@', 'mer', '.']
2026-05-13 19:25:24,259 - DEBUG - joeynmt.training - 	Tokenized reference:  ['Elle', 's&apos;', 'ét@@', 'end', 'en', 'hi@@', 'ver', 'et', 'se', 'contr@@', 'ac@@', 'te', 'en', 'été', '.']
2026-05-13 19:25:24,259 - DEBUG - joeynmt.training - 	Tokenized hypothesis: ['Il', 's&apos;', 'ét@@', 'end', 'en', 'hi@@', 'ver', 'et', 'contr@@', 'ac@@', 'tes', 'en', 'été', '.', '</s>']
2026-05-13 19:25:24,259 - INFO - joeynmt.training - 	Source:     It expands in winter and contracts in summer .
2026-05-13 19:25:24,259 - INFO - joeynmt.training - 	Reference:  Elle s&apos; étend en hiver et se contracte en été .
2026-05-13 19:25:24,259 - INFO - joeynmt.training - 	Hypothesis: Il s&apos; étend en hiver et contractes en été .
2026-05-13 19:25:24,259 - INFO - joeynmt.training - Example #4
2026-05-13 19:25:24,259 - DEBUG - joeynmt.training - 	Tokenized source:     ['The', 'next', 's@@', 'li@@', 'de', 'I', 'show', 'you', 'will', 'be', 'a', 'rap@@', 'id', 'fas@@', 't-@@', 'for@@', 'w@@', 'ard', 'of', 'what', '&apos;s', 'happen@@', 'ed', 'over', 'the', 'last', '2@@', '5', 'years', '.']
2026-05-13 19:25:24,259 - DEBUG - joeynmt.training - 	Tokenized reference:  ['La', 'pro@@', 'ch@@', 'aine', 'di@@', 'apos@@', 'iti@@', 've', 'que', 'je', 'vais', 'vous', 'montrer', 'est', 'une', 'v@@', 'ue', 'en', 'acc@@', 'él@@', 'ér@@', 'é', 'de', 'ce', 'qui', 's&apos;', 'est', 'passé', 'ces', '2@@', '5', 'derni@@', 'ères', 'années', '.']
2026-05-13 19:25:24,259 - DEBUG - joeynmt.training - 	Tokenized hypothesis: ['La', 'pro@@', 'ch@@', 'aine', 'di@@', 'ap@@', 'o', 'que', 'je', 'vous', 'mon@@', 'tre', 'que', 'vous', 'ser@@', 'ez', 'un', 'rap@@', 'ide', 'rap@@', 'ide', 'de', 'ce', 'qui', 's&apos;', 'est', 'passé', 'au', 'cours', 'des', '2@@', '5', 'derni@@', 'ères', 'années', '.', '</s>']
2026-05-13 19:25:24,259 - INFO - joeynmt.training - 	Source:     The next slide I show you will be a rapid fast-forward of what &apos;s happened over the last 25 years .
2026-05-13 19:25:24,259 - INFO - joeynmt.training - 	Reference:  La prochaine diapositive que je vais vous montrer est une vue en accéléré de ce qui s&apos; est passé ces 25 dernières années .
2026-05-13 19:25:24,259 - INFO - joeynmt.training - 	Hypothesis: La prochaine diapo que je vous montre que vous serez un rapide rapide de ce qui s&apos; est passé au cours des 25 dernières années .
2026-05-13 19:25:34,578 - INFO - joeynmt.training - Epoch  10, Step:    39600, Batch Loss:     1.009517, Batch Acc: 0.684537, Tokens per Sec:     7576, Lr: 0.000300
2026-05-13 19:25:45,032 - INFO - joeynmt.training - Epoch  10, Step:    39700, Batch Loss:     1.115591, Batch Acc: 0.680445, Tokens per Sec:     7405, Lr: 0.000300
2026-05-13 19:25:55,705 - INFO - joeynmt.training - Epoch  10, Step:    39800, Batch Loss:     1.127051, Batch Acc: 0.678364, Tokens per Sec:     7110, Lr: 0.000300
2026-05-13 19:26:06,605 - INFO - joeynmt.training - Epoch  10, Step:    39900, Batch Loss:     1.182310, Batch Acc: 0.678869, Tokens per Sec:     7163, Lr: 0.000300
2026-05-13 19:26:17,305 - INFO - joeynmt.training - Epoch  10, Step:    40000, Batch Loss:     1.049682, Batch Acc: 0.680397, Tokens per Sec:     7295, Lr: 0.000300
2026-05-13 19:26:17,305 - WARNING - joeynmt.helpers - `alpha` option is obsolete. Please use `beam_alpha`, instead.
2026-05-13 19:26:17,305 - INFO - joeynmt.prediction - Predicting 890 example(s)... (Greedy decoding with min_output_length=1, max_output_length=-1, return_prob='none', generate_unk=True, repetition_penalty=-1, no_repeat_ngram_size=-1)
2026-05-13 19:26:58,115 - INFO - joeynmt.prediction - Evaluation result (greedy) loss:   1.39, ppl:   4.03, acc:   0.60, generation: 40.8041[sec], evaluation: 0.0000[sec]
2026-05-13 19:26:58,168 - INFO - joeynmt.helpers - delete models/bpe_2k/38000.ckpt
2026-05-13 19:26:58,169 - INFO - joeynmt.training - Example #0
2026-05-13 19:26:58,169 - DEBUG - joeynmt.training - 	Tokenized source:     ['L@@', 'ast', 'year', 'I', 'sho@@', 'w@@', 'ed', 'these', 'two', 's@@', 'li@@', 'des', 'so', 'that', 'dem@@', 'on@@', 'str@@', 'ate', 'that', 'the', 'ar@@', 'c@@', 'tic', 'ice', 'c@@', 'a@@', 'p', ',', 'which', 'for', 'most', 'of', 'the', 'last', 'three', 'million', 'years', 'has', 'been', 'the', 'si@@', 'ze', 'of', 'the', 'lo@@', 'wer', '4@@', '8', 'st@@', 'ates', ',', 'has', 'sh@@', 'r@@', 'un@@', 'k', 'by', '4@@', '0', 'percent', '.']
2026-05-13 19:26:58,169 - DEBUG - joeynmt.training - 	Tokenized reference:  ['L&apos;', 'année', 'derni@@', 'ère', ',', 'je', 'vous', 'ai', 'présent@@', 'é', 'ces', 'deux', 'di@@', 'apos@@', 'iti@@', 'ves', 'qui', 'montr@@', 'aient', 'que', 'la', 'cal@@', 'ot@@', 'te', 'gl@@', 'ac@@', 'ière', 'ar@@', 'c@@', 'tique', ',', 'qui', 'pendant', 'ces', '3', 'derni@@', 'ers', 'millions', 'd&apos;', 'année', 'avait', 'la', 't@@', 'ail@@', 'le', 'des', 'E@@', 'tat@@', 's-@@', 'Un@@', 'is', 'sans', 'l&apos;', 'Al@@', 'as@@', 'k@@', 'a', ',', 'qui', 'pendant', 'ces', '3', 'derni@@', 'ers', 'millions', 'd&apos;', 'année', 'avait', 'la', 't@@', 'ail@@', 'le', 'des', 'E@@', 'tat@@', 's-@@', 'Un@@', 'is', 'sans', 'l&apos;', 'Al@@', 'as@@', 'k@@', 'a', ',', 'avait', 'di@@', 'minu@@', 'é', 'de', '4@@', '0', '%', '.']
2026-05-13 19:26:58,169 - DEBUG - joeynmt.training - 	Tokenized hypothesis: ['L&apos;', 'année', 'derni@@', 'ère', ',', 'j&apos;', 'ai', 'montr@@', 'é', 'ces', 'deux', 'di@@', 'apos@@', 'iti@@', 'ves', 'pour', 'que', 'la', 'dé@@', 'mon@@', 'str@@', 'ation', 'de', 'gl@@', 'ace', ',', 'qui', 'depuis', 'trois', 'millions', 'de', 'années', 'a', 'été', 'la', 't@@', 'ail@@', 'le', 'de', 'la', 't@@', 'ail@@', 'le', 'de', 'plus', 'bas', 'de', '4@@', '0', '%', '.', '</s>']
2026-05-13 19:26:58,169 - INFO - joeynmt.training - 	Source:     Last year I showed these two slides so that demonstrate that the arctic ice cap , which for most of the last three million years has been the size of the lower 48 states , has shrunk by 40 percent .
2026-05-13 19:26:58,169 - INFO - joeynmt.training - 	Reference:  L&apos; année dernière , je vous ai présenté ces deux diapositives qui montraient que la calotte glacière arctique , qui pendant ces 3 derniers millions d&apos; année avait la taille des Etats-Unis sans l&apos; Alaska , qui pendant ces 3 derniers millions d&apos; année avait la taille des Etats-Unis sans l&apos; Alaska , avait diminué de 40 % .
2026-05-13 19:26:58,169 - INFO - joeynmt.training - 	Hypothesis: L&apos; année dernière , j&apos; ai montré ces deux diapositives pour que la démonstration de glace , qui depuis trois millions de années a été la taille de la taille de plus bas de 40 % .
2026-05-13 19:26:58,169 - INFO - joeynmt.training - Example #1
2026-05-13 19:26:58,169 - DEBUG - joeynmt.training - 	Tokenized source:     ['But', 'this', 'underst@@', 'ates', 'the', 'ser@@', 'i@@', 'ous@@', 'ness', 'of', 'this', 'partic@@', 'ul@@', 'ar', 'problem', 'because', 'it', 'doesn', '&apos;t', 'show', 'the', 'th@@', 'ick@@', 'ness', 'of', 'the', 'ice', '.']
2026-05-13 19:26:58,169 - DEBUG - joeynmt.training - 	Tokenized reference:  ['Mais', 'ceci', 'ten@@', 'd', 'à', 'a@@', 'mo@@', 'ind@@', 'rir', 'le', 'problème', 'parce', 'qu&apos;', 'on', 'ne', 'vo@@', 'it', 'pas', 'l&apos;', 'é@@', 'p@@', 'aiss@@', 'eur', 'de', 'la', 'gl@@', 'ace', '.']
2026-05-13 19:26:58,169 - DEBUG - joeynmt.training - 	Tokenized hypothesis: ['Mais', 'cela', 'com@@', 'pr@@', 'end', 'la', 's@@', 'éri@@', 'eu@@', 's@@', 'ement', 'de', 'ce', 'problème', 'parce', 'qu&apos;', 'il', 'ne', 'peut', 'pas', 'montrer', 'la', 'é@@', 'p@@', 'aiss@@', 'ance', 'de', 'la', 'gl@@', 'ace', '.', '</s>']
2026-05-13 19:26:58,169 - INFO - joeynmt.training - 	Source:     But this understates the seriousness of this particular problem because it doesn &apos;t show the thickness of the ice .
2026-05-13 19:26:58,169 - INFO - joeynmt.training - 	Reference:  Mais ceci tend à amoindrir le problème parce qu&apos; on ne voit pas l&apos; épaisseur de la glace .
2026-05-13 19:26:58,169 - INFO - joeynmt.training - 	Hypothesis: Mais cela comprend la sérieusement de ce problème parce qu&apos; il ne peut pas montrer la épaissance de la glace .
2026-05-13 19:26:58,169 - INFO - joeynmt.training - Example #2
2026-05-13 19:26:58,169 - DEBUG - joeynmt.training - 	Tokenized source:     ['The', 'ar@@', 'c@@', 'tic', 'ice', 'c@@', 'a@@', 'p', 'is', ',', 'in', 'a', 'sense', ',', 'the', 'be@@', 'ating', 'he@@', 'art', 'of', 'the', 'glob@@', 'al', 'cli@@', 'm@@', 'ate', 'system', '.']
2026-05-13 19:26:58,169 - DEBUG - joeynmt.training - 	Tokenized reference:  ['On', 'peut', 'voir', 'la', 'cal@@', 'ot@@', 'te', 'gl@@', 'ac@@', 'ière', 'ar@@', 'c@@', 'tique', 'comme', 'le', 'co@@', 'eur', 'du', 'système', 'cli@@', 'ma@@', 'tique', 'glob@@', 'al', '.', 'On', 'peut', 'voir', 'la', 'cal@@', 'ot@@', 'te', 'gl@@', 'ac@@', 'ière', 'ar@@', 'c@@', 'tique', 'comme', 'le', 'co@@', 'eur', 'du', 'système', 'cli@@', 'ma@@', 'tique', 'glob@@', 'al', '.']
2026-05-13 19:26:58,169 - DEBUG - joeynmt.training - 	Tokenized hypothesis: ['Le', 'c@@', 'a@@', 'p', 'de', 'gl@@', 'ace', 'est', ',', 'dans', 'un', 'sens', ',', 'le', 'co@@', 'eur', 'du', 'système', 'cli@@', 'ma@@', 'tique', '.', '</s>']
2026-05-13 19:26:58,170 - INFO - joeynmt.training - 	Source:     The arctic ice cap is , in a sense , the beating heart of the global climate system .
2026-05-13 19:26:58,170 - INFO - joeynmt.training - 	Reference:  On peut voir la calotte glacière arctique comme le coeur du système climatique global . On peut voir la calotte glacière arctique comme le coeur du système climatique global .
2026-05-13 19:26:58,170 - INFO - joeynmt.training - 	Hypothesis: Le cap de glace est , dans un sens , le coeur du système climatique .
2026-05-13 19:26:58,170 - INFO - joeynmt.training - Example #3
2026-05-13 19:26:58,170 - DEBUG - joeynmt.training - 	Tokenized source:     ['It', 'exp@@', 'ands', 'in', 'w@@', 'int@@', 'er', 'and', 'contr@@', 'ac@@', 'ts', 'in', 'su@@', 'm@@', 'mer', '.']
2026-05-13 19:26:58,170 - DEBUG - joeynmt.training - 	Tokenized reference:  ['Elle', 's&apos;', 'ét@@', 'end', 'en', 'hi@@', 'ver', 'et', 'se', 'contr@@', 'ac@@', 'te', 'en', 'été', '.']
2026-05-13 19:26:58,170 - DEBUG - joeynmt.training - 	Tokenized hypothesis: ['Il', 's&apos;', 'ag@@', 'it', 'de', 'l&apos;', 'hi@@', 'ver', 'et', 'contr@@', 'ac@@', 'te', 'en', 'été', '.', '</s>']
2026-05-13 19:26:58,170 - INFO - joeynmt.training - 	Source:     It expands in winter and contracts in summer .
2026-05-13 19:26:58,170 - INFO - joeynmt.training - 	Reference:  Elle s&apos; étend en hiver et se contracte en été .
2026-05-13 19:26:58,170 - INFO - joeynmt.training - 	Hypothesis: Il s&apos; agit de l&apos; hiver et contracte en été .
2026-05-13 19:26:58,170 - INFO - joeynmt.training - Example #4
2026-05-13 19:26:58,170 - DEBUG - joeynmt.training - 	Tokenized source:     ['The', 'next', 's@@', 'li@@', 'de', 'I', 'show', 'you', 'will', 'be', 'a', 'rap@@', 'id', 'fas@@', 't-@@', 'for@@', 'w@@', 'ard', 'of', 'what', '&apos;s', 'happen@@', 'ed', 'over', 'the', 'last', '2@@', '5', 'years', '.']
2026-05-13 19:26:58,170 - DEBUG - joeynmt.training - 	Tokenized reference:  ['La', 'pro@@', 'ch@@', 'aine', 'di@@', 'apos@@', 'iti@@', 've', 'que', 'je', 'vais', 'vous', 'montrer', 'est', 'une', 'v@@', 'ue', 'en', 'acc@@', 'él@@', 'ér@@', 'é', 'de', 'ce', 'qui', 's&apos;', 'est', 'passé', 'ces', '2@@', '5', 'derni@@', 'ères', 'années', '.']
2026-05-13 19:26:58,170 - DEBUG - joeynmt.training - 	Tokenized hypothesis: ['La', 'pro@@', 'ch@@', 'aine', 'di@@', 'apos@@', 'iti@@', 've', 'que', 'je', 'vous', 'mon@@', 'tre', 'que', 'vous', 'ser@@', 'ez', 'un', 'rap@@', 'ide', 'rap@@', 'ide', 'de', 'ce', 'qui', 's&apos;', 'est', 'passé', 'pendant', 'les', '2@@', '5', 'derni@@', 'ères', 'années', '.', '</s>']
2026-05-13 19:26:58,170 - INFO - joeynmt.training - 	Source:     The next slide I show you will be a rapid fast-forward of what &apos;s happened over the last 25 years .
2026-05-13 19:26:58,170 - INFO - joeynmt.training - 	Reference:  La prochaine diapositive que je vais vous montrer est une vue en accéléré de ce qui s&apos; est passé ces 25 dernières années .
2026-05-13 19:26:58,170 - INFO - joeynmt.training - 	Hypothesis: La prochaine diapositive que je vous montre que vous serez un rapide rapide de ce qui s&apos; est passé pendant les 25 dernières années .
2026-05-13 19:27:09,202 - INFO - joeynmt.training - Epoch  10, Step:    40100, Batch Loss:     0.990132, Batch Acc: 0.678833, Tokens per Sec:     6945, Lr: 0.000300
2026-05-13 19:27:19,870 - INFO - joeynmt.training - Epoch  10, Step:    40200, Batch Loss:     1.090799, Batch Acc: 0.673325, Tokens per Sec:     7218, Lr: 0.000300
2026-05-13 19:27:30,977 - INFO - joeynmt.training - Epoch  10, Step:    40300, Batch Loss:     1.013105, Batch Acc: 0.679887, Tokens per Sec:     6971, Lr: 0.000300
2026-05-13 19:27:42,086 - INFO - joeynmt.training - Epoch  10, Step:    40400, Batch Loss:     0.965125, Batch Acc: 0.673333, Tokens per Sec:     6892, Lr: 0.000300
2026-05-13 19:27:53,182 - INFO - joeynmt.training - Epoch  10, Step:    40500, Batch Loss:     0.962950, Batch Acc: 0.672944, Tokens per Sec:     7011, Lr: 0.000300
2026-05-13 19:27:53,182 - WARNING - joeynmt.helpers - `alpha` option is obsolete. Please use `beam_alpha`, instead.
2026-05-13 19:27:53,182 - INFO - joeynmt.prediction - Predicting 890 example(s)... (Greedy decoding with min_output_length=1, max_output_length=-1, return_prob='none', generate_unk=True, repetition_penalty=-1, no_repeat_ngram_size=-1)
2026-05-13 19:28:30,300 - INFO - joeynmt.prediction - Evaluation result (greedy) loss:   1.40, ppl:   4.04, acc:   0.60, generation: 37.1126[sec], evaluation: 0.0000[sec]
2026-05-13 19:28:30,301 - INFO - joeynmt.training - Example #0
2026-05-13 19:28:30,301 - DEBUG - joeynmt.training - 	Tokenized source:     ['L@@', 'ast', 'year', 'I', 'sho@@', 'w@@', 'ed', 'these', 'two', 's@@', 'li@@', 'des', 'so', 'that', 'dem@@', 'on@@', 'str@@', 'ate', 'that', 'the', 'ar@@', 'c@@', 'tic', 'ice', 'c@@', 'a@@', 'p', ',', 'which', 'for', 'most', 'of', 'the', 'last', 'three', 'million', 'years', 'has', 'been', 'the', 'si@@', 'ze', 'of', 'the', 'lo@@', 'wer', '4@@', '8', 'st@@', 'ates', ',', 'has', 'sh@@', 'r@@', 'un@@', 'k', 'by', '4@@', '0', 'percent', '.']
2026-05-13 19:28:30,301 - DEBUG - joeynmt.training - 	Tokenized reference:  ['L&apos;', 'année', 'derni@@', 'ère', ',', 'je', 'vous', 'ai', 'présent@@', 'é', 'ces', 'deux', 'di@@', 'apos@@', 'iti@@', 'ves', 'qui', 'montr@@', 'aient', 'que', 'la', 'cal@@', 'ot@@', 'te', 'gl@@', 'ac@@', 'ière', 'ar@@', 'c@@', 'tique', ',', 'qui', 'pendant', 'ces', '3', 'derni@@', 'ers', 'millions', 'd&apos;', 'année', 'avait', 'la', 't@@', 'ail@@', 'le', 'des', 'E@@', 'tat@@', 's-@@', 'Un@@', 'is', 'sans', 'l&apos;', 'Al@@', 'as@@', 'k@@', 'a', ',', 'qui', 'pendant', 'ces', '3', 'derni@@', 'ers', 'millions', 'd&apos;', 'année', 'avait', 'la', 't@@', 'ail@@', 'le', 'des', 'E@@', 'tat@@', 's-@@', 'Un@@', 'is', 'sans', 'l&apos;', 'Al@@', 'as@@', 'k@@', 'a', ',', 'avait', 'di@@', 'minu@@', 'é', 'de', '4@@', '0', '%', '.']
2026-05-13 19:28:30,301 - DEBUG - joeynmt.training - 	Tokenized hypothesis: ['L&apos;', 'année', 'derni@@', 'ère', ',', 'j&apos;', 'ai', 'montr@@', 'é', 'ces', 'deux', 'di@@', 'apos@@', 'iti@@', 'ves', 'pour', 'que', 'la', 'dé@@', 'mon@@', 'str@@', 'ation', 'de', 'gl@@', 'ace', 'ar@@', 'c@@', 'tique', ',', 'qui', 'pendant', 'la', 'plu@@', 'part', 'des', 'trois', 'millions', 'd&apos;', 'années', 'ont', 'été', 'la', 't@@', 'ail@@', 'le', 'des', 'trois', 'millions', 'd&apos;', 'années', 'ont', 'été', 'la', 't@@', 'ail@@', 'le', 'de', 'la', 'plus', 'bas', 'de', '4@@', '0', 'pour', 'cent', '.', '</s>']
2026-05-13 19:28:30,301 - INFO - joeynmt.training - 	Source:     Last year I showed these two slides so that demonstrate that the arctic ice cap , which for most of the last three million years has been the size of the lower 48 states , has shrunk by 40 percent .
2026-05-13 19:28:30,301 - INFO - joeynmt.training - 	Reference:  L&apos; année dernière , je vous ai présenté ces deux diapositives qui montraient que la calotte glacière arctique , qui pendant ces 3 derniers millions d&apos; année avait la taille des Etats-Unis sans l&apos; Alaska , qui pendant ces 3 derniers millions d&apos; année avait la taille des Etats-Unis sans l&apos; Alaska , avait diminué de 40 % .
2026-05-13 19:28:30,302 - INFO - joeynmt.training - 	Hypothesis: L&apos; année dernière , j&apos; ai montré ces deux diapositives pour que la démonstration de glace arctique , qui pendant la plupart des trois millions d&apos; années ont été la taille des trois millions d&apos; années ont été la taille de la plus bas de 40 pour cent .
2026-05-13 19:28:30,302 - INFO - joeynmt.training - Example #1
2026-05-13 19:28:30,302 - DEBUG - joeynmt.training - 	Tokenized source:     ['But', 'this', 'underst@@', 'ates', 'the', 'ser@@', 'i@@', 'ous@@', 'ness', 'of', 'this', 'partic@@', 'ul@@', 'ar', 'problem', 'because', 'it', 'doesn', '&apos;t', 'show', 'the', 'th@@', 'ick@@', 'ness', 'of', 'the', 'ice', '.']
2026-05-13 19:28:30,302 - DEBUG - joeynmt.training - 	Tokenized reference:  ['Mais', 'ceci', 'ten@@', 'd', 'à', 'a@@', 'mo@@', 'ind@@', 'rir', 'le', 'problème', 'parce', 'qu&apos;', 'on', 'ne', 'vo@@', 'it', 'pas', 'l&apos;', 'é@@', 'p@@', 'aiss@@', 'eur', 'de', 'la', 'gl@@', 'ace', '.']
2026-05-13 19:28:30,302 - DEBUG - joeynmt.training - 	Tokenized hypothesis: ['Mais', 'cela', 'com@@', 'pr@@', 'end', 'le', 'problème', 'de', 'ce', 'problème', 'particu@@', 'li@@', 'er', 'parce', 'qu&apos;', 'il', 'ne', 'mon@@', 'tre', 'pas', 'le', 'pou@@', 'let', 'de', 'gl@@', 'ace', '.', '</s>']
2026-05-13 19:28:30,302 - INFO - joeynmt.training - 	Source:     But this understates the seriousness of this particular problem because it doesn &apos;t show the thickness of the ice .
2026-05-13 19:28:30,302 - INFO - joeynmt.training - 	Reference:  Mais ceci tend à amoindrir le problème parce qu&apos; on ne voit pas l&apos; épaisseur de la glace .
2026-05-13 19:28:30,302 - INFO - joeynmt.training - 	Hypothesis: Mais cela comprend le problème de ce problème particulier parce qu&apos; il ne montre pas le poulet de glace .
2026-05-13 19:28:30,302 - INFO - joeynmt.training - Example #2
2026-05-13 19:28:30,302 - DEBUG - joeynmt.training - 	Tokenized source:     ['The', 'ar@@', 'c@@', 'tic', 'ice', 'c@@', 'a@@', 'p', 'is', ',', 'in', 'a', 'sense', ',', 'the', 'be@@', 'ating', 'he@@', 'art', 'of', 'the', 'glob@@', 'al', 'cli@@', 'm@@', 'ate', 'system', '.']
2026-05-13 19:28:30,302 - DEBUG - joeynmt.training - 	Tokenized reference:  ['On', 'peut', 'voir', 'la', 'cal@@', 'ot@@', 'te', 'gl@@', 'ac@@', 'ière', 'ar@@', 'c@@', 'tique', 'comme', 'le', 'co@@', 'eur', 'du', 'système', 'cli@@', 'ma@@', 'tique', 'glob@@', 'al', '.', 'On', 'peut', 'voir', 'la', 'cal@@', 'ot@@', 'te', 'gl@@', 'ac@@', 'ière', 'ar@@', 'c@@', 'tique', 'comme', 'le', 'co@@', 'eur', 'du', 'système', 'cli@@', 'ma@@', 'tique', 'glob@@', 'al', '.']
2026-05-13 19:28:30,302 - DEBUG - joeynmt.training - 	Tokenized hypothesis: ['La', 'c@@', 'â@@', 'ble', 'de', 'gl@@', 'ace', 'ar@@', 'c@@', 'tique', 'est', ',', 'dans', 'un', 'sens', ',', 'le', 'c@@', 'œ@@', 'u@@', 'r', 'de', 'la', 'plan@@', 'ète', '.', '</s>']
2026-05-13 19:28:30,302 - INFO - joeynmt.training - 	Source:     The arctic ice cap is , in a sense , the beating heart of the global climate system .
2026-05-13 19:28:30,302 - INFO - joeynmt.training - 	Reference:  On peut voir la calotte glacière arctique comme le coeur du système climatique global . On peut voir la calotte glacière arctique comme le coeur du système climatique global .
2026-05-13 19:28:30,302 - INFO - joeynmt.training - 	Hypothesis: La câble de glace arctique est , dans un sens , le cœur de la planète .
2026-05-13 19:28:30,302 - INFO - joeynmt.training - Example #3
2026-05-13 19:28:30,302 - DEBUG - joeynmt.training - 	Tokenized source:     ['It', 'exp@@', 'ands', 'in', 'w@@', 'int@@', 'er', 'and', 'contr@@', 'ac@@', 'ts', 'in', 'su@@', 'm@@', 'mer', '.']
2026-05-13 19:28:30,302 - DEBUG - joeynmt.training - 	Tokenized reference:  ['Elle', 's&apos;', 'ét@@', 'end', 'en', 'hi@@', 'ver', 'et', 'se', 'contr@@', 'ac@@', 'te', 'en', 'été', '.']
2026-05-13 19:28:30,302 - DEBUG - joeynmt.training - 	Tokenized hypothesis: ['Il', 's&apos;', 'ét@@', 'end@@', 'ent', 'dans', 'l&apos;', 'hi@@', 'ver', 'et', 'contr@@', 'ac@@', 'ts', 'en', 'été', '.', '</s>']
2026-05-13 19:28:30,302 - INFO - joeynmt.training - 	Source:     It expands in winter and contracts in summer .
2026-05-13 19:28:30,302 - INFO - joeynmt.training - 	Reference:  Elle s&apos; étend en hiver et se contracte en été .
2026-05-13 19:28:30,302 - INFO - joeynmt.training - 	Hypothesis: Il s&apos; étendent dans l&apos; hiver et contracts en été .
2026-05-13 19:28:30,302 - INFO - joeynmt.training - Example #4
2026-05-13 19:28:30,302 - DEBUG - joeynmt.training - 	Tokenized source:     ['The', 'next', 's@@', 'li@@', 'de', 'I', 'show', 'you', 'will', 'be', 'a', 'rap@@', 'id', 'fas@@', 't-@@', 'for@@', 'w@@', 'ard', 'of', 'what', '&apos;s', 'happen@@', 'ed', 'over', 'the', 'last', '2@@', '5', 'years', '.']
2026-05-13 19:28:30,302 - DEBUG - joeynmt.training - 	Tokenized reference:  ['La', 'pro@@', 'ch@@', 'aine', 'di@@', 'apos@@', 'iti@@', 've', 'que', 'je', 'vais', 'vous', 'montrer', 'est', 'une', 'v@@', 'ue', 'en', 'acc@@', 'él@@', 'ér@@', 'é', 'de', 'ce', 'qui', 's&apos;', 'est', 'passé', 'ces', '2@@', '5', 'derni@@', 'ères', 'années', '.']
2026-05-13 19:28:30,302 - DEBUG - joeynmt.training - 	Tokenized hypothesis: ['La', 'pro@@', 'ch@@', 'aine', 'di@@', 'apos@@', 'iti@@', 've', 'que', 'je', 'vous', 'mon@@', 'tre', 'rap@@', 'id@@', 'ement', 'à', 'ce', 'que', 'ce', 'qui', 's&apos;', 'est', 'passé', 'au', 'cours', 'des', '2@@', '5', 'derni@@', 'ères', 'années', '.', '</s>']
2026-05-13 19:28:30,303 - INFO - joeynmt.training - 	Source:     The next slide I show you will be a rapid fast-forward of what &apos;s happened over the last 25 years .
2026-05-13 19:28:30,303 - INFO - joeynmt.training - 	Reference:  La prochaine diapositive que je vais vous montrer est une vue en accéléré de ce qui s&apos; est passé ces 25 dernières années .
2026-05-13 19:28:30,303 - INFO - joeynmt.training - 	Hypothesis: La prochaine diapositive que je vous montre rapidement à ce que ce qui s&apos; est passé au cours des 25 dernières années .
2026-05-13 19:28:41,823 - INFO - joeynmt.training - Epoch  10, Step:    40600, Batch Loss:     1.107581, Batch Acc: 0.671427, Tokens per Sec:     6897, Lr: 0.000300
2026-05-13 19:28:52,935 - INFO - joeynmt.training - Epoch  10, Step:    40700, Batch Loss:     1.203971, Batch Acc: 0.676704, Tokens per Sec:     7104, Lr: 0.000300
2026-05-13 19:29:03,747 - INFO - joeynmt.training - Epoch  10, Step:    40800, Batch Loss:     1.154623, Batch Acc: 0.677015, Tokens per Sec:     7076, Lr: 0.000300
2026-05-13 19:29:15,112 - INFO - joeynmt.training - Epoch  10, Step:    40900, Batch Loss:     1.072592, Batch Acc: 0.675235, Tokens per Sec:     6815, Lr: 0.000300
2026-05-13 19:29:25,887 - INFO - joeynmt.training - Epoch  10, Step:    41000, Batch Loss:     1.113825, Batch Acc: 0.671785, Tokens per Sec:     7217, Lr: 0.000300
2026-05-13 19:29:25,887 - WARNING - joeynmt.helpers - `alpha` option is obsolete. Please use `beam_alpha`, instead.
2026-05-13 19:29:25,887 - INFO - joeynmt.prediction - Predicting 890 example(s)... (Greedy decoding with min_output_length=1, max_output_length=-1, return_prob='none', generate_unk=True, repetition_penalty=-1, no_repeat_ngram_size=-1)
2026-05-13 19:30:02,208 - INFO - joeynmt.prediction - Evaluation result (greedy) loss:   1.39, ppl:   4.02, acc:   0.60, generation: 36.3151[sec], evaluation: 0.0000[sec]
2026-05-13 19:30:02,256 - INFO - joeynmt.helpers - delete models/bpe_2k/40000.ckpt
2026-05-13 19:30:02,257 - INFO - joeynmt.helpers - delete /Users/leonieadm/Desktop/mt-exercise-04/models/bpe_2k/40000.ckpt
2026-05-13 19:30:02,257 - WARNING - joeynmt.helpers - Wanted to delete old checkpoint /Users/leonieadm/Desktop/mt-exercise-04/models/bpe_2k/40000.ckpt but file does not exist. ([Errno 2] No such file or directory: '/Users/leonieadm/Desktop/mt-exercise-04/models/bpe_2k/40000.ckpt')
2026-05-13 19:30:02,257 - INFO - joeynmt.training - Example #0
2026-05-13 19:30:02,257 - DEBUG - joeynmt.training - 	Tokenized source:     ['L@@', 'ast', 'year', 'I', 'sho@@', 'w@@', 'ed', 'these', 'two', 's@@', 'li@@', 'des', 'so', 'that', 'dem@@', 'on@@', 'str@@', 'ate', 'that', 'the', 'ar@@', 'c@@', 'tic', 'ice', 'c@@', 'a@@', 'p', ',', 'which', 'for', 'most', 'of', 'the', 'last', 'three', 'million', 'years', 'has', 'been', 'the', 'si@@', 'ze', 'of', 'the', 'lo@@', 'wer', '4@@', '8', 'st@@', 'ates', ',', 'has', 'sh@@', 'r@@', 'un@@', 'k', 'by', '4@@', '0', 'percent', '.']
2026-05-13 19:30:02,257 - DEBUG - joeynmt.training - 	Tokenized reference:  ['L&apos;', 'année', 'derni@@', 'ère', ',', 'je', 'vous', 'ai', 'présent@@', 'é', 'ces', 'deux', 'di@@', 'apos@@', 'iti@@', 'ves', 'qui', 'montr@@', 'aient', 'que', 'la', 'cal@@', 'ot@@', 'te', 'gl@@', 'ac@@', 'ière', 'ar@@', 'c@@', 'tique', ',', 'qui', 'pendant', 'ces', '3', 'derni@@', 'ers', 'millions', 'd&apos;', 'année', 'avait', 'la', 't@@', 'ail@@', 'le', 'des', 'E@@', 'tat@@', 's-@@', 'Un@@', 'is', 'sans', 'l&apos;', 'Al@@', 'as@@', 'k@@', 'a', ',', 'qui', 'pendant', 'ces', '3', 'derni@@', 'ers', 'millions', 'd&apos;', 'année', 'avait', 'la', 't@@', 'ail@@', 'le', 'des', 'E@@', 'tat@@', 's-@@', 'Un@@', 'is', 'sans', 'l&apos;', 'Al@@', 'as@@', 'k@@', 'a', ',', 'avait', 'di@@', 'minu@@', 'é', 'de', '4@@', '0', '%', '.']
2026-05-13 19:30:02,257 - DEBUG - joeynmt.training - 	Tokenized hypothesis: ['L&apos;', 'année', 'derni@@', 'ère', ',', 'j&apos;', 'ai', 'montr@@', 'é', 'ces', 'deux', 'ph@@', 'o@@', 'to', 'pour', 'dé@@', 'montrer', 'que', 'la', 'gl@@', 'ace', 'ar@@', 'c@@', 'tique', ',', 'qui', 'pendant', 'la', 'plu@@', 'part', 'des', 'trois', 'millions', 'd&apos;', 'années', 'ont', 'été', 'la', 't@@', 'ail@@', 'le', 'des', '4@@', '0', 'ét@@', 'at@@', 's', ',', 'a', 'ré@@', 'p@@', 'and@@', 'is', 'par', '4@@', '0', '%', '.', '</s>']
2026-05-13 19:30:02,257 - INFO - joeynmt.training - 	Source:     Last year I showed these two slides so that demonstrate that the arctic ice cap , which for most of the last three million years has been the size of the lower 48 states , has shrunk by 40 percent .
2026-05-13 19:30:02,257 - INFO - joeynmt.training - 	Reference:  L&apos; année dernière , je vous ai présenté ces deux diapositives qui montraient que la calotte glacière arctique , qui pendant ces 3 derniers millions d&apos; année avait la taille des Etats-Unis sans l&apos; Alaska , qui pendant ces 3 derniers millions d&apos; année avait la taille des Etats-Unis sans l&apos; Alaska , avait diminué de 40 % .
2026-05-13 19:30:02,257 - INFO - joeynmt.training - 	Hypothesis: L&apos; année dernière , j&apos; ai montré ces deux photo pour démontrer que la glace arctique , qui pendant la plupart des trois millions d&apos; années ont été la taille des 40 états , a répandis par 40 % .
2026-05-13 19:30:02,257 - INFO - joeynmt.training - Example #1
2026-05-13 19:30:02,257 - DEBUG - joeynmt.training - 	Tokenized source:     ['But', 'this', 'underst@@', 'ates', 'the', 'ser@@', 'i@@', 'ous@@', 'ness', 'of', 'this', 'partic@@', 'ul@@', 'ar', 'problem', 'because', 'it', 'doesn', '&apos;t', 'show', 'the', 'th@@', 'ick@@', 'ness', 'of', 'the', 'ice', '.']
2026-05-13 19:30:02,257 - DEBUG - joeynmt.training - 	Tokenized reference:  ['Mais', 'ceci', 'ten@@', 'd', 'à', 'a@@', 'mo@@', 'ind@@', 'rir', 'le', 'problème', 'parce', 'qu&apos;', 'on', 'ne', 'vo@@', 'it', 'pas', 'l&apos;', 'é@@', 'p@@', 'aiss@@', 'eur', 'de', 'la', 'gl@@', 'ace', '.']
2026-05-13 19:30:02,257 - DEBUG - joeynmt.training - 	Tokenized hypothesis: ['Mais', 'cela', 'com@@', 'pr@@', 'end', 'le', 's@@', 'éri@@', 'eux', 'de', 'ce', 'problème', 'particu@@', 'li@@', 'er', 'parce', 'qu&apos;', 'il', 'ne', 'mon@@', 'tre', 'pas', 'le', 'pou@@', 'voir', 'de', 'la', 'gl@@', 'ace', '.', '</s>']
2026-05-13 19:30:02,257 - INFO - joeynmt.training - 	Source:     But this understates the seriousness of this particular problem because it doesn &apos;t show the thickness of the ice .
2026-05-13 19:30:02,257 - INFO - joeynmt.training - 	Reference:  Mais ceci tend à amoindrir le problème parce qu&apos; on ne voit pas l&apos; épaisseur de la glace .
2026-05-13 19:30:02,257 - INFO - joeynmt.training - 	Hypothesis: Mais cela comprend le sérieux de ce problème particulier parce qu&apos; il ne montre pas le pouvoir de la glace .
2026-05-13 19:30:02,257 - INFO - joeynmt.training - Example #2
2026-05-13 19:30:02,257 - DEBUG - joeynmt.training - 	Tokenized source:     ['The', 'ar@@', 'c@@', 'tic', 'ice', 'c@@', 'a@@', 'p', 'is', ',', 'in', 'a', 'sense', ',', 'the', 'be@@', 'ating', 'he@@', 'art', 'of', 'the', 'glob@@', 'al', 'cli@@', 'm@@', 'ate', 'system', '.']
2026-05-13 19:30:02,257 - DEBUG - joeynmt.training - 	Tokenized reference:  ['On', 'peut', 'voir', 'la', 'cal@@', 'ot@@', 'te', 'gl@@', 'ac@@', 'ière', 'ar@@', 'c@@', 'tique', 'comme', 'le', 'co@@', 'eur', 'du', 'système', 'cli@@', 'ma@@', 'tique', 'glob@@', 'al', '.', 'On', 'peut', 'voir', 'la', 'cal@@', 'ot@@', 'te', 'gl@@', 'ac@@', 'ière', 'ar@@', 'c@@', 'tique', 'comme', 'le', 'co@@', 'eur', 'du', 'système', 'cli@@', 'ma@@', 'tique', 'glob@@', 'al', '.']
2026-05-13 19:30:02,257 - DEBUG - joeynmt.training - 	Tokenized hypothesis: ['La', 'c@@', 'tique', 'ar@@', 'c@@', 'tique', 'est', ',', 'dans', 'un', 'sens', ',', 'le', 'co@@', 'eur', 'du', 'système', 'du', 'cli@@', 'm@@', 'at', 'mon@@', 'di@@', 'al', '.', '</s>']
2026-05-13 19:30:02,258 - INFO - joeynmt.training - 	Source:     The arctic ice cap is , in a sense , the beating heart of the global climate system .
2026-05-13 19:30:02,258 - INFO - joeynmt.training - 	Reference:  On peut voir la calotte glacière arctique comme le coeur du système climatique global . On peut voir la calotte glacière arctique comme le coeur du système climatique global .
2026-05-13 19:30:02,258 - INFO - joeynmt.training - 	Hypothesis: La ctique arctique est , dans un sens , le coeur du système du climat mondial .
2026-05-13 19:30:02,258 - INFO - joeynmt.training - Example #3
2026-05-13 19:30:02,258 - DEBUG - joeynmt.training - 	Tokenized source:     ['It', 'exp@@', 'ands', 'in', 'w@@', 'int@@', 'er', 'and', 'contr@@', 'ac@@', 'ts', 'in', 'su@@', 'm@@', 'mer', '.']
2026-05-13 19:30:02,258 - DEBUG - joeynmt.training - 	Tokenized reference:  ['Elle', 's&apos;', 'ét@@', 'end', 'en', 'hi@@', 'ver', 'et', 'se', 'contr@@', 'ac@@', 'te', 'en', 'été', '.']
2026-05-13 19:30:02,258 - DEBUG - joeynmt.training - 	Tokenized hypothesis: ['Il', 's&apos;', 'ét@@', 'end', 'en', 'hi@@', 'ver', 'et', 'les', 'contr@@', 'at@@', 's', 'en', 'été', '.', '</s>']
2026-05-13 19:30:02,258 - INFO - joeynmt.training - 	Source:     It expands in winter and contracts in summer .
2026-05-13 19:30:02,258 - INFO - joeynmt.training - 	Reference:  Elle s&apos; étend en hiver et se contracte en été .
2026-05-13 19:30:02,258 - INFO - joeynmt.training - 	Hypothesis: Il s&apos; étend en hiver et les contrats en été .
2026-05-13 19:30:02,258 - INFO - joeynmt.training - Example #4
2026-05-13 19:30:02,258 - DEBUG - joeynmt.training - 	Tokenized source:     ['The', 'next', 's@@', 'li@@', 'de', 'I', 'show', 'you', 'will', 'be', 'a', 'rap@@', 'id', 'fas@@', 't-@@', 'for@@', 'w@@', 'ard', 'of', 'what', '&apos;s', 'happen@@', 'ed', 'over', 'the', 'last', '2@@', '5', 'years', '.']
2026-05-13 19:30:02,258 - DEBUG - joeynmt.training - 	Tokenized reference:  ['La', 'pro@@', 'ch@@', 'aine', 'di@@', 'apos@@', 'iti@@', 've', 'que', 'je', 'vais', 'vous', 'montrer', 'est', 'une', 'v@@', 'ue', 'en', 'acc@@', 'él@@', 'ér@@', 'é', 'de', 'ce', 'qui', 's&apos;', 'est', 'passé', 'ces', '2@@', '5', 'derni@@', 'ères', 'années', '.']
2026-05-13 19:30:02,258 - DEBUG - joeynmt.training - 	Tokenized hypothesis: ['La', 'pro@@', 'ch@@', 'aine', 'di@@', 'apos@@', 'iti@@', 've', 'que', 'je', 'vous', 'ser@@', 'ai', 'un', 'rap@@', 'ide', 'rap@@', 'ide', 'de', 'ce', 'qui', 's&apos;', 'est', 'passé', 'pendant', 'les', '2@@', '5', 'derni@@', 'ères', 'années', '.', '</s>']
2026-05-13 19:30:02,258 - INFO - joeynmt.training - 	Source:     The next slide I show you will be a rapid fast-forward of what &apos;s happened over the last 25 years .
2026-05-13 19:30:02,258 - INFO - joeynmt.training - 	Reference:  La prochaine diapositive que je vais vous montrer est une vue en accéléré de ce qui s&apos; est passé ces 25 dernières années .
2026-05-13 19:30:02,258 - INFO - joeynmt.training - 	Hypothesis: La prochaine diapositive que je vous serai un rapide rapide de ce qui s&apos; est passé pendant les 25 dernières années .
2026-05-13 19:30:13,440 - INFO - joeynmt.training - Epoch  10, Step:    41100, Batch Loss:     1.062261, Batch Acc: 0.670061, Tokens per Sec:     7029, Lr: 0.000300
2026-05-13 19:30:25,091 - INFO - joeynmt.training - Epoch  10, Step:    41200, Batch Loss:     1.177176, Batch Acc: 0.677853, Tokens per Sec:     6901, Lr: 0.000300
2026-05-13 19:30:35,960 - INFO - joeynmt.training - Epoch  10, Step:    41300, Batch Loss:     0.997405, Batch Acc: 0.670075, Tokens per Sec:     7297, Lr: 0.000300
2026-05-13 19:30:47,026 - INFO - joeynmt.training - Epoch  10, Step:    41400, Batch Loss:     1.122397, Batch Acc: 0.674566, Tokens per Sec:     7196, Lr: 0.000300
2026-05-13 19:30:58,259 - INFO - joeynmt.training - Epoch  10, Step:    41500, Batch Loss:     1.020556, Batch Acc: 0.678162, Tokens per Sec:     6968, Lr: 0.000300
2026-05-13 19:30:58,259 - WARNING - joeynmt.helpers - `alpha` option is obsolete. Please use `beam_alpha`, instead.
2026-05-13 19:30:58,259 - INFO - joeynmt.prediction - Predicting 890 example(s)... (Greedy decoding with min_output_length=1, max_output_length=-1, return_prob='none', generate_unk=True, repetition_penalty=-1, no_repeat_ngram_size=-1)
2026-05-13 19:31:38,884 - INFO - joeynmt.prediction - Evaluation result (greedy) loss:   1.39, ppl:   4.01, acc:   0.60, generation: 40.6194[sec], evaluation: 0.0000[sec]
2026-05-13 19:31:38,884 - INFO - joeynmt.training - Hooray! New best validation result [ppl]!
2026-05-13 19:31:38,934 - INFO - joeynmt.helpers - delete models/bpe_2k/38500.ckpt
2026-05-13 19:31:38,938 - INFO - joeynmt.training - Example #0
2026-05-13 19:31:38,938 - DEBUG - joeynmt.training - 	Tokenized source:     ['L@@', 'ast', 'year', 'I', 'sho@@', 'w@@', 'ed', 'these', 'two', 's@@', 'li@@', 'des', 'so', 'that', 'dem@@', 'on@@', 'str@@', 'ate', 'that', 'the', 'ar@@', 'c@@', 'tic', 'ice', 'c@@', 'a@@', 'p', ',', 'which', 'for', 'most', 'of', 'the', 'last', 'three', 'million', 'years', 'has', 'been', 'the', 'si@@', 'ze', 'of', 'the', 'lo@@', 'wer', '4@@', '8', 'st@@', 'ates', ',', 'has', 'sh@@', 'r@@', 'un@@', 'k', 'by', '4@@', '0', 'percent', '.']
2026-05-13 19:31:38,938 - DEBUG - joeynmt.training - 	Tokenized reference:  ['L&apos;', 'année', 'derni@@', 'ère', ',', 'je', 'vous', 'ai', 'présent@@', 'é', 'ces', 'deux', 'di@@', 'apos@@', 'iti@@', 'ves', 'qui', 'montr@@', 'aient', 'que', 'la', 'cal@@', 'ot@@', 'te', 'gl@@', 'ac@@', 'ière', 'ar@@', 'c@@', 'tique', ',', 'qui', 'pendant', 'ces', '3', 'derni@@', 'ers', 'millions', 'd&apos;', 'année', 'avait', 'la', 't@@', 'ail@@', 'le', 'des', 'E@@', 'tat@@', 's-@@', 'Un@@', 'is', 'sans', 'l&apos;', 'Al@@', 'as@@', 'k@@', 'a', ',', 'qui', 'pendant', 'ces', '3', 'derni@@', 'ers', 'millions', 'd&apos;', 'année', 'avait', 'la', 't@@', 'ail@@', 'le', 'des', 'E@@', 'tat@@', 's-@@', 'Un@@', 'is', 'sans', 'l&apos;', 'Al@@', 'as@@', 'k@@', 'a', ',', 'avait', 'di@@', 'minu@@', 'é', 'de', '4@@', '0', '%', '.']
2026-05-13 19:31:38,938 - DEBUG - joeynmt.training - 	Tokenized hypothesis: ['L&apos;', 'année', 'derni@@', 'ère', ',', 'j&apos;', 'ai', 'montr@@', 'é', 'ces', 'deux', 'di@@', 'a@@', 'po@@', 's', 'de', 't@@', 'ellement', 'que', 'la', 'gl@@', 'ace', 'ar@@', 'c@@', 'tique', ',', 'pendant', 'la', 'plu@@', 'part', 'des', 'trois', 'millions', 'd&apos;', 'années', 'ont', 'été', 'la', 't@@', 'ail@@', 'le', 'de', '4@@', '0', 'ét@@', 'at@@', 's', ',', 'a', 'ré@@', 'us@@', 'si', 'par', '4@@', '0', '%', '.', '</s>']
2026-05-13 19:31:38,938 - INFO - joeynmt.training - 	Source:     Last year I showed these two slides so that demonstrate that the arctic ice cap , which for most of the last three million years has been the size of the lower 48 states , has shrunk by 40 percent .
2026-05-13 19:31:38,938 - INFO - joeynmt.training - 	Reference:  L&apos; année dernière , je vous ai présenté ces deux diapositives qui montraient que la calotte glacière arctique , qui pendant ces 3 derniers millions d&apos; année avait la taille des Etats-Unis sans l&apos; Alaska , qui pendant ces 3 derniers millions d&apos; année avait la taille des Etats-Unis sans l&apos; Alaska , avait diminué de 40 % .
2026-05-13 19:31:38,938 - INFO - joeynmt.training - 	Hypothesis: L&apos; année dernière , j&apos; ai montré ces deux diapos de tellement que la glace arctique , pendant la plupart des trois millions d&apos; années ont été la taille de 40 états , a réussi par 40 % .
2026-05-13 19:31:38,938 - INFO - joeynmt.training - Example #1
2026-05-13 19:31:38,938 - DEBUG - joeynmt.training - 	Tokenized source:     ['But', 'this', 'underst@@', 'ates', 'the', 'ser@@', 'i@@', 'ous@@', 'ness', 'of', 'this', 'partic@@', 'ul@@', 'ar', 'problem', 'because', 'it', 'doesn', '&apos;t', 'show', 'the', 'th@@', 'ick@@', 'ness', 'of', 'the', 'ice', '.']
2026-05-13 19:31:38,938 - DEBUG - joeynmt.training - 	Tokenized reference:  ['Mais', 'ceci', 'ten@@', 'd', 'à', 'a@@', 'mo@@', 'ind@@', 'rir', 'le', 'problème', 'parce', 'qu&apos;', 'on', 'ne', 'vo@@', 'it', 'pas', 'l&apos;', 'é@@', 'p@@', 'aiss@@', 'eur', 'de', 'la', 'gl@@', 'ace', '.']
2026-05-13 19:31:38,938 - DEBUG - joeynmt.training - 	Tokenized hypothesis: ['Mais', 'cette', 'com@@', 'pr@@', 'end', 'le', 'problème', 'de', 'la', 's@@', 'éri@@', 'eu@@', 'se', 'de', 'ce', 'problème', 'parce', 'qu&apos;', 'il', 'ne', 'mon@@', 'te', 'pas', 'le', 'pou@@', 'voir', 'de', 'la', 'gl@@', 'ace', '.', '</s>']
2026-05-13 19:31:38,938 - INFO - joeynmt.training - 	Source:     But this understates the seriousness of this particular problem because it doesn &apos;t show the thickness of the ice .
2026-05-13 19:31:38,939 - INFO - joeynmt.training - 	Reference:  Mais ceci tend à amoindrir le problème parce qu&apos; on ne voit pas l&apos; épaisseur de la glace .
2026-05-13 19:31:38,939 - INFO - joeynmt.training - 	Hypothesis: Mais cette comprend le problème de la sérieuse de ce problème parce qu&apos; il ne monte pas le pouvoir de la glace .
2026-05-13 19:31:38,939 - INFO - joeynmt.training - Example #2
2026-05-13 19:31:38,939 - DEBUG - joeynmt.training - 	Tokenized source:     ['The', 'ar@@', 'c@@', 'tic', 'ice', 'c@@', 'a@@', 'p', 'is', ',', 'in', 'a', 'sense', ',', 'the', 'be@@', 'ating', 'he@@', 'art', 'of', 'the', 'glob@@', 'al', 'cli@@', 'm@@', 'ate', 'system', '.']
2026-05-13 19:31:38,939 - DEBUG - joeynmt.training - 	Tokenized reference:  ['On', 'peut', 'voir', 'la', 'cal@@', 'ot@@', 'te', 'gl@@', 'ac@@', 'ière', 'ar@@', 'c@@', 'tique', 'comme', 'le', 'co@@', 'eur', 'du', 'système', 'cli@@', 'ma@@', 'tique', 'glob@@', 'al', '.', 'On', 'peut', 'voir', 'la', 'cal@@', 'ot@@', 'te', 'gl@@', 'ac@@', 'ière', 'ar@@', 'c@@', 'tique', 'comme', 'le', 'co@@', 'eur', 'du', 'système', 'cli@@', 'ma@@', 'tique', 'glob@@', 'al', '.']
2026-05-13 19:31:38,939 - DEBUG - joeynmt.training - 	Tokenized hypothesis: ['Le', 'c@@', 'œ@@', 'u@@', 'r', 'de', 'gl@@', 'ace', 'est', ',', 'dans', 'un', 'sens', ',', 'le', 'co@@', 'eur', 'de', 'la', 'm@@', 'ise', 'du', 'système', 'cli@@', 'm@@', 'at', 'mon@@', 'di@@', 'al', '.', '</s>']
2026-05-13 19:31:38,939 - INFO - joeynmt.training - 	Source:     The arctic ice cap is , in a sense , the beating heart of the global climate system .
2026-05-13 19:31:38,939 - INFO - joeynmt.training - 	Reference:  On peut voir la calotte glacière arctique comme le coeur du système climatique global . On peut voir la calotte glacière arctique comme le coeur du système climatique global .
2026-05-13 19:31:38,939 - INFO - joeynmt.training - 	Hypothesis: Le cœur de glace est , dans un sens , le coeur de la mise du système climat mondial .
2026-05-13 19:31:38,939 - INFO - joeynmt.training - Example #3
2026-05-13 19:31:38,939 - DEBUG - joeynmt.training - 	Tokenized source:     ['It', 'exp@@', 'ands', 'in', 'w@@', 'int@@', 'er', 'and', 'contr@@', 'ac@@', 'ts', 'in', 'su@@', 'm@@', 'mer', '.']
2026-05-13 19:31:38,939 - DEBUG - joeynmt.training - 	Tokenized reference:  ['Elle', 's&apos;', 'ét@@', 'end', 'en', 'hi@@', 'ver', 'et', 'se', 'contr@@', 'ac@@', 'te', 'en', 'été', '.']
2026-05-13 19:31:38,939 - DEBUG - joeynmt.training - 	Tokenized hypothesis: ['Il', 's&apos;', 'att@@', 'end@@', 'ent', 'en', 'hi@@', 'ver', 'et', 'contr@@', 'ac@@', 'te', 'en', 'été', '.', '</s>']
2026-05-13 19:31:38,939 - INFO - joeynmt.training - 	Source:     It expands in winter and contracts in summer .
2026-05-13 19:31:38,939 - INFO - joeynmt.training - 	Reference:  Elle s&apos; étend en hiver et se contracte en été .
2026-05-13 19:31:38,939 - INFO - joeynmt.training - 	Hypothesis: Il s&apos; attendent en hiver et contracte en été .
2026-05-13 19:31:38,939 - INFO - joeynmt.training - Example #4
2026-05-13 19:31:38,939 - DEBUG - joeynmt.training - 	Tokenized source:     ['The', 'next', 's@@', 'li@@', 'de', 'I', 'show', 'you', 'will', 'be', 'a', 'rap@@', 'id', 'fas@@', 't-@@', 'for@@', 'w@@', 'ard', 'of', 'what', '&apos;s', 'happen@@', 'ed', 'over', 'the', 'last', '2@@', '5', 'years', '.']
2026-05-13 19:31:38,939 - DEBUG - joeynmt.training - 	Tokenized reference:  ['La', 'pro@@', 'ch@@', 'aine', 'di@@', 'apos@@', 'iti@@', 've', 'que', 'je', 'vais', 'vous', 'montrer', 'est', 'une', 'v@@', 'ue', 'en', 'acc@@', 'él@@', 'ér@@', 'é', 'de', 'ce', 'qui', 's&apos;', 'est', 'passé', 'ces', '2@@', '5', 'derni@@', 'ères', 'années', '.']
2026-05-13 19:31:38,939 - DEBUG - joeynmt.training - 	Tokenized hypothesis: ['La', 'pro@@', 'ch@@', 'aine', 'di@@', 'apos@@', 'iti@@', 've', 'que', 'je', 'vous', 'mon@@', 'tre', 'que', 'vous', 'ser@@', 'ez', 'un', 'rap@@', 'port', 'rap@@', 'ide', 'de', 'ce', 'qui', 's&apos;', 'est', 'passé', 'pendant', 'les', '2@@', '5', 'derni@@', 'ères', 'années', '.', '</s>']
2026-05-13 19:31:38,939 - INFO - joeynmt.training - 	Source:     The next slide I show you will be a rapid fast-forward of what &apos;s happened over the last 25 years .
2026-05-13 19:31:38,939 - INFO - joeynmt.training - 	Reference:  La prochaine diapositive que je vais vous montrer est une vue en accéléré de ce qui s&apos; est passé ces 25 dernières années .
2026-05-13 19:31:38,939 - INFO - joeynmt.training - 	Hypothesis: La prochaine diapositive que je vous montre que vous serez un rapport rapide de ce qui s&apos; est passé pendant les 25 dernières années .
2026-05-13 19:31:49,673 - INFO - joeynmt.training - Epoch  10, Step:    41600, Batch Loss:     1.216801, Batch Acc: 0.671697, Tokens per Sec:     7389, Lr: 0.000300
2026-05-13 19:32:00,279 - INFO - joeynmt.training - Epoch  10, Step:    41700, Batch Loss:     1.112837, Batch Acc: 0.673669, Tokens per Sec:     7334, Lr: 0.000300
2026-05-13 19:32:10,880 - INFO - joeynmt.training - Epoch  10, Step:    41800, Batch Loss:     1.069114, Batch Acc: 0.672358, Tokens per Sec:     7519, Lr: 0.000300
2026-05-13 19:32:21,429 - INFO - joeynmt.training - Epoch  10, Step:    41900, Batch Loss:     1.159081, Batch Acc: 0.676890, Tokens per Sec:     7588, Lr: 0.000300
2026-05-13 19:32:32,254 - INFO - joeynmt.training - Epoch  10, Step:    42000, Batch Loss:     1.077826, Batch Acc: 0.670148, Tokens per Sec:     7510, Lr: 0.000300
2026-05-13 19:32:32,254 - WARNING - joeynmt.helpers - `alpha` option is obsolete. Please use `beam_alpha`, instead.
2026-05-13 19:32:32,254 - INFO - joeynmt.prediction - Predicting 890 example(s)... (Greedy decoding with min_output_length=1, max_output_length=-1, return_prob='none', generate_unk=True, repetition_penalty=-1, no_repeat_ngram_size=-1)
2026-05-13 19:33:14,908 - INFO - joeynmt.prediction - Evaluation result (greedy) loss:   1.39, ppl:   4.00, acc:   0.60, generation: 42.6488[sec], evaluation: 0.0000[sec]
2026-05-13 19:33:14,909 - INFO - joeynmt.training - Hooray! New best validation result [ppl]!
2026-05-13 19:33:14,958 - INFO - joeynmt.helpers - delete models/bpe_2k/39500.ckpt
2026-05-13 19:33:14,959 - INFO - joeynmt.training - Example #0
2026-05-13 19:33:14,959 - DEBUG - joeynmt.training - 	Tokenized source:     ['L@@', 'ast', 'year', 'I', 'sho@@', 'w@@', 'ed', 'these', 'two', 's@@', 'li@@', 'des', 'so', 'that', 'dem@@', 'on@@', 'str@@', 'ate', 'that', 'the', 'ar@@', 'c@@', 'tic', 'ice', 'c@@', 'a@@', 'p', ',', 'which', 'for', 'most', 'of', 'the', 'last', 'three', 'million', 'years', 'has', 'been', 'the', 'si@@', 'ze', 'of', 'the', 'lo@@', 'wer', '4@@', '8', 'st@@', 'ates', ',', 'has', 'sh@@', 'r@@', 'un@@', 'k', 'by', '4@@', '0', 'percent', '.']
2026-05-13 19:33:14,959 - DEBUG - joeynmt.training - 	Tokenized reference:  ['L&apos;', 'année', 'derni@@', 'ère', ',', 'je', 'vous', 'ai', 'présent@@', 'é', 'ces', 'deux', 'di@@', 'apos@@', 'iti@@', 'ves', 'qui', 'montr@@', 'aient', 'que', 'la', 'cal@@', 'ot@@', 'te', 'gl@@', 'ac@@', 'ière', 'ar@@', 'c@@', 'tique', ',', 'qui', 'pendant', 'ces', '3', 'derni@@', 'ers', 'millions', 'd&apos;', 'année', 'avait', 'la', 't@@', 'ail@@', 'le', 'des', 'E@@', 'tat@@', 's-@@', 'Un@@', 'is', 'sans', 'l&apos;', 'Al@@', 'as@@', 'k@@', 'a', ',', 'qui', 'pendant', 'ces', '3', 'derni@@', 'ers', 'millions', 'd&apos;', 'année', 'avait', 'la', 't@@', 'ail@@', 'le', 'des', 'E@@', 'tat@@', 's-@@', 'Un@@', 'is', 'sans', 'l&apos;', 'Al@@', 'as@@', 'k@@', 'a', ',', 'avait', 'di@@', 'minu@@', 'é', 'de', '4@@', '0', '%', '.']
2026-05-13 19:33:14,959 - DEBUG - joeynmt.training - 	Tokenized hypothesis: ['L&apos;', 'année', 'derni@@', 'ère', ',', 'j&apos;', 'ai', 'montr@@', 'é', 'ces', 'deux', 's@@', 'li@@', 'des', 'de', 't@@', 'elle', 'que', 'le', 'c@@', 'a@@', 'p', 'de', 'gl@@', 'ace', ',', 'qui', 'pendant', 'la', 'plu@@', 'part', 'des', 'trois', 'millions', 'd&apos;', 'années', 'ont', 'été', 'la', 't@@', 'ail@@', 'le', 'de', 'la', 't@@', 'ail@@', 'le', 'de', 'plus', 'bas', 'de', '4@@', '0', 'ét@@', 'at@@', 's', ',', 'a', 'ré@@', 'p@@', 'and@@', 'onn@@', 'é', 'par', '4@@', '0', '%', '.', '</s>']
2026-05-13 19:33:14,959 - INFO - joeynmt.training - 	Source:     Last year I showed these two slides so that demonstrate that the arctic ice cap , which for most of the last three million years has been the size of the lower 48 states , has shrunk by 40 percent .
2026-05-13 19:33:14,959 - INFO - joeynmt.training - 	Reference:  L&apos; année dernière , je vous ai présenté ces deux diapositives qui montraient que la calotte glacière arctique , qui pendant ces 3 derniers millions d&apos; année avait la taille des Etats-Unis sans l&apos; Alaska , qui pendant ces 3 derniers millions d&apos; année avait la taille des Etats-Unis sans l&apos; Alaska , avait diminué de 40 % .
2026-05-13 19:33:14,959 - INFO - joeynmt.training - 	Hypothesis: L&apos; année dernière , j&apos; ai montré ces deux slides de telle que le cap de glace , qui pendant la plupart des trois millions d&apos; années ont été la taille de la taille de plus bas de 40 états , a répandonné par 40 % .
2026-05-13 19:33:14,959 - INFO - joeynmt.training - Example #1
2026-05-13 19:33:14,959 - DEBUG - joeynmt.training - 	Tokenized source:     ['But', 'this', 'underst@@', 'ates', 'the', 'ser@@', 'i@@', 'ous@@', 'ness', 'of', 'this', 'partic@@', 'ul@@', 'ar', 'problem', 'because', 'it', 'doesn', '&apos;t', 'show', 'the', 'th@@', 'ick@@', 'ness', 'of', 'the', 'ice', '.']
2026-05-13 19:33:14,959 - DEBUG - joeynmt.training - 	Tokenized reference:  ['Mais', 'ceci', 'ten@@', 'd', 'à', 'a@@', 'mo@@', 'ind@@', 'rir', 'le', 'problème', 'parce', 'qu&apos;', 'on', 'ne', 'vo@@', 'it', 'pas', 'l&apos;', 'é@@', 'p@@', 'aiss@@', 'eur', 'de', 'la', 'gl@@', 'ace', '.']
2026-05-13 19:33:14,959 - DEBUG - joeynmt.training - 	Tokenized hypothesis: ['Mais', 'cette', 'com@@', 'pr@@', 'end', 'le', 'problème', 'de', 'ce', 'problème', 'particu@@', 'li@@', 'er', 'parce', 'que', 'ça', 'ne', 'montr@@', 'ent', 'pas', 'le', 'pou@@', 'let', 'de', 'la', 'gl@@', 'ace', '.', '</s>']
2026-05-13 19:33:14,959 - INFO - joeynmt.training - 	Source:     But this understates the seriousness of this particular problem because it doesn &apos;t show the thickness of the ice .
2026-05-13 19:33:14,959 - INFO - joeynmt.training - 	Reference:  Mais ceci tend à amoindrir le problème parce qu&apos; on ne voit pas l&apos; épaisseur de la glace .
2026-05-13 19:33:14,959 - INFO - joeynmt.training - 	Hypothesis: Mais cette comprend le problème de ce problème particulier parce que ça ne montrent pas le poulet de la glace .
2026-05-13 19:33:14,959 - INFO - joeynmt.training - Example #2
2026-05-13 19:33:14,959 - DEBUG - joeynmt.training - 	Tokenized source:     ['The', 'ar@@', 'c@@', 'tic', 'ice', 'c@@', 'a@@', 'p', 'is', ',', 'in', 'a', 'sense', ',', 'the', 'be@@', 'ating', 'he@@', 'art', 'of', 'the', 'glob@@', 'al', 'cli@@', 'm@@', 'ate', 'system', '.']
2026-05-13 19:33:14,959 - DEBUG - joeynmt.training - 	Tokenized reference:  ['On', 'peut', 'voir', 'la', 'cal@@', 'ot@@', 'te', 'gl@@', 'ac@@', 'ière', 'ar@@', 'c@@', 'tique', 'comme', 'le', 'co@@', 'eur', 'du', 'système', 'cli@@', 'ma@@', 'tique', 'glob@@', 'al', '.', 'On', 'peut', 'voir', 'la', 'cal@@', 'ot@@', 'te', 'gl@@', 'ac@@', 'ière', 'ar@@', 'c@@', 'tique', 'comme', 'le', 'co@@', 'eur', 'du', 'système', 'cli@@', 'ma@@', 'tique', 'glob@@', 'al', '.']
2026-05-13 19:33:14,959 - DEBUG - joeynmt.training - 	Tokenized hypothesis: ['Le', 'c@@', 'é@@', 'ré@@', 'ment', 'de', 'gl@@', 'ace', 'est', ',', 'dans', 'un', 'sens', ',', 'le', 'co@@', 'eur', ',', 'le', 'co@@', 'eur', 'b@@', 'at', 'du', 'système', 'cli@@', 'm@@', 'at', '.', '</s>']
2026-05-13 19:33:14,959 - INFO - joeynmt.training - 	Source:     The arctic ice cap is , in a sense , the beating heart of the global climate system .
2026-05-13 19:33:14,959 - INFO - joeynmt.training - 	Reference:  On peut voir la calotte glacière arctique comme le coeur du système climatique global . On peut voir la calotte glacière arctique comme le coeur du système climatique global .
2026-05-13 19:33:14,959 - INFO - joeynmt.training - 	Hypothesis: Le cérément de glace est , dans un sens , le coeur , le coeur bat du système climat .
2026-05-13 19:33:14,959 - INFO - joeynmt.training - Example #3
2026-05-13 19:33:14,959 - DEBUG - joeynmt.training - 	Tokenized source:     ['It', 'exp@@', 'ands', 'in', 'w@@', 'int@@', 'er', 'and', 'contr@@', 'ac@@', 'ts', 'in', 'su@@', 'm@@', 'mer', '.']
2026-05-13 19:33:14,959 - DEBUG - joeynmt.training - 	Tokenized reference:  ['Elle', 's&apos;', 'ét@@', 'end', 'en', 'hi@@', 'ver', 'et', 'se', 'contr@@', 'ac@@', 'te', 'en', 'été', '.']
2026-05-13 19:33:14,959 - DEBUG - joeynmt.training - 	Tokenized hypothesis: ['Il', 's&apos;', 'att@@', 'end@@', 'rait', 'en', 'hi@@', 'ver', 'et', 'contr@@', 'ac@@', 'te', 'en', 'été', '.', '</s>']
2026-05-13 19:33:14,960 - INFO - joeynmt.training - 	Source:     It expands in winter and contracts in summer .
2026-05-13 19:33:14,960 - INFO - joeynmt.training - 	Reference:  Elle s&apos; étend en hiver et se contracte en été .
2026-05-13 19:33:14,960 - INFO - joeynmt.training - 	Hypothesis: Il s&apos; attendrait en hiver et contracte en été .
2026-05-13 19:33:14,960 - INFO - joeynmt.training - Example #4
2026-05-13 19:33:14,960 - DEBUG - joeynmt.training - 	Tokenized source:     ['The', 'next', 's@@', 'li@@', 'de', 'I', 'show', 'you', 'will', 'be', 'a', 'rap@@', 'id', 'fas@@', 't-@@', 'for@@', 'w@@', 'ard', 'of', 'what', '&apos;s', 'happen@@', 'ed', 'over', 'the', 'last', '2@@', '5', 'years', '.']
2026-05-13 19:33:14,960 - DEBUG - joeynmt.training - 	Tokenized reference:  ['La', 'pro@@', 'ch@@', 'aine', 'di@@', 'apos@@', 'iti@@', 've', 'que', 'je', 'vais', 'vous', 'montrer', 'est', 'une', 'v@@', 'ue', 'en', 'acc@@', 'él@@', 'ér@@', 'é', 'de', 'ce', 'qui', 's&apos;', 'est', 'passé', 'ces', '2@@', '5', 'derni@@', 'ères', 'années', '.']
2026-05-13 19:33:14,960 - DEBUG - joeynmt.training - 	Tokenized hypothesis: ['La', 'pro@@', 'ch@@', 'aine', 's@@', 'li@@', 'de', 'que', 'je', 'vous', 'ser@@', 'ai', 'un', 'rap@@', 'ide', 'rap@@', 'ide', 'de', 'l&apos;', 'avant', 'de', '2@@', '5', 'derni@@', 'ères', 'années', '.', '</s>']
2026-05-13 19:33:14,960 - INFO - joeynmt.training - 	Source:     The next slide I show you will be a rapid fast-forward of what &apos;s happened over the last 25 years .
2026-05-13 19:33:14,960 - INFO - joeynmt.training - 	Reference:  La prochaine diapositive que je vais vous montrer est une vue en accéléré de ce qui s&apos; est passé ces 25 dernières années .
2026-05-13 19:33:14,960 - INFO - joeynmt.training - 	Hypothesis: La prochaine slide que je vous serai un rapide rapide de l&apos; avant de 25 dernières années .
2026-05-13 19:33:26,143 - INFO - joeynmt.training - Epoch  10, Step:    42100, Batch Loss:     1.184850, Batch Acc: 0.667778, Tokens per Sec:     6996, Lr: 0.000300
2026-05-13 19:33:36,912 - INFO - joeynmt.training - Epoch  10, Step:    42200, Batch Loss:     1.153525, Batch Acc: 0.664661, Tokens per Sec:     7193, Lr: 0.000300
2026-05-13 19:33:47,665 - INFO - joeynmt.training - Epoch  10, Step:    42300, Batch Loss:     0.970374, Batch Acc: 0.671132, Tokens per Sec:     7080, Lr: 0.000300
2026-05-13 19:33:58,357 - INFO - joeynmt.training - Epoch  10, Step:    42400, Batch Loss:     1.033020, Batch Acc: 0.674018, Tokens per Sec:     7125, Lr: 0.000300
2026-05-13 19:34:08,867 - INFO - joeynmt.training - Epoch  10, Step:    42500, Batch Loss:     1.099390, Batch Acc: 0.667598, Tokens per Sec:     7421, Lr: 0.000300
2026-05-13 19:34:08,867 - WARNING - joeynmt.helpers - `alpha` option is obsolete. Please use `beam_alpha`, instead.
2026-05-13 19:34:08,867 - INFO - joeynmt.prediction - Predicting 890 example(s)... (Greedy decoding with min_output_length=1, max_output_length=-1, return_prob='none', generate_unk=True, repetition_penalty=-1, no_repeat_ngram_size=-1)
2026-05-13 19:34:42,425 - INFO - joeynmt.prediction - Evaluation result (greedy) loss:   1.38, ppl:   3.99, acc:   0.60, generation: 33.5526[sec], evaluation: 0.0000[sec]
2026-05-13 19:34:42,425 - INFO - joeynmt.training - Hooray! New best validation result [ppl]!
2026-05-13 19:34:42,475 - INFO - joeynmt.helpers - delete models/bpe_2k/41000.ckpt
2026-05-13 19:34:42,476 - INFO - joeynmt.training - Example #0
2026-05-13 19:34:42,476 - DEBUG - joeynmt.training - 	Tokenized source:     ['L@@', 'ast', 'year', 'I', 'sho@@', 'w@@', 'ed', 'these', 'two', 's@@', 'li@@', 'des', 'so', 'that', 'dem@@', 'on@@', 'str@@', 'ate', 'that', 'the', 'ar@@', 'c@@', 'tic', 'ice', 'c@@', 'a@@', 'p', ',', 'which', 'for', 'most', 'of', 'the', 'last', 'three', 'million', 'years', 'has', 'been', 'the', 'si@@', 'ze', 'of', 'the', 'lo@@', 'wer', '4@@', '8', 'st@@', 'ates', ',', 'has', 'sh@@', 'r@@', 'un@@', 'k', 'by', '4@@', '0', 'percent', '.']
2026-05-13 19:34:42,476 - DEBUG - joeynmt.training - 	Tokenized reference:  ['L&apos;', 'année', 'derni@@', 'ère', ',', 'je', 'vous', 'ai', 'présent@@', 'é', 'ces', 'deux', 'di@@', 'apos@@', 'iti@@', 'ves', 'qui', 'montr@@', 'aient', 'que', 'la', 'cal@@', 'ot@@', 'te', 'gl@@', 'ac@@', 'ière', 'ar@@', 'c@@', 'tique', ',', 'qui', 'pendant', 'ces', '3', 'derni@@', 'ers', 'millions', 'd&apos;', 'année', 'avait', 'la', 't@@', 'ail@@', 'le', 'des', 'E@@', 'tat@@', 's-@@', 'Un@@', 'is', 'sans', 'l&apos;', 'Al@@', 'as@@', 'k@@', 'a', ',', 'qui', 'pendant', 'ces', '3', 'derni@@', 'ers', 'millions', 'd&apos;', 'année', 'avait', 'la', 't@@', 'ail@@', 'le', 'des', 'E@@', 'tat@@', 's-@@', 'Un@@', 'is', 'sans', 'l&apos;', 'Al@@', 'as@@', 'k@@', 'a', ',', 'avait', 'di@@', 'minu@@', 'é', 'de', '4@@', '0', '%', '.']
2026-05-13 19:34:42,476 - DEBUG - joeynmt.training - 	Tokenized hypothesis: ['L&apos;', 'année', 'derni@@', 'ère', ',', 'j&apos;', 'ai', 'montr@@', 'é', 'ces', 'deux', 'di@@', 'a@@', 'po@@', 's', 'de', 'dé@@', 'mon@@', 'str@@', 'ation', 'que', 'le', 'c@@', 'a@@', 'p', 'de', 'gl@@', 'ace', ',', 'qui', 'pendant', 'la', 'plu@@', 'part', 'des', 'trois', 'millions', 'de', 'la', 't@@', 'ail@@', 'le', 'de', 'plus', 'bas', 'de', '4@@', '0', 'ét@@', 'at@@', 's', ',', 'a', 'part@@', 'i', 'par', '4@@', '0', '%', '.', '</s>']
2026-05-13 19:34:42,476 - INFO - joeynmt.training - 	Source:     Last year I showed these two slides so that demonstrate that the arctic ice cap , which for most of the last three million years has been the size of the lower 48 states , has shrunk by 40 percent .
2026-05-13 19:34:42,476 - INFO - joeynmt.training - 	Reference:  L&apos; année dernière , je vous ai présenté ces deux diapositives qui montraient que la calotte glacière arctique , qui pendant ces 3 derniers millions d&apos; année avait la taille des Etats-Unis sans l&apos; Alaska , qui pendant ces 3 derniers millions d&apos; année avait la taille des Etats-Unis sans l&apos; Alaska , avait diminué de 40 % .
2026-05-13 19:34:42,476 - INFO - joeynmt.training - 	Hypothesis: L&apos; année dernière , j&apos; ai montré ces deux diapos de démonstration que le cap de glace , qui pendant la plupart des trois millions de la taille de plus bas de 40 états , a parti par 40 % .
2026-05-13 19:34:42,476 - INFO - joeynmt.training - Example #1
2026-05-13 19:34:42,476 - DEBUG - joeynmt.training - 	Tokenized source:     ['But', 'this', 'underst@@', 'ates', 'the', 'ser@@', 'i@@', 'ous@@', 'ness', 'of', 'this', 'partic@@', 'ul@@', 'ar', 'problem', 'because', 'it', 'doesn', '&apos;t', 'show', 'the', 'th@@', 'ick@@', 'ness', 'of', 'the', 'ice', '.']
2026-05-13 19:34:42,476 - DEBUG - joeynmt.training - 	Tokenized reference:  ['Mais', 'ceci', 'ten@@', 'd', 'à', 'a@@', 'mo@@', 'ind@@', 'rir', 'le', 'problème', 'parce', 'qu&apos;', 'on', 'ne', 'vo@@', 'it', 'pas', 'l&apos;', 'é@@', 'p@@', 'aiss@@', 'eur', 'de', 'la', 'gl@@', 'ace', '.']
2026-05-13 19:34:42,476 - DEBUG - joeynmt.training - 	Tokenized hypothesis: ['Mais', 'cela', 'com@@', 'pr@@', 'end', 'la', 's@@', 'éri@@', 'eu@@', 'se', 'du', 'problème', 'particu@@', 'li@@', 'er', 'parce', 'que', 'ça', 'ne', 'mon@@', 'te', 'pas', 'le', 'pou@@', 'voir', 'de', 'la', 'gl@@', 'ace', '.', '</s>']
2026-05-13 19:34:42,476 - INFO - joeynmt.training - 	Source:     But this understates the seriousness of this particular problem because it doesn &apos;t show the thickness of the ice .
2026-05-13 19:34:42,476 - INFO - joeynmt.training - 	Reference:  Mais ceci tend à amoindrir le problème parce qu&apos; on ne voit pas l&apos; épaisseur de la glace .
2026-05-13 19:34:42,476 - INFO - joeynmt.training - 	Hypothesis: Mais cela comprend la sérieuse du problème particulier parce que ça ne monte pas le pouvoir de la glace .
2026-05-13 19:34:42,476 - INFO - joeynmt.training - Example #2
2026-05-13 19:34:42,476 - DEBUG - joeynmt.training - 	Tokenized source:     ['The', 'ar@@', 'c@@', 'tic', 'ice', 'c@@', 'a@@', 'p', 'is', ',', 'in', 'a', 'sense', ',', 'the', 'be@@', 'ating', 'he@@', 'art', 'of', 'the', 'glob@@', 'al', 'cli@@', 'm@@', 'ate', 'system', '.']
2026-05-13 19:34:42,476 - DEBUG - joeynmt.training - 	Tokenized reference:  ['On', 'peut', 'voir', 'la', 'cal@@', 'ot@@', 'te', 'gl@@', 'ac@@', 'ière', 'ar@@', 'c@@', 'tique', 'comme', 'le', 'co@@', 'eur', 'du', 'système', 'cli@@', 'ma@@', 'tique', 'glob@@', 'al', '.', 'On', 'peut', 'voir', 'la', 'cal@@', 'ot@@', 'te', 'gl@@', 'ac@@', 'ière', 'ar@@', 'c@@', 'tique', 'comme', 'le', 'co@@', 'eur', 'du', 'système', 'cli@@', 'ma@@', 'tique', 'glob@@', 'al', '.']
2026-05-13 19:34:42,476 - DEBUG - joeynmt.training - 	Tokenized hypothesis: ['Le', 'c@@', 'œ@@', 'u@@', 'r', 'de', 'gl@@', 'ace', 'ar@@', 'c@@', 'tique', 'est', ',', 'dans', 'un', 'sens', ',', 'le', 'c@@', 'œ@@', 'u@@', 'r', 'du', 'système', 'du', 'cli@@', 'm@@', 'at', 'mon@@', 'di@@', 'al', '.', '</s>']
2026-05-13 19:34:42,476 - INFO - joeynmt.training - 	Source:     The arctic ice cap is , in a sense , the beating heart of the global climate system .
2026-05-13 19:34:42,476 - INFO - joeynmt.training - 	Reference:  On peut voir la calotte glacière arctique comme le coeur du système climatique global . On peut voir la calotte glacière arctique comme le coeur du système climatique global .
2026-05-13 19:34:42,476 - INFO - joeynmt.training - 	Hypothesis: Le cœur de glace arctique est , dans un sens , le cœur du système du climat mondial .
2026-05-13 19:34:42,476 - INFO - joeynmt.training - Example #3
2026-05-13 19:34:42,477 - DEBUG - joeynmt.training - 	Tokenized source:     ['It', 'exp@@', 'ands', 'in', 'w@@', 'int@@', 'er', 'and', 'contr@@', 'ac@@', 'ts', 'in', 'su@@', 'm@@', 'mer', '.']
2026-05-13 19:34:42,477 - DEBUG - joeynmt.training - 	Tokenized reference:  ['Elle', 's&apos;', 'ét@@', 'end', 'en', 'hi@@', 'ver', 'et', 'se', 'contr@@', 'ac@@', 'te', 'en', 'été', '.']
2026-05-13 19:34:42,477 - DEBUG - joeynmt.training - 	Tokenized hypothesis: ['Il', 's&apos;', 'att@@', 'end@@', 'ent', 'à', 'l&apos;', 'hi@@', 'ver', 'et', 'contr@@', 'ac@@', 'ts', 'en', 'été', '.', '</s>']
2026-05-13 19:34:42,477 - INFO - joeynmt.training - 	Source:     It expands in winter and contracts in summer .
2026-05-13 19:34:42,477 - INFO - joeynmt.training - 	Reference:  Elle s&apos; étend en hiver et se contracte en été .
2026-05-13 19:34:42,477 - INFO - joeynmt.training - 	Hypothesis: Il s&apos; attendent à l&apos; hiver et contracts en été .
2026-05-13 19:34:42,477 - INFO - joeynmt.training - Example #4
2026-05-13 19:34:42,477 - DEBUG - joeynmt.training - 	Tokenized source:     ['The', 'next', 's@@', 'li@@', 'de', 'I', 'show', 'you', 'will', 'be', 'a', 'rap@@', 'id', 'fas@@', 't-@@', 'for@@', 'w@@', 'ard', 'of', 'what', '&apos;s', 'happen@@', 'ed', 'over', 'the', 'last', '2@@', '5', 'years', '.']
2026-05-13 19:34:42,477 - DEBUG - joeynmt.training - 	Tokenized reference:  ['La', 'pro@@', 'ch@@', 'aine', 'di@@', 'apos@@', 'iti@@', 've', 'que', 'je', 'vais', 'vous', 'montrer', 'est', 'une', 'v@@', 'ue', 'en', 'acc@@', 'él@@', 'ér@@', 'é', 'de', 'ce', 'qui', 's&apos;', 'est', 'passé', 'ces', '2@@', '5', 'derni@@', 'ères', 'années', '.']
2026-05-13 19:34:42,477 - DEBUG - joeynmt.training - 	Tokenized hypothesis: ['La', 'pro@@', 'ch@@', 'aine', 'di@@', 'apos@@', 'iti@@', 've', 'que', 'je', 'vous', 'mon@@', 'tre', 'rap@@', 'ide', 'rap@@', 'ide', 'de', 'ce', 'qui', 'est', 'arriv@@', 'é', 'au', 'cours', 'des', '2@@', '5', 'derni@@', 'ères', 'années', '.', '</s>']
2026-05-13 19:34:42,477 - INFO - joeynmt.training - 	Source:     The next slide I show you will be a rapid fast-forward of what &apos;s happened over the last 25 years .
2026-05-13 19:34:42,477 - INFO - joeynmt.training - 	Reference:  La prochaine diapositive que je vais vous montrer est une vue en accéléré de ce qui s&apos; est passé ces 25 dernières années .
2026-05-13 19:34:42,477 - INFO - joeynmt.training - 	Hypothesis: La prochaine diapositive que je vous montre rapide rapide de ce qui est arrivé au cours des 25 dernières années .
2026-05-13 19:34:53,274 - INFO - joeynmt.training - Epoch  10, Step:    42600, Batch Loss:     1.301930, Batch Acc: 0.668112, Tokens per Sec:     7250, Lr: 0.000300
2026-05-13 19:35:03,805 - INFO - joeynmt.training - Epoch  10, Step:    42700, Batch Loss:     1.105369, Batch Acc: 0.670085, Tokens per Sec:     7583, Lr: 0.000300
2026-05-13 19:35:14,443 - INFO - joeynmt.training - Epoch  10, Step:    42800, Batch Loss:     1.076941, Batch Acc: 0.674721, Tokens per Sec:     7442, Lr: 0.000300
2026-05-13 19:35:25,554 - INFO - joeynmt.training - Epoch  10, Step:    42900, Batch Loss:     1.119728, Batch Acc: 0.673263, Tokens per Sec:     7250, Lr: 0.000300
2026-05-13 19:35:36,296 - INFO - joeynmt.training - Epoch  10, Step:    43000, Batch Loss:     1.148648, Batch Acc: 0.667932, Tokens per Sec:     7308, Lr: 0.000300
2026-05-13 19:35:36,296 - WARNING - joeynmt.helpers - `alpha` option is obsolete. Please use `beam_alpha`, instead.
2026-05-13 19:35:36,296 - INFO - joeynmt.prediction - Predicting 890 example(s)... (Greedy decoding with min_output_length=1, max_output_length=-1, return_prob='none', generate_unk=True, repetition_penalty=-1, no_repeat_ngram_size=-1)
2026-05-13 19:36:13,470 - INFO - joeynmt.prediction - Evaluation result (greedy) loss:   1.38, ppl:   3.99, acc:   0.60, generation: 37.1683[sec], evaluation: 0.0000[sec]
2026-05-13 19:36:13,519 - INFO - joeynmt.helpers - delete models/bpe_2k/37500.ckpt
2026-05-13 19:36:13,526 - INFO - joeynmt.training - Example #0
2026-05-13 19:36:13,526 - DEBUG - joeynmt.training - 	Tokenized source:     ['L@@', 'ast', 'year', 'I', 'sho@@', 'w@@', 'ed', 'these', 'two', 's@@', 'li@@', 'des', 'so', 'that', 'dem@@', 'on@@', 'str@@', 'ate', 'that', 'the', 'ar@@', 'c@@', 'tic', 'ice', 'c@@', 'a@@', 'p', ',', 'which', 'for', 'most', 'of', 'the', 'last', 'three', 'million', 'years', 'has', 'been', 'the', 'si@@', 'ze', 'of', 'the', 'lo@@', 'wer', '4@@', '8', 'st@@', 'ates', ',', 'has', 'sh@@', 'r@@', 'un@@', 'k', 'by', '4@@', '0', 'percent', '.']
2026-05-13 19:36:13,526 - DEBUG - joeynmt.training - 	Tokenized reference:  ['L&apos;', 'année', 'derni@@', 'ère', ',', 'je', 'vous', 'ai', 'présent@@', 'é', 'ces', 'deux', 'di@@', 'apos@@', 'iti@@', 'ves', 'qui', 'montr@@', 'aient', 'que', 'la', 'cal@@', 'ot@@', 'te', 'gl@@', 'ac@@', 'ière', 'ar@@', 'c@@', 'tique', ',', 'qui', 'pendant', 'ces', '3', 'derni@@', 'ers', 'millions', 'd&apos;', 'année', 'avait', 'la', 't@@', 'ail@@', 'le', 'des', 'E@@', 'tat@@', 's-@@', 'Un@@', 'is', 'sans', 'l&apos;', 'Al@@', 'as@@', 'k@@', 'a', ',', 'qui', 'pendant', 'ces', '3', 'derni@@', 'ers', 'millions', 'd&apos;', 'année', 'avait', 'la', 't@@', 'ail@@', 'le', 'des', 'E@@', 'tat@@', 's-@@', 'Un@@', 'is', 'sans', 'l&apos;', 'Al@@', 'as@@', 'k@@', 'a', ',', 'avait', 'di@@', 'minu@@', 'é', 'de', '4@@', '0', '%', '.']
2026-05-13 19:36:13,526 - DEBUG - joeynmt.training - 	Tokenized hypothesis: ['L&apos;', 'année', 'derni@@', 'ère', ',', 'j&apos;', 'ai', 'montr@@', 'é', 'ces', 'deux', 'di@@', 'a@@', 'po@@', 's', 'de', 'dé@@', 'mon@@', 'str@@', 'at', 'que', 'la', 'gl@@', 'ace', 'ar@@', 'c@@', 'tique', ',', 'pour', 'la', 'plu@@', 'part', 'des', 'derni@@', 'ères', 'millions', 'd&apos;', 'années', 'a', 'été', 'la', 't@@', 'ail@@', 'le', 'des', '4@@', '8', 'ét@@', 'at@@', 's', ',', 'a', 'part@@', 'ag@@', 'é', 'de', 'cour@@', 'ant', 'de', '4@@', '0', '%', '.', '</s>']
2026-05-13 19:36:13,526 - INFO - joeynmt.training - 	Source:     Last year I showed these two slides so that demonstrate that the arctic ice cap , which for most of the last three million years has been the size of the lower 48 states , has shrunk by 40 percent .
2026-05-13 19:36:13,526 - INFO - joeynmt.training - 	Reference:  L&apos; année dernière , je vous ai présenté ces deux diapositives qui montraient que la calotte glacière arctique , qui pendant ces 3 derniers millions d&apos; année avait la taille des Etats-Unis sans l&apos; Alaska , qui pendant ces 3 derniers millions d&apos; année avait la taille des Etats-Unis sans l&apos; Alaska , avait diminué de 40 % .
2026-05-13 19:36:13,526 - INFO - joeynmt.training - 	Hypothesis: L&apos; année dernière , j&apos; ai montré ces deux diapos de démonstrat que la glace arctique , pour la plupart des dernières millions d&apos; années a été la taille des 48 états , a partagé de courant de 40 % .
2026-05-13 19:36:13,526 - INFO - joeynmt.training - Example #1
2026-05-13 19:36:13,527 - DEBUG - joeynmt.training - 	Tokenized source:     ['But', 'this', 'underst@@', 'ates', 'the', 'ser@@', 'i@@', 'ous@@', 'ness', 'of', 'this', 'partic@@', 'ul@@', 'ar', 'problem', 'because', 'it', 'doesn', '&apos;t', 'show', 'the', 'th@@', 'ick@@', 'ness', 'of', 'the', 'ice', '.']
2026-05-13 19:36:13,527 - DEBUG - joeynmt.training - 	Tokenized reference:  ['Mais', 'ceci', 'ten@@', 'd', 'à', 'a@@', 'mo@@', 'ind@@', 'rir', 'le', 'problème', 'parce', 'qu&apos;', 'on', 'ne', 'vo@@', 'it', 'pas', 'l&apos;', 'é@@', 'p@@', 'aiss@@', 'eur', 'de', 'la', 'gl@@', 'ace', '.']
2026-05-13 19:36:13,527 - DEBUG - joeynmt.training - 	Tokenized hypothesis: ['Mais', 'cette', 'com@@', 'pr@@', 'end', 'la', 's@@', 'éri@@', 'eu@@', 's@@', 'ité', 'de', 'ce', 'problème', 'parce', 'qu&apos;', 'il', 'ne', 'mon@@', 'te', 'pas', 'la', 'gl@@', 'ace', '.', '</s>']
2026-05-13 19:36:13,527 - INFO - joeynmt.training - 	Source:     But this understates the seriousness of this particular problem because it doesn &apos;t show the thickness of the ice .
2026-05-13 19:36:13,527 - INFO - joeynmt.training - 	Reference:  Mais ceci tend à amoindrir le problème parce qu&apos; on ne voit pas l&apos; épaisseur de la glace .
2026-05-13 19:36:13,527 - INFO - joeynmt.training - 	Hypothesis: Mais cette comprend la sérieusité de ce problème parce qu&apos; il ne monte pas la glace .
2026-05-13 19:36:13,527 - INFO - joeynmt.training - Example #2
2026-05-13 19:36:13,527 - DEBUG - joeynmt.training - 	Tokenized source:     ['The', 'ar@@', 'c@@', 'tic', 'ice', 'c@@', 'a@@', 'p', 'is', ',', 'in', 'a', 'sense', ',', 'the', 'be@@', 'ating', 'he@@', 'art', 'of', 'the', 'glob@@', 'al', 'cli@@', 'm@@', 'ate', 'system', '.']
2026-05-13 19:36:13,527 - DEBUG - joeynmt.training - 	Tokenized reference:  ['On', 'peut', 'voir', 'la', 'cal@@', 'ot@@', 'te', 'gl@@', 'ac@@', 'ière', 'ar@@', 'c@@', 'tique', 'comme', 'le', 'co@@', 'eur', 'du', 'système', 'cli@@', 'ma@@', 'tique', 'glob@@', 'al', '.', 'On', 'peut', 'voir', 'la', 'cal@@', 'ot@@', 'te', 'gl@@', 'ac@@', 'ière', 'ar@@', 'c@@', 'tique', 'comme', 'le', 'co@@', 'eur', 'du', 'système', 'cli@@', 'ma@@', 'tique', 'glob@@', 'al', '.']
2026-05-13 19:36:13,527 - DEBUG - joeynmt.training - 	Tokenized hypothesis: ['Le', 'c@@', 'a@@', 'p', 'de', 'gl@@', 'ace', 'est', ',', 'dans', 'un', 'sens', ',', 'le', 'b@@', 'at', 'du', 'c@@', 'œ@@', 'u@@', 'r', 'du', 'système', 'cli@@', 'm@@', 'at', 'mon@@', 'di@@', 'al', '.', '</s>']
2026-05-13 19:36:13,527 - INFO - joeynmt.training - 	Source:     The arctic ice cap is , in a sense , the beating heart of the global climate system .
2026-05-13 19:36:13,527 - INFO - joeynmt.training - 	Reference:  On peut voir la calotte glacière arctique comme le coeur du système climatique global . On peut voir la calotte glacière arctique comme le coeur du système climatique global .
2026-05-13 19:36:13,527 - INFO - joeynmt.training - 	Hypothesis: Le cap de glace est , dans un sens , le bat du cœur du système climat mondial .
2026-05-13 19:36:13,527 - INFO - joeynmt.training - Example #3
2026-05-13 19:36:13,527 - DEBUG - joeynmt.training - 	Tokenized source:     ['It', 'exp@@', 'ands', 'in', 'w@@', 'int@@', 'er', 'and', 'contr@@', 'ac@@', 'ts', 'in', 'su@@', 'm@@', 'mer', '.']
2026-05-13 19:36:13,527 - DEBUG - joeynmt.training - 	Tokenized reference:  ['Elle', 's&apos;', 'ét@@', 'end', 'en', 'hi@@', 'ver', 'et', 'se', 'contr@@', 'ac@@', 'te', 'en', 'été', '.']
2026-05-13 19:36:13,527 - DEBUG - joeynmt.training - 	Tokenized hypothesis: ['Il', 's&apos;', 'ét@@', 'end', 'en', 'hi@@', 'ver', 'et', 'contr@@', 'at@@', 're', 'en', 'été', '.', '</s>']
2026-05-13 19:36:13,527 - INFO - joeynmt.training - 	Source:     It expands in winter and contracts in summer .
2026-05-13 19:36:13,527 - INFO - joeynmt.training - 	Reference:  Elle s&apos; étend en hiver et se contracte en été .
2026-05-13 19:36:13,527 - INFO - joeynmt.training - 	Hypothesis: Il s&apos; étend en hiver et contratre en été .
2026-05-13 19:36:13,527 - INFO - joeynmt.training - Example #4
2026-05-13 19:36:13,527 - DEBUG - joeynmt.training - 	Tokenized source:     ['The', 'next', 's@@', 'li@@', 'de', 'I', 'show', 'you', 'will', 'be', 'a', 'rap@@', 'id', 'fas@@', 't-@@', 'for@@', 'w@@', 'ard', 'of', 'what', '&apos;s', 'happen@@', 'ed', 'over', 'the', 'last', '2@@', '5', 'years', '.']
2026-05-13 19:36:13,527 - DEBUG - joeynmt.training - 	Tokenized reference:  ['La', 'pro@@', 'ch@@', 'aine', 'di@@', 'apos@@', 'iti@@', 've', 'que', 'je', 'vais', 'vous', 'montrer', 'est', 'une', 'v@@', 'ue', 'en', 'acc@@', 'él@@', 'ér@@', 'é', 'de', 'ce', 'qui', 's&apos;', 'est', 'passé', 'ces', '2@@', '5', 'derni@@', 'ères', 'années', '.']
2026-05-13 19:36:13,527 - DEBUG - joeynmt.training - 	Tokenized hypothesis: ['La', 'di@@', 'ap@@', 'o', 'suiv@@', 'ante', 'que', 'je', 'vous', 'mon@@', 'tre', 'que', 'vous', 'ser@@', 'ez', 'un', 'rap@@', 'ide', 'rap@@', 'ide', 'de', 'ce', 'qui', 's&apos;', 'est', 'passé', 'pendant', 'les', '2@@', '5', 'derni@@', 'ères', 'années', '.', '</s>']
2026-05-13 19:36:13,527 - INFO - joeynmt.training - 	Source:     The next slide I show you will be a rapid fast-forward of what &apos;s happened over the last 25 years .
2026-05-13 19:36:13,527 - INFO - joeynmt.training - 	Reference:  La prochaine diapositive que je vais vous montrer est une vue en accéléré de ce qui s&apos; est passé ces 25 dernières années .
2026-05-13 19:36:13,527 - INFO - joeynmt.training - 	Hypothesis: La diapo suivante que je vous montre que vous serez un rapide rapide de ce qui s&apos; est passé pendant les 25 dernières années .
2026-05-13 19:36:24,262 - INFO - joeynmt.training - Epoch  10, Step:    43100, Batch Loss:     1.040282, Batch Acc: 0.662271, Tokens per Sec:     7160, Lr: 0.000300
2026-05-13 19:36:34,901 - INFO - joeynmt.training - Epoch  10, Step:    43200, Batch Loss:     1.224214, Batch Acc: 0.669234, Tokens per Sec:     7347, Lr: 0.000300
2026-05-13 19:36:45,454 - INFO - joeynmt.training - Epoch  10, Step:    43300, Batch Loss:     1.102929, Batch Acc: 0.671457, Tokens per Sec:     7623, Lr: 0.000300
2026-05-13 19:36:56,044 - INFO - joeynmt.training - Epoch  10, Step:    43400, Batch Loss:     1.084136, Batch Acc: 0.672769, Tokens per Sec:     7474, Lr: 0.000300
2026-05-13 19:37:06,630 - INFO - joeynmt.training - Epoch  10, Step:    43500, Batch Loss:     1.104577, Batch Acc: 0.673840, Tokens per Sec:     7204, Lr: 0.000300
2026-05-13 19:37:06,630 - WARNING - joeynmt.helpers - `alpha` option is obsolete. Please use `beam_alpha`, instead.
2026-05-13 19:37:06,630 - INFO - joeynmt.prediction - Predicting 890 example(s)... (Greedy decoding with min_output_length=1, max_output_length=-1, return_prob='none', generate_unk=True, repetition_penalty=-1, no_repeat_ngram_size=-1)
2026-05-13 19:37:43,958 - INFO - joeynmt.prediction - Evaluation result (greedy) loss:   1.39, ppl:   4.01, acc:   0.60, generation: 37.3230[sec], evaluation: 0.0000[sec]
2026-05-13 19:37:44,011 - INFO - joeynmt.helpers - delete models/bpe_2k/39000.ckpt
2026-05-13 19:37:44,018 - INFO - joeynmt.training - Example #0
2026-05-13 19:37:44,019 - DEBUG - joeynmt.training - 	Tokenized source:     ['L@@', 'ast', 'year', 'I', 'sho@@', 'w@@', 'ed', 'these', 'two', 's@@', 'li@@', 'des', 'so', 'that', 'dem@@', 'on@@', 'str@@', 'ate', 'that', 'the', 'ar@@', 'c@@', 'tic', 'ice', 'c@@', 'a@@', 'p', ',', 'which', 'for', 'most', 'of', 'the', 'last', 'three', 'million', 'years', 'has', 'been', 'the', 'si@@', 'ze', 'of', 'the', 'lo@@', 'wer', '4@@', '8', 'st@@', 'ates', ',', 'has', 'sh@@', 'r@@', 'un@@', 'k', 'by', '4@@', '0', 'percent', '.']
2026-05-13 19:37:44,019 - DEBUG - joeynmt.training - 	Tokenized reference:  ['L&apos;', 'année', 'derni@@', 'ère', ',', 'je', 'vous', 'ai', 'présent@@', 'é', 'ces', 'deux', 'di@@', 'apos@@', 'iti@@', 'ves', 'qui', 'montr@@', 'aient', 'que', 'la', 'cal@@', 'ot@@', 'te', 'gl@@', 'ac@@', 'ière', 'ar@@', 'c@@', 'tique', ',', 'qui', 'pendant', 'ces', '3', 'derni@@', 'ers', 'millions', 'd&apos;', 'année', 'avait', 'la', 't@@', 'ail@@', 'le', 'des', 'E@@', 'tat@@', 's-@@', 'Un@@', 'is', 'sans', 'l&apos;', 'Al@@', 'as@@', 'k@@', 'a', ',', 'qui', 'pendant', 'ces', '3', 'derni@@', 'ers', 'millions', 'd&apos;', 'année', 'avait', 'la', 't@@', 'ail@@', 'le', 'des', 'E@@', 'tat@@', 's-@@', 'Un@@', 'is', 'sans', 'l&apos;', 'Al@@', 'as@@', 'k@@', 'a', ',', 'avait', 'di@@', 'minu@@', 'é', 'de', '4@@', '0', '%', '.']
2026-05-13 19:37:44,019 - DEBUG - joeynmt.training - 	Tokenized hypothesis: ['L&apos;', 'année', 'derni@@', 'ère', ',', 'j&apos;', 'ai', 'montr@@', 'é', 'ces', 'deux', 'di@@', 'a@@', 'po@@', 's', 'de', 'dé@@', 'mon@@', 'str@@', 'ation', 'que', 'la', 'gl@@', 'ace', 'ar@@', 'c@@', 'tique', ',', 'qui', 'depuis', 'la', 'plu@@', 'part', 'des', 'trois', 'millions', 'd&apos;', 'années', 'ont', 'été', 'la', 't@@', 'ail@@', 'le', 'de', 'plus', 'bas', 'de', '4@@', '8', 'ét@@', 'at@@', 's', ',', 'a', 'ré@@', 'p@@', 'and@@', 'is', 'par', '4@@', '0', 'pour', 'cent', '.', '</s>']
2026-05-13 19:37:44,019 - INFO - joeynmt.training - 	Source:     Last year I showed these two slides so that demonstrate that the arctic ice cap , which for most of the last three million years has been the size of the lower 48 states , has shrunk by 40 percent .
2026-05-13 19:37:44,019 - INFO - joeynmt.training - 	Reference:  L&apos; année dernière , je vous ai présenté ces deux diapositives qui montraient que la calotte glacière arctique , qui pendant ces 3 derniers millions d&apos; année avait la taille des Etats-Unis sans l&apos; Alaska , qui pendant ces 3 derniers millions d&apos; année avait la taille des Etats-Unis sans l&apos; Alaska , avait diminué de 40 % .
2026-05-13 19:37:44,019 - INFO - joeynmt.training - 	Hypothesis: L&apos; année dernière , j&apos; ai montré ces deux diapos de démonstration que la glace arctique , qui depuis la plupart des trois millions d&apos; années ont été la taille de plus bas de 48 états , a répandis par 40 pour cent .
2026-05-13 19:37:44,019 - INFO - joeynmt.training - Example #1
2026-05-13 19:37:44,019 - DEBUG - joeynmt.training - 	Tokenized source:     ['But', 'this', 'underst@@', 'ates', 'the', 'ser@@', 'i@@', 'ous@@', 'ness', 'of', 'this', 'partic@@', 'ul@@', 'ar', 'problem', 'because', 'it', 'doesn', '&apos;t', 'show', 'the', 'th@@', 'ick@@', 'ness', 'of', 'the', 'ice', '.']
2026-05-13 19:37:44,019 - DEBUG - joeynmt.training - 	Tokenized reference:  ['Mais', 'ceci', 'ten@@', 'd', 'à', 'a@@', 'mo@@', 'ind@@', 'rir', 'le', 'problème', 'parce', 'qu&apos;', 'on', 'ne', 'vo@@', 'it', 'pas', 'l&apos;', 'é@@', 'p@@', 'aiss@@', 'eur', 'de', 'la', 'gl@@', 'ace', '.']
2026-05-13 19:37:44,019 - DEBUG - joeynmt.training - 	Tokenized hypothesis: ['Mais', 'cette', 'com@@', 'pr@@', 'end', 'le', 'problème', 'particu@@', 'li@@', 'er', 'parce', 'qu&apos;', 'il', 'ne', 'mon@@', 'te', 'pas', 'le', 'p@@', 'aiss@@', 'ance', 'de', 'la', 'gl@@', 'ace', '.', '</s>']
2026-05-13 19:37:44,019 - INFO - joeynmt.training - 	Source:     But this understates the seriousness of this particular problem because it doesn &apos;t show the thickness of the ice .
2026-05-13 19:37:44,019 - INFO - joeynmt.training - 	Reference:  Mais ceci tend à amoindrir le problème parce qu&apos; on ne voit pas l&apos; épaisseur de la glace .
2026-05-13 19:37:44,019 - INFO - joeynmt.training - 	Hypothesis: Mais cette comprend le problème particulier parce qu&apos; il ne monte pas le paissance de la glace .
2026-05-13 19:37:44,019 - INFO - joeynmt.training - Example #2
2026-05-13 19:37:44,019 - DEBUG - joeynmt.training - 	Tokenized source:     ['The', 'ar@@', 'c@@', 'tic', 'ice', 'c@@', 'a@@', 'p', 'is', ',', 'in', 'a', 'sense', ',', 'the', 'be@@', 'ating', 'he@@', 'art', 'of', 'the', 'glob@@', 'al', 'cli@@', 'm@@', 'ate', 'system', '.']
2026-05-13 19:37:44,019 - DEBUG - joeynmt.training - 	Tokenized reference:  ['On', 'peut', 'voir', 'la', 'cal@@', 'ot@@', 'te', 'gl@@', 'ac@@', 'ière', 'ar@@', 'c@@', 'tique', 'comme', 'le', 'co@@', 'eur', 'du', 'système', 'cli@@', 'ma@@', 'tique', 'glob@@', 'al', '.', 'On', 'peut', 'voir', 'la', 'cal@@', 'ot@@', 'te', 'gl@@', 'ac@@', 'ière', 'ar@@', 'c@@', 'tique', 'comme', 'le', 'co@@', 'eur', 'du', 'système', 'cli@@', 'ma@@', 'tique', 'glob@@', 'al', '.']
2026-05-13 19:37:44,019 - DEBUG - joeynmt.training - 	Tokenized hypothesis: ['Le', 'ch@@', 'ap@@', 'eau', 'est', ',', 'dans', 'un', 'sens', ',', 'le', 'co@@', 'eur', ',', 'le', 'c@@', 'œ@@', 'u@@', 'r', 'de', 'la', 'b@@', 'ête', 'mon@@', 'di@@', 'al', '.', '</s>']
2026-05-13 19:37:44,019 - INFO - joeynmt.training - 	Source:     The arctic ice cap is , in a sense , the beating heart of the global climate system .
2026-05-13 19:37:44,019 - INFO - joeynmt.training - 	Reference:  On peut voir la calotte glacière arctique comme le coeur du système climatique global . On peut voir la calotte glacière arctique comme le coeur du système climatique global .
2026-05-13 19:37:44,019 - INFO - joeynmt.training - 	Hypothesis: Le chapeau est , dans un sens , le coeur , le cœur de la bête mondial .
2026-05-13 19:37:44,019 - INFO - joeynmt.training - Example #3
2026-05-13 19:37:44,019 - DEBUG - joeynmt.training - 	Tokenized source:     ['It', 'exp@@', 'ands', 'in', 'w@@', 'int@@', 'er', 'and', 'contr@@', 'ac@@', 'ts', 'in', 'su@@', 'm@@', 'mer', '.']
2026-05-13 19:37:44,019 - DEBUG - joeynmt.training - 	Tokenized reference:  ['Elle', 's&apos;', 'ét@@', 'end', 'en', 'hi@@', 'ver', 'et', 'se', 'contr@@', 'ac@@', 'te', 'en', 'été', '.']
2026-05-13 19:37:44,019 - DEBUG - joeynmt.training - 	Tokenized hypothesis: ['Il', 's&apos;', 'ét@@', 'end@@', 'r@@', 'a', 'et', 'les', 'contr@@', 'at@@', 's', 'en', 'été', '.', '</s>']
2026-05-13 19:37:44,019 - INFO - joeynmt.training - 	Source:     It expands in winter and contracts in summer .
2026-05-13 19:37:44,019 - INFO - joeynmt.training - 	Reference:  Elle s&apos; étend en hiver et se contracte en été .
2026-05-13 19:37:44,019 - INFO - joeynmt.training - 	Hypothesis: Il s&apos; étendra et les contrats en été .
2026-05-13 19:37:44,019 - INFO - joeynmt.training - Example #4
2026-05-13 19:37:44,019 - DEBUG - joeynmt.training - 	Tokenized source:     ['The', 'next', 's@@', 'li@@', 'de', 'I', 'show', 'you', 'will', 'be', 'a', 'rap@@', 'id', 'fas@@', 't-@@', 'for@@', 'w@@', 'ard', 'of', 'what', '&apos;s', 'happen@@', 'ed', 'over', 'the', 'last', '2@@', '5', 'years', '.']
2026-05-13 19:37:44,019 - DEBUG - joeynmt.training - 	Tokenized reference:  ['La', 'pro@@', 'ch@@', 'aine', 'di@@', 'apos@@', 'iti@@', 've', 'que', 'je', 'vais', 'vous', 'montrer', 'est', 'une', 'v@@', 'ue', 'en', 'acc@@', 'él@@', 'ér@@', 'é', 'de', 'ce', 'qui', 's&apos;', 'est', 'passé', 'ces', '2@@', '5', 'derni@@', 'ères', 'années', '.']
2026-05-13 19:37:44,019 - DEBUG - joeynmt.training - 	Tokenized hypothesis: ['La', 'pro@@', 'ch@@', 'aine', 'di@@', 'ap@@', 'o', 'que', 'je', 'mon@@', 'tre', 'que', 'vous', 'ser@@', 'ez', 'un', 'rap@@', 'ide', 'rap@@', 'ide', 'de', 'ce', 'qui', 's&apos;', 'est', 'passé', 'pendant', 'les', '2@@', '5', 'derni@@', 'ères', 'années', '.', '</s>']
2026-05-13 19:37:44,020 - INFO - joeynmt.training - 	Source:     The next slide I show you will be a rapid fast-forward of what &apos;s happened over the last 25 years .
2026-05-13 19:37:44,020 - INFO - joeynmt.training - 	Reference:  La prochaine diapositive que je vais vous montrer est une vue en accéléré de ce qui s&apos; est passé ces 25 dernières années .
2026-05-13 19:37:44,020 - INFO - joeynmt.training - 	Hypothesis: La prochaine diapo que je montre que vous serez un rapide rapide de ce qui s&apos; est passé pendant les 25 dernières années .
2026-05-13 19:37:54,577 - INFO - joeynmt.training - Epoch  10, Step:    43600, Batch Loss:     1.132082, Batch Acc: 0.668189, Tokens per Sec:     7384, Lr: 0.000300
2026-05-13 19:38:05,125 - INFO - joeynmt.training - Epoch  10, Step:    43700, Batch Loss:     1.135293, Batch Acc: 0.670040, Tokens per Sec:     7363, Lr: 0.000300
2026-05-13 19:38:15,997 - INFO - joeynmt.training - Epoch  10, Step:    43800, Batch Loss:     1.036818, Batch Acc: 0.666539, Tokens per Sec:     7182, Lr: 0.000300
2026-05-13 19:38:18,077 - INFO - joeynmt.training - Epoch  10: total training loss 4874.40
2026-05-13 19:38:18,077 - INFO - joeynmt.training - Training ended after  10 epochs.
2026-05-13 19:38:18,077 - INFO - joeynmt.training - Best validation result (greedy) at step    42500:   3.99 ppl.
2026-05-13 19:38:18,084 - INFO - joeynmt.model - Building an encoder-decoder model...
2026-05-13 19:38:18,100 - INFO - joeynmt.model - Enc-dec model built.
2026-05-13 19:38:18,135 - INFO - joeynmt.helpers - Load model from /Users/leonieadm/Desktop/mt-exercise-04/models/bpe_2k/42500.ckpt.
2026-05-13 19:38:18,137 - INFO - joeynmt.prediction - Model(
	encoder=TransformerEncoder(num_layers=4, num_heads=2, alpha=1.0, layer_norm="pre", activation=ReLU()),
	decoder=TransformerDecoder(num_layers=1, num_heads=2, alpha=1.0, layer_norm="post", activation=ReLU()),
	src_embed=Embeddings(embedding_dim=256, vocab_size=1994),
	trg_embed=Embeddings(embedding_dim=256, vocab_size=1994),
	loss_function=None)
2026-05-13 19:38:18,137 - INFO - joeynmt.prediction - Decoding on dev set...
2026-05-13 19:38:18,138 - WARNING - joeynmt.helpers - `alpha` option is obsolete. Please use `beam_alpha`, instead.
2026-05-13 19:38:18,138 - INFO - joeynmt.prediction - Predicting 890 example(s)... (Beam search with beam_size=5, beam_alpha=1.0, n_best=1, min_output_length=1, max_output_length=-1, return_prob='none', generate_unk=True, repetition_penalty=-1, no_repeat_ngram_size=-1)
2026-05-13 19:39:17,662 - INFO - joeynmt.prediction - Evaluation result (beam search) , generation: 59.5192[sec], evaluation: 0.0000[sec]
2026-05-13 19:39:17,662 - INFO - joeynmt.prediction - Translations saved to: /Users/leonieadm/Desktop/mt-exercise-04/models/bpe_2k/00042500.hyps.dev.
2026-05-13 19:39:17,662 - INFO - joeynmt.prediction - Decoding on test set...
2026-05-13 19:39:17,662 - WARNING - joeynmt.helpers - `alpha` option is obsolete. Please use `beam_alpha`, instead.
2026-05-13 19:39:17,662 - INFO - joeynmt.prediction - Predicting 8597 example(s)... (Beam search with beam_size=5, beam_alpha=1.0, n_best=1, min_output_length=1, max_output_length=-1, return_prob='none', generate_unk=True, repetition_penalty=-1, no_repeat_ngram_size=-1)
2026-05-13 19:46:00,466 - INFO - joeynmt.prediction - Evaluation result (beam search) , generation: 402.7602[sec], evaluation: 0.0000[sec]
2026-05-13 19:46:00,469 - INFO - joeynmt.prediction - Translations saved to: /Users/leonieadm/Desktop/mt-exercise-04/models/bpe_2k/00042500.hyps.test.
