2026-05-14 11:25:34,430 - INFO - root - Hello! This is Joey-NMT (version 2.2.0).
2026-05-14 11:25:34,430 - INFO - joeynmt.helpers -                           cfg.name : bpe_8k
2026-05-14 11:25:34,430 - INFO - joeynmt.helpers -                cfg.joeynmt_version : 2.0.0
2026-05-14 11:25:34,430 - INFO - joeynmt.helpers -                     cfg.data.train : prep/train
2026-05-14 11:25:34,430 - INFO - joeynmt.helpers -                       cfg.data.dev : prep/dev
2026-05-14 11:25:34,430 - INFO - joeynmt.helpers -                      cfg.data.test : prep/test
2026-05-14 11:25:34,430 - INFO - joeynmt.helpers -              cfg.data.dataset_type : plain
2026-05-14 11:25:34,430 - INFO - joeynmt.helpers -                  cfg.data.src.lang : en
2026-05-14 11:25:34,430 - INFO - joeynmt.helpers -                 cfg.data.src.level : bpe
2026-05-14 11:25:34,430 - INFO - joeynmt.helpers -             cfg.data.src.lowercase : False
2026-05-14 11:25:34,430 - INFO - joeynmt.helpers -       cfg.data.src.max_sent_length : 100
2026-05-14 11:25:34,430 - INFO - joeynmt.helpers -              cfg.data.src.voc_file : bpe/8000/vocab.txt
2026-05-14 11:25:34,430 - INFO - joeynmt.helpers -        cfg.data.src.tokenizer_type : subword-nmt
2026-05-14 11:25:34,430 - INFO - joeynmt.helpers - cfg.data.src.tokenizer_cfg.pretokenizer : none
2026-05-14 11:25:34,430 - INFO - joeynmt.helpers - cfg.data.src.tokenizer_cfg.num_merges : 8000
2026-05-14 11:25:34,430 - INFO - joeynmt.helpers -   cfg.data.src.tokenizer_cfg.codes : bpe/8000/codes.bpe
2026-05-14 11:25:34,430 - INFO - joeynmt.helpers -                  cfg.data.trg.lang : fr
2026-05-14 11:25:34,430 - INFO - joeynmt.helpers -                 cfg.data.trg.level : bpe
2026-05-14 11:25:34,430 - INFO - joeynmt.helpers -             cfg.data.trg.lowercase : False
2026-05-14 11:25:34,430 - INFO - joeynmt.helpers -       cfg.data.trg.max_sent_length : 100
2026-05-14 11:25:34,430 - INFO - joeynmt.helpers -              cfg.data.trg.voc_file : bpe/8000/vocab.txt
2026-05-14 11:25:34,430 - INFO - joeynmt.helpers -        cfg.data.trg.tokenizer_type : subword-nmt
2026-05-14 11:25:34,430 - INFO - joeynmt.helpers - cfg.data.trg.tokenizer_cfg.pretokenizer : none
2026-05-14 11:25:34,430 - INFO - joeynmt.helpers - cfg.data.trg.tokenizer_cfg.num_merges : 8000
2026-05-14 11:25:34,430 - INFO - joeynmt.helpers -   cfg.data.trg.tokenizer_cfg.codes : bpe/8000/codes.bpe
2026-05-14 11:25:34,430 - INFO - joeynmt.helpers -              cfg.testing.beam_size : 5
2026-05-14 11:25:34,430 - INFO - joeynmt.helpers -                  cfg.testing.alpha : 1.0
2026-05-14 11:25:34,430 - INFO - joeynmt.helpers -           cfg.training.random_seed : 42
2026-05-14 11:25:34,430 - INFO - joeynmt.helpers -             cfg.training.optimizer : adam
2026-05-14 11:25:34,430 - INFO - joeynmt.helpers -         cfg.training.normalization : tokens
2026-05-14 11:25:34,430 - INFO - joeynmt.helpers -         cfg.training.learning_rate : 0.0003
2026-05-14 11:25:34,430 - INFO - joeynmt.helpers -            cfg.training.batch_size : 2048
2026-05-14 11:25:34,430 - INFO - joeynmt.helpers -            cfg.training.batch_type : token
2026-05-14 11:25:34,430 - INFO - joeynmt.helpers -       cfg.training.eval_batch_size : 1024
2026-05-14 11:25:34,430 - INFO - joeynmt.helpers -       cfg.training.eval_batch_type : token
2026-05-14 11:25:34,431 - INFO - joeynmt.helpers -            cfg.training.scheduling : plateau
2026-05-14 11:25:34,431 - INFO - joeynmt.helpers -              cfg.training.patience : 8
2026-05-14 11:25:34,431 - INFO - joeynmt.helpers -          cfg.training.weight_decay : 0.0
2026-05-14 11:25:34,431 - INFO - joeynmt.helpers -       cfg.training.decrease_factor : 0.7
2026-05-14 11:25:34,431 - INFO - joeynmt.helpers - cfg.training.early_stopping_metric : ppl
2026-05-14 11:25:34,431 - INFO - joeynmt.helpers -                cfg.training.epochs : 10
2026-05-14 11:25:34,431 - INFO - joeynmt.helpers -       cfg.training.validation_freq : 500
2026-05-14 11:25:34,431 - INFO - joeynmt.helpers -          cfg.training.logging_freq : 100
2026-05-14 11:25:34,431 - INFO - joeynmt.helpers -           cfg.training.eval_metric : bleu
2026-05-14 11:25:34,431 - INFO - joeynmt.helpers -             cfg.training.model_dir : models/bpe_8k
2026-05-14 11:25:34,431 - INFO - joeynmt.helpers -             cfg.training.overwrite : False
2026-05-14 11:25:34,431 - INFO - joeynmt.helpers -               cfg.training.shuffle : True
2026-05-14 11:25:34,431 - INFO - joeynmt.helpers -              cfg.training.use_cuda : False
2026-05-14 11:25:34,431 - INFO - joeynmt.helpers -     cfg.training.max_output_length : 100
2026-05-14 11:25:34,431 - INFO - joeynmt.helpers -     cfg.training.print_valid_sents : [0, 1, 2, 3, 4]
2026-05-14 11:25:34,431 - INFO - joeynmt.helpers -       cfg.training.label_smoothing : 0.3
2026-05-14 11:25:34,431 - INFO - joeynmt.helpers -              cfg.model.initializer : xavier_uniform
2026-05-14 11:25:34,431 - INFO - joeynmt.helpers -         cfg.model.bias_initializer : zeros
2026-05-14 11:25:34,431 - INFO - joeynmt.helpers -                cfg.model.init_gain : 1.0
2026-05-14 11:25:34,431 - INFO - joeynmt.helpers -        cfg.model.embed_initializer : xavier_uniform
2026-05-14 11:25:34,431 - INFO - joeynmt.helpers -          cfg.model.embed_init_gain : 1.0
2026-05-14 11:25:34,431 - INFO - joeynmt.helpers -          cfg.model.tied_embeddings : True
2026-05-14 11:25:34,431 - INFO - joeynmt.helpers -             cfg.model.tied_softmax : True
2026-05-14 11:25:34,431 - INFO - joeynmt.helpers -             cfg.model.encoder.type : transformer
2026-05-14 11:25:34,431 - INFO - joeynmt.helpers -       cfg.model.encoder.num_layers : 4
2026-05-14 11:25:34,431 - INFO - joeynmt.helpers -        cfg.model.encoder.num_heads : 2
2026-05-14 11:25:34,431 - INFO - joeynmt.helpers - cfg.model.encoder.embeddings.embedding_dim : 256
2026-05-14 11:25:34,431 - INFO - joeynmt.helpers - cfg.model.encoder.embeddings.scale : True
2026-05-14 11:25:34,431 - INFO - joeynmt.helpers - cfg.model.encoder.embeddings.dropout : 0
2026-05-14 11:25:34,431 - INFO - joeynmt.helpers -      cfg.model.encoder.hidden_size : 256
2026-05-14 11:25:34,431 - INFO - joeynmt.helpers -          cfg.model.encoder.ff_size : 512
2026-05-14 11:25:34,431 - INFO - joeynmt.helpers -          cfg.model.encoder.dropout : 0
2026-05-14 11:25:34,431 - INFO - joeynmt.helpers -             cfg.model.decoder.type : transformer
2026-05-14 11:25:34,431 - INFO - joeynmt.helpers -       cfg.model.decoder.num_layers : 1
2026-05-14 11:25:34,431 - INFO - joeynmt.helpers -        cfg.model.decoder.num_heads : 2
2026-05-14 11:25:34,431 - INFO - joeynmt.helpers - cfg.model.decoder.embeddings.embedding_dim : 256
2026-05-14 11:25:34,431 - INFO - joeynmt.helpers - cfg.model.decoder.embeddings.scale : True
2026-05-14 11:25:34,431 - INFO - joeynmt.helpers - cfg.model.decoder.embeddings.dropout : 0
2026-05-14 11:25:34,431 - INFO - joeynmt.helpers -      cfg.model.decoder.hidden_size : 256
2026-05-14 11:25:34,431 - INFO - joeynmt.helpers -          cfg.model.decoder.ff_size : 512
2026-05-14 11:25:34,431 - INFO - joeynmt.helpers -          cfg.model.decoder.dropout : 0
2026-05-14 11:25:34,432 - INFO - joeynmt.data - Building tokenizer...
2026-05-14 11:25:34,440 - INFO - joeynmt.tokenizers - en tokenizer: SubwordNMTTokenizer(level=bpe, lowercase=False, normalize=False, filter_by_length=(-1, -1), pretokenizer=none, tokenizer=BPE, separator=@@, dropout=0.0)
2026-05-14 11:25:34,440 - INFO - joeynmt.tokenizers - fr tokenizer: SubwordNMTTokenizer(level=bpe, lowercase=False, normalize=False, filter_by_length=(-1, -1), pretokenizer=none, tokenizer=BPE, separator=@@, dropout=0.0)
2026-05-14 11:25:34,440 - INFO - joeynmt.data - Loading train set...
2026-05-14 11:25:34,507 - INFO - joeynmt.data - Building vocabulary...
2026-05-14 11:25:34,800 - INFO - joeynmt.data - Loading dev set...
2026-05-14 11:25:34,802 - INFO - joeynmt.data - Loading test set...
2026-05-14 11:25:34,809 - INFO - joeynmt.data - Data loaded.
2026-05-14 11:25:34,809 - INFO - joeynmt.data - Train dataset: PlaintextDataset(split=train, len=100000, src_lang=en, trg_lang=fr, has_trg=True, random_subset=-1)
2026-05-14 11:25:34,809 - INFO - joeynmt.data - Valid dataset: PlaintextDataset(split=dev, len=890, src_lang=en, trg_lang=fr, has_trg=True, random_subset=-1)
2026-05-14 11:25:34,809 - INFO - joeynmt.data -  Test dataset: PlaintextDataset(split=test, len=8597, src_lang=en, trg_lang=fr, has_trg=True, random_subset=-1)
2026-05-14 11:25:34,810 - INFO - joeynmt.data - First training example:
	[SRC] Thank you so much , Chris . And it &apos;s truly a great hon@@ or to have the opportunity to come to this stage twice ; I &apos;m extremely gr@@ at@@ eful .
	[TRG] Merci beaucoup , Chris . C&apos; est vraiment un honn@@ eur de pouvoir venir sur cette scène une deuxième fois . Je suis très re@@ connaiss@@ ant .
2026-05-14 11:25:34,810 - INFO - joeynmt.data - First 10 Src tokens: (0) <unk> (1) <pad> (2) <s> (3) </s> (4) , (5) . (6) the (7) de (8) a (9) to
2026-05-14 11:25:34,810 - INFO - joeynmt.data - First 10 Trg tokens: (0) <unk> (1) <pad> (2) <s> (3) </s> (4) , (5) . (6) the (7) de (8) a (9) to
2026-05-14 11:25:34,810 - INFO - joeynmt.data - Number of unique Src tokens (vocab_size): 7962
2026-05-14 11:25:34,810 - INFO - joeynmt.data - Number of unique Trg tokens (vocab_size): 7962
2026-05-14 11:25:34,811 - INFO - joeynmt.model - Building an encoder-decoder model...
2026-05-14 11:25:34,858 - INFO - joeynmt.model - Enc-dec model built.
2026-05-14 11:25:34,859 - INFO - joeynmt.model - Total params: 4937472
2026-05-14 11:25:34,859 - DEBUG - joeynmt.model - Trainable parameters: ['decoder.layers.0.dec_layer_norm.bias', 'decoder.layers.0.dec_layer_norm.weight', 'decoder.layers.0.feed_forward.layer_norm.bias', 'decoder.layers.0.feed_forward.layer_norm.weight', 'decoder.layers.0.feed_forward.pwff_layer.0.bias', 'decoder.layers.0.feed_forward.pwff_layer.0.weight', 'decoder.layers.0.feed_forward.pwff_layer.3.bias', 'decoder.layers.0.feed_forward.pwff_layer.3.weight', 'decoder.layers.0.src_trg_att.k_layer.bias', 'decoder.layers.0.src_trg_att.k_layer.weight', 'decoder.layers.0.src_trg_att.output_layer.bias', 'decoder.layers.0.src_trg_att.output_layer.weight', 'decoder.layers.0.src_trg_att.q_layer.bias', 'decoder.layers.0.src_trg_att.q_layer.weight', 'decoder.layers.0.src_trg_att.v_layer.bias', 'decoder.layers.0.src_trg_att.v_layer.weight', 'decoder.layers.0.trg_trg_att.k_layer.bias', 'decoder.layers.0.trg_trg_att.k_layer.weight', 'decoder.layers.0.trg_trg_att.output_layer.bias', 'decoder.layers.0.trg_trg_att.output_layer.weight', 'decoder.layers.0.trg_trg_att.q_layer.bias', 'decoder.layers.0.trg_trg_att.q_layer.weight', 'decoder.layers.0.trg_trg_att.v_layer.bias', 'decoder.layers.0.trg_trg_att.v_layer.weight', 'decoder.layers.0.x_layer_norm.bias', 'decoder.layers.0.x_layer_norm.weight', 'encoder.layers.0.feed_forward.layer_norm.bias', 'encoder.layers.0.feed_forward.layer_norm.weight', 'encoder.layers.0.feed_forward.pwff_layer.0.bias', 'encoder.layers.0.feed_forward.pwff_layer.0.weight', 'encoder.layers.0.feed_forward.pwff_layer.3.bias', 'encoder.layers.0.feed_forward.pwff_layer.3.weight', 'encoder.layers.0.layer_norm.bias', 'encoder.layers.0.layer_norm.weight', 'encoder.layers.0.src_src_att.k_layer.bias', 'encoder.layers.0.src_src_att.k_layer.weight', 'encoder.layers.0.src_src_att.output_layer.bias', 'encoder.layers.0.src_src_att.output_layer.weight', 'encoder.layers.0.src_src_att.q_layer.bias', 'encoder.layers.0.src_src_att.q_layer.weight', 'encoder.layers.0.src_src_att.v_layer.bias', 'encoder.layers.0.src_src_att.v_layer.weight', 'encoder.layers.1.feed_forward.layer_norm.bias', 'encoder.layers.1.feed_forward.layer_norm.weight', 'encoder.layers.1.feed_forward.pwff_layer.0.bias', 'encoder.layers.1.feed_forward.pwff_layer.0.weight', 'encoder.layers.1.feed_forward.pwff_layer.3.bias', 'encoder.layers.1.feed_forward.pwff_layer.3.weight', 'encoder.layers.1.layer_norm.bias', 'encoder.layers.1.layer_norm.weight', 'encoder.layers.1.src_src_att.k_layer.bias', 'encoder.layers.1.src_src_att.k_layer.weight', 'encoder.layers.1.src_src_att.output_layer.bias', 'encoder.layers.1.src_src_att.output_layer.weight', 'encoder.layers.1.src_src_att.q_layer.bias', 'encoder.layers.1.src_src_att.q_layer.weight', 'encoder.layers.1.src_src_att.v_layer.bias', 'encoder.layers.1.src_src_att.v_layer.weight', 'encoder.layers.2.feed_forward.layer_norm.bias', 'encoder.layers.2.feed_forward.layer_norm.weight', 'encoder.layers.2.feed_forward.pwff_layer.0.bias', 'encoder.layers.2.feed_forward.pwff_layer.0.weight', 'encoder.layers.2.feed_forward.pwff_layer.3.bias', 'encoder.layers.2.feed_forward.pwff_layer.3.weight', 'encoder.layers.2.layer_norm.bias', 'encoder.layers.2.layer_norm.weight', 'encoder.layers.2.src_src_att.k_layer.bias', 'encoder.layers.2.src_src_att.k_layer.weight', 'encoder.layers.2.src_src_att.output_layer.bias', 'encoder.layers.2.src_src_att.output_layer.weight', 'encoder.layers.2.src_src_att.q_layer.bias', 'encoder.layers.2.src_src_att.q_layer.weight', 'encoder.layers.2.src_src_att.v_layer.bias', 'encoder.layers.2.src_src_att.v_layer.weight', 'encoder.layers.3.feed_forward.layer_norm.bias', 'encoder.layers.3.feed_forward.layer_norm.weight', 'encoder.layers.3.feed_forward.pwff_layer.0.bias', 'encoder.layers.3.feed_forward.pwff_layer.0.weight', 'encoder.layers.3.feed_forward.pwff_layer.3.bias', 'encoder.layers.3.feed_forward.pwff_layer.3.weight', 'encoder.layers.3.layer_norm.bias', 'encoder.layers.3.layer_norm.weight', 'encoder.layers.3.src_src_att.k_layer.bias', 'encoder.layers.3.src_src_att.k_layer.weight', 'encoder.layers.3.src_src_att.output_layer.bias', 'encoder.layers.3.src_src_att.output_layer.weight', 'encoder.layers.3.src_src_att.q_layer.bias', 'encoder.layers.3.src_src_att.q_layer.weight', 'encoder.layers.3.src_src_att.v_layer.bias', 'encoder.layers.3.src_src_att.v_layer.weight', 'src_embed.lut.weight']
2026-05-14 11:25:34,859 - INFO - joeynmt.training - Model(
	encoder=TransformerEncoder(num_layers=4, num_heads=2, alpha=1.0, layer_norm="pre", activation=ReLU()),
	decoder=TransformerDecoder(num_layers=1, num_heads=2, alpha=1.0, layer_norm="post", activation=ReLU()),
	src_embed=Embeddings(embedding_dim=256, vocab_size=7962),
	trg_embed=Embeddings(embedding_dim=256, vocab_size=7962),
	loss_function=XentLoss(criterion=KLDivLoss(), smoothing=0.3))
2026-05-14 11:25:34,859 - INFO - joeynmt.builders - Adam(lr=0.0003, weight_decay=0.0, betas=(0.9, 0.999))
2026-05-14 11:25:34,860 - INFO - joeynmt.builders - ReduceLROnPlateau(mode=min, verbose=False, threshold_mode=abs, eps=0.0, factor=0.7, patience=8)
2026-05-14 11:25:34,860 - INFO - joeynmt.training - Train stats:
	device: cpu
	n_gpu: 0
	16-bits training: False
	gradient accumulation: 1
	batch size per device: 2048
	effective batch size (w. parallel & accumulation): 2048
2026-05-14 11:25:34,860 - INFO - joeynmt.training - EPOCH 1
2026-05-14 11:25:52,210 - INFO - joeynmt.training - Epoch   1, Step:      100, Batch Loss:     4.232863, Batch Acc: 0.069457, Tokens per Sec:     4378, Lr: 0.000300
2026-05-14 11:26:09,737 - INFO - joeynmt.training - Epoch   1, Step:      200, Batch Loss:     4.135866, Batch Acc: 0.101639, Tokens per Sec:     4293, Lr: 0.000300
2026-05-14 11:26:27,205 - INFO - joeynmt.training - Epoch   1, Step:      300, Batch Loss:     4.047415, Batch Acc: 0.112213, Tokens per Sec:     4254, Lr: 0.000300
2026-05-14 11:26:44,315 - INFO - joeynmt.training - Epoch   1, Step:      400, Batch Loss:     3.966111, Batch Acc: 0.124058, Tokens per Sec:     4382, Lr: 0.000300
2026-05-14 11:27:01,793 - INFO - joeynmt.training - Epoch   1, Step:      500, Batch Loss:     3.841005, Batch Acc: 0.138289, Tokens per Sec:     4296, Lr: 0.000300
2026-05-14 11:27:01,794 - WARNING - joeynmt.helpers - `alpha` option is obsolete. Please use `beam_alpha`, instead.
2026-05-14 11:27:01,794 - INFO - joeynmt.prediction - Predicting 890 example(s)... (Greedy decoding with min_output_length=1, max_output_length=-1, return_prob='none', generate_unk=True, repetition_penalty=-1, no_repeat_ngram_size=-1)
2026-05-14 11:28:10,912 - INFO - joeynmt.prediction - Evaluation result (greedy) loss:   3.90, ppl:  49.27, acc:   0.13, generation: 69.1111[sec], evaluation: 0.0000[sec]
2026-05-14 11:28:10,913 - INFO - joeynmt.training - Hooray! New best validation result [ppl]!
2026-05-14 11:28:10,997 - INFO - joeynmt.training - Example #0
2026-05-14 11:28:10,997 - DEBUG - joeynmt.training - 	Tokenized source:     ['L@@', 'ast', 'year', 'I', 'showed', 'these', 'two', 'sli@@', 'des', 'so', 'that', 'demonstr@@', 'ate', 'that', 'the', 'ar@@', 'c@@', 'tic', 'ice', 'ca@@', 'p', ',', 'which', 'for', 'most', 'of', 'the', 'last', 'three', 'million', 'years', 'has', 'been', 'the', 'size', 'of', 'the', 'lower', '4@@', '8', 'states', ',', 'has', 'sh@@', 'run@@', 'k', 'by', '40', 'percent', '.']
2026-05-14 11:28:10,997 - DEBUG - joeynmt.training - 	Tokenized reference:  ['L&apos;', 'année', 'dernière', ',', 'je', 'vous', 'ai', 'présent@@', 'é', 'ces', 'deux', 'di@@', 'apos@@', 'iti@@', 'ves', 'qui', 'montr@@', 'aient', 'que', 'la', 'cal@@', 'ot@@', 'te', 'gl@@', 'ac@@', 'ière', 'ar@@', 'c@@', 'tique', ',', 'qui', 'pendant', 'ces', '3', 'derniers', 'millions', 'd&apos;', 'année', 'avait', 'la', 'taille', 'des', 'Etats-Unis', 'sans', 'l&apos;', 'Al@@', 'as@@', 'ka', ',', 'qui', 'pendant', 'ces', '3', 'derniers', 'millions', 'd&apos;', 'année', 'avait', 'la', 'taille', 'des', 'Etats-Unis', 'sans', 'l&apos;', 'Al@@', 'as@@', 'ka', ',', 'avait', 'di@@', 'minu@@', 'é', 'de', '40', '%', '.']
2026-05-14 11:28:10,997 - DEBUG - joeynmt.training - 	Tokenized hypothesis: ['Je', 'ai', 'l&apos;', 'l&apos;', 'l&apos;', 'l&apos;', 'l&apos;', 'l&apos;', 'l&apos;', 'l&apos;', 'l&apos;', 'l&apos;', 'l&apos;', 'l&apos;', 'monde', ',', 'et', 'vous', 'a', 'la', 'monde', ',', 'et', 'vous', 'a', 'la', 'monde', ',', 'et', 'les', 'monde', ',', 'et', 'et', 'et', 'et', 'et', 'et', 'et', 'et', 'et', 'et', 'et', 'et', 'et', 'et', 'et', 'et', 'et', 'et', 'et', 'et', 'et', 'et', 'et', 'et', 'et', 'et', 'et', 'et', 'et', 'les', 'monde', '.', '</s>']
2026-05-14 11:28:10,997 - INFO - joeynmt.training - 	Source:     Last year I showed these two slides so that demonstrate that the arctic ice cap , which for most of the last three million years has been the size of the lower 48 states , has shrunk by 40 percent .
2026-05-14 11:28:10,997 - INFO - joeynmt.training - 	Reference:  L&apos; année dernière , je vous ai présenté ces deux diapositives qui montraient que la calotte glacière arctique , qui pendant ces 3 derniers millions d&apos; année avait la taille des Etats-Unis sans l&apos; Alaska , qui pendant ces 3 derniers millions d&apos; année avait la taille des Etats-Unis sans l&apos; Alaska , avait diminué de 40 % .
2026-05-14 11:28:10,997 - INFO - joeynmt.training - 	Hypothesis: Je ai l&apos; l&apos; l&apos; l&apos; l&apos; l&apos; l&apos; l&apos; l&apos; l&apos; l&apos; l&apos; monde , et vous a la monde , et vous a la monde , et les monde , et et et et et et et et et et et et et et et et et et et et et et et et et et et et et les monde .
2026-05-14 11:28:10,997 - INFO - joeynmt.training - Example #1
2026-05-14 11:28:10,997 - DEBUG - joeynmt.training - 	Tokenized source:     ['But', 'this', 'underst@@', 'ates', 'the', 'seri@@', 'ousness', 'of', 'this', 'particular', 'problem', 'because', 'it', 'doesn', '&apos;t', 'show', 'the', 'th@@', 'ick@@', 'ness', 'of', 'the', 'ice', '.']
2026-05-14 11:28:10,997 - DEBUG - joeynmt.training - 	Tokenized reference:  ['Mais', 'ceci', 'tend', 'à', 'a@@', 'mo@@', 'ind@@', 'rir', 'le', 'problème', 'parce', 'qu&apos;', 'on', 'ne', 'voit', 'pas', 'l&apos;', 'ép@@', 'aiss@@', 'eur', 'de', 'la', 'glace', '.']
2026-05-14 11:28:10,997 - DEBUG - joeynmt.training - 	Tokenized hypothesis: ['Mais', 'nous', 'est', 'pas', 'pas', 'pas', 'pas', 'pas', 'pas', 'pas', 'pas', 'pas', 'pas', 'pas', 'pas', 'pas', 'pas', 'pas', 'pas', 'pas', 'pas', 'pas', 'pas', 'pas', '.', '</s>']
2026-05-14 11:28:10,997 - INFO - joeynmt.training - 	Source:     But this understates the seriousness of this particular problem because it doesn &apos;t show the thickness of the ice .
2026-05-14 11:28:10,997 - INFO - joeynmt.training - 	Reference:  Mais ceci tend à amoindrir le problème parce qu&apos; on ne voit pas l&apos; épaisseur de la glace .
2026-05-14 11:28:10,998 - INFO - joeynmt.training - 	Hypothesis: Mais nous est pas pas pas pas pas pas pas pas pas pas pas pas pas pas pas pas pas pas pas pas pas .
2026-05-14 11:28:10,998 - INFO - joeynmt.training - Example #2
2026-05-14 11:28:10,998 - DEBUG - joeynmt.training - 	Tokenized source:     ['The', 'ar@@', 'c@@', 'tic', 'ice', 'ca@@', 'p', 'is', ',', 'in', 'a', 'sense', ',', 'the', 'be@@', 'ating', 'heart', 'of', 'the', 'global', 'climate', 'system', '.']
2026-05-14 11:28:10,998 - DEBUG - joeynmt.training - 	Tokenized reference:  ['On', 'peut', 'voir', 'la', 'cal@@', 'ot@@', 'te', 'gl@@', 'ac@@', 'ière', 'ar@@', 'c@@', 'tique', 'comme', 'le', 'coeur', 'du', 'système', 'climatique', 'global', '.', 'On', 'peut', 'voir', 'la', 'cal@@', 'ot@@', 'te', 'gl@@', 'ac@@', 'ière', 'ar@@', 'c@@', 'tique', 'comme', 'le', 'coeur', 'du', 'système', 'climatique', 'global', '.']
2026-05-14 11:28:10,998 - DEBUG - joeynmt.training - 	Tokenized hypothesis: ['Le', 'monde', ',', 'et', 'les', 'monde', ',', 'et', 'les', 'monde', ',', 'et', 'les', 'monde', '.', '</s>']
2026-05-14 11:28:10,998 - INFO - joeynmt.training - 	Source:     The arctic ice cap is , in a sense , the beating heart of the global climate system .
2026-05-14 11:28:10,998 - INFO - joeynmt.training - 	Reference:  On peut voir la calotte glacière arctique comme le coeur du système climatique global . On peut voir la calotte glacière arctique comme le coeur du système climatique global .
2026-05-14 11:28:10,998 - INFO - joeynmt.training - 	Hypothesis: Le monde , et les monde , et les monde , et les monde .
2026-05-14 11:28:10,998 - INFO - joeynmt.training - Example #3
2026-05-14 11:28:10,998 - DEBUG - joeynmt.training - 	Tokenized source:     ['It', 'exp@@', 'ands', 'in', 'w@@', 'int@@', 'er', 'and', 'contr@@', 'acts', 'in', 'summer', '.']
2026-05-14 11:28:10,998 - DEBUG - joeynmt.training - 	Tokenized reference:  ['Elle', 's&apos;', 'ét@@', 'end', 'en', 'hi@@', 'ver', 'et', 'se', 'contr@@', 'acte', 'en', 'été', '.']
2026-05-14 11:28:10,998 - DEBUG - joeynmt.training - 	Tokenized hypothesis: ['C&apos;', 'est', 'un', 'la', 'la', 'la', 'la', 'la', 'la', 'la', 'la', 'la', 'la', 'la', 'la', 'la', 'la', 'la', 'la', 'la', 'la', 'la', 'la', 'la', 'la', 'la', 'la', 'la', 'la', 'la', 'la', 'la', 'la', 'la', 'la', 'la', 'la', 'la', 'la', 'la', 'la', 'la', 'la', 'la', 'la', 'la', 'la', 'la', 'la', 'la', 'la', 'la', 'la', 'la', 'la', 'la', 'la', 'la', 'la', 'la', 'la', 'la', 'la', 'la', 'la', 'la', 'la', 'la', 'la', 'la', 'la', 'la', 'la', 'la', 'la', 'la']
2026-05-14 11:28:10,998 - INFO - joeynmt.training - 	Source:     It expands in winter and contracts in summer .
2026-05-14 11:28:10,998 - INFO - joeynmt.training - 	Reference:  Elle s&apos; étend en hiver et se contracte en été .
2026-05-14 11:28:10,998 - INFO - joeynmt.training - 	Hypothesis: C&apos; est un la la la la la la la la la la la la la la la la la la la la la la la la la la la la la la la la la la la la la la la la la la la la la la la la la la la la la la la la la la la la la la la la la la la la la la la la la
2026-05-14 11:28:10,998 - INFO - joeynmt.training - Example #4
2026-05-14 11:28:10,998 - DEBUG - joeynmt.training - 	Tokenized source:     ['The', 'next', 'slide', 'I', 'show', 'you', 'will', 'be', 'a', 'rap@@', 'id', 'fas@@', 't-@@', 'forward', 'of', 'what', '&apos;s', 'happened', 'over', 'the', 'last', '25', 'years', '.']
2026-05-14 11:28:10,998 - DEBUG - joeynmt.training - 	Tokenized reference:  ['La', 'prochaine', 'di@@', 'apos@@', 'itive', 'que', 'je', 'vais', 'vous', 'montrer', 'est', 'une', 'vue', 'en', 'accél@@', 'éré', 'de', 'ce', 'qui', 's&apos;', 'est', 'passé', 'ces', '25', 'dernières', 'années', '.']
2026-05-14 11:28:10,998 - DEBUG - joeynmt.training - 	Tokenized hypothesis: ['Mais', 'vous', 'vous', 'vous', 'l&apos;', 'la', 'la', 'la', 'la', 'la', 'la', 'la', 'la', 'la', 'la', 'la', 'la', 'la', 'la', 'la', 'la', 'la', 'la', 'la', 'la', 'la', 'la', 'la', 'la', 'la', 'la', 'la', 'la', 'la', 'la', 'la', 'la', 'la', 'la', 'la', 'la', 'la', 'la', 'la', 'la', 'la', 'la', 'la', 'la', 'la', 'la', 'la', 'la', 'la', 'la', 'la', 'la', 'la', 'la', 'la', 'la', 'la', 'la', 'la', 'monde', '.', '</s>']
2026-05-14 11:28:10,998 - INFO - joeynmt.training - 	Source:     The next slide I show you will be a rapid fast-forward of what &apos;s happened over the last 25 years .
2026-05-14 11:28:10,998 - INFO - joeynmt.training - 	Reference:  La prochaine diapositive que je vais vous montrer est une vue en accéléré de ce qui s&apos; est passé ces 25 dernières années .
2026-05-14 11:28:10,998 - INFO - joeynmt.training - 	Hypothesis: Mais vous vous vous l&apos; la la la la la la la la la la la la la la la la la la la la la la la la la la la la la la la la la la la la la la la la la la la la la la la la la la la la la la la la la la la monde .
2026-05-14 11:28:28,499 - INFO - joeynmt.training - Epoch   1, Step:      600, Batch Loss:     3.633749, Batch Acc: 0.151335, Tokens per Sec:     4249, Lr: 0.000300
2026-05-14 11:28:45,874 - INFO - joeynmt.training - Epoch   1, Step:      700, Batch Loss:     3.520201, Batch Acc: 0.164727, Tokens per Sec:     4312, Lr: 0.000300
2026-05-14 11:29:02,861 - INFO - joeynmt.training - Epoch   1, Step:      800, Batch Loss:     3.412901, Batch Acc: 0.175159, Tokens per Sec:     4405, Lr: 0.000300
2026-05-14 11:29:20,053 - INFO - joeynmt.training - Epoch   1, Step:      900, Batch Loss:     3.520979, Batch Acc: 0.186072, Tokens per Sec:     4383, Lr: 0.000300
2026-05-14 11:29:37,272 - INFO - joeynmt.training - Epoch   1, Step:     1000, Batch Loss:     3.346237, Batch Acc: 0.193462, Tokens per Sec:     4411, Lr: 0.000300
2026-05-14 11:29:37,272 - WARNING - joeynmt.helpers - `alpha` option is obsolete. Please use `beam_alpha`, instead.
2026-05-14 11:29:37,272 - INFO - joeynmt.prediction - Predicting 890 example(s)... (Greedy decoding with min_output_length=1, max_output_length=-1, return_prob='none', generate_unk=True, repetition_penalty=-1, no_repeat_ngram_size=-1)
2026-05-14 11:30:38,308 - INFO - joeynmt.prediction - Evaluation result (greedy) loss:   3.51, ppl:  33.47, acc:   0.18, generation: 61.0314[sec], evaluation: 0.0000[sec]
2026-05-14 11:30:38,309 - INFO - joeynmt.training - Hooray! New best validation result [ppl]!
2026-05-14 11:30:38,378 - INFO - joeynmt.training - Example #0
2026-05-14 11:30:38,378 - DEBUG - joeynmt.training - 	Tokenized source:     ['L@@', 'ast', 'year', 'I', 'showed', 'these', 'two', 'sli@@', 'des', 'so', 'that', 'demonstr@@', 'ate', 'that', 'the', 'ar@@', 'c@@', 'tic', 'ice', 'ca@@', 'p', ',', 'which', 'for', 'most', 'of', 'the', 'last', 'three', 'million', 'years', 'has', 'been', 'the', 'size', 'of', 'the', 'lower', '4@@', '8', 'states', ',', 'has', 'sh@@', 'run@@', 'k', 'by', '40', 'percent', '.']
2026-05-14 11:30:38,378 - DEBUG - joeynmt.training - 	Tokenized reference:  ['L&apos;', 'année', 'dernière', ',', 'je', 'vous', 'ai', 'présent@@', 'é', 'ces', 'deux', 'di@@', 'apos@@', 'iti@@', 'ves', 'qui', 'montr@@', 'aient', 'que', 'la', 'cal@@', 'ot@@', 'te', 'gl@@', 'ac@@', 'ière', 'ar@@', 'c@@', 'tique', ',', 'qui', 'pendant', 'ces', '3', 'derniers', 'millions', 'd&apos;', 'année', 'avait', 'la', 'taille', 'des', 'Etats-Unis', 'sans', 'l&apos;', 'Al@@', 'as@@', 'ka', ',', 'qui', 'pendant', 'ces', '3', 'derniers', 'millions', 'd&apos;', 'année', 'avait', 'la', 'taille', 'des', 'Etats-Unis', 'sans', 'l&apos;', 'Al@@', 'as@@', 'ka', ',', 'avait', 'di@@', 'minu@@', 'é', 'de', '40', '%', '.']
2026-05-14 11:30:38,378 - DEBUG - joeynmt.training - 	Tokenized hypothesis: ['Le', 'monde', ',', 'je', 'suis', 'été', 'été', 'été', 'des', 'gens', 'de', 'la', 'monde', ',', 'et', 'je', 'suis', 'été', 'été', 'été', 'été', 'des', 'gens', ',', 'et', 'les', 'gens', 'de', 'la', 'monde', ',', 'et', 'les', 'gens', 'de', 'la', 'monde', ',', 'et', 'les', 'gens', 'de', 'la', 'monde', '.', '</s>']
2026-05-14 11:30:38,379 - INFO - joeynmt.training - 	Source:     Last year I showed these two slides so that demonstrate that the arctic ice cap , which for most of the last three million years has been the size of the lower 48 states , has shrunk by 40 percent .
2026-05-14 11:30:38,379 - INFO - joeynmt.training - 	Reference:  L&apos; année dernière , je vous ai présenté ces deux diapositives qui montraient que la calotte glacière arctique , qui pendant ces 3 derniers millions d&apos; année avait la taille des Etats-Unis sans l&apos; Alaska , qui pendant ces 3 derniers millions d&apos; année avait la taille des Etats-Unis sans l&apos; Alaska , avait diminué de 40 % .
2026-05-14 11:30:38,379 - INFO - joeynmt.training - 	Hypothesis: Le monde , je suis été été été des gens de la monde , et je suis été été été été des gens , et les gens de la monde , et les gens de la monde , et les gens de la monde .
2026-05-14 11:30:38,379 - INFO - joeynmt.training - Example #1
2026-05-14 11:30:38,379 - DEBUG - joeynmt.training - 	Tokenized source:     ['But', 'this', 'underst@@', 'ates', 'the', 'seri@@', 'ousness', 'of', 'this', 'particular', 'problem', 'because', 'it', 'doesn', '&apos;t', 'show', 'the', 'th@@', 'ick@@', 'ness', 'of', 'the', 'ice', '.']
2026-05-14 11:30:38,379 - DEBUG - joeynmt.training - 	Tokenized reference:  ['Mais', 'ceci', 'tend', 'à', 'a@@', 'mo@@', 'ind@@', 'rir', 'le', 'problème', 'parce', 'qu&apos;', 'on', 'ne', 'voit', 'pas', 'l&apos;', 'ép@@', 'aiss@@', 'eur', 'de', 'la', 'glace', '.']
2026-05-14 11:30:38,379 - DEBUG - joeynmt.training - 	Tokenized hypothesis: ['Mais', 'ce', 'n&apos;', 'est', 'pas', 'de', 'la', 'monde', 'qui', 'est', 'pas', 'que', 'nous', 'ne', 'ne', 'ne', 'ne', 'ne', 'ne', 'ne', 'ne', 'ne', 'ne', 'ne', 'ne', 'ne', 'ne', 'ne', 'ne', 'ne', 'ne', 'ne', 'ne', 'ne', 'ne', 'ne', 'ne', 'ne', 'ne', 'ne', 'ne', 'ne', 'ne', 'ne', 'ne', 'ne', 'ne', 'ne', 'ne', 'ne', 'ne', 'ne', 'ne', 'ne', 'ne', 'ne', 'ne', 'ne', 'ne', 'ne', 'ne', 'ne', 'ne', 'pas', 'pas', 'pas', 'pas', 'pas', 'pas', 'pas', 'pas', 'le', 'monde', '.', '</s>']
2026-05-14 11:30:38,379 - INFO - joeynmt.training - 	Source:     But this understates the seriousness of this particular problem because it doesn &apos;t show the thickness of the ice .
2026-05-14 11:30:38,379 - INFO - joeynmt.training - 	Reference:  Mais ceci tend à amoindrir le problème parce qu&apos; on ne voit pas l&apos; épaisseur de la glace .
2026-05-14 11:30:38,379 - INFO - joeynmt.training - 	Hypothesis: Mais ce n&apos; est pas de la monde qui est pas que nous ne ne ne ne ne ne ne ne ne ne ne ne ne ne ne ne ne ne ne ne ne ne ne ne ne ne ne ne ne ne ne ne ne ne ne ne ne ne ne ne ne ne ne ne ne ne ne ne ne ne pas pas pas pas pas pas pas pas le monde .
2026-05-14 11:30:38,379 - INFO - joeynmt.training - Example #2
2026-05-14 11:30:38,379 - DEBUG - joeynmt.training - 	Tokenized source:     ['The', 'ar@@', 'c@@', 'tic', 'ice', 'ca@@', 'p', 'is', ',', 'in', 'a', 'sense', ',', 'the', 'be@@', 'ating', 'heart', 'of', 'the', 'global', 'climate', 'system', '.']
2026-05-14 11:30:38,379 - DEBUG - joeynmt.training - 	Tokenized reference:  ['On', 'peut', 'voir', 'la', 'cal@@', 'ot@@', 'te', 'gl@@', 'ac@@', 'ière', 'ar@@', 'c@@', 'tique', 'comme', 'le', 'coeur', 'du', 'système', 'climatique', 'global', '.', 'On', 'peut', 'voir', 'la', 'cal@@', 'ot@@', 'te', 'gl@@', 'ac@@', 'ière', 'ar@@', 'c@@', 'tique', 'comme', 'le', 'coeur', 'du', 'système', 'climatique', 'global', '.']
2026-05-14 11:30:38,379 - DEBUG - joeynmt.training - 	Tokenized hypothesis: ['Le', 'chose', 'de', 'la', 'monde', ',', 'la', 'monde', ',', 'la', 'monde', ',', 'la', 'monde', ',', 'la', 'monde', 'est', 'un', 'monde', '.', '</s>']
2026-05-14 11:30:38,379 - INFO - joeynmt.training - 	Source:     The arctic ice cap is , in a sense , the beating heart of the global climate system .
2026-05-14 11:30:38,379 - INFO - joeynmt.training - 	Reference:  On peut voir la calotte glacière arctique comme le coeur du système climatique global . On peut voir la calotte glacière arctique comme le coeur du système climatique global .
2026-05-14 11:30:38,379 - INFO - joeynmt.training - 	Hypothesis: Le chose de la monde , la monde , la monde , la monde , la monde est un monde .
2026-05-14 11:30:38,379 - INFO - joeynmt.training - Example #3
2026-05-14 11:30:38,379 - DEBUG - joeynmt.training - 	Tokenized source:     ['It', 'exp@@', 'ands', 'in', 'w@@', 'int@@', 'er', 'and', 'contr@@', 'acts', 'in', 'summer', '.']
2026-05-14 11:30:38,379 - DEBUG - joeynmt.training - 	Tokenized reference:  ['Elle', 's&apos;', 'ét@@', 'end', 'en', 'hi@@', 'ver', 'et', 'se', 'contr@@', 'acte', 'en', 'été', '.']
2026-05-14 11:30:38,379 - DEBUG - joeynmt.training - 	Tokenized hypothesis: ['Il', 'y', 'a', 'un', 'peu', 'de', 'la', 'monde', 'et', 'des', 'gens', 'et', 'et', 'des', 'gens', '.', '</s>']
2026-05-14 11:30:38,379 - INFO - joeynmt.training - 	Source:     It expands in winter and contracts in summer .
2026-05-14 11:30:38,379 - INFO - joeynmt.training - 	Reference:  Elle s&apos; étend en hiver et se contracte en été .
2026-05-14 11:30:38,379 - INFO - joeynmt.training - 	Hypothesis: Il y a un peu de la monde et des gens et et des gens .
2026-05-14 11:30:38,379 - INFO - joeynmt.training - Example #4
2026-05-14 11:30:38,379 - DEBUG - joeynmt.training - 	Tokenized source:     ['The', 'next', 'slide', 'I', 'show', 'you', 'will', 'be', 'a', 'rap@@', 'id', 'fas@@', 't-@@', 'forward', 'of', 'what', '&apos;s', 'happened', 'over', 'the', 'last', '25', 'years', '.']
2026-05-14 11:30:38,379 - DEBUG - joeynmt.training - 	Tokenized reference:  ['La', 'prochaine', 'di@@', 'apos@@', 'itive', 'que', 'je', 'vais', 'vous', 'montrer', 'est', 'une', 'vue', 'en', 'accél@@', 'éré', 'de', 'ce', 'qui', 's&apos;', 'est', 'passé', 'ces', '25', 'dernières', 'années', '.']
2026-05-14 11:30:38,379 - DEBUG - joeynmt.training - 	Tokenized hypothesis: ['Le', 'chose', 'que', 'je', 'vais', 'vous', 'avez', 'que', 'je', 'suis', 'que', 'je', 'vais', 'vous', 'avez', 'que', 'nous', 'avons', 'été', 'une', 'chose', 'de', 'la', 'monde', '.', '</s>']
2026-05-14 11:30:38,379 - INFO - joeynmt.training - 	Source:     The next slide I show you will be a rapid fast-forward of what &apos;s happened over the last 25 years .
2026-05-14 11:30:38,379 - INFO - joeynmt.training - 	Reference:  La prochaine diapositive que je vais vous montrer est une vue en accéléré de ce qui s&apos; est passé ces 25 dernières années .
2026-05-14 11:30:38,379 - INFO - joeynmt.training - 	Hypothesis: Le chose que je vais vous avez que je suis que je vais vous avez que nous avons été une chose de la monde .
2026-05-14 11:30:55,630 - INFO - joeynmt.training - Epoch   1, Step:     1100, Batch Loss:     3.366477, Batch Acc: 0.204529, Tokens per Sec:     4262, Lr: 0.000300
2026-05-14 11:31:13,023 - INFO - joeynmt.training - Epoch   1, Step:     1200, Batch Loss:     3.428023, Batch Acc: 0.213963, Tokens per Sec:     4384, Lr: 0.000300
2026-05-14 11:31:30,510 - INFO - joeynmt.training - Epoch   1, Step:     1300, Batch Loss:     3.120209, Batch Acc: 0.219933, Tokens per Sec:     4375, Lr: 0.000300
2026-05-14 11:31:47,591 - INFO - joeynmt.training - Epoch   1, Step:     1400, Batch Loss:     3.110106, Batch Acc: 0.223809, Tokens per Sec:     4218, Lr: 0.000300
2026-05-14 11:32:04,834 - INFO - joeynmt.training - Epoch   1, Step:     1500, Batch Loss:     3.013969, Batch Acc: 0.231623, Tokens per Sec:     4322, Lr: 0.000300
2026-05-14 11:32:04,835 - WARNING - joeynmt.helpers - `alpha` option is obsolete. Please use `beam_alpha`, instead.
2026-05-14 11:32:04,835 - INFO - joeynmt.prediction - Predicting 890 example(s)... (Greedy decoding with min_output_length=1, max_output_length=-1, return_prob='none', generate_unk=True, repetition_penalty=-1, no_repeat_ngram_size=-1)
2026-05-14 11:32:55,260 - INFO - joeynmt.prediction - Evaluation result (greedy) loss:   3.26, ppl:  26.14, acc:   0.21, generation: 50.4215[sec], evaluation: 0.0000[sec]
2026-05-14 11:32:55,261 - INFO - joeynmt.training - Hooray! New best validation result [ppl]!
2026-05-14 11:32:55,331 - INFO - joeynmt.training - Example #0
2026-05-14 11:32:55,331 - DEBUG - joeynmt.training - 	Tokenized source:     ['L@@', 'ast', 'year', 'I', 'showed', 'these', 'two', 'sli@@', 'des', 'so', 'that', 'demonstr@@', 'ate', 'that', 'the', 'ar@@', 'c@@', 'tic', 'ice', 'ca@@', 'p', ',', 'which', 'for', 'most', 'of', 'the', 'last', 'three', 'million', 'years', 'has', 'been', 'the', 'size', 'of', 'the', 'lower', '4@@', '8', 'states', ',', 'has', 'sh@@', 'run@@', 'k', 'by', '40', 'percent', '.']
2026-05-14 11:32:55,331 - DEBUG - joeynmt.training - 	Tokenized reference:  ['L&apos;', 'année', 'dernière', ',', 'je', 'vous', 'ai', 'présent@@', 'é', 'ces', 'deux', 'di@@', 'apos@@', 'iti@@', 'ves', 'qui', 'montr@@', 'aient', 'que', 'la', 'cal@@', 'ot@@', 'te', 'gl@@', 'ac@@', 'ière', 'ar@@', 'c@@', 'tique', ',', 'qui', 'pendant', 'ces', '3', 'derniers', 'millions', 'd&apos;', 'année', 'avait', 'la', 'taille', 'des', 'Etats-Unis', 'sans', 'l&apos;', 'Al@@', 'as@@', 'ka', ',', 'qui', 'pendant', 'ces', '3', 'derniers', 'millions', 'd&apos;', 'année', 'avait', 'la', 'taille', 'des', 'Etats-Unis', 'sans', 'l&apos;', 'Al@@', 'as@@', 'ka', ',', 'avait', 'di@@', 'minu@@', 'é', 'de', '40', '%', '.']
2026-05-14 11:32:55,331 - DEBUG - joeynmt.training - 	Tokenized hypothesis: ['La', 'première', ',', 'je', 'suis', 'en', 'fait', 'que', 'les', 'gens', 'qui', 'se', 'sont', 'des', 'gens', 'qui', 'se', 'sont', 'des', 'gens', 'qui', 'sont', 'des', 'gens', 'qui', 'se', 'sont', 'des', 'gens', 'qui', 'est', 'la', 'vie', 'de', 'la', 'vie', 'de', 'la', 'vie', 'de', 'la', 'vie', ',', 'le', 'monde', ',', 'le', 'monde', ',', 'le', 'monde', '.', '</s>']
2026-05-14 11:32:55,331 - INFO - joeynmt.training - 	Source:     Last year I showed these two slides so that demonstrate that the arctic ice cap , which for most of the last three million years has been the size of the lower 48 states , has shrunk by 40 percent .
2026-05-14 11:32:55,331 - INFO - joeynmt.training - 	Reference:  L&apos; année dernière , je vous ai présenté ces deux diapositives qui montraient que la calotte glacière arctique , qui pendant ces 3 derniers millions d&apos; année avait la taille des Etats-Unis sans l&apos; Alaska , qui pendant ces 3 derniers millions d&apos; année avait la taille des Etats-Unis sans l&apos; Alaska , avait diminué de 40 % .
2026-05-14 11:32:55,331 - INFO - joeynmt.training - 	Hypothesis: La première , je suis en fait que les gens qui se sont des gens qui se sont des gens qui sont des gens qui se sont des gens qui est la vie de la vie de la vie de la vie , le monde , le monde , le monde .
2026-05-14 11:32:55,331 - INFO - joeynmt.training - Example #1
2026-05-14 11:32:55,331 - DEBUG - joeynmt.training - 	Tokenized source:     ['But', 'this', 'underst@@', 'ates', 'the', 'seri@@', 'ousness', 'of', 'this', 'particular', 'problem', 'because', 'it', 'doesn', '&apos;t', 'show', 'the', 'th@@', 'ick@@', 'ness', 'of', 'the', 'ice', '.']
2026-05-14 11:32:55,331 - DEBUG - joeynmt.training - 	Tokenized reference:  ['Mais', 'ceci', 'tend', 'à', 'a@@', 'mo@@', 'ind@@', 'rir', 'le', 'problème', 'parce', 'qu&apos;', 'on', 'ne', 'voit', 'pas', 'l&apos;', 'ép@@', 'aiss@@', 'eur', 'de', 'la', 'glace', '.']
2026-05-14 11:32:55,331 - DEBUG - joeynmt.training - 	Tokenized hypothesis: ['Mais', 'ce', 'qui', 'n&apos;', 'est', 'pas', 'que', 'ce', 'qui', 'n&apos;', 'est', 'pas', 'que', 'le', 'monde', 'est', 'pas', 'que', 'le', 'monde', '.', '</s>']
2026-05-14 11:32:55,331 - INFO - joeynmt.training - 	Source:     But this understates the seriousness of this particular problem because it doesn &apos;t show the thickness of the ice .
2026-05-14 11:32:55,331 - INFO - joeynmt.training - 	Reference:  Mais ceci tend à amoindrir le problème parce qu&apos; on ne voit pas l&apos; épaisseur de la glace .
2026-05-14 11:32:55,331 - INFO - joeynmt.training - 	Hypothesis: Mais ce qui n&apos; est pas que ce qui n&apos; est pas que le monde est pas que le monde .
2026-05-14 11:32:55,331 - INFO - joeynmt.training - Example #2
2026-05-14 11:32:55,331 - DEBUG - joeynmt.training - 	Tokenized source:     ['The', 'ar@@', 'c@@', 'tic', 'ice', 'ca@@', 'p', 'is', ',', 'in', 'a', 'sense', ',', 'the', 'be@@', 'ating', 'heart', 'of', 'the', 'global', 'climate', 'system', '.']
2026-05-14 11:32:55,331 - DEBUG - joeynmt.training - 	Tokenized reference:  ['On', 'peut', 'voir', 'la', 'cal@@', 'ot@@', 'te', 'gl@@', 'ac@@', 'ière', 'ar@@', 'c@@', 'tique', 'comme', 'le', 'coeur', 'du', 'système', 'climatique', 'global', '.', 'On', 'peut', 'voir', 'la', 'cal@@', 'ot@@', 'te', 'gl@@', 'ac@@', 'ière', 'ar@@', 'c@@', 'tique', 'comme', 'le', 'coeur', 'du', 'système', 'climatique', 'global', '.']
2026-05-14 11:32:55,332 - DEBUG - joeynmt.training - 	Tokenized hypothesis: ['La', 'première', ',', 'c&apos;', 'est', 'la', 'première', 'fois', ',', 'c&apos;', 'est', 'un', 'peu', 'de', 'la', 'première', ',', 'le', 'monde', '.', '</s>']
2026-05-14 11:32:55,332 - INFO - joeynmt.training - 	Source:     The arctic ice cap is , in a sense , the beating heart of the global climate system .
2026-05-14 11:32:55,332 - INFO - joeynmt.training - 	Reference:  On peut voir la calotte glacière arctique comme le coeur du système climatique global . On peut voir la calotte glacière arctique comme le coeur du système climatique global .
2026-05-14 11:32:55,332 - INFO - joeynmt.training - 	Hypothesis: La première , c&apos; est la première fois , c&apos; est un peu de la première , le monde .
2026-05-14 11:32:55,332 - INFO - joeynmt.training - Example #3
2026-05-14 11:32:55,332 - DEBUG - joeynmt.training - 	Tokenized source:     ['It', 'exp@@', 'ands', 'in', 'w@@', 'int@@', 'er', 'and', 'contr@@', 'acts', 'in', 'summer', '.']
2026-05-14 11:32:55,332 - DEBUG - joeynmt.training - 	Tokenized reference:  ['Elle', 's&apos;', 'ét@@', 'end', 'en', 'hi@@', 'ver', 'et', 'se', 'contr@@', 'acte', 'en', 'été', '.']
2026-05-14 11:32:55,332 - DEBUG - joeynmt.training - 	Tokenized hypothesis: ['Il', 'y', 'a', 'un', 'peu', 'de', 'la', 'vie', 'et', 'de', 'la', 'vie', '.', '</s>']
2026-05-14 11:32:55,332 - INFO - joeynmt.training - 	Source:     It expands in winter and contracts in summer .
2026-05-14 11:32:55,332 - INFO - joeynmt.training - 	Reference:  Elle s&apos; étend en hiver et se contracte en été .
2026-05-14 11:32:55,332 - INFO - joeynmt.training - 	Hypothesis: Il y a un peu de la vie et de la vie .
2026-05-14 11:32:55,332 - INFO - joeynmt.training - Example #4
2026-05-14 11:32:55,332 - DEBUG - joeynmt.training - 	Tokenized source:     ['The', 'next', 'slide', 'I', 'show', 'you', 'will', 'be', 'a', 'rap@@', 'id', 'fas@@', 't-@@', 'forward', 'of', 'what', '&apos;s', 'happened', 'over', 'the', 'last', '25', 'years', '.']
2026-05-14 11:32:55,332 - DEBUG - joeynmt.training - 	Tokenized reference:  ['La', 'prochaine', 'di@@', 'apos@@', 'itive', 'que', 'je', 'vais', 'vous', 'montrer', 'est', 'une', 'vue', 'en', 'accél@@', 'éré', 'de', 'ce', 'qui', 's&apos;', 'est', 'passé', 'ces', '25', 'dernières', 'années', '.']
2026-05-14 11:32:55,332 - DEBUG - joeynmt.training - 	Tokenized hypothesis: ['La', 'première', 'chose', 'que', 'je', 'vais', 'vous', 'vous', 'vous', 'avez', 'une', 'fois', 'que', 'le', 'monde', 'est', 'que', 'le', 'monde', 'est', 'la', 'vie', '.', '</s>']
2026-05-14 11:32:55,332 - INFO - joeynmt.training - 	Source:     The next slide I show you will be a rapid fast-forward of what &apos;s happened over the last 25 years .
2026-05-14 11:32:55,332 - INFO - joeynmt.training - 	Reference:  La prochaine diapositive que je vais vous montrer est une vue en accéléré de ce qui s&apos; est passé ces 25 dernières années .
2026-05-14 11:32:55,332 - INFO - joeynmt.training - 	Hypothesis: La première chose que je vais vous vous vous avez une fois que le monde est que le monde est la vie .
2026-05-14 11:33:12,226 - INFO - joeynmt.training - Epoch   1, Step:     1600, Batch Loss:     3.048267, Batch Acc: 0.241691, Tokens per Sec:     4353, Lr: 0.000300
2026-05-14 11:33:28,994 - INFO - joeynmt.training - Epoch   1, Step:     1700, Batch Loss:     2.986360, Batch Acc: 0.248379, Tokens per Sec:     4406, Lr: 0.000300
2026-05-14 11:33:46,081 - INFO - joeynmt.training - Epoch   1, Step:     1800, Batch Loss:     2.978019, Batch Acc: 0.256058, Tokens per Sec:     4284, Lr: 0.000300
2026-05-14 11:34:04,251 - INFO - joeynmt.training - Epoch   1, Step:     1900, Batch Loss:     3.016414, Batch Acc: 0.262095, Tokens per Sec:     4074, Lr: 0.000300
2026-05-14 11:34:23,154 - INFO - joeynmt.training - Epoch   1, Step:     2000, Batch Loss:     2.848000, Batch Acc: 0.270271, Tokens per Sec:     3919, Lr: 0.000300
2026-05-14 11:34:23,154 - WARNING - joeynmt.helpers - `alpha` option is obsolete. Please use `beam_alpha`, instead.
2026-05-14 11:34:23,154 - INFO - joeynmt.prediction - Predicting 890 example(s)... (Greedy decoding with min_output_length=1, max_output_length=-1, return_prob='none', generate_unk=True, repetition_penalty=-1, no_repeat_ngram_size=-1)
2026-05-14 11:35:30,814 - INFO - joeynmt.prediction - Evaluation result (greedy) loss:   3.06, ppl:  21.38, acc:   0.24, generation: 67.6545[sec], evaluation: 0.0000[sec]
2026-05-14 11:35:30,815 - INFO - joeynmt.training - Hooray! New best validation result [ppl]!
2026-05-14 11:35:30,886 - INFO - joeynmt.training - Example #0
2026-05-14 11:35:30,886 - DEBUG - joeynmt.training - 	Tokenized source:     ['L@@', 'ast', 'year', 'I', 'showed', 'these', 'two', 'sli@@', 'des', 'so', 'that', 'demonstr@@', 'ate', 'that', 'the', 'ar@@', 'c@@', 'tic', 'ice', 'ca@@', 'p', ',', 'which', 'for', 'most', 'of', 'the', 'last', 'three', 'million', 'years', 'has', 'been', 'the', 'size', 'of', 'the', 'lower', '4@@', '8', 'states', ',', 'has', 'sh@@', 'run@@', 'k', 'by', '40', 'percent', '.']
2026-05-14 11:35:30,886 - DEBUG - joeynmt.training - 	Tokenized reference:  ['L&apos;', 'année', 'dernière', ',', 'je', 'vous', 'ai', 'présent@@', 'é', 'ces', 'deux', 'di@@', 'apos@@', 'iti@@', 'ves', 'qui', 'montr@@', 'aient', 'que', 'la', 'cal@@', 'ot@@', 'te', 'gl@@', 'ac@@', 'ière', 'ar@@', 'c@@', 'tique', ',', 'qui', 'pendant', 'ces', '3', 'derniers', 'millions', 'd&apos;', 'année', 'avait', 'la', 'taille', 'des', 'Etats-Unis', 'sans', 'l&apos;', 'Al@@', 'as@@', 'ka', ',', 'qui', 'pendant', 'ces', '3', 'derniers', 'millions', 'd&apos;', 'année', 'avait', 'la', 'taille', 'des', 'Etats-Unis', 'sans', 'l&apos;', 'Al@@', 'as@@', 'ka', ',', 'avait', 'di@@', 'minu@@', 'é', 'de', '40', '%', '.']
2026-05-14 11:35:30,886 - DEBUG - joeynmt.training - 	Tokenized hypothesis: ['Le', 'B@@', 'ème', 'a', 'été', 'été', 'ces', 'deux', 'deux', 'de', 'ces', 'deux', 'qui', 'a', 'été', 'été', 'été', 'été', 'en', 'train', 'de', 'la', 'plus', 'de', 'la', 'vie', 'a', 'été', 'été', 'été', 'été', 'été', 'été', 'de', 'la', 'vie', 'a', 'été', 'été', 'été', 'de', 'la', 'plus', 'de', 'la', 'plus', 'de', 'la', 'plus', 'de', 'la', 'vie', 'a', 'été', 'été', 'été', 'été', '.', '</s>']
2026-05-14 11:35:30,886 - INFO - joeynmt.training - 	Source:     Last year I showed these two slides so that demonstrate that the arctic ice cap , which for most of the last three million years has been the size of the lower 48 states , has shrunk by 40 percent .
2026-05-14 11:35:30,886 - INFO - joeynmt.training - 	Reference:  L&apos; année dernière , je vous ai présenté ces deux diapositives qui montraient que la calotte glacière arctique , qui pendant ces 3 derniers millions d&apos; année avait la taille des Etats-Unis sans l&apos; Alaska , qui pendant ces 3 derniers millions d&apos; année avait la taille des Etats-Unis sans l&apos; Alaska , avait diminué de 40 % .
2026-05-14 11:35:30,886 - INFO - joeynmt.training - 	Hypothesis: Le Bème a été été ces deux deux de ces deux qui a été été été été en train de la plus de la vie a été été été été été été de la vie a été été été de la plus de la plus de la plus de la vie a été été été été .
2026-05-14 11:35:30,886 - INFO - joeynmt.training - Example #1
2026-05-14 11:35:30,886 - DEBUG - joeynmt.training - 	Tokenized source:     ['But', 'this', 'underst@@', 'ates', 'the', 'seri@@', 'ousness', 'of', 'this', 'particular', 'problem', 'because', 'it', 'doesn', '&apos;t', 'show', 'the', 'th@@', 'ick@@', 'ness', 'of', 'the', 'ice', '.']
2026-05-14 11:35:30,886 - DEBUG - joeynmt.training - 	Tokenized reference:  ['Mais', 'ceci', 'tend', 'à', 'a@@', 'mo@@', 'ind@@', 'rir', 'le', 'problème', 'parce', 'qu&apos;', 'on', 'ne', 'voit', 'pas', 'l&apos;', 'ép@@', 'aiss@@', 'eur', 'de', 'la', 'glace', '.']
2026-05-14 11:35:30,886 - DEBUG - joeynmt.training - 	Tokenized hypothesis: ['Mais', 'ce', 'qui', 'est', 'la', 'vie', 'de', 'la', 'façon', 'de', 'la', 'façon', 'de', 'la', 'façon', 'ne', 'pas', 'le', 'plus', 'de', 'la', 'vie', '.', '</s>']
2026-05-14 11:35:30,886 - INFO - joeynmt.training - 	Source:     But this understates the seriousness of this particular problem because it doesn &apos;t show the thickness of the ice .
2026-05-14 11:35:30,886 - INFO - joeynmt.training - 	Reference:  Mais ceci tend à amoindrir le problème parce qu&apos; on ne voit pas l&apos; épaisseur de la glace .
2026-05-14 11:35:30,886 - INFO - joeynmt.training - 	Hypothesis: Mais ce qui est la vie de la façon de la façon de la façon ne pas le plus de la vie .
2026-05-14 11:35:30,886 - INFO - joeynmt.training - Example #2
2026-05-14 11:35:30,886 - DEBUG - joeynmt.training - 	Tokenized source:     ['The', 'ar@@', 'c@@', 'tic', 'ice', 'ca@@', 'p', 'is', ',', 'in', 'a', 'sense', ',', 'the', 'be@@', 'ating', 'heart', 'of', 'the', 'global', 'climate', 'system', '.']
2026-05-14 11:35:30,886 - DEBUG - joeynmt.training - 	Tokenized reference:  ['On', 'peut', 'voir', 'la', 'cal@@', 'ot@@', 'te', 'gl@@', 'ac@@', 'ière', 'ar@@', 'c@@', 'tique', 'comme', 'le', 'coeur', 'du', 'système', 'climatique', 'global', '.', 'On', 'peut', 'voir', 'la', 'cal@@', 'ot@@', 'te', 'gl@@', 'ac@@', 'ière', 'ar@@', 'c@@', 'tique', 'comme', 'le', 'coeur', 'du', 'système', 'climatique', 'global', '.']
2026-05-14 11:35:30,886 - DEBUG - joeynmt.training - 	Tokenized hypothesis: ['La', 'première', 'est', 'une', 'nouvelle', 'de', 'la', 'plus', 'de', 'la', 'plus', 'de', 'la', 'la', 'plus', 'de', 'la', 'plus', 'de', 'la', 'plus', 'de', 'la', 'plus', 'plus', 'de', 'la', 'plus', 'plus', 'de', 'la', 'plus', 'plus', '.', '</s>']
2026-05-14 11:35:30,887 - INFO - joeynmt.training - 	Source:     The arctic ice cap is , in a sense , the beating heart of the global climate system .
2026-05-14 11:35:30,887 - INFO - joeynmt.training - 	Reference:  On peut voir la calotte glacière arctique comme le coeur du système climatique global . On peut voir la calotte glacière arctique comme le coeur du système climatique global .
2026-05-14 11:35:30,887 - INFO - joeynmt.training - 	Hypothesis: La première est une nouvelle de la plus de la plus de la la plus de la plus de la plus de la plus plus de la plus plus de la plus plus .
2026-05-14 11:35:30,887 - INFO - joeynmt.training - Example #3
2026-05-14 11:35:30,887 - DEBUG - joeynmt.training - 	Tokenized source:     ['It', 'exp@@', 'ands', 'in', 'w@@', 'int@@', 'er', 'and', 'contr@@', 'acts', 'in', 'summer', '.']
2026-05-14 11:35:30,887 - DEBUG - joeynmt.training - 	Tokenized reference:  ['Elle', 's&apos;', 'ét@@', 'end', 'en', 'hi@@', 'ver', 'et', 'se', 'contr@@', 'acte', 'en', 'été', '.']
2026-05-14 11:35:30,887 - DEBUG - joeynmt.training - 	Tokenized hypothesis: ['Il', 'y', 'a', 'des', 'ch@@', 'ées', 'et', 'de', 'la', 'vie', 'et', 'de', 'l&apos;', 'eau', '.', '</s>']
2026-05-14 11:35:30,887 - INFO - joeynmt.training - 	Source:     It expands in winter and contracts in summer .
2026-05-14 11:35:30,887 - INFO - joeynmt.training - 	Reference:  Elle s&apos; étend en hiver et se contracte en été .
2026-05-14 11:35:30,887 - INFO - joeynmt.training - 	Hypothesis: Il y a des chées et de la vie et de l&apos; eau .
2026-05-14 11:35:30,887 - INFO - joeynmt.training - Example #4
2026-05-14 11:35:30,887 - DEBUG - joeynmt.training - 	Tokenized source:     ['The', 'next', 'slide', 'I', 'show', 'you', 'will', 'be', 'a', 'rap@@', 'id', 'fas@@', 't-@@', 'forward', 'of', 'what', '&apos;s', 'happened', 'over', 'the', 'last', '25', 'years', '.']
2026-05-14 11:35:30,887 - DEBUG - joeynmt.training - 	Tokenized reference:  ['La', 'prochaine', 'di@@', 'apos@@', 'itive', 'que', 'je', 'vais', 'vous', 'montrer', 'est', 'une', 'vue', 'en', 'accél@@', 'éré', 'de', 'ce', 'qui', 's&apos;', 'est', 'passé', 'ces', '25', 'dernières', 'années', '.']
2026-05-14 11:35:30,887 - DEBUG - joeynmt.training - 	Tokenized hypothesis: ['Le', 'premier', 'premier', 'que', 'vous', 'avez', 'une', 'bonne', 'façon', 'de', 'la', 'vie', 'est', 'une', 'nouvelle', 'de', 'ce', 'qui', 'est', 'la', 'plus', 'tard', '.', '</s>']
2026-05-14 11:35:30,887 - INFO - joeynmt.training - 	Source:     The next slide I show you will be a rapid fast-forward of what &apos;s happened over the last 25 years .
2026-05-14 11:35:30,887 - INFO - joeynmt.training - 	Reference:  La prochaine diapositive que je vais vous montrer est une vue en accéléré de ce qui s&apos; est passé ces 25 dernières années .
2026-05-14 11:35:30,887 - INFO - joeynmt.training - 	Hypothesis: Le premier premier que vous avez une bonne façon de la vie est une nouvelle de ce qui est la plus tard .
2026-05-14 11:35:50,004 - INFO - joeynmt.training - Epoch   1, Step:     2100, Batch Loss:     2.843258, Batch Acc: 0.282013, Tokens per Sec:     3886, Lr: 0.000300
2026-05-14 11:36:09,295 - INFO - joeynmt.training - Epoch   1, Step:     2200, Batch Loss:     2.978617, Batch Acc: 0.297038, Tokens per Sec:     3978, Lr: 0.000300
2026-05-14 11:36:28,374 - INFO - joeynmt.training - Epoch   1, Step:     2300, Batch Loss:     2.764784, Batch Acc: 0.298848, Tokens per Sec:     3996, Lr: 0.000300
2026-05-14 11:36:47,501 - INFO - joeynmt.training - Epoch   1, Step:     2400, Batch Loss:     2.689181, Batch Acc: 0.315993, Tokens per Sec:     4047, Lr: 0.000300
2026-05-14 11:37:06,210 - INFO - joeynmt.training - Epoch   1, Step:     2500, Batch Loss:     2.456914, Batch Acc: 0.324642, Tokens per Sec:     3901, Lr: 0.000300
2026-05-14 11:37:06,211 - WARNING - joeynmt.helpers - `alpha` option is obsolete. Please use `beam_alpha`, instead.
2026-05-14 11:37:06,211 - INFO - joeynmt.prediction - Predicting 890 example(s)... (Greedy decoding with min_output_length=1, max_output_length=-1, return_prob='none', generate_unk=True, repetition_penalty=-1, no_repeat_ngram_size=-1)
2026-05-14 11:37:52,072 - INFO - joeynmt.prediction - Evaluation result (greedy) loss:   2.85, ppl:  17.33, acc:   0.29, generation: 45.8570[sec], evaluation: 0.0000[sec]
2026-05-14 11:37:52,073 - INFO - joeynmt.training - Hooray! New best validation result [ppl]!
2026-05-14 11:37:52,146 - INFO - joeynmt.training - Example #0
2026-05-14 11:37:52,146 - DEBUG - joeynmt.training - 	Tokenized source:     ['L@@', 'ast', 'year', 'I', 'showed', 'these', 'two', 'sli@@', 'des', 'so', 'that', 'demonstr@@', 'ate', 'that', 'the', 'ar@@', 'c@@', 'tic', 'ice', 'ca@@', 'p', ',', 'which', 'for', 'most', 'of', 'the', 'last', 'three', 'million', 'years', 'has', 'been', 'the', 'size', 'of', 'the', 'lower', '4@@', '8', 'states', ',', 'has', 'sh@@', 'run@@', 'k', 'by', '40', 'percent', '.']
2026-05-14 11:37:52,146 - DEBUG - joeynmt.training - 	Tokenized reference:  ['L&apos;', 'année', 'dernière', ',', 'je', 'vous', 'ai', 'présent@@', 'é', 'ces', 'deux', 'di@@', 'apos@@', 'iti@@', 'ves', 'qui', 'montr@@', 'aient', 'que', 'la', 'cal@@', 'ot@@', 'te', 'gl@@', 'ac@@', 'ière', 'ar@@', 'c@@', 'tique', ',', 'qui', 'pendant', 'ces', '3', 'derniers', 'millions', 'd&apos;', 'année', 'avait', 'la', 'taille', 'des', 'Etats-Unis', 'sans', 'l&apos;', 'Al@@', 'as@@', 'ka', ',', 'qui', 'pendant', 'ces', '3', 'derniers', 'millions', 'd&apos;', 'année', 'avait', 'la', 'taille', 'des', 'Etats-Unis', 'sans', 'l&apos;', 'Al@@', 'as@@', 'ka', ',', 'avait', 'di@@', 'minu@@', 'é', 'de', '40', '%', '.']
2026-05-14 11:37:52,146 - DEBUG - joeynmt.training - 	Tokenized hypothesis: ['La', 'première', 'année', 'que', 'j&apos;', 'ai', 'vu', 'ces', 'deux', 'millions', 'de', 'ces', 'deux', 'millions', 'de', 'personnes', 'qui', 'est', 'la', 'plus', 'grande', 'grande', ',', 'pour', 'les', 'plus', 'de', 'la', 'plus', 'de', 'la', 'plupart', 'des', 'millions', 'de', 'dollars', ',', 'a', 'été', 'été', 'des', 'millions', 'de', 'dollars', ',', 'a', 'été', 'été', 'des', 'millions', 'de', 'dollars', '.', '</s>']
2026-05-14 11:37:52,147 - INFO - joeynmt.training - 	Source:     Last year I showed these two slides so that demonstrate that the arctic ice cap , which for most of the last three million years has been the size of the lower 48 states , has shrunk by 40 percent .
2026-05-14 11:37:52,147 - INFO - joeynmt.training - 	Reference:  L&apos; année dernière , je vous ai présenté ces deux diapositives qui montraient que la calotte glacière arctique , qui pendant ces 3 derniers millions d&apos; année avait la taille des Etats-Unis sans l&apos; Alaska , qui pendant ces 3 derniers millions d&apos; année avait la taille des Etats-Unis sans l&apos; Alaska , avait diminué de 40 % .
2026-05-14 11:37:52,147 - INFO - joeynmt.training - 	Hypothesis: La première année que j&apos; ai vu ces deux millions de ces deux millions de personnes qui est la plus grande grande , pour les plus de la plus de la plupart des millions de dollars , a été été des millions de dollars , a été été des millions de dollars .
2026-05-14 11:37:52,147 - INFO - joeynmt.training - Example #1
2026-05-14 11:37:52,147 - DEBUG - joeynmt.training - 	Tokenized source:     ['But', 'this', 'underst@@', 'ates', 'the', 'seri@@', 'ousness', 'of', 'this', 'particular', 'problem', 'because', 'it', 'doesn', '&apos;t', 'show', 'the', 'th@@', 'ick@@', 'ness', 'of', 'the', 'ice', '.']
2026-05-14 11:37:52,147 - DEBUG - joeynmt.training - 	Tokenized reference:  ['Mais', 'ceci', 'tend', 'à', 'a@@', 'mo@@', 'ind@@', 'rir', 'le', 'problème', 'parce', 'qu&apos;', 'on', 'ne', 'voit', 'pas', 'l&apos;', 'ép@@', 'aiss@@', 'eur', 'de', 'la', 'glace', '.']
2026-05-14 11:37:52,147 - DEBUG - joeynmt.training - 	Tokenized hypothesis: ['Mais', 'ce', 'qui', 'est', 'le', 'problème', 'de', 'cette', 'idée', 'de', 'problème', 'parce', 'que', 'ça', 'ne', 's&apos;', 'est', 'pas', 'la', 'surface', 'de', 'la', 'terre', '.', '</s>']
2026-05-14 11:37:52,147 - INFO - joeynmt.training - 	Source:     But this understates the seriousness of this particular problem because it doesn &apos;t show the thickness of the ice .
2026-05-14 11:37:52,147 - INFO - joeynmt.training - 	Reference:  Mais ceci tend à amoindrir le problème parce qu&apos; on ne voit pas l&apos; épaisseur de la glace .
2026-05-14 11:37:52,147 - INFO - joeynmt.training - 	Hypothesis: Mais ce qui est le problème de cette idée de problème parce que ça ne s&apos; est pas la surface de la terre .
2026-05-14 11:37:52,147 - INFO - joeynmt.training - Example #2
2026-05-14 11:37:52,147 - DEBUG - joeynmt.training - 	Tokenized source:     ['The', 'ar@@', 'c@@', 'tic', 'ice', 'ca@@', 'p', 'is', ',', 'in', 'a', 'sense', ',', 'the', 'be@@', 'ating', 'heart', 'of', 'the', 'global', 'climate', 'system', '.']
2026-05-14 11:37:52,147 - DEBUG - joeynmt.training - 	Tokenized reference:  ['On', 'peut', 'voir', 'la', 'cal@@', 'ot@@', 'te', 'gl@@', 'ac@@', 'ière', 'ar@@', 'c@@', 'tique', 'comme', 'le', 'coeur', 'du', 'système', 'climatique', 'global', '.', 'On', 'peut', 'voir', 'la', 'cal@@', 'ot@@', 'te', 'gl@@', 'ac@@', 'ière', 'ar@@', 'c@@', 'tique', 'comme', 'le', 'coeur', 'du', 'système', 'climatique', 'global', '.']
2026-05-14 11:37:52,147 - DEBUG - joeynmt.training - 	Tokenized hypothesis: ['Le', 'système', 'de', 'la', 'nature', 'est', 'de', 'la', 'nature', ',', 'en', 'une', 'façon', 'de', 'la', 'planète', ',', 'le', 'système', 'du', 'système', '.', '</s>']
2026-05-14 11:37:52,147 - INFO - joeynmt.training - 	Source:     The arctic ice cap is , in a sense , the beating heart of the global climate system .
2026-05-14 11:37:52,147 - INFO - joeynmt.training - 	Reference:  On peut voir la calotte glacière arctique comme le coeur du système climatique global . On peut voir la calotte glacière arctique comme le coeur du système climatique global .
2026-05-14 11:37:52,147 - INFO - joeynmt.training - 	Hypothesis: Le système de la nature est de la nature , en une façon de la planète , le système du système .
2026-05-14 11:37:52,147 - INFO - joeynmt.training - Example #3
2026-05-14 11:37:52,147 - DEBUG - joeynmt.training - 	Tokenized source:     ['It', 'exp@@', 'ands', 'in', 'w@@', 'int@@', 'er', 'and', 'contr@@', 'acts', 'in', 'summer', '.']
2026-05-14 11:37:52,147 - DEBUG - joeynmt.training - 	Tokenized reference:  ['Elle', 's&apos;', 'ét@@', 'end', 'en', 'hi@@', 'ver', 'et', 'se', 'contr@@', 'acte', 'en', 'été', '.']
2026-05-14 11:37:52,147 - DEBUG - joeynmt.training - 	Tokenized hypothesis: ['Il', 's&apos;', 'agit', 'de', 'la', 'dé@@', 'p@@', 'age', 'et', 'de', 'la', 'Chine', '.', '</s>']
2026-05-14 11:37:52,147 - INFO - joeynmt.training - 	Source:     It expands in winter and contracts in summer .
2026-05-14 11:37:52,147 - INFO - joeynmt.training - 	Reference:  Elle s&apos; étend en hiver et se contracte en été .
2026-05-14 11:37:52,147 - INFO - joeynmt.training - 	Hypothesis: Il s&apos; agit de la dépage et de la Chine .
2026-05-14 11:37:52,147 - INFO - joeynmt.training - Example #4
2026-05-14 11:37:52,147 - DEBUG - joeynmt.training - 	Tokenized source:     ['The', 'next', 'slide', 'I', 'show', 'you', 'will', 'be', 'a', 'rap@@', 'id', 'fas@@', 't-@@', 'forward', 'of', 'what', '&apos;s', 'happened', 'over', 'the', 'last', '25', 'years', '.']
2026-05-14 11:37:52,147 - DEBUG - joeynmt.training - 	Tokenized reference:  ['La', 'prochaine', 'di@@', 'apos@@', 'itive', 'que', 'je', 'vais', 'vous', 'montrer', 'est', 'une', 'vue', 'en', 'accél@@', 'éré', 'de', 'ce', 'qui', 's&apos;', 'est', 'passé', 'ces', '25', 'dernières', 'années', '.']
2026-05-14 11:37:52,147 - DEBUG - joeynmt.training - 	Tokenized hypothesis: ['Le', 'premier', 'que', 'je', 'vous', 'ai', 'fait', 'une', 'ré@@', 'tro@@', 'le', '.', '</s>']
2026-05-14 11:37:52,147 - INFO - joeynmt.training - 	Source:     The next slide I show you will be a rapid fast-forward of what &apos;s happened over the last 25 years .
2026-05-14 11:37:52,147 - INFO - joeynmt.training - 	Reference:  La prochaine diapositive que je vais vous montrer est une vue en accéléré de ce qui s&apos; est passé ces 25 dernières années .
2026-05-14 11:37:52,147 - INFO - joeynmt.training - 	Hypothesis: Le premier que je vous ai fait une rétrole .
2026-05-14 11:38:10,781 - INFO - joeynmt.training - Epoch   1, Step:     2600, Batch Loss:     2.569051, Batch Acc: 0.331213, Tokens per Sec:     4144, Lr: 0.000300
2026-05-14 11:38:27,314 - INFO - joeynmt.training - Epoch   1, Step:     2700, Batch Loss:     2.496723, Batch Acc: 0.346256, Tokens per Sec:     4543, Lr: 0.000300
2026-05-14 11:38:44,704 - INFO - joeynmt.training - Epoch   1, Step:     2800, Batch Loss:     2.418968, Batch Acc: 0.358017, Tokens per Sec:     4317, Lr: 0.000300
2026-05-14 11:39:01,484 - INFO - joeynmt.training - Epoch   1, Step:     2900, Batch Loss:     2.553594, Batch Acc: 0.364910, Tokens per Sec:     4430, Lr: 0.000300
2026-05-14 11:39:17,946 - INFO - joeynmt.training - Epoch   1, Step:     3000, Batch Loss:     2.531445, Batch Acc: 0.375740, Tokens per Sec:     4537, Lr: 0.000300
2026-05-14 11:39:17,946 - WARNING - joeynmt.helpers - `alpha` option is obsolete. Please use `beam_alpha`, instead.
2026-05-14 11:39:17,946 - INFO - joeynmt.prediction - Predicting 890 example(s)... (Greedy decoding with min_output_length=1, max_output_length=-1, return_prob='none', generate_unk=True, repetition_penalty=-1, no_repeat_ngram_size=-1)
2026-05-14 11:40:06,253 - INFO - joeynmt.prediction - Evaluation result (greedy) loss:   2.64, ppl:  14.07, acc:   0.33, generation: 48.3020[sec], evaluation: 0.0000[sec]
2026-05-14 11:40:06,254 - INFO - joeynmt.training - Hooray! New best validation result [ppl]!
2026-05-14 11:40:06,321 - INFO - joeynmt.helpers - delete models/bpe_8k/500.ckpt
2026-05-14 11:40:06,324 - INFO - joeynmt.training - Example #0
2026-05-14 11:40:06,324 - DEBUG - joeynmt.training - 	Tokenized source:     ['L@@', 'ast', 'year', 'I', 'showed', 'these', 'two', 'sli@@', 'des', 'so', 'that', 'demonstr@@', 'ate', 'that', 'the', 'ar@@', 'c@@', 'tic', 'ice', 'ca@@', 'p', ',', 'which', 'for', 'most', 'of', 'the', 'last', 'three', 'million', 'years', 'has', 'been', 'the', 'size', 'of', 'the', 'lower', '4@@', '8', 'states', ',', 'has', 'sh@@', 'run@@', 'k', 'by', '40', 'percent', '.']
2026-05-14 11:40:06,324 - DEBUG - joeynmt.training - 	Tokenized reference:  ['L&apos;', 'année', 'dernière', ',', 'je', 'vous', 'ai', 'présent@@', 'é', 'ces', 'deux', 'di@@', 'apos@@', 'iti@@', 'ves', 'qui', 'montr@@', 'aient', 'que', 'la', 'cal@@', 'ot@@', 'te', 'gl@@', 'ac@@', 'ière', 'ar@@', 'c@@', 'tique', ',', 'qui', 'pendant', 'ces', '3', 'derniers', 'millions', 'd&apos;', 'année', 'avait', 'la', 'taille', 'des', 'Etats-Unis', 'sans', 'l&apos;', 'Al@@', 'as@@', 'ka', ',', 'qui', 'pendant', 'ces', '3', 'derniers', 'millions', 'd&apos;', 'année', 'avait', 'la', 'taille', 'des', 'Etats-Unis', 'sans', 'l&apos;', 'Al@@', 'as@@', 'ka', ',', 'avait', 'di@@', 'minu@@', 'é', 'de', '40', '%', '.']
2026-05-14 11:40:06,324 - DEBUG - joeynmt.training - 	Tokenized hypothesis: ['La', 'année', ',', 'j&apos;', 'ai', 'vu', 'ces', 'deux', 'deux', 'deux', 'ans', 'a', 'été', 'de', 'cette', 'forme', 'de', 'la', 'lumière', 'de', 'la', 'moitié', 'de', 'la', 'plus', 'de', 'la', 'première', 'fois', 'a', 'été', 'le', 'plus', 'de', 'la', 'taille', 'de', 'la', 'taille', 'de', 'la', 'taille', 'de', 'la', 'taille', 'a', 'a', 'été', 'de', '50', '%', 'de', '50', '%', '.', '</s>']
2026-05-14 11:40:06,324 - INFO - joeynmt.training - 	Source:     Last year I showed these two slides so that demonstrate that the arctic ice cap , which for most of the last three million years has been the size of the lower 48 states , has shrunk by 40 percent .
2026-05-14 11:40:06,324 - INFO - joeynmt.training - 	Reference:  L&apos; année dernière , je vous ai présenté ces deux diapositives qui montraient que la calotte glacière arctique , qui pendant ces 3 derniers millions d&apos; année avait la taille des Etats-Unis sans l&apos; Alaska , qui pendant ces 3 derniers millions d&apos; année avait la taille des Etats-Unis sans l&apos; Alaska , avait diminué de 40 % .
2026-05-14 11:40:06,324 - INFO - joeynmt.training - 	Hypothesis: La année , j&apos; ai vu ces deux deux deux ans a été de cette forme de la lumière de la moitié de la plus de la première fois a été le plus de la taille de la taille de la taille de la taille a a été de 50 % de 50 % .
2026-05-14 11:40:06,324 - INFO - joeynmt.training - Example #1
2026-05-14 11:40:06,325 - DEBUG - joeynmt.training - 	Tokenized source:     ['But', 'this', 'underst@@', 'ates', 'the', 'seri@@', 'ousness', 'of', 'this', 'particular', 'problem', 'because', 'it', 'doesn', '&apos;t', 'show', 'the', 'th@@', 'ick@@', 'ness', 'of', 'the', 'ice', '.']
2026-05-14 11:40:06,325 - DEBUG - joeynmt.training - 	Tokenized reference:  ['Mais', 'ceci', 'tend', 'à', 'a@@', 'mo@@', 'ind@@', 'rir', 'le', 'problème', 'parce', 'qu&apos;', 'on', 'ne', 'voit', 'pas', 'l&apos;', 'ép@@', 'aiss@@', 'eur', 'de', 'la', 'glace', '.']
2026-05-14 11:40:06,325 - DEBUG - joeynmt.training - 	Tokenized hypothesis: ['Mais', 'ça', 'a', 'fait', 'le', 'problème', 'de', 'cette', 'partie', 'de', 'cette', 'cette', 'partie', 'parce', 'que', 'c&apos;', 'est', 'le', 'problème', 'de', 'la', 'rue', '.', '</s>']
2026-05-14 11:40:06,325 - INFO - joeynmt.training - 	Source:     But this understates the seriousness of this particular problem because it doesn &apos;t show the thickness of the ice .
2026-05-14 11:40:06,325 - INFO - joeynmt.training - 	Reference:  Mais ceci tend à amoindrir le problème parce qu&apos; on ne voit pas l&apos; épaisseur de la glace .
2026-05-14 11:40:06,325 - INFO - joeynmt.training - 	Hypothesis: Mais ça a fait le problème de cette partie de cette cette partie parce que c&apos; est le problème de la rue .
2026-05-14 11:40:06,325 - INFO - joeynmt.training - Example #2
2026-05-14 11:40:06,325 - DEBUG - joeynmt.training - 	Tokenized source:     ['The', 'ar@@', 'c@@', 'tic', 'ice', 'ca@@', 'p', 'is', ',', 'in', 'a', 'sense', ',', 'the', 'be@@', 'ating', 'heart', 'of', 'the', 'global', 'climate', 'system', '.']
2026-05-14 11:40:06,325 - DEBUG - joeynmt.training - 	Tokenized reference:  ['On', 'peut', 'voir', 'la', 'cal@@', 'ot@@', 'te', 'gl@@', 'ac@@', 'ière', 'ar@@', 'c@@', 'tique', 'comme', 'le', 'coeur', 'du', 'système', 'climatique', 'global', '.', 'On', 'peut', 'voir', 'la', 'cal@@', 'ot@@', 'te', 'gl@@', 'ac@@', 'ière', 'ar@@', 'c@@', 'tique', 'comme', 'le', 'coeur', 'du', 'système', 'climatique', 'global', '.']
2026-05-14 11:40:06,325 - DEBUG - joeynmt.training - 	Tokenized hypothesis: ['Le', 'système', 'de', 'la', 'rue', 'est', ',', 'dans', 'un', 'sens', ',', 'dans', 'un', 'sens', 'de', 'l&apos;', 'environnement', ',', 'le', 'système', 'climatique', 'climatique', 'climatique', '.', '</s>']
2026-05-14 11:40:06,325 - INFO - joeynmt.training - 	Source:     The arctic ice cap is , in a sense , the beating heart of the global climate system .
2026-05-14 11:40:06,325 - INFO - joeynmt.training - 	Reference:  On peut voir la calotte glacière arctique comme le coeur du système climatique global . On peut voir la calotte glacière arctique comme le coeur du système climatique global .
2026-05-14 11:40:06,325 - INFO - joeynmt.training - 	Hypothesis: Le système de la rue est , dans un sens , dans un sens de l&apos; environnement , le système climatique climatique climatique .
2026-05-14 11:40:06,325 - INFO - joeynmt.training - Example #3
2026-05-14 11:40:06,325 - DEBUG - joeynmt.training - 	Tokenized source:     ['It', 'exp@@', 'ands', 'in', 'w@@', 'int@@', 'er', 'and', 'contr@@', 'acts', 'in', 'summer', '.']
2026-05-14 11:40:06,325 - DEBUG - joeynmt.training - 	Tokenized reference:  ['Elle', 's&apos;', 'ét@@', 'end', 'en', 'hi@@', 'ver', 'et', 'se', 'contr@@', 'acte', 'en', 'été', '.']
2026-05-14 11:40:06,325 - DEBUG - joeynmt.training - 	Tokenized hypothesis: ['Il', 's&apos;', 'est', 'de', 'l&apos;', 'eau', 'et', 'de', 'l&apos;', 'été', '.', '</s>']
2026-05-14 11:40:06,325 - INFO - joeynmt.training - 	Source:     It expands in winter and contracts in summer .
2026-05-14 11:40:06,325 - INFO - joeynmt.training - 	Reference:  Elle s&apos; étend en hiver et se contracte en été .
2026-05-14 11:40:06,325 - INFO - joeynmt.training - 	Hypothesis: Il s&apos; est de l&apos; eau et de l&apos; été .
2026-05-14 11:40:06,325 - INFO - joeynmt.training - Example #4
2026-05-14 11:40:06,325 - DEBUG - joeynmt.training - 	Tokenized source:     ['The', 'next', 'slide', 'I', 'show', 'you', 'will', 'be', 'a', 'rap@@', 'id', 'fas@@', 't-@@', 'forward', 'of', 'what', '&apos;s', 'happened', 'over', 'the', 'last', '25', 'years', '.']
2026-05-14 11:40:06,325 - DEBUG - joeynmt.training - 	Tokenized reference:  ['La', 'prochaine', 'di@@', 'apos@@', 'itive', 'que', 'je', 'vais', 'vous', 'montrer', 'est', 'une', 'vue', 'en', 'accél@@', 'éré', 'de', 'ce', 'qui', 's&apos;', 'est', 'passé', 'ces', '25', 'dernières', 'années', '.']
2026-05-14 11:40:06,325 - DEBUG - joeynmt.training - 	Tokenized hypothesis: ['Le', 'premier', 'de', 'vous', 'montrer', 'un', 'peu', 'de', 'la', 'forme', 'de', 'ce', 'qui', 'est', 'passé', 'au', 'moment', 'de', 'ce', 'qui', 'est', 'passé', 'au', 'moment', 'de', 'la', 'dernière', 'dernière', '.', '</s>']
2026-05-14 11:40:06,325 - INFO - joeynmt.training - 	Source:     The next slide I show you will be a rapid fast-forward of what &apos;s happened over the last 25 years .
2026-05-14 11:40:06,325 - INFO - joeynmt.training - 	Reference:  La prochaine diapositive que je vais vous montrer est une vue en accéléré de ce qui s&apos; est passé ces 25 dernières années .
2026-05-14 11:40:06,325 - INFO - joeynmt.training - 	Hypothesis: Le premier de vous montrer un peu de la forme de ce qui est passé au moment de ce qui est passé au moment de la dernière dernière .
2026-05-14 11:40:22,524 - INFO - joeynmt.training - Epoch   1, Step:     3100, Batch Loss:     2.398921, Batch Acc: 0.382702, Tokens per Sec:     4556, Lr: 0.000300
2026-05-14 11:40:38,333 - INFO - joeynmt.training - Epoch   1, Step:     3200, Batch Loss:     2.323003, Batch Acc: 0.392467, Tokens per Sec:     4713, Lr: 0.000300
2026-05-14 11:40:53,951 - INFO - joeynmt.training - Epoch   1, Step:     3300, Batch Loss:     2.293510, Batch Acc: 0.406096, Tokens per Sec:     4897, Lr: 0.000300
2026-05-14 11:41:09,752 - INFO - joeynmt.training - Epoch   1, Step:     3400, Batch Loss:     2.612136, Batch Acc: 0.411100, Tokens per Sec:     4776, Lr: 0.000300
2026-05-14 11:41:25,778 - INFO - joeynmt.training - Epoch   1, Step:     3500, Batch Loss:     2.264653, Batch Acc: 0.417894, Tokens per Sec:     4661, Lr: 0.000300
2026-05-14 11:41:25,778 - WARNING - joeynmt.helpers - `alpha` option is obsolete. Please use `beam_alpha`, instead.
2026-05-14 11:41:25,778 - INFO - joeynmt.prediction - Predicting 890 example(s)... (Greedy decoding with min_output_length=1, max_output_length=-1, return_prob='none', generate_unk=True, repetition_penalty=-1, no_repeat_ngram_size=-1)
2026-05-14 11:42:14,950 - INFO - joeynmt.prediction - Evaluation result (greedy) loss:   2.47, ppl:  11.77, acc:   0.37, generation: 49.1667[sec], evaluation: 0.0000[sec]
2026-05-14 11:42:14,950 - INFO - joeynmt.training - Hooray! New best validation result [ppl]!
2026-05-14 11:42:15,017 - INFO - joeynmt.helpers - delete models/bpe_8k/1000.ckpt
2026-05-14 11:42:15,023 - INFO - joeynmt.training - Example #0
2026-05-14 11:42:15,023 - DEBUG - joeynmt.training - 	Tokenized source:     ['L@@', 'ast', 'year', 'I', 'showed', 'these', 'two', 'sli@@', 'des', 'so', 'that', 'demonstr@@', 'ate', 'that', 'the', 'ar@@', 'c@@', 'tic', 'ice', 'ca@@', 'p', ',', 'which', 'for', 'most', 'of', 'the', 'last', 'three', 'million', 'years', 'has', 'been', 'the', 'size', 'of', 'the', 'lower', '4@@', '8', 'states', ',', 'has', 'sh@@', 'run@@', 'k', 'by', '40', 'percent', '.']
2026-05-14 11:42:15,023 - DEBUG - joeynmt.training - 	Tokenized reference:  ['L&apos;', 'année', 'dernière', ',', 'je', 'vous', 'ai', 'présent@@', 'é', 'ces', 'deux', 'di@@', 'apos@@', 'iti@@', 'ves', 'qui', 'montr@@', 'aient', 'que', 'la', 'cal@@', 'ot@@', 'te', 'gl@@', 'ac@@', 'ière', 'ar@@', 'c@@', 'tique', ',', 'qui', 'pendant', 'ces', '3', 'derniers', 'millions', 'd&apos;', 'année', 'avait', 'la', 'taille', 'des', 'Etats-Unis', 'sans', 'l&apos;', 'Al@@', 'as@@', 'ka', ',', 'qui', 'pendant', 'ces', '3', 'derniers', 'millions', 'd&apos;', 'année', 'avait', 'la', 'taille', 'des', 'Etats-Unis', 'sans', 'l&apos;', 'Al@@', 'as@@', 'ka', ',', 'avait', 'di@@', 'minu@@', 'é', 'de', '40', '%', '.']
2026-05-14 11:42:15,023 - DEBUG - joeynmt.training - 	Tokenized hypothesis: ['La', 'L@@', 'entre', 'je', 'vous', 'vous', 'avez', 'montré', 'ces', 'deux', 'di@@', 'di@@', 'que', 'que', 'la', 'glace', 'se', 'dé@@', 'sir', ',', 'qui', 'pour', 'la', 'plupart', 'des', 'trois', 'millions', 'd&apos;', 'années', 'a', 'été', 'la', 'taille', 'de', 'la', 'taille', 'de', 'la', 'taille', 'de', 'la', 'taille', 'de', 'la', 'taille', 'de', 'la', 'taille', ',', 'a', 'été', 'été', 'de', 'la', 'taille', 'de', 'la', 'taille', '.', '</s>']
2026-05-14 11:42:15,023 - INFO - joeynmt.training - 	Source:     Last year I showed these two slides so that demonstrate that the arctic ice cap , which for most of the last three million years has been the size of the lower 48 states , has shrunk by 40 percent .
2026-05-14 11:42:15,023 - INFO - joeynmt.training - 	Reference:  L&apos; année dernière , je vous ai présenté ces deux diapositives qui montraient que la calotte glacière arctique , qui pendant ces 3 derniers millions d&apos; année avait la taille des Etats-Unis sans l&apos; Alaska , qui pendant ces 3 derniers millions d&apos; année avait la taille des Etats-Unis sans l&apos; Alaska , avait diminué de 40 % .
2026-05-14 11:42:15,023 - INFO - joeynmt.training - 	Hypothesis: La Lentre je vous vous avez montré ces deux didique que la glace se désir , qui pour la plupart des trois millions d&apos; années a été la taille de la taille de la taille de la taille de la taille de la taille , a été été de la taille de la taille .
2026-05-14 11:42:15,023 - INFO - joeynmt.training - Example #1
2026-05-14 11:42:15,023 - DEBUG - joeynmt.training - 	Tokenized source:     ['But', 'this', 'underst@@', 'ates', 'the', 'seri@@', 'ousness', 'of', 'this', 'particular', 'problem', 'because', 'it', 'doesn', '&apos;t', 'show', 'the', 'th@@', 'ick@@', 'ness', 'of', 'the', 'ice', '.']
2026-05-14 11:42:15,023 - DEBUG - joeynmt.training - 	Tokenized reference:  ['Mais', 'ceci', 'tend', 'à', 'a@@', 'mo@@', 'ind@@', 'rir', 'le', 'problème', 'parce', 'qu&apos;', 'on', 'ne', 'voit', 'pas', 'l&apos;', 'ép@@', 'aiss@@', 'eur', 'de', 'la', 'glace', '.']
2026-05-14 11:42:15,023 - DEBUG - joeynmt.training - 	Tokenized hypothesis: ['Mais', 'ce', 'problème', 'est', 'le', 'problème', 'de', 'cette', 'partie', 'du', 'problème', 'parce', 'que', 'ça', 'ne', 'va', 'pas', 'le', 'montrer', 'la', 'glace', 'de', 'la', 'glace', '.', '</s>']
2026-05-14 11:42:15,024 - INFO - joeynmt.training - 	Source:     But this understates the seriousness of this particular problem because it doesn &apos;t show the thickness of the ice .
2026-05-14 11:42:15,024 - INFO - joeynmt.training - 	Reference:  Mais ceci tend à amoindrir le problème parce qu&apos; on ne voit pas l&apos; épaisseur de la glace .
2026-05-14 11:42:15,024 - INFO - joeynmt.training - 	Hypothesis: Mais ce problème est le problème de cette partie du problème parce que ça ne va pas le montrer la glace de la glace .
2026-05-14 11:42:15,024 - INFO - joeynmt.training - Example #2
2026-05-14 11:42:15,024 - DEBUG - joeynmt.training - 	Tokenized source:     ['The', 'ar@@', 'c@@', 'tic', 'ice', 'ca@@', 'p', 'is', ',', 'in', 'a', 'sense', ',', 'the', 'be@@', 'ating', 'heart', 'of', 'the', 'global', 'climate', 'system', '.']
2026-05-14 11:42:15,024 - DEBUG - joeynmt.training - 	Tokenized reference:  ['On', 'peut', 'voir', 'la', 'cal@@', 'ot@@', 'te', 'gl@@', 'ac@@', 'ière', 'ar@@', 'c@@', 'tique', 'comme', 'le', 'coeur', 'du', 'système', 'climatique', 'global', '.', 'On', 'peut', 'voir', 'la', 'cal@@', 'ot@@', 'te', 'gl@@', 'ac@@', 'ière', 'ar@@', 'c@@', 'tique', 'comme', 'le', 'coeur', 'du', 'système', 'climatique', 'global', '.']
2026-05-14 11:42:15,024 - DEBUG - joeynmt.training - 	Tokenized hypothesis: ['La', 'c@@', 'c@@', 'tique', 'de', 'la', 'glace', 'est', ',', 'dans', 'un', 'sens', ',', 'la', 'communauté', 'du', 'système', 'climatique', '.', '</s>']
2026-05-14 11:42:15,024 - INFO - joeynmt.training - 	Source:     The arctic ice cap is , in a sense , the beating heart of the global climate system .
2026-05-14 11:42:15,024 - INFO - joeynmt.training - 	Reference:  On peut voir la calotte glacière arctique comme le coeur du système climatique global . On peut voir la calotte glacière arctique comme le coeur du système climatique global .
2026-05-14 11:42:15,024 - INFO - joeynmt.training - 	Hypothesis: La cctique de la glace est , dans un sens , la communauté du système climatique .
2026-05-14 11:42:15,024 - INFO - joeynmt.training - Example #3
2026-05-14 11:42:15,024 - DEBUG - joeynmt.training - 	Tokenized source:     ['It', 'exp@@', 'ands', 'in', 'w@@', 'int@@', 'er', 'and', 'contr@@', 'acts', 'in', 'summer', '.']
2026-05-14 11:42:15,024 - DEBUG - joeynmt.training - 	Tokenized reference:  ['Elle', 's&apos;', 'ét@@', 'end', 'en', 'hi@@', 'ver', 'et', 'se', 'contr@@', 'acte', 'en', 'été', '.']
2026-05-14 11:42:15,024 - DEBUG - joeynmt.training - 	Tokenized hypothesis: ['Il', 's&apos;', 'est', 'l&apos;', 'in@@', 'in@@', 'vers@@', 'er', 'et', 'de', 'l&apos;', 'été', '.', '</s>']
2026-05-14 11:42:15,024 - INFO - joeynmt.training - 	Source:     It expands in winter and contracts in summer .
2026-05-14 11:42:15,024 - INFO - joeynmt.training - 	Reference:  Elle s&apos; étend en hiver et se contracte en été .
2026-05-14 11:42:15,024 - INFO - joeynmt.training - 	Hypothesis: Il s&apos; est l&apos; ininverser et de l&apos; été .
2026-05-14 11:42:15,024 - INFO - joeynmt.training - Example #4
2026-05-14 11:42:15,024 - DEBUG - joeynmt.training - 	Tokenized source:     ['The', 'next', 'slide', 'I', 'show', 'you', 'will', 'be', 'a', 'rap@@', 'id', 'fas@@', 't-@@', 'forward', 'of', 'what', '&apos;s', 'happened', 'over', 'the', 'last', '25', 'years', '.']
2026-05-14 11:42:15,024 - DEBUG - joeynmt.training - 	Tokenized reference:  ['La', 'prochaine', 'di@@', 'apos@@', 'itive', 'que', 'je', 'vais', 'vous', 'montrer', 'est', 'une', 'vue', 'en', 'accél@@', 'éré', 'de', 'ce', 'qui', 's&apos;', 'est', 'passé', 'ces', '25', 'dernières', 'années', '.']
2026-05-14 11:42:15,024 - DEBUG - joeynmt.training - 	Tokenized hypothesis: ['La', 'première', 'di@@', 'di@@', 'di@@', 'que', 'que', 'je', 'vous', 'vous', 'êtes', 'un', 'point', 'de', 'ce', 'qui', 'est', 'passé', 'le', 'plus', 'tard', '.', '</s>']
2026-05-14 11:42:15,024 - INFO - joeynmt.training - 	Source:     The next slide I show you will be a rapid fast-forward of what &apos;s happened over the last 25 years .
2026-05-14 11:42:15,024 - INFO - joeynmt.training - 	Reference:  La prochaine diapositive que je vais vous montrer est une vue en accéléré de ce qui s&apos; est passé ces 25 dernières années .
2026-05-14 11:42:15,024 - INFO - joeynmt.training - 	Hypothesis: La première dididique que je vous vous êtes un point de ce qui est passé le plus tard .
2026-05-14 11:42:30,693 - INFO - joeynmt.training - Epoch   1, Step:     3600, Batch Loss:     2.497662, Batch Acc: 0.421830, Tokens per Sec:     4838, Lr: 0.000300
2026-05-14 11:42:34,767 - INFO - joeynmt.training - Epoch   1: total training loss 11115.48
2026-05-14 11:42:34,767 - INFO - joeynmt.training - EPOCH 2
2026-05-14 11:42:46,586 - INFO - joeynmt.training - Epoch   2, Step:     3700, Batch Loss:     1.889987, Batch Acc: 0.440443, Tokens per Sec:     4727, Lr: 0.000300
2026-05-14 11:43:02,440 - INFO - joeynmt.training - Epoch   2, Step:     3800, Batch Loss:     2.134282, Batch Acc: 0.445770, Tokens per Sec:     4759, Lr: 0.000300
2026-05-14 11:43:18,475 - INFO - joeynmt.training - Epoch   2, Step:     3900, Batch Loss:     2.168962, Batch Acc: 0.454279, Tokens per Sec:     4772, Lr: 0.000300
2026-05-14 11:43:34,181 - INFO - joeynmt.training - Epoch   2, Step:     4000, Batch Loss:     2.093764, Batch Acc: 0.458824, Tokens per Sec:     4773, Lr: 0.000300
2026-05-14 11:43:34,181 - WARNING - joeynmt.helpers - `alpha` option is obsolete. Please use `beam_alpha`, instead.
2026-05-14 11:43:34,181 - INFO - joeynmt.prediction - Predicting 890 example(s)... (Greedy decoding with min_output_length=1, max_output_length=-1, return_prob='none', generate_unk=True, repetition_penalty=-1, no_repeat_ngram_size=-1)
2026-05-14 11:44:20,854 - INFO - joeynmt.prediction - Evaluation result (greedy) loss:   2.34, ppl:  10.36, acc:   0.41, generation: 46.6672[sec], evaluation: 0.0000[sec]
2026-05-14 11:44:20,854 - INFO - joeynmt.training - Hooray! New best validation result [ppl]!
2026-05-14 11:44:20,921 - INFO - joeynmt.helpers - delete models/bpe_8k/1500.ckpt
2026-05-14 11:44:20,925 - INFO - joeynmt.training - Example #0
2026-05-14 11:44:20,925 - DEBUG - joeynmt.training - 	Tokenized source:     ['L@@', 'ast', 'year', 'I', 'showed', 'these', 'two', 'sli@@', 'des', 'so', 'that', 'demonstr@@', 'ate', 'that', 'the', 'ar@@', 'c@@', 'tic', 'ice', 'ca@@', 'p', ',', 'which', 'for', 'most', 'of', 'the', 'last', 'three', 'million', 'years', 'has', 'been', 'the', 'size', 'of', 'the', 'lower', '4@@', '8', 'states', ',', 'has', 'sh@@', 'run@@', 'k', 'by', '40', 'percent', '.']
2026-05-14 11:44:20,925 - DEBUG - joeynmt.training - 	Tokenized reference:  ['L&apos;', 'année', 'dernière', ',', 'je', 'vous', 'ai', 'présent@@', 'é', 'ces', 'deux', 'di@@', 'apos@@', 'iti@@', 'ves', 'qui', 'montr@@', 'aient', 'que', 'la', 'cal@@', 'ot@@', 'te', 'gl@@', 'ac@@', 'ière', 'ar@@', 'c@@', 'tique', ',', 'qui', 'pendant', 'ces', '3', 'derniers', 'millions', 'd&apos;', 'année', 'avait', 'la', 'taille', 'des', 'Etats-Unis', 'sans', 'l&apos;', 'Al@@', 'as@@', 'ka', ',', 'qui', 'pendant', 'ces', '3', 'derniers', 'millions', 'd&apos;', 'année', 'avait', 'la', 'taille', 'des', 'Etats-Unis', 'sans', 'l&apos;', 'Al@@', 'as@@', 'ka', ',', 'avait', 'di@@', 'minu@@', 'é', 'de', '40', '%', '.']
2026-05-14 11:44:20,925 - DEBUG - joeynmt.training - 	Tokenized hypothesis: ['La', 'L@@', 'L@@', 'eur', 'que', 'j&apos;', 'ai', 'montré', 'ces', 'deux', 'di@@', 'di@@', 'ques', ',', 'qui', 'est', 'la', 'glace', 'de', 'la', 'glace', ',', 'qui', 'pour', 'la', 'plupart', 'des', 'dernière', 'dernière', 'millions', 'd&apos;', 'années', 'a', 'été', 'la', 'taille', 'de', 'la', 'taille', 'de', 'la', 'taille', 'de', 'la', 'taille', ',', 'a', 'fait', 'fait', 'de', '40', '%', '.', '</s>']
2026-05-14 11:44:20,925 - INFO - joeynmt.training - 	Source:     Last year I showed these two slides so that demonstrate that the arctic ice cap , which for most of the last three million years has been the size of the lower 48 states , has shrunk by 40 percent .
2026-05-14 11:44:20,925 - INFO - joeynmt.training - 	Reference:  L&apos; année dernière , je vous ai présenté ces deux diapositives qui montraient que la calotte glacière arctique , qui pendant ces 3 derniers millions d&apos; année avait la taille des Etats-Unis sans l&apos; Alaska , qui pendant ces 3 derniers millions d&apos; année avait la taille des Etats-Unis sans l&apos; Alaska , avait diminué de 40 % .
2026-05-14 11:44:20,925 - INFO - joeynmt.training - 	Hypothesis: La LLeur que j&apos; ai montré ces deux didiques , qui est la glace de la glace , qui pour la plupart des dernière dernière millions d&apos; années a été la taille de la taille de la taille de la taille , a fait fait de 40 % .
2026-05-14 11:44:20,925 - INFO - joeynmt.training - Example #1
2026-05-14 11:44:20,925 - DEBUG - joeynmt.training - 	Tokenized source:     ['But', 'this', 'underst@@', 'ates', 'the', 'seri@@', 'ousness', 'of', 'this', 'particular', 'problem', 'because', 'it', 'doesn', '&apos;t', 'show', 'the', 'th@@', 'ick@@', 'ness', 'of', 'the', 'ice', '.']
2026-05-14 11:44:20,925 - DEBUG - joeynmt.training - 	Tokenized reference:  ['Mais', 'ceci', 'tend', 'à', 'a@@', 'mo@@', 'ind@@', 'rir', 'le', 'problème', 'parce', 'qu&apos;', 'on', 'ne', 'voit', 'pas', 'l&apos;', 'ép@@', 'aiss@@', 'eur', 'de', 'la', 'glace', '.']
2026-05-14 11:44:20,925 - DEBUG - joeynmt.training - 	Tokenized hypothesis: ['Mais', 'cela', 'a', 'fait', 'le', 'problème', 'de', 'cette', 'région', ',', 'parce', 'que', 'c&apos;', 'est', 'que', 'ça', 'ne', 'montre', 'pas', 'le', 'th@@', 'ème', 'de', 'la', 'glace', '.', '</s>']
2026-05-14 11:44:20,925 - INFO - joeynmt.training - 	Source:     But this understates the seriousness of this particular problem because it doesn &apos;t show the thickness of the ice .
2026-05-14 11:44:20,925 - INFO - joeynmt.training - 	Reference:  Mais ceci tend à amoindrir le problème parce qu&apos; on ne voit pas l&apos; épaisseur de la glace .
2026-05-14 11:44:20,925 - INFO - joeynmt.training - 	Hypothesis: Mais cela a fait le problème de cette région , parce que c&apos; est que ça ne montre pas le thème de la glace .
2026-05-14 11:44:20,925 - INFO - joeynmt.training - Example #2
2026-05-14 11:44:20,925 - DEBUG - joeynmt.training - 	Tokenized source:     ['The', 'ar@@', 'c@@', 'tic', 'ice', 'ca@@', 'p', 'is', ',', 'in', 'a', 'sense', ',', 'the', 'be@@', 'ating', 'heart', 'of', 'the', 'global', 'climate', 'system', '.']
2026-05-14 11:44:20,925 - DEBUG - joeynmt.training - 	Tokenized reference:  ['On', 'peut', 'voir', 'la', 'cal@@', 'ot@@', 'te', 'gl@@', 'ac@@', 'ière', 'ar@@', 'c@@', 'tique', 'comme', 'le', 'coeur', 'du', 'système', 'climatique', 'global', '.', 'On', 'peut', 'voir', 'la', 'cal@@', 'ot@@', 'te', 'gl@@', 'ac@@', 'ière', 'ar@@', 'c@@', 'tique', 'comme', 'le', 'coeur', 'du', 'système', 'climatique', 'global', '.']
2026-05-14 11:44:20,925 - DEBUG - joeynmt.training - 	Tokenized hypothesis: ['La', 'glace', 'est', 'de', 'la', 'glace', ',', 'dans', 'un', 'sens', ',', 'dans', 'un', 'sens', ',', 'le', 'monde', 'entier', 'climatique', '.', '</s>']
2026-05-14 11:44:20,925 - INFO - joeynmt.training - 	Source:     The arctic ice cap is , in a sense , the beating heart of the global climate system .
2026-05-14 11:44:20,925 - INFO - joeynmt.training - 	Reference:  On peut voir la calotte glacière arctique comme le coeur du système climatique global . On peut voir la calotte glacière arctique comme le coeur du système climatique global .
2026-05-14 11:44:20,925 - INFO - joeynmt.training - 	Hypothesis: La glace est de la glace , dans un sens , dans un sens , le monde entier climatique .
2026-05-14 11:44:20,925 - INFO - joeynmt.training - Example #3
2026-05-14 11:44:20,925 - DEBUG - joeynmt.training - 	Tokenized source:     ['It', 'exp@@', 'ands', 'in', 'w@@', 'int@@', 'er', 'and', 'contr@@', 'acts', 'in', 'summer', '.']
2026-05-14 11:44:20,925 - DEBUG - joeynmt.training - 	Tokenized reference:  ['Elle', 's&apos;', 'ét@@', 'end', 'en', 'hi@@', 'ver', 'et', 'se', 'contr@@', 'acte', 'en', 'été', '.']
2026-05-14 11:44:20,925 - DEBUG - joeynmt.training - 	Tokenized hypothesis: ['Elle', 'est', 'des', 'exp@@', 'lication', 'dans', 'les', 'parten@@', 'aires', 'et', 'des', 'par@@', 'par@@', 'tement', 'en', 'été', '.', '</s>']
2026-05-14 11:44:20,925 - INFO - joeynmt.training - 	Source:     It expands in winter and contracts in summer .
2026-05-14 11:44:20,925 - INFO - joeynmt.training - 	Reference:  Elle s&apos; étend en hiver et se contracte en été .
2026-05-14 11:44:20,925 - INFO - joeynmt.training - 	Hypothesis: Elle est des explication dans les partenaires et des parpartement en été .
2026-05-14 11:44:20,925 - INFO - joeynmt.training - Example #4
2026-05-14 11:44:20,926 - DEBUG - joeynmt.training - 	Tokenized source:     ['The', 'next', 'slide', 'I', 'show', 'you', 'will', 'be', 'a', 'rap@@', 'id', 'fas@@', 't-@@', 'forward', 'of', 'what', '&apos;s', 'happened', 'over', 'the', 'last', '25', 'years', '.']
2026-05-14 11:44:20,926 - DEBUG - joeynmt.training - 	Tokenized reference:  ['La', 'prochaine', 'di@@', 'apos@@', 'itive', 'que', 'je', 'vais', 'vous', 'montrer', 'est', 'une', 'vue', 'en', 'accél@@', 'éré', 'de', 'ce', 'qui', 's&apos;', 'est', 'passé', 'ces', '25', 'dernières', 'années', '.']
2026-05-14 11:44:20,926 - DEBUG - joeynmt.training - 	Tokenized hypothesis: ['La', 'première', 'di@@', 'apos@@', 'itive', 'que', 'je', 'vous', 'vais', 'vous', 'montrer', 'un', 'plus', 'grand', 'moment', 'de', 'ce', 'qui', 'est', 'passé', 'le', 'dernier', 'ans', '.', '</s>']
2026-05-14 11:44:20,926 - INFO - joeynmt.training - 	Source:     The next slide I show you will be a rapid fast-forward of what &apos;s happened over the last 25 years .
2026-05-14 11:44:20,926 - INFO - joeynmt.training - 	Reference:  La prochaine diapositive que je vais vous montrer est une vue en accéléré de ce qui s&apos; est passé ces 25 dernières années .
2026-05-14 11:44:20,926 - INFO - joeynmt.training - 	Hypothesis: La première diapositive que je vous vais vous montrer un plus grand moment de ce qui est passé le dernier ans .
2026-05-14 11:44:37,607 - INFO - joeynmt.training - Epoch   2, Step:     4100, Batch Loss:     2.031498, Batch Acc: 0.462499, Tokens per Sec:     4467, Lr: 0.000300
2026-05-14 11:44:54,005 - INFO - joeynmt.training - Epoch   2, Step:     4200, Batch Loss:     2.074141, Batch Acc: 0.462818, Tokens per Sec:     4614, Lr: 0.000300
2026-05-14 11:45:09,987 - INFO - joeynmt.training - Epoch   2, Step:     4300, Batch Loss:     1.890405, Batch Acc: 0.464615, Tokens per Sec:     4546, Lr: 0.000300
2026-05-14 11:45:25,956 - INFO - joeynmt.training - Epoch   2, Step:     4400, Batch Loss:     1.924322, Batch Acc: 0.475129, Tokens per Sec:     4667, Lr: 0.000300
2026-05-14 11:45:41,896 - INFO - joeynmt.training - Epoch   2, Step:     4500, Batch Loss:     1.980714, Batch Acc: 0.475937, Tokens per Sec:     4752, Lr: 0.000300
2026-05-14 11:45:41,896 - WARNING - joeynmt.helpers - `alpha` option is obsolete. Please use `beam_alpha`, instead.
2026-05-14 11:45:41,896 - INFO - joeynmt.prediction - Predicting 890 example(s)... (Greedy decoding with min_output_length=1, max_output_length=-1, return_prob='none', generate_unk=True, repetition_penalty=-1, no_repeat_ngram_size=-1)
2026-05-14 11:46:28,117 - INFO - joeynmt.prediction - Evaluation result (greedy) loss:   2.24, ppl:   9.37, acc:   0.42, generation: 46.1709[sec], evaluation: 0.0000[sec]
2026-05-14 11:46:28,118 - INFO - joeynmt.training - Hooray! New best validation result [ppl]!
2026-05-14 11:46:28,183 - INFO - joeynmt.helpers - delete models/bpe_8k/2000.ckpt
2026-05-14 11:46:28,187 - INFO - joeynmt.training - Example #0
2026-05-14 11:46:28,187 - DEBUG - joeynmt.training - 	Tokenized source:     ['L@@', 'ast', 'year', 'I', 'showed', 'these', 'two', 'sli@@', 'des', 'so', 'that', 'demonstr@@', 'ate', 'that', 'the', 'ar@@', 'c@@', 'tic', 'ice', 'ca@@', 'p', ',', 'which', 'for', 'most', 'of', 'the', 'last', 'three', 'million', 'years', 'has', 'been', 'the', 'size', 'of', 'the', 'lower', '4@@', '8', 'states', ',', 'has', 'sh@@', 'run@@', 'k', 'by', '40', 'percent', '.']
2026-05-14 11:46:28,187 - DEBUG - joeynmt.training - 	Tokenized reference:  ['L&apos;', 'année', 'dernière', ',', 'je', 'vous', 'ai', 'présent@@', 'é', 'ces', 'deux', 'di@@', 'apos@@', 'iti@@', 'ves', 'qui', 'montr@@', 'aient', 'que', 'la', 'cal@@', 'ot@@', 'te', 'gl@@', 'ac@@', 'ière', 'ar@@', 'c@@', 'tique', ',', 'qui', 'pendant', 'ces', '3', 'derniers', 'millions', 'd&apos;', 'année', 'avait', 'la', 'taille', 'des', 'Etats-Unis', 'sans', 'l&apos;', 'Al@@', 'as@@', 'ka', ',', 'qui', 'pendant', 'ces', '3', 'derniers', 'millions', 'd&apos;', 'année', 'avait', 'la', 'taille', 'des', 'Etats-Unis', 'sans', 'l&apos;', 'Al@@', 'as@@', 'ka', ',', 'avait', 'di@@', 'minu@@', 'é', 'de', '40', '%', '.']
2026-05-14 11:46:28,187 - DEBUG - joeynmt.training - 	Tokenized hypothesis: ['L&apos;', 'année', 'de', 'la', 'L@@', 'oi', 'que', 'j&apos;', 'ai', 'montré', 'ces', 'deux', 'di@@', 'di@@', 'di@@', 'que', 'que', 'le', 'm@@', 'ous@@', 'tique', ',', 'qui', 'pour', 'la', 'plupart', 'des', 'trois', 'millions', 'd&apos;', 'années', 'a', 'été', 'la', 'taille', 'de', 'la', 'taille', 'de', 'la', 'taille', 'de', 'la', 'taille', 'de', 'la', 'taille', 'de', 'la', 'taille', 'de', '4@@', '8', ',', 'a', 'des', '4@@', '8', ',', 'a', 'des', '4@@', '8', ',', 'a', 'dé@@', 'dé@@', 'dé@@', 'dé@@', 'dé@@', 'dé@@', 'dé@@', 'dé@@', 'dé@@', 'dé@@', 'dé@@']
2026-05-14 11:46:28,187 - INFO - joeynmt.training - 	Source:     Last year I showed these two slides so that demonstrate that the arctic ice cap , which for most of the last three million years has been the size of the lower 48 states , has shrunk by 40 percent .
2026-05-14 11:46:28,187 - INFO - joeynmt.training - 	Reference:  L&apos; année dernière , je vous ai présenté ces deux diapositives qui montraient que la calotte glacière arctique , qui pendant ces 3 derniers millions d&apos; année avait la taille des Etats-Unis sans l&apos; Alaska , qui pendant ces 3 derniers millions d&apos; année avait la taille des Etats-Unis sans l&apos; Alaska , avait diminué de 40 % .
2026-05-14 11:46:28,187 - INFO - joeynmt.training - 	Hypothesis: L&apos; année de la Loi que j&apos; ai montré ces deux dididique que le moustique , qui pour la plupart des trois millions d&apos; années a été la taille de la taille de la taille de la taille de la taille de la taille de 48 , a des 48 , a des 48 , a dédédédédédédédédédédé
2026-05-14 11:46:28,187 - INFO - joeynmt.training - Example #1
2026-05-14 11:46:28,187 - DEBUG - joeynmt.training - 	Tokenized source:     ['But', 'this', 'underst@@', 'ates', 'the', 'seri@@', 'ousness', 'of', 'this', 'particular', 'problem', 'because', 'it', 'doesn', '&apos;t', 'show', 'the', 'th@@', 'ick@@', 'ness', 'of', 'the', 'ice', '.']
2026-05-14 11:46:28,187 - DEBUG - joeynmt.training - 	Tokenized reference:  ['Mais', 'ceci', 'tend', 'à', 'a@@', 'mo@@', 'ind@@', 'rir', 'le', 'problème', 'parce', 'qu&apos;', 'on', 'ne', 'voit', 'pas', 'l&apos;', 'ép@@', 'aiss@@', 'eur', 'de', 'la', 'glace', '.']
2026-05-14 11:46:28,187 - DEBUG - joeynmt.training - 	Tokenized hypothesis: ['Mais', 'ce', 'qui', 'ne', 's&apos;', 'agit', 'pas', 'de', 'ce', 'problème', 'de', 'ce', 'problème', ',', 'parce', 'que', 'ça', 'ne', 'montre', 'pas', 'le', 'th@@', 'ér@@', 'ér@@', 'ér@@', 'ér@@', 'ér@@', 'ér@@', 'ér@@', 'ér@@', 'ér@@', 'ér@@', 'ant', 'la', 'glace', '.', '</s>']
2026-05-14 11:46:28,188 - INFO - joeynmt.training - 	Source:     But this understates the seriousness of this particular problem because it doesn &apos;t show the thickness of the ice .
2026-05-14 11:46:28,188 - INFO - joeynmt.training - 	Reference:  Mais ceci tend à amoindrir le problème parce qu&apos; on ne voit pas l&apos; épaisseur de la glace .
2026-05-14 11:46:28,188 - INFO - joeynmt.training - 	Hypothesis: Mais ce qui ne s&apos; agit pas de ce problème de ce problème , parce que ça ne montre pas le thérérérérérérérérérérant la glace .
2026-05-14 11:46:28,188 - INFO - joeynmt.training - Example #2
2026-05-14 11:46:28,188 - DEBUG - joeynmt.training - 	Tokenized source:     ['The', 'ar@@', 'c@@', 'tic', 'ice', 'ca@@', 'p', 'is', ',', 'in', 'a', 'sense', ',', 'the', 'be@@', 'ating', 'heart', 'of', 'the', 'global', 'climate', 'system', '.']
2026-05-14 11:46:28,188 - DEBUG - joeynmt.training - 	Tokenized reference:  ['On', 'peut', 'voir', 'la', 'cal@@', 'ot@@', 'te', 'gl@@', 'ac@@', 'ière', 'ar@@', 'c@@', 'tique', 'comme', 'le', 'coeur', 'du', 'système', 'climatique', 'global', '.', 'On', 'peut', 'voir', 'la', 'cal@@', 'ot@@', 'te', 'gl@@', 'ac@@', 'ière', 'ar@@', 'c@@', 'tique', 'comme', 'le', 'coeur', 'du', 'système', 'climatique', 'global', '.']
2026-05-14 11:46:28,188 - DEBUG - joeynmt.training - 	Tokenized hypothesis: ['La', 'glace', 'ne', 'ne', 'se', 'dé@@', 'p@@', 'is@@', 'tique', 'est', ',', 'dans', 'un', 'sens', ',', 'la', 'dé@@', 'dé@@', 'pend', 'du', 'système', 'du', 'système', 'mondiale', '.', '</s>']
2026-05-14 11:46:28,188 - INFO - joeynmt.training - 	Source:     The arctic ice cap is , in a sense , the beating heart of the global climate system .
2026-05-14 11:46:28,188 - INFO - joeynmt.training - 	Reference:  On peut voir la calotte glacière arctique comme le coeur du système climatique global . On peut voir la calotte glacière arctique comme le coeur du système climatique global .
2026-05-14 11:46:28,188 - INFO - joeynmt.training - 	Hypothesis: La glace ne ne se dépistique est , dans un sens , la dédépend du système du système mondiale .
2026-05-14 11:46:28,188 - INFO - joeynmt.training - Example #3
2026-05-14 11:46:28,188 - DEBUG - joeynmt.training - 	Tokenized source:     ['It', 'exp@@', 'ands', 'in', 'w@@', 'int@@', 'er', 'and', 'contr@@', 'acts', 'in', 'summer', '.']
2026-05-14 11:46:28,188 - DEBUG - joeynmt.training - 	Tokenized reference:  ['Elle', 's&apos;', 'ét@@', 'end', 'en', 'hi@@', 'ver', 'et', 'se', 'contr@@', 'acte', 'en', 'été', '.']
2026-05-14 11:46:28,188 - DEBUG - joeynmt.training - 	Tokenized hypothesis: ['Il', 's&apos;', 'agit', 'd&apos;', 'é@@', 'valu@@', 'er', 'et', 'le', 'contr@@', 'airement', 'en', 'été', '.', '</s>']
2026-05-14 11:46:28,188 - INFO - joeynmt.training - 	Source:     It expands in winter and contracts in summer .
2026-05-14 11:46:28,188 - INFO - joeynmt.training - 	Reference:  Elle s&apos; étend en hiver et se contracte en été .
2026-05-14 11:46:28,188 - INFO - joeynmt.training - 	Hypothesis: Il s&apos; agit d&apos; évaluer et le contrairement en été .
2026-05-14 11:46:28,188 - INFO - joeynmt.training - Example #4
2026-05-14 11:46:28,188 - DEBUG - joeynmt.training - 	Tokenized source:     ['The', 'next', 'slide', 'I', 'show', 'you', 'will', 'be', 'a', 'rap@@', 'id', 'fas@@', 't-@@', 'forward', 'of', 'what', '&apos;s', 'happened', 'over', 'the', 'last', '25', 'years', '.']
2026-05-14 11:46:28,188 - DEBUG - joeynmt.training - 	Tokenized reference:  ['La', 'prochaine', 'di@@', 'apos@@', 'itive', 'que', 'je', 'vais', 'vous', 'montrer', 'est', 'une', 'vue', 'en', 'accél@@', 'éré', 'de', 'ce', 'qui', 's&apos;', 'est', 'passé', 'ces', '25', 'dernières', 'années', '.']
2026-05-14 11:46:28,188 - DEBUG - joeynmt.training - 	Tokenized hypothesis: ['La', 'di@@', 'apos@@', 'itive', 'que', 'je', 'vous', 'montre', 'un', 'plus', 'plus', 'proche', 'de', 'ce', 'qui', 'est', 'passé', 'le', 'dernier', 'dernier', 'ans', '.', '</s>']
2026-05-14 11:46:28,188 - INFO - joeynmt.training - 	Source:     The next slide I show you will be a rapid fast-forward of what &apos;s happened over the last 25 years .
2026-05-14 11:46:28,188 - INFO - joeynmt.training - 	Reference:  La prochaine diapositive que je vais vous montrer est une vue en accéléré de ce qui s&apos; est passé ces 25 dernières années .
2026-05-14 11:46:28,188 - INFO - joeynmt.training - 	Hypothesis: La diapositive que je vous montre un plus plus proche de ce qui est passé le dernier dernier ans .
2026-05-14 11:46:44,157 - INFO - joeynmt.training - Epoch   2, Step:     4600, Batch Loss:     2.016797, Batch Acc: 0.482334, Tokens per Sec:     4648, Lr: 0.000300
2026-05-14 11:47:00,375 - INFO - joeynmt.training - Epoch   2, Step:     4700, Batch Loss:     2.041003, Batch Acc: 0.485865, Tokens per Sec:     4672, Lr: 0.000300
2026-05-14 11:47:16,156 - INFO - joeynmt.training - Epoch   2, Step:     4800, Batch Loss:     1.806708, Batch Acc: 0.488043, Tokens per Sec:     4661, Lr: 0.000300
2026-05-14 11:47:31,955 - INFO - joeynmt.training - Epoch   2, Step:     4900, Batch Loss:     1.880866, Batch Acc: 0.492847, Tokens per Sec:     4770, Lr: 0.000300
2026-05-14 11:47:47,958 - INFO - joeynmt.training - Epoch   2, Step:     5000, Batch Loss:     2.063512, Batch Acc: 0.496379, Tokens per Sec:     4668, Lr: 0.000300
2026-05-14 11:47:47,958 - WARNING - joeynmt.helpers - `alpha` option is obsolete. Please use `beam_alpha`, instead.
2026-05-14 11:47:47,958 - INFO - joeynmt.prediction - Predicting 890 example(s)... (Greedy decoding with min_output_length=1, max_output_length=-1, return_prob='none', generate_unk=True, repetition_penalty=-1, no_repeat_ngram_size=-1)
2026-05-14 11:48:25,947 - INFO - joeynmt.prediction - Evaluation result (greedy) loss:   2.15, ppl:   8.59, acc:   0.44, generation: 37.9835[sec], evaluation: 0.0000[sec]
2026-05-14 11:48:25,947 - INFO - joeynmt.training - Hooray! New best validation result [ppl]!
2026-05-14 11:48:26,011 - INFO - joeynmt.helpers - delete models/bpe_8k/2500.ckpt
2026-05-14 11:48:26,016 - INFO - joeynmt.training - Example #0
2026-05-14 11:48:26,016 - DEBUG - joeynmt.training - 	Tokenized source:     ['L@@', 'ast', 'year', 'I', 'showed', 'these', 'two', 'sli@@', 'des', 'so', 'that', 'demonstr@@', 'ate', 'that', 'the', 'ar@@', 'c@@', 'tic', 'ice', 'ca@@', 'p', ',', 'which', 'for', 'most', 'of', 'the', 'last', 'three', 'million', 'years', 'has', 'been', 'the', 'size', 'of', 'the', 'lower', '4@@', '8', 'states', ',', 'has', 'sh@@', 'run@@', 'k', 'by', '40', 'percent', '.']
2026-05-14 11:48:26,016 - DEBUG - joeynmt.training - 	Tokenized reference:  ['L&apos;', 'année', 'dernière', ',', 'je', 'vous', 'ai', 'présent@@', 'é', 'ces', 'deux', 'di@@', 'apos@@', 'iti@@', 'ves', 'qui', 'montr@@', 'aient', 'que', 'la', 'cal@@', 'ot@@', 'te', 'gl@@', 'ac@@', 'ière', 'ar@@', 'c@@', 'tique', ',', 'qui', 'pendant', 'ces', '3', 'derniers', 'millions', 'd&apos;', 'année', 'avait', 'la', 'taille', 'des', 'Etats-Unis', 'sans', 'l&apos;', 'Al@@', 'as@@', 'ka', ',', 'qui', 'pendant', 'ces', '3', 'derniers', 'millions', 'd&apos;', 'année', 'avait', 'la', 'taille', 'des', 'Etats-Unis', 'sans', 'l&apos;', 'Al@@', 'as@@', 'ka', ',', 'avait', 'di@@', 'minu@@', 'é', 'de', '40', '%', '.']
2026-05-14 11:48:26,016 - DEBUG - joeynmt.training - 	Tokenized hypothesis: ['L&apos;', 'année', 'dernière', ',', 'j&apos;', 'ai', 'montré', 'ces', 'deux', 'di@@', 'di@@', 'minu@@', 'er', 'que', 'la', 'glace', 'ar@@', 'c@@', 'tique', ',', 'qui', 'pour', 'la', 'plupart', 'des', 'trois', 'millions', 'de', 'années', 'a', 'été', 'la', 'taille', 'de', 'la', 'taille', 'de', 'la', 'plus', 'bas', 'de', '4@@', '8', ',', 'a', 'été', 'la', 'taille', 'de', '4@@', '8', ',', 'a', 'été', 'la', 'taille', 'de', '4@@', '8', ',', 'a', 'été', 'la', 'taille', 'de', '4@@', '8', ',', 'a', 'été', 'la', 'taille', 'de', '4@@', '8', ',']
2026-05-14 11:48:26,016 - INFO - joeynmt.training - 	Source:     Last year I showed these two slides so that demonstrate that the arctic ice cap , which for most of the last three million years has been the size of the lower 48 states , has shrunk by 40 percent .
2026-05-14 11:48:26,016 - INFO - joeynmt.training - 	Reference:  L&apos; année dernière , je vous ai présenté ces deux diapositives qui montraient que la calotte glacière arctique , qui pendant ces 3 derniers millions d&apos; année avait la taille des Etats-Unis sans l&apos; Alaska , qui pendant ces 3 derniers millions d&apos; année avait la taille des Etats-Unis sans l&apos; Alaska , avait diminué de 40 % .
2026-05-14 11:48:26,016 - INFO - joeynmt.training - 	Hypothesis: L&apos; année dernière , j&apos; ai montré ces deux didiminuer que la glace arctique , qui pour la plupart des trois millions de années a été la taille de la taille de la plus bas de 48 , a été la taille de 48 , a été la taille de 48 , a été la taille de 48 , a été la taille de 48 ,
2026-05-14 11:48:26,016 - INFO - joeynmt.training - Example #1
2026-05-14 11:48:26,016 - DEBUG - joeynmt.training - 	Tokenized source:     ['But', 'this', 'underst@@', 'ates', 'the', 'seri@@', 'ousness', 'of', 'this', 'particular', 'problem', 'because', 'it', 'doesn', '&apos;t', 'show', 'the', 'th@@', 'ick@@', 'ness', 'of', 'the', 'ice', '.']
2026-05-14 11:48:26,016 - DEBUG - joeynmt.training - 	Tokenized reference:  ['Mais', 'ceci', 'tend', 'à', 'a@@', 'mo@@', 'ind@@', 'rir', 'le', 'problème', 'parce', 'qu&apos;', 'on', 'ne', 'voit', 'pas', 'l&apos;', 'ép@@', 'aiss@@', 'eur', 'de', 'la', 'glace', '.']
2026-05-14 11:48:26,016 - DEBUG - joeynmt.training - 	Tokenized hypothesis: ['Mais', 'ce', 'n&apos;', 'est', 'pas', 'le', 'résultat', 'de', 'ce', 'problème', 'parce', 'que', 'ça', 'ne', 'montre', 'pas', 'la', 't@@', 'esse', 'de', 'la', 'glace', '.', '</s>']
2026-05-14 11:48:26,016 - INFO - joeynmt.training - 	Source:     But this understates the seriousness of this particular problem because it doesn &apos;t show the thickness of the ice .
2026-05-14 11:48:26,016 - INFO - joeynmt.training - 	Reference:  Mais ceci tend à amoindrir le problème parce qu&apos; on ne voit pas l&apos; épaisseur de la glace .
2026-05-14 11:48:26,016 - INFO - joeynmt.training - 	Hypothesis: Mais ce n&apos; est pas le résultat de ce problème parce que ça ne montre pas la tesse de la glace .
2026-05-14 11:48:26,016 - INFO - joeynmt.training - Example #2
2026-05-14 11:48:26,016 - DEBUG - joeynmt.training - 	Tokenized source:     ['The', 'ar@@', 'c@@', 'tic', 'ice', 'ca@@', 'p', 'is', ',', 'in', 'a', 'sense', ',', 'the', 'be@@', 'ating', 'heart', 'of', 'the', 'global', 'climate', 'system', '.']
2026-05-14 11:48:26,016 - DEBUG - joeynmt.training - 	Tokenized reference:  ['On', 'peut', 'voir', 'la', 'cal@@', 'ot@@', 'te', 'gl@@', 'ac@@', 'ière', 'ar@@', 'c@@', 'tique', 'comme', 'le', 'coeur', 'du', 'système', 'climatique', 'global', '.', 'On', 'peut', 'voir', 'la', 'cal@@', 'ot@@', 'te', 'gl@@', 'ac@@', 'ière', 'ar@@', 'c@@', 'tique', 'comme', 'le', 'coeur', 'du', 'système', 'climatique', 'global', '.']
2026-05-14 11:48:26,016 - DEBUG - joeynmt.training - 	Tokenized hypothesis: ['La', 'glace', 'ar@@', 'c@@', 'tique', 'est', ',', 'dans', 'un', 'sens', ',', 'dans', 'un', 'sens', ',', 'la', 'p@@', 'èse', 'du', 'monde', 'mondiale', '.', '</s>']
2026-05-14 11:48:26,017 - INFO - joeynmt.training - 	Source:     The arctic ice cap is , in a sense , the beating heart of the global climate system .
2026-05-14 11:48:26,017 - INFO - joeynmt.training - 	Reference:  On peut voir la calotte glacière arctique comme le coeur du système climatique global . On peut voir la calotte glacière arctique comme le coeur du système climatique global .
2026-05-14 11:48:26,017 - INFO - joeynmt.training - 	Hypothesis: La glace arctique est , dans un sens , dans un sens , la pèse du monde mondiale .
2026-05-14 11:48:26,017 - INFO - joeynmt.training - Example #3
2026-05-14 11:48:26,017 - DEBUG - joeynmt.training - 	Tokenized source:     ['It', 'exp@@', 'ands', 'in', 'w@@', 'int@@', 'er', 'and', 'contr@@', 'acts', 'in', 'summer', '.']
2026-05-14 11:48:26,017 - DEBUG - joeynmt.training - 	Tokenized reference:  ['Elle', 's&apos;', 'ét@@', 'end', 'en', 'hi@@', 'ver', 'et', 'se', 'contr@@', 'acte', 'en', 'été', '.']
2026-05-14 11:48:26,017 - DEBUG - joeynmt.training - 	Tokenized hypothesis: ['Cela', 's&apos;', 'é@@', 'vo@@', 'irs', 'dans', 'le', 'r@@', 'r@@', 'ouges', 'et', 'le', 'contr@@', 'as@@', 'as@@', 'tre', 'en', 'été', '.', '</s>']
2026-05-14 11:48:26,017 - INFO - joeynmt.training - 	Source:     It expands in winter and contracts in summer .
2026-05-14 11:48:26,017 - INFO - joeynmt.training - 	Reference:  Elle s&apos; étend en hiver et se contracte en été .
2026-05-14 11:48:26,017 - INFO - joeynmt.training - 	Hypothesis: Cela s&apos; évoirs dans le rrouges et le contrasastre en été .
2026-05-14 11:48:26,017 - INFO - joeynmt.training - Example #4
2026-05-14 11:48:26,017 - DEBUG - joeynmt.training - 	Tokenized source:     ['The', 'next', 'slide', 'I', 'show', 'you', 'will', 'be', 'a', 'rap@@', 'id', 'fas@@', 't-@@', 'forward', 'of', 'what', '&apos;s', 'happened', 'over', 'the', 'last', '25', 'years', '.']
2026-05-14 11:48:26,017 - DEBUG - joeynmt.training - 	Tokenized reference:  ['La', 'prochaine', 'di@@', 'apos@@', 'itive', 'que', 'je', 'vais', 'vous', 'montrer', 'est', 'une', 'vue', 'en', 'accél@@', 'éré', 'de', 'ce', 'qui', 's&apos;', 'est', 'passé', 'ces', '25', 'dernières', 'années', '.']
2026-05-14 11:48:26,017 - DEBUG - joeynmt.training - 	Tokenized hypothesis: ['La', 'prochaine', 'di@@', 'di@@', 'di@@', 'di@@', 'minu@@', 'er', ',', 'je', 'vous', 'allez', 'être', 'un', 'plus', 'de', 'ce', 'qui', 'est', 'passé', 'pendant', 'les', '25', 'ans', '.', '</s>']
2026-05-14 11:48:26,017 - INFO - joeynmt.training - 	Source:     The next slide I show you will be a rapid fast-forward of what &apos;s happened over the last 25 years .
2026-05-14 11:48:26,017 - INFO - joeynmt.training - 	Reference:  La prochaine diapositive que je vais vous montrer est une vue en accéléré de ce qui s&apos; est passé ces 25 dernières années .
2026-05-14 11:48:26,017 - INFO - joeynmt.training - 	Hypothesis: La prochaine didididiminuer , je vous allez être un plus de ce qui est passé pendant les 25 ans .
2026-05-14 11:48:41,920 - INFO - joeynmt.training - Epoch   2, Step:     5100, Batch Loss:     1.817704, Batch Acc: 0.501418, Tokens per Sec:     4789, Lr: 0.000300
2026-05-14 11:48:58,106 - INFO - joeynmt.training - Epoch   2, Step:     5200, Batch Loss:     1.705108, Batch Acc: 0.502639, Tokens per Sec:     4706, Lr: 0.000300
2026-05-14 11:49:14,159 - INFO - joeynmt.training - Epoch   2, Step:     5300, Batch Loss:     1.820752, Batch Acc: 0.506420, Tokens per Sec:     4589, Lr: 0.000300
2026-05-14 11:49:30,345 - INFO - joeynmt.training - Epoch   2, Step:     5400, Batch Loss:     1.909186, Batch Acc: 0.511522, Tokens per Sec:     4603, Lr: 0.000300
2026-05-14 11:49:46,420 - INFO - joeynmt.training - Epoch   2, Step:     5500, Batch Loss:     1.818318, Batch Acc: 0.512451, Tokens per Sec:     4734, Lr: 0.000300
2026-05-14 11:49:46,420 - WARNING - joeynmt.helpers - `alpha` option is obsolete. Please use `beam_alpha`, instead.
2026-05-14 11:49:46,420 - INFO - joeynmt.prediction - Predicting 890 example(s)... (Greedy decoding with min_output_length=1, max_output_length=-1, return_prob='none', generate_unk=True, repetition_penalty=-1, no_repeat_ngram_size=-1)
2026-05-14 11:50:23,948 - INFO - joeynmt.prediction - Evaluation result (greedy) loss:   2.08, ppl:   8.03, acc:   0.46, generation: 37.5237[sec], evaluation: 0.0000[sec]
2026-05-14 11:50:23,949 - INFO - joeynmt.training - Hooray! New best validation result [ppl]!
2026-05-14 11:50:24,013 - INFO - joeynmt.helpers - delete models/bpe_8k/3000.ckpt
2026-05-14 11:50:24,014 - INFO - joeynmt.training - Example #0
2026-05-14 11:50:24,014 - DEBUG - joeynmt.training - 	Tokenized source:     ['L@@', 'ast', 'year', 'I', 'showed', 'these', 'two', 'sli@@', 'des', 'so', 'that', 'demonstr@@', 'ate', 'that', 'the', 'ar@@', 'c@@', 'tic', 'ice', 'ca@@', 'p', ',', 'which', 'for', 'most', 'of', 'the', 'last', 'three', 'million', 'years', 'has', 'been', 'the', 'size', 'of', 'the', 'lower', '4@@', '8', 'states', ',', 'has', 'sh@@', 'run@@', 'k', 'by', '40', 'percent', '.']
2026-05-14 11:50:24,014 - DEBUG - joeynmt.training - 	Tokenized reference:  ['L&apos;', 'année', 'dernière', ',', 'je', 'vous', 'ai', 'présent@@', 'é', 'ces', 'deux', 'di@@', 'apos@@', 'iti@@', 'ves', 'qui', 'montr@@', 'aient', 'que', 'la', 'cal@@', 'ot@@', 'te', 'gl@@', 'ac@@', 'ière', 'ar@@', 'c@@', 'tique', ',', 'qui', 'pendant', 'ces', '3', 'derniers', 'millions', 'd&apos;', 'année', 'avait', 'la', 'taille', 'des', 'Etats-Unis', 'sans', 'l&apos;', 'Al@@', 'as@@', 'ka', ',', 'qui', 'pendant', 'ces', '3', 'derniers', 'millions', 'd&apos;', 'année', 'avait', 'la', 'taille', 'des', 'Etats-Unis', 'sans', 'l&apos;', 'Al@@', 'as@@', 'ka', ',', 'avait', 'di@@', 'minu@@', 'é', 'de', '40', '%', '.']
2026-05-14 11:50:24,014 - DEBUG - joeynmt.training - 	Tokenized hypothesis: ['La', 'année', 'dernière', ',', 'j&apos;', 'ai', 'montré', 'ces', 'deux', 'di@@', 'apos@@', 'iti@@', 'ves', 'que', 'la', 'glace', 'ar@@', 'c@@', 'tique', ',', 'qui', 'a', 'été', 'la', 'taille', 'de', 'glace', ',', 'qui', 'a', 'été', 'la', 'taille', 'de', 'la', 'taille', 'de', 'trois', 'millions', 'de', 'années', ',', 'a', 'été', 'la', 'taille', 'de', '4@@', '8', ',', 'a', 'été', 'la', 'taille', 'de', '40', '%', '.', '</s>']
2026-05-14 11:50:24,014 - INFO - joeynmt.training - 	Source:     Last year I showed these two slides so that demonstrate that the arctic ice cap , which for most of the last three million years has been the size of the lower 48 states , has shrunk by 40 percent .
2026-05-14 11:50:24,014 - INFO - joeynmt.training - 	Reference:  L&apos; année dernière , je vous ai présenté ces deux diapositives qui montraient que la calotte glacière arctique , qui pendant ces 3 derniers millions d&apos; année avait la taille des Etats-Unis sans l&apos; Alaska , qui pendant ces 3 derniers millions d&apos; année avait la taille des Etats-Unis sans l&apos; Alaska , avait diminué de 40 % .
2026-05-14 11:50:24,014 - INFO - joeynmt.training - 	Hypothesis: La année dernière , j&apos; ai montré ces deux diapositives que la glace arctique , qui a été la taille de glace , qui a été la taille de la taille de trois millions de années , a été la taille de 48 , a été la taille de 40 % .
2026-05-14 11:50:24,014 - INFO - joeynmt.training - Example #1
2026-05-14 11:50:24,014 - DEBUG - joeynmt.training - 	Tokenized source:     ['But', 'this', 'underst@@', 'ates', 'the', 'seri@@', 'ousness', 'of', 'this', 'particular', 'problem', 'because', 'it', 'doesn', '&apos;t', 'show', 'the', 'th@@', 'ick@@', 'ness', 'of', 'the', 'ice', '.']
2026-05-14 11:50:24,014 - DEBUG - joeynmt.training - 	Tokenized reference:  ['Mais', 'ceci', 'tend', 'à', 'a@@', 'mo@@', 'ind@@', 'rir', 'le', 'problème', 'parce', 'qu&apos;', 'on', 'ne', 'voit', 'pas', 'l&apos;', 'ép@@', 'aiss@@', 'eur', 'de', 'la', 'glace', '.']
2026-05-14 11:50:24,014 - DEBUG - joeynmt.training - 	Tokenized hypothesis: ['Mais', 'ce', 'qu&apos;', 'il', 'est', 'le', 'résultat', 'de', 'ce', 'problème', 'parce', 'que', 'ça', 'ne', 'montre', 'pas', 'le', 'th@@', 'ème', 'de', 'la', 'glace', '.', '</s>']
2026-05-14 11:50:24,014 - INFO - joeynmt.training - 	Source:     But this understates the seriousness of this particular problem because it doesn &apos;t show the thickness of the ice .
2026-05-14 11:50:24,015 - INFO - joeynmt.training - 	Reference:  Mais ceci tend à amoindrir le problème parce qu&apos; on ne voit pas l&apos; épaisseur de la glace .
2026-05-14 11:50:24,015 - INFO - joeynmt.training - 	Hypothesis: Mais ce qu&apos; il est le résultat de ce problème parce que ça ne montre pas le thème de la glace .
2026-05-14 11:50:24,015 - INFO - joeynmt.training - Example #2
2026-05-14 11:50:24,015 - DEBUG - joeynmt.training - 	Tokenized source:     ['The', 'ar@@', 'c@@', 'tic', 'ice', 'ca@@', 'p', 'is', ',', 'in', 'a', 'sense', ',', 'the', 'be@@', 'ating', 'heart', 'of', 'the', 'global', 'climate', 'system', '.']
2026-05-14 11:50:24,015 - DEBUG - joeynmt.training - 	Tokenized reference:  ['On', 'peut', 'voir', 'la', 'cal@@', 'ot@@', 'te', 'gl@@', 'ac@@', 'ière', 'ar@@', 'c@@', 'tique', 'comme', 'le', 'coeur', 'du', 'système', 'climatique', 'global', '.', 'On', 'peut', 'voir', 'la', 'cal@@', 'ot@@', 'te', 'gl@@', 'ac@@', 'ière', 'ar@@', 'c@@', 'tique', 'comme', 'le', 'coeur', 'du', 'système', 'climatique', 'global', '.']
2026-05-14 11:50:24,015 - DEBUG - joeynmt.training - 	Tokenized hypothesis: ['La', 'glace', 'ar@@', 'c@@', 'tique', 'est', ',', 'dans', 'un', 'sens', ',', 'le', 'cœur', 'du', 'système', 'du', 'climat', '.', '</s>']
2026-05-14 11:50:24,015 - INFO - joeynmt.training - 	Source:     The arctic ice cap is , in a sense , the beating heart of the global climate system .
2026-05-14 11:50:24,015 - INFO - joeynmt.training - 	Reference:  On peut voir la calotte glacière arctique comme le coeur du système climatique global . On peut voir la calotte glacière arctique comme le coeur du système climatique global .
2026-05-14 11:50:24,015 - INFO - joeynmt.training - 	Hypothesis: La glace arctique est , dans un sens , le cœur du système du climat .
2026-05-14 11:50:24,015 - INFO - joeynmt.training - Example #3
2026-05-14 11:50:24,015 - DEBUG - joeynmt.training - 	Tokenized source:     ['It', 'exp@@', 'ands', 'in', 'w@@', 'int@@', 'er', 'and', 'contr@@', 'acts', 'in', 'summer', '.']
2026-05-14 11:50:24,015 - DEBUG - joeynmt.training - 	Tokenized reference:  ['Elle', 's&apos;', 'ét@@', 'end', 'en', 'hi@@', 'ver', 'et', 'se', 'contr@@', 'acte', 'en', 'été', '.']
2026-05-14 11:50:24,015 - DEBUG - joeynmt.training - 	Tokenized hypothesis: ['Elle', 's&apos;', 'est', 'd&apos;', 'être', 'en', 'train', 'de', 'l&apos;', 'été', '.', '</s>']
2026-05-14 11:50:24,015 - INFO - joeynmt.training - 	Source:     It expands in winter and contracts in summer .
2026-05-14 11:50:24,015 - INFO - joeynmt.training - 	Reference:  Elle s&apos; étend en hiver et se contracte en été .
2026-05-14 11:50:24,015 - INFO - joeynmt.training - 	Hypothesis: Elle s&apos; est d&apos; être en train de l&apos; été .
2026-05-14 11:50:24,015 - INFO - joeynmt.training - Example #4
2026-05-14 11:50:24,015 - DEBUG - joeynmt.training - 	Tokenized source:     ['The', 'next', 'slide', 'I', 'show', 'you', 'will', 'be', 'a', 'rap@@', 'id', 'fas@@', 't-@@', 'forward', 'of', 'what', '&apos;s', 'happened', 'over', 'the', 'last', '25', 'years', '.']
2026-05-14 11:50:24,015 - DEBUG - joeynmt.training - 	Tokenized reference:  ['La', 'prochaine', 'di@@', 'apos@@', 'itive', 'que', 'je', 'vais', 'vous', 'montrer', 'est', 'une', 'vue', 'en', 'accél@@', 'éré', 'de', 'ce', 'qui', 's&apos;', 'est', 'passé', 'ces', '25', 'dernières', 'années', '.']
2026-05-14 11:50:24,015 - DEBUG - joeynmt.training - 	Tokenized hypothesis: ['La', 'prochaine', 'di@@', 'apos@@', 'itive', 'que', 'je', 'vous', 'vais', 'un', 'ré@@', 'gu@@', 'gu@@', 'gu@@', 'i@@', 'i@@', 'fication', 'de', 'ce', 'qui', 'est', 'passé', 'pendant', '25', 'ans', '.', '</s>']
2026-05-14 11:50:24,015 - INFO - joeynmt.training - 	Source:     The next slide I show you will be a rapid fast-forward of what &apos;s happened over the last 25 years .
2026-05-14 11:50:24,015 - INFO - joeynmt.training - 	Reference:  La prochaine diapositive que je vais vous montrer est une vue en accéléré de ce qui s&apos; est passé ces 25 dernières années .
2026-05-14 11:50:24,015 - INFO - joeynmt.training - 	Hypothesis: La prochaine diapositive que je vous vais un réguguguiification de ce qui est passé pendant 25 ans .
2026-05-14 11:50:40,146 - INFO - joeynmt.training - Epoch   2, Step:     5600, Batch Loss:     1.870169, Batch Acc: 0.516978, Tokens per Sec:     4704, Lr: 0.000300
2026-05-14 11:50:55,978 - INFO - joeynmt.training - Epoch   2, Step:     5700, Batch Loss:     1.872003, Batch Acc: 0.515120, Tokens per Sec:     4668, Lr: 0.000300
2026-05-14 11:51:11,827 - INFO - joeynmt.training - Epoch   2, Step:     5800, Batch Loss:     1.922903, Batch Acc: 0.518862, Tokens per Sec:     4705, Lr: 0.000300
2026-05-14 11:51:27,507 - INFO - joeynmt.training - Epoch   2, Step:     5900, Batch Loss:     1.813975, Batch Acc: 0.516774, Tokens per Sec:     4715, Lr: 0.000300
2026-05-14 11:51:43,253 - INFO - joeynmt.training - Epoch   2, Step:     6000, Batch Loss:     1.927337, Batch Acc: 0.517808, Tokens per Sec:     4756, Lr: 0.000300
2026-05-14 11:51:43,253 - WARNING - joeynmt.helpers - `alpha` option is obsolete. Please use `beam_alpha`, instead.
2026-05-14 11:51:43,253 - INFO - joeynmt.prediction - Predicting 890 example(s)... (Greedy decoding with min_output_length=1, max_output_length=-1, return_prob='none', generate_unk=True, repetition_penalty=-1, no_repeat_ngram_size=-1)
2026-05-14 11:52:23,186 - INFO - joeynmt.prediction - Evaluation result (greedy) loss:   2.04, ppl:   7.73, acc:   0.47, generation: 39.9278[sec], evaluation: 0.0000[sec]
2026-05-14 11:52:23,186 - INFO - joeynmt.training - Hooray! New best validation result [ppl]!
2026-05-14 11:52:23,251 - INFO - joeynmt.helpers - delete models/bpe_8k/3500.ckpt
2026-05-14 11:52:23,252 - INFO - joeynmt.training - Example #0
2026-05-14 11:52:23,252 - DEBUG - joeynmt.training - 	Tokenized source:     ['L@@', 'ast', 'year', 'I', 'showed', 'these', 'two', 'sli@@', 'des', 'so', 'that', 'demonstr@@', 'ate', 'that', 'the', 'ar@@', 'c@@', 'tic', 'ice', 'ca@@', 'p', ',', 'which', 'for', 'most', 'of', 'the', 'last', 'three', 'million', 'years', 'has', 'been', 'the', 'size', 'of', 'the', 'lower', '4@@', '8', 'states', ',', 'has', 'sh@@', 'run@@', 'k', 'by', '40', 'percent', '.']
2026-05-14 11:52:23,252 - DEBUG - joeynmt.training - 	Tokenized reference:  ['L&apos;', 'année', 'dernière', ',', 'je', 'vous', 'ai', 'présent@@', 'é', 'ces', 'deux', 'di@@', 'apos@@', 'iti@@', 'ves', 'qui', 'montr@@', 'aient', 'que', 'la', 'cal@@', 'ot@@', 'te', 'gl@@', 'ac@@', 'ière', 'ar@@', 'c@@', 'tique', ',', 'qui', 'pendant', 'ces', '3', 'derniers', 'millions', 'd&apos;', 'année', 'avait', 'la', 'taille', 'des', 'Etats-Unis', 'sans', 'l&apos;', 'Al@@', 'as@@', 'ka', ',', 'qui', 'pendant', 'ces', '3', 'derniers', 'millions', 'd&apos;', 'année', 'avait', 'la', 'taille', 'des', 'Etats-Unis', 'sans', 'l&apos;', 'Al@@', 'as@@', 'ka', ',', 'avait', 'di@@', 'minu@@', 'é', 'de', '40', '%', '.']
2026-05-14 11:52:23,252 - DEBUG - joeynmt.training - 	Tokenized hypothesis: ['L&apos;', 'année', 'dernière', ',', 'j&apos;', 'ai', 'montré', 'ces', 'deux', 'di@@', 'apos@@', 'iti@@', 'ves', 'qui', 'dé@@', 'mon@@', 'tent', 'le', 'cal@@', 'me', ',', 'qui', 'a', 'la', 'plupart', 'des', 'trois', 'millions', 'de', 'plus', 'en', 'plus', 'de', 'la', 'taille', 'de', 'plus', 'faible', ',', 'a', 'été', 'la', 'taille', 'de', 'plus', 'faible', '.', '</s>']
2026-05-14 11:52:23,252 - INFO - joeynmt.training - 	Source:     Last year I showed these two slides so that demonstrate that the arctic ice cap , which for most of the last three million years has been the size of the lower 48 states , has shrunk by 40 percent .
2026-05-14 11:52:23,252 - INFO - joeynmt.training - 	Reference:  L&apos; année dernière , je vous ai présenté ces deux diapositives qui montraient que la calotte glacière arctique , qui pendant ces 3 derniers millions d&apos; année avait la taille des Etats-Unis sans l&apos; Alaska , qui pendant ces 3 derniers millions d&apos; année avait la taille des Etats-Unis sans l&apos; Alaska , avait diminué de 40 % .
2026-05-14 11:52:23,252 - INFO - joeynmt.training - 	Hypothesis: L&apos; année dernière , j&apos; ai montré ces deux diapositives qui démontent le calme , qui a la plupart des trois millions de plus en plus de la taille de plus faible , a été la taille de plus faible .
2026-05-14 11:52:23,252 - INFO - joeynmt.training - Example #1
2026-05-14 11:52:23,252 - DEBUG - joeynmt.training - 	Tokenized source:     ['But', 'this', 'underst@@', 'ates', 'the', 'seri@@', 'ousness', 'of', 'this', 'particular', 'problem', 'because', 'it', 'doesn', '&apos;t', 'show', 'the', 'th@@', 'ick@@', 'ness', 'of', 'the', 'ice', '.']
2026-05-14 11:52:23,252 - DEBUG - joeynmt.training - 	Tokenized reference:  ['Mais', 'ceci', 'tend', 'à', 'a@@', 'mo@@', 'ind@@', 'rir', 'le', 'problème', 'parce', 'qu&apos;', 'on', 'ne', 'voit', 'pas', 'l&apos;', 'ép@@', 'aiss@@', 'eur', 'de', 'la', 'glace', '.']
2026-05-14 11:52:23,253 - DEBUG - joeynmt.training - 	Tokenized hypothesis: ['Mais', 'ce', 'qui', 'peut', 'le', 'le', 'sérieux', 'de', 'ce', 'problème', 'parce', 'que', 'ça', 'ne', 'montre', 'pas', 'la', 's@@', 'aison', 'de', 'la', 'glace', '.', '</s>']
2026-05-14 11:52:23,253 - INFO - joeynmt.training - 	Source:     But this understates the seriousness of this particular problem because it doesn &apos;t show the thickness of the ice .
2026-05-14 11:52:23,253 - INFO - joeynmt.training - 	Reference:  Mais ceci tend à amoindrir le problème parce qu&apos; on ne voit pas l&apos; épaisseur de la glace .
2026-05-14 11:52:23,253 - INFO - joeynmt.training - 	Hypothesis: Mais ce qui peut le le sérieux de ce problème parce que ça ne montre pas la saison de la glace .
2026-05-14 11:52:23,253 - INFO - joeynmt.training - Example #2
2026-05-14 11:52:23,253 - DEBUG - joeynmt.training - 	Tokenized source:     ['The', 'ar@@', 'c@@', 'tic', 'ice', 'ca@@', 'p', 'is', ',', 'in', 'a', 'sense', ',', 'the', 'be@@', 'ating', 'heart', 'of', 'the', 'global', 'climate', 'system', '.']
2026-05-14 11:52:23,253 - DEBUG - joeynmt.training - 	Tokenized reference:  ['On', 'peut', 'voir', 'la', 'cal@@', 'ot@@', 'te', 'gl@@', 'ac@@', 'ière', 'ar@@', 'c@@', 'tique', 'comme', 'le', 'coeur', 'du', 'système', 'climatique', 'global', '.', 'On', 'peut', 'voir', 'la', 'cal@@', 'ot@@', 'te', 'gl@@', 'ac@@', 'ière', 'ar@@', 'c@@', 'tique', 'comme', 'le', 'coeur', 'du', 'système', 'climatique', 'global', '.']
2026-05-14 11:52:23,253 - DEBUG - joeynmt.training - 	Tokenized hypothesis: ['La', 'glace', 'ar@@', 'c@@', 'tique', ',', 'est', 'dans', 'un', 'sens', ',', 'la', 'pl@@', 'eur', 'du', 'système', 'de', 'la', 'planète', 'mondiale', '.', '</s>']
2026-05-14 11:52:23,253 - INFO - joeynmt.training - 	Source:     The arctic ice cap is , in a sense , the beating heart of the global climate system .
2026-05-14 11:52:23,253 - INFO - joeynmt.training - 	Reference:  On peut voir la calotte glacière arctique comme le coeur du système climatique global . On peut voir la calotte glacière arctique comme le coeur du système climatique global .
2026-05-14 11:52:23,253 - INFO - joeynmt.training - 	Hypothesis: La glace arctique , est dans un sens , la pleur du système de la planète mondiale .
2026-05-14 11:52:23,253 - INFO - joeynmt.training - Example #3
2026-05-14 11:52:23,253 - DEBUG - joeynmt.training - 	Tokenized source:     ['It', 'exp@@', 'ands', 'in', 'w@@', 'int@@', 'er', 'and', 'contr@@', 'acts', 'in', 'summer', '.']
2026-05-14 11:52:23,253 - DEBUG - joeynmt.training - 	Tokenized reference:  ['Elle', 's&apos;', 'ét@@', 'end', 'en', 'hi@@', 'ver', 'et', 'se', 'contr@@', 'acte', 'en', 'été', '.']
2026-05-14 11:52:23,253 - DEBUG - joeynmt.training - 	Tokenized hypothesis: ['Elle', 's&apos;', 'est', 'exp@@', 'ul@@', 'er', 'et', 'contr@@', 'airement', 'en', 'été', '.', '</s>']
2026-05-14 11:52:23,253 - INFO - joeynmt.training - 	Source:     It expands in winter and contracts in summer .
2026-05-14 11:52:23,253 - INFO - joeynmt.training - 	Reference:  Elle s&apos; étend en hiver et se contracte en été .
2026-05-14 11:52:23,253 - INFO - joeynmt.training - 	Hypothesis: Elle s&apos; est expuler et contrairement en été .
2026-05-14 11:52:23,253 - INFO - joeynmt.training - Example #4
2026-05-14 11:52:23,253 - DEBUG - joeynmt.training - 	Tokenized source:     ['The', 'next', 'slide', 'I', 'show', 'you', 'will', 'be', 'a', 'rap@@', 'id', 'fas@@', 't-@@', 'forward', 'of', 'what', '&apos;s', 'happened', 'over', 'the', 'last', '25', 'years', '.']
2026-05-14 11:52:23,253 - DEBUG - joeynmt.training - 	Tokenized reference:  ['La', 'prochaine', 'di@@', 'apos@@', 'itive', 'que', 'je', 'vais', 'vous', 'montrer', 'est', 'une', 'vue', 'en', 'accél@@', 'éré', 'de', 'ce', 'qui', 's&apos;', 'est', 'passé', 'ces', '25', 'dernières', 'années', '.']
2026-05-14 11:52:23,253 - DEBUG - joeynmt.training - 	Tokenized hypothesis: ['La', 'prochaine', 'di@@', 'apos@@', 'itive', 'que', 'je', 'vous', 'montre', 'être', 'un', 'long', 'long', 'long', 'de', 'ce', 'qui', 's&apos;', 'est', 'passé', 'pendant', 'les', '25', 'dernières', 'années', '.', '</s>']
2026-05-14 11:52:23,253 - INFO - joeynmt.training - 	Source:     The next slide I show you will be a rapid fast-forward of what &apos;s happened over the last 25 years .
2026-05-14 11:52:23,253 - INFO - joeynmt.training - 	Reference:  La prochaine diapositive que je vais vous montrer est une vue en accéléré de ce qui s&apos; est passé ces 25 dernières années .
2026-05-14 11:52:23,253 - INFO - joeynmt.training - 	Hypothesis: La prochaine diapositive que je vous montre être un long long long de ce qui s&apos; est passé pendant les 25 dernières années .
2026-05-14 11:52:39,054 - INFO - joeynmt.training - Epoch   2, Step:     6100, Batch Loss:     2.015895, Batch Acc: 0.518807, Tokens per Sec:     4693, Lr: 0.000300
2026-05-14 11:52:55,593 - INFO - joeynmt.training - Epoch   2, Step:     6200, Batch Loss:     2.169162, Batch Acc: 0.521172, Tokens per Sec:     4632, Lr: 0.000300
2026-05-14 11:53:11,547 - INFO - joeynmt.training - Epoch   2, Step:     6300, Batch Loss:     1.809178, Batch Acc: 0.528507, Tokens per Sec:     4769, Lr: 0.000300
2026-05-14 11:53:27,853 - INFO - joeynmt.training - Epoch   2, Step:     6400, Batch Loss:     1.767097, Batch Acc: 0.521927, Tokens per Sec:     4572, Lr: 0.000300
2026-05-14 11:53:44,741 - INFO - joeynmt.training - Epoch   2, Step:     6500, Batch Loss:     1.614922, Batch Acc: 0.527197, Tokens per Sec:     4513, Lr: 0.000300
2026-05-14 11:53:44,742 - WARNING - joeynmt.helpers - `alpha` option is obsolete. Please use `beam_alpha`, instead.
2026-05-14 11:53:44,742 - INFO - joeynmt.prediction - Predicting 890 example(s)... (Greedy decoding with min_output_length=1, max_output_length=-1, return_prob='none', generate_unk=True, repetition_penalty=-1, no_repeat_ngram_size=-1)
2026-05-14 11:54:37,600 - INFO - joeynmt.prediction - Evaluation result (greedy) loss:   2.00, ppl:   7.40, acc:   0.48, generation: 52.8536[sec], evaluation: 0.0000[sec]
2026-05-14 11:54:37,601 - INFO - joeynmt.training - Hooray! New best validation result [ppl]!
2026-05-14 11:54:37,668 - INFO - joeynmt.helpers - delete models/bpe_8k/4000.ckpt
2026-05-14 11:54:37,668 - INFO - joeynmt.training - Example #0
2026-05-14 11:54:37,669 - DEBUG - joeynmt.training - 	Tokenized source:     ['L@@', 'ast', 'year', 'I', 'showed', 'these', 'two', 'sli@@', 'des', 'so', 'that', 'demonstr@@', 'ate', 'that', 'the', 'ar@@', 'c@@', 'tic', 'ice', 'ca@@', 'p', ',', 'which', 'for', 'most', 'of', 'the', 'last', 'three', 'million', 'years', 'has', 'been', 'the', 'size', 'of', 'the', 'lower', '4@@', '8', 'states', ',', 'has', 'sh@@', 'run@@', 'k', 'by', '40', 'percent', '.']
2026-05-14 11:54:37,669 - DEBUG - joeynmt.training - 	Tokenized reference:  ['L&apos;', 'année', 'dernière', ',', 'je', 'vous', 'ai', 'présent@@', 'é', 'ces', 'deux', 'di@@', 'apos@@', 'iti@@', 'ves', 'qui', 'montr@@', 'aient', 'que', 'la', 'cal@@', 'ot@@', 'te', 'gl@@', 'ac@@', 'ière', 'ar@@', 'c@@', 'tique', ',', 'qui', 'pendant', 'ces', '3', 'derniers', 'millions', 'd&apos;', 'année', 'avait', 'la', 'taille', 'des', 'Etats-Unis', 'sans', 'l&apos;', 'Al@@', 'as@@', 'ka', ',', 'qui', 'pendant', 'ces', '3', 'derniers', 'millions', 'd&apos;', 'année', 'avait', 'la', 'taille', 'des', 'Etats-Unis', 'sans', 'l&apos;', 'Al@@', 'as@@', 'ka', ',', 'avait', 'di@@', 'minu@@', 'é', 'de', '40', '%', '.']
2026-05-14 11:54:37,669 - DEBUG - joeynmt.training - 	Tokenized hypothesis: ['L&apos;', 'année', 'dernière', ',', 'j&apos;', 'ai', 'montré', 'ces', 'deux', 'di@@', 'apos@@', 'apos@@', 'itive', 'que', 'le', 'dé@@', 'dé@@', 'dé@@', 'dé@@', 'dé@@', 'lis@@', 'er', ',', 'qui', 'pour', 'la', 'plupart', 'des', 'trois', 'millions', 'd&apos;', 'années', ',', 'a', 'été', 'la', 'taille', 'de', 'l&apos;', 'eau', 'plus', 'bas', '4@@', '8', 't@@', 'onnes', '.', '</s>']
2026-05-14 11:54:37,669 - INFO - joeynmt.training - 	Source:     Last year I showed these two slides so that demonstrate that the arctic ice cap , which for most of the last three million years has been the size of the lower 48 states , has shrunk by 40 percent .
2026-05-14 11:54:37,669 - INFO - joeynmt.training - 	Reference:  L&apos; année dernière , je vous ai présenté ces deux diapositives qui montraient que la calotte glacière arctique , qui pendant ces 3 derniers millions d&apos; année avait la taille des Etats-Unis sans l&apos; Alaska , qui pendant ces 3 derniers millions d&apos; année avait la taille des Etats-Unis sans l&apos; Alaska , avait diminué de 40 % .
2026-05-14 11:54:37,669 - INFO - joeynmt.training - 	Hypothesis: L&apos; année dernière , j&apos; ai montré ces deux diaposapositive que le dédédédédéliser , qui pour la plupart des trois millions d&apos; années , a été la taille de l&apos; eau plus bas 48 tonnes .
2026-05-14 11:54:37,669 - INFO - joeynmt.training - Example #1
2026-05-14 11:54:37,669 - DEBUG - joeynmt.training - 	Tokenized source:     ['But', 'this', 'underst@@', 'ates', 'the', 'seri@@', 'ousness', 'of', 'this', 'particular', 'problem', 'because', 'it', 'doesn', '&apos;t', 'show', 'the', 'th@@', 'ick@@', 'ness', 'of', 'the', 'ice', '.']
2026-05-14 11:54:37,669 - DEBUG - joeynmt.training - 	Tokenized reference:  ['Mais', 'ceci', 'tend', 'à', 'a@@', 'mo@@', 'ind@@', 'rir', 'le', 'problème', 'parce', 'qu&apos;', 'on', 'ne', 'voit', 'pas', 'l&apos;', 'ép@@', 'aiss@@', 'eur', 'de', 'la', 'glace', '.']
2026-05-14 11:54:37,669 - DEBUG - joeynmt.training - 	Tokenized hypothesis: ['Mais', 'ce', 'qui', 'a', 'fait', 'le', 'sérieux', 'de', 'ce', 'problème', 'parce', 'qu&apos;', 'il', 'ne', 'montre', 'pas', 'le', 'th@@', 'th@@', 'th@@', 'th@@', 'th@@', 'th@@', 'th@@', 'th@@', 'th@@', 'ér@@', 'ér@@', 'al', '.', '</s>']
2026-05-14 11:54:37,669 - INFO - joeynmt.training - 	Source:     But this understates the seriousness of this particular problem because it doesn &apos;t show the thickness of the ice .
2026-05-14 11:54:37,669 - INFO - joeynmt.training - 	Reference:  Mais ceci tend à amoindrir le problème parce qu&apos; on ne voit pas l&apos; épaisseur de la glace .
2026-05-14 11:54:37,669 - INFO - joeynmt.training - 	Hypothesis: Mais ce qui a fait le sérieux de ce problème parce qu&apos; il ne montre pas le thththththththththéréral .
2026-05-14 11:54:37,669 - INFO - joeynmt.training - Example #2
2026-05-14 11:54:37,669 - DEBUG - joeynmt.training - 	Tokenized source:     ['The', 'ar@@', 'c@@', 'tic', 'ice', 'ca@@', 'p', 'is', ',', 'in', 'a', 'sense', ',', 'the', 'be@@', 'ating', 'heart', 'of', 'the', 'global', 'climate', 'system', '.']
2026-05-14 11:54:37,669 - DEBUG - joeynmt.training - 	Tokenized reference:  ['On', 'peut', 'voir', 'la', 'cal@@', 'ot@@', 'te', 'gl@@', 'ac@@', 'ière', 'ar@@', 'c@@', 'tique', 'comme', 'le', 'coeur', 'du', 'système', 'climatique', 'global', '.', 'On', 'peut', 'voir', 'la', 'cal@@', 'ot@@', 'te', 'gl@@', 'ac@@', 'ière', 'ar@@', 'c@@', 'tique', 'comme', 'le', 'coeur', 'du', 'système', 'climatique', 'global', '.']
2026-05-14 11:54:37,669 - DEBUG - joeynmt.training - 	Tokenized hypothesis: ['La', 'glace', 'ar@@', 'c@@', 'tique', 'est', ',', 'dans', 'un', 'sens', ',', 'le', 'coeur', 'du', 'système', 'du', 'climat', '.', '</s>']
2026-05-14 11:54:37,669 - INFO - joeynmt.training - 	Source:     The arctic ice cap is , in a sense , the beating heart of the global climate system .
2026-05-14 11:54:37,669 - INFO - joeynmt.training - 	Reference:  On peut voir la calotte glacière arctique comme le coeur du système climatique global . On peut voir la calotte glacière arctique comme le coeur du système climatique global .
2026-05-14 11:54:37,669 - INFO - joeynmt.training - 	Hypothesis: La glace arctique est , dans un sens , le coeur du système du climat .
2026-05-14 11:54:37,669 - INFO - joeynmt.training - Example #3
2026-05-14 11:54:37,669 - DEBUG - joeynmt.training - 	Tokenized source:     ['It', 'exp@@', 'ands', 'in', 'w@@', 'int@@', 'er', 'and', 'contr@@', 'acts', 'in', 'summer', '.']
2026-05-14 11:54:37,669 - DEBUG - joeynmt.training - 	Tokenized reference:  ['Elle', 's&apos;', 'ét@@', 'end', 'en', 'hi@@', 'ver', 'et', 'se', 'contr@@', 'acte', 'en', 'été', '.']
2026-05-14 11:54:37,669 - DEBUG - joeynmt.training - 	Tokenized hypothesis: ['Elle', 's&apos;', 'est', 'exp@@', 'é@@', 'gu@@', 'is@@', 'ée', 'et', 'contr@@', 'airement', 'en', 'été', '.', '</s>']
2026-05-14 11:54:37,669 - INFO - joeynmt.training - 	Source:     It expands in winter and contracts in summer .
2026-05-14 11:54:37,669 - INFO - joeynmt.training - 	Reference:  Elle s&apos; étend en hiver et se contracte en été .
2026-05-14 11:54:37,669 - INFO - joeynmt.training - 	Hypothesis: Elle s&apos; est expéguisée et contrairement en été .
2026-05-14 11:54:37,669 - INFO - joeynmt.training - Example #4
2026-05-14 11:54:37,669 - DEBUG - joeynmt.training - 	Tokenized source:     ['The', 'next', 'slide', 'I', 'show', 'you', 'will', 'be', 'a', 'rap@@', 'id', 'fas@@', 't-@@', 'forward', 'of', 'what', '&apos;s', 'happened', 'over', 'the', 'last', '25', 'years', '.']
2026-05-14 11:54:37,670 - DEBUG - joeynmt.training - 	Tokenized reference:  ['La', 'prochaine', 'di@@', 'apos@@', 'itive', 'que', 'je', 'vais', 'vous', 'montrer', 'est', 'une', 'vue', 'en', 'accél@@', 'éré', 'de', 'ce', 'qui', 's&apos;', 'est', 'passé', 'ces', '25', 'dernières', 'années', '.']
2026-05-14 11:54:37,670 - DEBUG - joeynmt.training - 	Tokenized hypothesis: ['La', 'prochaine', 'di@@', 'apos@@', 'itive', 'que', 'je', 'vous', 'vais', 'vous', 'avoir', 'une', 'par@@', 'par@@', 'ole', 'de', 'ce', 'qui', 'est', 'passé', 'depuis', 'les', '25', 'ans', '.', '</s>']
2026-05-14 11:54:37,670 - INFO - joeynmt.training - 	Source:     The next slide I show you will be a rapid fast-forward of what &apos;s happened over the last 25 years .
2026-05-14 11:54:37,670 - INFO - joeynmt.training - 	Reference:  La prochaine diapositive que je vais vous montrer est une vue en accéléré de ce qui s&apos; est passé ces 25 dernières années .
2026-05-14 11:54:37,670 - INFO - joeynmt.training - 	Hypothesis: La prochaine diapositive que je vous vais vous avoir une parparole de ce qui est passé depuis les 25 ans .
2026-05-14 11:54:54,506 - INFO - joeynmt.training - Epoch   2, Step:     6600, Batch Loss:     1.828006, Batch Acc: 0.523761, Tokens per Sec:     4314, Lr: 0.000300
2026-05-14 11:55:11,642 - INFO - joeynmt.training - Epoch   2, Step:     6700, Batch Loss:     1.688304, Batch Acc: 0.533536, Tokens per Sec:     4538, Lr: 0.000300
2026-05-14 11:55:28,849 - INFO - joeynmt.training - Epoch   2, Step:     6800, Batch Loss:     1.862912, Batch Acc: 0.534507, Tokens per Sec:     4390, Lr: 0.000300
2026-05-14 11:55:46,287 - INFO - joeynmt.training - Epoch   2, Step:     6900, Batch Loss:     1.723134, Batch Acc: 0.532187, Tokens per Sec:     4241, Lr: 0.000300
2026-05-14 11:56:03,308 - INFO - joeynmt.training - Epoch   2, Step:     7000, Batch Loss:     1.788733, Batch Acc: 0.535238, Tokens per Sec:     4431, Lr: 0.000300
2026-05-14 11:56:03,308 - WARNING - joeynmt.helpers - `alpha` option is obsolete. Please use `beam_alpha`, instead.
2026-05-14 11:56:03,308 - INFO - joeynmt.prediction - Predicting 890 example(s)... (Greedy decoding with min_output_length=1, max_output_length=-1, return_prob='none', generate_unk=True, repetition_penalty=-1, no_repeat_ngram_size=-1)
2026-05-14 11:56:43,577 - INFO - joeynmt.prediction - Evaluation result (greedy) loss:   1.96, ppl:   7.09, acc:   0.48, generation: 40.2649[sec], evaluation: 0.0000[sec]
2026-05-14 11:56:43,578 - INFO - joeynmt.training - Hooray! New best validation result [ppl]!
2026-05-14 11:56:43,643 - INFO - joeynmt.helpers - delete models/bpe_8k/4500.ckpt
2026-05-14 11:56:43,643 - INFO - joeynmt.training - Example #0
2026-05-14 11:56:43,643 - DEBUG - joeynmt.training - 	Tokenized source:     ['L@@', 'ast', 'year', 'I', 'showed', 'these', 'two', 'sli@@', 'des', 'so', 'that', 'demonstr@@', 'ate', 'that', 'the', 'ar@@', 'c@@', 'tic', 'ice', 'ca@@', 'p', ',', 'which', 'for', 'most', 'of', 'the', 'last', 'three', 'million', 'years', 'has', 'been', 'the', 'size', 'of', 'the', 'lower', '4@@', '8', 'states', ',', 'has', 'sh@@', 'run@@', 'k', 'by', '40', 'percent', '.']
2026-05-14 11:56:43,643 - DEBUG - joeynmt.training - 	Tokenized reference:  ['L&apos;', 'année', 'dernière', ',', 'je', 'vous', 'ai', 'présent@@', 'é', 'ces', 'deux', 'di@@', 'apos@@', 'iti@@', 'ves', 'qui', 'montr@@', 'aient', 'que', 'la', 'cal@@', 'ot@@', 'te', 'gl@@', 'ac@@', 'ière', 'ar@@', 'c@@', 'tique', ',', 'qui', 'pendant', 'ces', '3', 'derniers', 'millions', 'd&apos;', 'année', 'avait', 'la', 'taille', 'des', 'Etats-Unis', 'sans', 'l&apos;', 'Al@@', 'as@@', 'ka', ',', 'qui', 'pendant', 'ces', '3', 'derniers', 'millions', 'd&apos;', 'année', 'avait', 'la', 'taille', 'des', 'Etats-Unis', 'sans', 'l&apos;', 'Al@@', 'as@@', 'ka', ',', 'avait', 'di@@', 'minu@@', 'é', 'de', '40', '%', '.']
2026-05-14 11:56:43,643 - DEBUG - joeynmt.training - 	Tokenized hypothesis: ['L&apos;', 'année', 'de', 'l&apos;', 'année', 'de', 'j&apos;', 'ai', 'montré', 'ces', 'deux', 'di@@', 'a@@', 'pos', 'qui', 'dé@@', 'dé@@', 'dé@@', 'mon@@', 'str@@', 'ation', 'de', 'glace', ',', 'qui', 'pour', 'la', 'plupart', 'des', 'trois', 'millions', 'd&apos;', 'années', 'a', 'été', 'la', 'taille', 'de', 'plus', 'bas', 'de', '4@@', '8', ',', 'a', 'été', 'de', 'la', 'taille', 'de', 'plus', 'bas', 'de', '4@@', '8', '%', '.', '</s>']
2026-05-14 11:56:43,643 - INFO - joeynmt.training - 	Source:     Last year I showed these two slides so that demonstrate that the arctic ice cap , which for most of the last three million years has been the size of the lower 48 states , has shrunk by 40 percent .
2026-05-14 11:56:43,643 - INFO - joeynmt.training - 	Reference:  L&apos; année dernière , je vous ai présenté ces deux diapositives qui montraient que la calotte glacière arctique , qui pendant ces 3 derniers millions d&apos; année avait la taille des Etats-Unis sans l&apos; Alaska , qui pendant ces 3 derniers millions d&apos; année avait la taille des Etats-Unis sans l&apos; Alaska , avait diminué de 40 % .
2026-05-14 11:56:43,643 - INFO - joeynmt.training - 	Hypothesis: L&apos; année de l&apos; année de j&apos; ai montré ces deux diapos qui dédédémonstration de glace , qui pour la plupart des trois millions d&apos; années a été la taille de plus bas de 48 , a été de la taille de plus bas de 48 % .
2026-05-14 11:56:43,643 - INFO - joeynmt.training - Example #1
2026-05-14 11:56:43,643 - DEBUG - joeynmt.training - 	Tokenized source:     ['But', 'this', 'underst@@', 'ates', 'the', 'seri@@', 'ousness', 'of', 'this', 'particular', 'problem', 'because', 'it', 'doesn', '&apos;t', 'show', 'the', 'th@@', 'ick@@', 'ness', 'of', 'the', 'ice', '.']
2026-05-14 11:56:43,643 - DEBUG - joeynmt.training - 	Tokenized reference:  ['Mais', 'ceci', 'tend', 'à', 'a@@', 'mo@@', 'ind@@', 'rir', 'le', 'problème', 'parce', 'qu&apos;', 'on', 'ne', 'voit', 'pas', 'l&apos;', 'ép@@', 'aiss@@', 'eur', 'de', 'la', 'glace', '.']
2026-05-14 11:56:43,643 - DEBUG - joeynmt.training - 	Tokenized hypothesis: ['Mais', 'cela', 'a', 'compris', 'le', 'sérieux', 'de', 'ce', 'problème', ',', 'parce', 'que', 'ce', 'n&apos;', 'est', 'pas', 'le', 'th@@', 'é', 'de', 'la', 'glace', '.', '</s>']
2026-05-14 11:56:43,643 - INFO - joeynmt.training - 	Source:     But this understates the seriousness of this particular problem because it doesn &apos;t show the thickness of the ice .
2026-05-14 11:56:43,643 - INFO - joeynmt.training - 	Reference:  Mais ceci tend à amoindrir le problème parce qu&apos; on ne voit pas l&apos; épaisseur de la glace .
2026-05-14 11:56:43,643 - INFO - joeynmt.training - 	Hypothesis: Mais cela a compris le sérieux de ce problème , parce que ce n&apos; est pas le thé de la glace .
2026-05-14 11:56:43,643 - INFO - joeynmt.training - Example #2
2026-05-14 11:56:43,643 - DEBUG - joeynmt.training - 	Tokenized source:     ['The', 'ar@@', 'c@@', 'tic', 'ice', 'ca@@', 'p', 'is', ',', 'in', 'a', 'sense', ',', 'the', 'be@@', 'ating', 'heart', 'of', 'the', 'global', 'climate', 'system', '.']
2026-05-14 11:56:43,644 - DEBUG - joeynmt.training - 	Tokenized reference:  ['On', 'peut', 'voir', 'la', 'cal@@', 'ot@@', 'te', 'gl@@', 'ac@@', 'ière', 'ar@@', 'c@@', 'tique', 'comme', 'le', 'coeur', 'du', 'système', 'climatique', 'global', '.', 'On', 'peut', 'voir', 'la', 'cal@@', 'ot@@', 'te', 'gl@@', 'ac@@', 'ière', 'ar@@', 'c@@', 'tique', 'comme', 'le', 'coeur', 'du', 'système', 'climatique', 'global', '.']
2026-05-14 11:56:43,644 - DEBUG - joeynmt.training - 	Tokenized hypothesis: ['La', 'glace', 'ar@@', 'c@@', 'tique', 'de', 'glace', 'est', ',', 'dans', 'un', 'sens', ',', 'le', 'coeur', 'du', 'climat', '.', '</s>']
2026-05-14 11:56:43,644 - INFO - joeynmt.training - 	Source:     The arctic ice cap is , in a sense , the beating heart of the global climate system .
2026-05-14 11:56:43,644 - INFO - joeynmt.training - 	Reference:  On peut voir la calotte glacière arctique comme le coeur du système climatique global . On peut voir la calotte glacière arctique comme le coeur du système climatique global .
2026-05-14 11:56:43,644 - INFO - joeynmt.training - 	Hypothesis: La glace arctique de glace est , dans un sens , le coeur du climat .
2026-05-14 11:56:43,644 - INFO - joeynmt.training - Example #3
2026-05-14 11:56:43,644 - DEBUG - joeynmt.training - 	Tokenized source:     ['It', 'exp@@', 'ands', 'in', 'w@@', 'int@@', 'er', 'and', 'contr@@', 'acts', 'in', 'summer', '.']
2026-05-14 11:56:43,644 - DEBUG - joeynmt.training - 	Tokenized reference:  ['Elle', 's&apos;', 'ét@@', 'end', 'en', 'hi@@', 'ver', 'et', 'se', 'contr@@', 'acte', 'en', 'été', '.']
2026-05-14 11:56:43,644 - DEBUG - joeynmt.training - 	Tokenized hypothesis: ['Il', 's&apos;', 'agit', 'd&apos;', 'é@@', 'car@@', 't', 'et', 'contr@@', 'ac@@', 'tif', '.', '</s>']
2026-05-14 11:56:43,644 - INFO - joeynmt.training - 	Source:     It expands in winter and contracts in summer .
2026-05-14 11:56:43,644 - INFO - joeynmt.training - 	Reference:  Elle s&apos; étend en hiver et se contracte en été .
2026-05-14 11:56:43,644 - INFO - joeynmt.training - 	Hypothesis: Il s&apos; agit d&apos; écart et contractif .
2026-05-14 11:56:43,644 - INFO - joeynmt.training - Example #4
2026-05-14 11:56:43,644 - DEBUG - joeynmt.training - 	Tokenized source:     ['The', 'next', 'slide', 'I', 'show', 'you', 'will', 'be', 'a', 'rap@@', 'id', 'fas@@', 't-@@', 'forward', 'of', 'what', '&apos;s', 'happened', 'over', 'the', 'last', '25', 'years', '.']
2026-05-14 11:56:43,644 - DEBUG - joeynmt.training - 	Tokenized reference:  ['La', 'prochaine', 'di@@', 'apos@@', 'itive', 'que', 'je', 'vais', 'vous', 'montrer', 'est', 'une', 'vue', 'en', 'accél@@', 'éré', 'de', 'ce', 'qui', 's&apos;', 'est', 'passé', 'ces', '25', 'dernières', 'années', '.']
2026-05-14 11:56:43,644 - DEBUG - joeynmt.training - 	Tokenized hypothesis: ['La', 'prochaine', 'di@@', 'apos@@', 'itive', 'que', 'je', 'vous', 'ser@@', 'ez', 'un', 'rap@@', 'ides', 'pour', 'l&apos;', 'avant', 'de', 'ce', 'qui', 's&apos;', 'est', 'passé', 'depuis', 'les', '25', 'dernières', 'années', '.', '</s>']
2026-05-14 11:56:43,644 - INFO - joeynmt.training - 	Source:     The next slide I show you will be a rapid fast-forward of what &apos;s happened over the last 25 years .
2026-05-14 11:56:43,644 - INFO - joeynmt.training - 	Reference:  La prochaine diapositive que je vais vous montrer est une vue en accéléré de ce qui s&apos; est passé ces 25 dernières années .
2026-05-14 11:56:43,644 - INFO - joeynmt.training - 	Hypothesis: La prochaine diapositive que je vous serez un rapides pour l&apos; avant de ce qui s&apos; est passé depuis les 25 dernières années .
2026-05-14 11:57:00,527 - INFO - joeynmt.training - Epoch   2, Step:     7100, Batch Loss:     1.799702, Batch Acc: 0.535810, Tokens per Sec:     4534, Lr: 0.000300
2026-05-14 11:57:17,535 - INFO - joeynmt.training - Epoch   2, Step:     7200, Batch Loss:     1.651843, Batch Acc: 0.538120, Tokens per Sec:     4507, Lr: 0.000300
2026-05-14 11:57:24,730 - INFO - joeynmt.training - Epoch   2: total training loss 6897.01
2026-05-14 11:57:24,730 - INFO - joeynmt.training - EPOCH 3
2026-05-14 11:57:34,241 - INFO - joeynmt.training - Epoch   3, Step:     7300, Batch Loss:     1.779908, Batch Acc: 0.553948, Tokens per Sec:     4308, Lr: 0.000300
2026-05-14 11:57:50,981 - INFO - joeynmt.training - Epoch   3, Step:     7400, Batch Loss:     1.452898, Batch Acc: 0.563209, Tokens per Sec:     4626, Lr: 0.000300
2026-05-14 11:58:07,506 - INFO - joeynmt.training - Epoch   3, Step:     7500, Batch Loss:     1.586165, Batch Acc: 0.562522, Tokens per Sec:     4574, Lr: 0.000300
2026-05-14 11:58:07,506 - WARNING - joeynmt.helpers - `alpha` option is obsolete. Please use `beam_alpha`, instead.
2026-05-14 11:58:07,506 - INFO - joeynmt.prediction - Predicting 890 example(s)... (Greedy decoding with min_output_length=1, max_output_length=-1, return_prob='none', generate_unk=True, repetition_penalty=-1, no_repeat_ngram_size=-1)
2026-05-14 11:58:47,866 - INFO - joeynmt.prediction - Evaluation result (greedy) loss:   1.94, ppl:   6.93, acc:   0.50, generation: 40.3550[sec], evaluation: 0.0000[sec]
2026-05-14 11:58:47,867 - INFO - joeynmt.training - Hooray! New best validation result [ppl]!
2026-05-14 11:58:47,931 - INFO - joeynmt.helpers - delete models/bpe_8k/5000.ckpt
2026-05-14 11:58:47,934 - INFO - joeynmt.training - Example #0
2026-05-14 11:58:47,934 - DEBUG - joeynmt.training - 	Tokenized source:     ['L@@', 'ast', 'year', 'I', 'showed', 'these', 'two', 'sli@@', 'des', 'so', 'that', 'demonstr@@', 'ate', 'that', 'the', 'ar@@', 'c@@', 'tic', 'ice', 'ca@@', 'p', ',', 'which', 'for', 'most', 'of', 'the', 'last', 'three', 'million', 'years', 'has', 'been', 'the', 'size', 'of', 'the', 'lower', '4@@', '8', 'states', ',', 'has', 'sh@@', 'run@@', 'k', 'by', '40', 'percent', '.']
2026-05-14 11:58:47,934 - DEBUG - joeynmt.training - 	Tokenized reference:  ['L&apos;', 'année', 'dernière', ',', 'je', 'vous', 'ai', 'présent@@', 'é', 'ces', 'deux', 'di@@', 'apos@@', 'iti@@', 'ves', 'qui', 'montr@@', 'aient', 'que', 'la', 'cal@@', 'ot@@', 'te', 'gl@@', 'ac@@', 'ière', 'ar@@', 'c@@', 'tique', ',', 'qui', 'pendant', 'ces', '3', 'derniers', 'millions', 'd&apos;', 'année', 'avait', 'la', 'taille', 'des', 'Etats-Unis', 'sans', 'l&apos;', 'Al@@', 'as@@', 'ka', ',', 'qui', 'pendant', 'ces', '3', 'derniers', 'millions', 'd&apos;', 'année', 'avait', 'la', 'taille', 'des', 'Etats-Unis', 'sans', 'l&apos;', 'Al@@', 'as@@', 'ka', ',', 'avait', 'di@@', 'minu@@', 'é', 'de', '40', '%', '.']
2026-05-14 11:58:47,934 - DEBUG - joeynmt.training - 	Tokenized hypothesis: ['L&apos;', 'année', 'dernière', ',', 'j&apos;', 'ai', 'montré', 'ces', 'deux', 'di@@', 'di@@', 'di@@', 'que', 'que', 'que', 'la', 'glace', 'ar@@', 'c@@', 'tique', ',', 'qui', 'pour', 'la', 'plupart', 'des', 'trois', 'millions', 'd&apos;', 'années', 'a', 'été', 'la', 'taille', 'de', 'plus', 'faible', 'de', '4@@', '8', 'ét@@', 'ats', ',', 'a', 'un', 'p@@', 'iste', 'de', '40', '%', '.', '</s>']
2026-05-14 11:58:47,934 - INFO - joeynmt.training - 	Source:     Last year I showed these two slides so that demonstrate that the arctic ice cap , which for most of the last three million years has been the size of the lower 48 states , has shrunk by 40 percent .
2026-05-14 11:58:47,934 - INFO - joeynmt.training - 	Reference:  L&apos; année dernière , je vous ai présenté ces deux diapositives qui montraient que la calotte glacière arctique , qui pendant ces 3 derniers millions d&apos; année avait la taille des Etats-Unis sans l&apos; Alaska , qui pendant ces 3 derniers millions d&apos; année avait la taille des Etats-Unis sans l&apos; Alaska , avait diminué de 40 % .
2026-05-14 11:58:47,934 - INFO - joeynmt.training - 	Hypothesis: L&apos; année dernière , j&apos; ai montré ces deux dididique que que la glace arctique , qui pour la plupart des trois millions d&apos; années a été la taille de plus faible de 48 états , a un piste de 40 % .
2026-05-14 11:58:47,934 - INFO - joeynmt.training - Example #1
2026-05-14 11:58:47,935 - DEBUG - joeynmt.training - 	Tokenized source:     ['But', 'this', 'underst@@', 'ates', 'the', 'seri@@', 'ousness', 'of', 'this', 'particular', 'problem', 'because', 'it', 'doesn', '&apos;t', 'show', 'the', 'th@@', 'ick@@', 'ness', 'of', 'the', 'ice', '.']
2026-05-14 11:58:47,935 - DEBUG - joeynmt.training - 	Tokenized reference:  ['Mais', 'ceci', 'tend', 'à', 'a@@', 'mo@@', 'ind@@', 'rir', 'le', 'problème', 'parce', 'qu&apos;', 'on', 'ne', 'voit', 'pas', 'l&apos;', 'ép@@', 'aiss@@', 'eur', 'de', 'la', 'glace', '.']
2026-05-14 11:58:47,935 - DEBUG - joeynmt.training - 	Tokenized hypothesis: ['Mais', 'ce', 'qu&apos;', 'on', 'a', 'le', 'sérieux', 'problème', 'parce', 'que', 'ce', 'ne', 'sont', 'pas', 'le', 'th@@', 'é', 'de', 'la', 'glace', '.', '</s>']
2026-05-14 11:58:47,935 - INFO - joeynmt.training - 	Source:     But this understates the seriousness of this particular problem because it doesn &apos;t show the thickness of the ice .
2026-05-14 11:58:47,935 - INFO - joeynmt.training - 	Reference:  Mais ceci tend à amoindrir le problème parce qu&apos; on ne voit pas l&apos; épaisseur de la glace .
2026-05-14 11:58:47,935 - INFO - joeynmt.training - 	Hypothesis: Mais ce qu&apos; on a le sérieux problème parce que ce ne sont pas le thé de la glace .
2026-05-14 11:58:47,935 - INFO - joeynmt.training - Example #2
2026-05-14 11:58:47,935 - DEBUG - joeynmt.training - 	Tokenized source:     ['The', 'ar@@', 'c@@', 'tic', 'ice', 'ca@@', 'p', 'is', ',', 'in', 'a', 'sense', ',', 'the', 'be@@', 'ating', 'heart', 'of', 'the', 'global', 'climate', 'system', '.']
2026-05-14 11:58:47,935 - DEBUG - joeynmt.training - 	Tokenized reference:  ['On', 'peut', 'voir', 'la', 'cal@@', 'ot@@', 'te', 'gl@@', 'ac@@', 'ière', 'ar@@', 'c@@', 'tique', 'comme', 'le', 'coeur', 'du', 'système', 'climatique', 'global', '.', 'On', 'peut', 'voir', 'la', 'cal@@', 'ot@@', 'te', 'gl@@', 'ac@@', 'ière', 'ar@@', 'c@@', 'tique', 'comme', 'le', 'coeur', 'du', 'système', 'climatique', 'global', '.']
2026-05-14 11:58:47,935 - DEBUG - joeynmt.training - 	Tokenized hypothesis: ['La', 'glace', 'd&apos;', 'ar@@', 'c@@', 'tique', 'est', 'dans', 'un', 'sens', ',', 'la', 'cœur', 'du', 'système', 'climatique', '.', '</s>']
2026-05-14 11:58:47,935 - INFO - joeynmt.training - 	Source:     The arctic ice cap is , in a sense , the beating heart of the global climate system .
2026-05-14 11:58:47,935 - INFO - joeynmt.training - 	Reference:  On peut voir la calotte glacière arctique comme le coeur du système climatique global . On peut voir la calotte glacière arctique comme le coeur du système climatique global .
2026-05-14 11:58:47,935 - INFO - joeynmt.training - 	Hypothesis: La glace d&apos; arctique est dans un sens , la cœur du système climatique .
2026-05-14 11:58:47,935 - INFO - joeynmt.training - Example #3
2026-05-14 11:58:47,935 - DEBUG - joeynmt.training - 	Tokenized source:     ['It', 'exp@@', 'ands', 'in', 'w@@', 'int@@', 'er', 'and', 'contr@@', 'acts', 'in', 'summer', '.']
2026-05-14 11:58:47,935 - DEBUG - joeynmt.training - 	Tokenized reference:  ['Elle', 's&apos;', 'ét@@', 'end', 'en', 'hi@@', 'ver', 'et', 'se', 'contr@@', 'acte', 'en', 'été', '.']
2026-05-14 11:58:47,935 - DEBUG - joeynmt.training - 	Tokenized hypothesis: ['Il', 's&apos;', 'est', 'd&apos;', 'être', 'd&apos;', 'être', 'en', 'gu@@', 'eur', 'et', 'contr@@', 'at', 'en', 'été', '.', '</s>']
2026-05-14 11:58:47,935 - INFO - joeynmt.training - 	Source:     It expands in winter and contracts in summer .
2026-05-14 11:58:47,935 - INFO - joeynmt.training - 	Reference:  Elle s&apos; étend en hiver et se contracte en été .
2026-05-14 11:58:47,935 - INFO - joeynmt.training - 	Hypothesis: Il s&apos; est d&apos; être d&apos; être en gueur et contrat en été .
2026-05-14 11:58:47,935 - INFO - joeynmt.training - Example #4
2026-05-14 11:58:47,935 - DEBUG - joeynmt.training - 	Tokenized source:     ['The', 'next', 'slide', 'I', 'show', 'you', 'will', 'be', 'a', 'rap@@', 'id', 'fas@@', 't-@@', 'forward', 'of', 'what', '&apos;s', 'happened', 'over', 'the', 'last', '25', 'years', '.']
2026-05-14 11:58:47,935 - DEBUG - joeynmt.training - 	Tokenized reference:  ['La', 'prochaine', 'di@@', 'apos@@', 'itive', 'que', 'je', 'vais', 'vous', 'montrer', 'est', 'une', 'vue', 'en', 'accél@@', 'éré', 'de', 'ce', 'qui', 's&apos;', 'est', 'passé', 'ces', '25', 'dernières', 'années', '.']
2026-05-14 11:58:47,935 - DEBUG - joeynmt.training - 	Tokenized hypothesis: ['La', 'di@@', 'apos@@', 'itive', 'que', 'je', 'vous', 'montre', 'un', 'rap@@', 'rap@@', 'proch@@', 'é', 'de', 'la', 'plus', 'rapide', 'de', 'ce', 'qui', 'est', 'passé', 'pendant', 'les', '25', 'dernières', 'années', '.', '</s>']
2026-05-14 11:58:47,935 - INFO - joeynmt.training - 	Source:     The next slide I show you will be a rapid fast-forward of what &apos;s happened over the last 25 years .
2026-05-14 11:58:47,935 - INFO - joeynmt.training - 	Reference:  La prochaine diapositive que je vais vous montrer est une vue en accéléré de ce qui s&apos; est passé ces 25 dernières années .
2026-05-14 11:58:47,935 - INFO - joeynmt.training - 	Hypothesis: La diapositive que je vous montre un raprapproché de la plus rapide de ce qui est passé pendant les 25 dernières années .
2026-05-14 11:59:04,222 - INFO - joeynmt.training - Epoch   3, Step:     7600, Batch Loss:     1.557058, Batch Acc: 0.562292, Tokens per Sec:     4572, Lr: 0.000300
2026-05-14 11:59:20,473 - INFO - joeynmt.training - Epoch   3, Step:     7700, Batch Loss:     1.744460, Batch Acc: 0.568388, Tokens per Sec:     4716, Lr: 0.000300
2026-05-14 11:59:36,820 - INFO - joeynmt.training - Epoch   3, Step:     7800, Batch Loss:     1.622025, Batch Acc: 0.561208, Tokens per Sec:     4623, Lr: 0.000300
2026-05-14 11:59:53,527 - INFO - joeynmt.training - Epoch   3, Step:     7900, Batch Loss:     1.631957, Batch Acc: 0.558991, Tokens per Sec:     4429, Lr: 0.000300
2026-05-14 12:00:10,003 - INFO - joeynmt.training - Epoch   3, Step:     8000, Batch Loss:     1.565393, Batch Acc: 0.561351, Tokens per Sec:     4581, Lr: 0.000300
2026-05-14 12:00:10,003 - WARNING - joeynmt.helpers - `alpha` option is obsolete. Please use `beam_alpha`, instead.
2026-05-14 12:00:10,003 - INFO - joeynmt.prediction - Predicting 890 example(s)... (Greedy decoding with min_output_length=1, max_output_length=-1, return_prob='none', generate_unk=True, repetition_penalty=-1, no_repeat_ngram_size=-1)
2026-05-14 12:00:51,627 - INFO - joeynmt.prediction - Evaluation result (greedy) loss:   1.92, ppl:   6.82, acc:   0.50, generation: 41.6194[sec], evaluation: 0.0000[sec]
2026-05-14 12:00:51,628 - INFO - joeynmt.training - Hooray! New best validation result [ppl]!
2026-05-14 12:00:51,693 - INFO - joeynmt.helpers - delete models/bpe_8k/5500.ckpt
2026-05-14 12:00:51,693 - INFO - joeynmt.training - Example #0
2026-05-14 12:00:51,693 - DEBUG - joeynmt.training - 	Tokenized source:     ['L@@', 'ast', 'year', 'I', 'showed', 'these', 'two', 'sli@@', 'des', 'so', 'that', 'demonstr@@', 'ate', 'that', 'the', 'ar@@', 'c@@', 'tic', 'ice', 'ca@@', 'p', ',', 'which', 'for', 'most', 'of', 'the', 'last', 'three', 'million', 'years', 'has', 'been', 'the', 'size', 'of', 'the', 'lower', '4@@', '8', 'states', ',', 'has', 'sh@@', 'run@@', 'k', 'by', '40', 'percent', '.']
2026-05-14 12:00:51,693 - DEBUG - joeynmt.training - 	Tokenized reference:  ['L&apos;', 'année', 'dernière', ',', 'je', 'vous', 'ai', 'présent@@', 'é', 'ces', 'deux', 'di@@', 'apos@@', 'iti@@', 'ves', 'qui', 'montr@@', 'aient', 'que', 'la', 'cal@@', 'ot@@', 'te', 'gl@@', 'ac@@', 'ière', 'ar@@', 'c@@', 'tique', ',', 'qui', 'pendant', 'ces', '3', 'derniers', 'millions', 'd&apos;', 'année', 'avait', 'la', 'taille', 'des', 'Etats-Unis', 'sans', 'l&apos;', 'Al@@', 'as@@', 'ka', ',', 'qui', 'pendant', 'ces', '3', 'derniers', 'millions', 'd&apos;', 'année', 'avait', 'la', 'taille', 'des', 'Etats-Unis', 'sans', 'l&apos;', 'Al@@', 'as@@', 'ka', ',', 'avait', 'di@@', 'minu@@', 'é', 'de', '40', '%', '.']
2026-05-14 12:00:51,693 - DEBUG - joeynmt.training - 	Tokenized hypothesis: ['L&apos;', 'année', 'dernière', ',', 'j&apos;', 'ai', 'montré', 'ces', 'deux', 'di@@', 'a@@', 'pos', 'qui', 'dé@@', 'montré', 'le', 'plus', 'de', 'glace', ',', 'qui', 'a', 'eu', 'la', 'plupart', 'des', 'trois', 'millions', 'd&apos;', 'années', 'a', 'été', 'la', 'taille', 'de', '4@@', '8', '8', ',', 'a', 'été', 'la', 'taille', 'de', '4@@', '8', ',', 'a', 'un', 'dé@@', 'coll@@', 'é', 'par', '40', '%', '.', '</s>']
2026-05-14 12:00:51,693 - INFO - joeynmt.training - 	Source:     Last year I showed these two slides so that demonstrate that the arctic ice cap , which for most of the last three million years has been the size of the lower 48 states , has shrunk by 40 percent .
2026-05-14 12:00:51,693 - INFO - joeynmt.training - 	Reference:  L&apos; année dernière , je vous ai présenté ces deux diapositives qui montraient que la calotte glacière arctique , qui pendant ces 3 derniers millions d&apos; année avait la taille des Etats-Unis sans l&apos; Alaska , qui pendant ces 3 derniers millions d&apos; année avait la taille des Etats-Unis sans l&apos; Alaska , avait diminué de 40 % .
2026-05-14 12:00:51,693 - INFO - joeynmt.training - 	Hypothesis: L&apos; année dernière , j&apos; ai montré ces deux diapos qui démontré le plus de glace , qui a eu la plupart des trois millions d&apos; années a été la taille de 48 8 , a été la taille de 48 , a un décollé par 40 % .
2026-05-14 12:00:51,693 - INFO - joeynmt.training - Example #1
2026-05-14 12:00:51,693 - DEBUG - joeynmt.training - 	Tokenized source:     ['But', 'this', 'underst@@', 'ates', 'the', 'seri@@', 'ousness', 'of', 'this', 'particular', 'problem', 'because', 'it', 'doesn', '&apos;t', 'show', 'the', 'th@@', 'ick@@', 'ness', 'of', 'the', 'ice', '.']
2026-05-14 12:00:51,693 - DEBUG - joeynmt.training - 	Tokenized reference:  ['Mais', 'ceci', 'tend', 'à', 'a@@', 'mo@@', 'ind@@', 'rir', 'le', 'problème', 'parce', 'qu&apos;', 'on', 'ne', 'voit', 'pas', 'l&apos;', 'ép@@', 'aiss@@', 'eur', 'de', 'la', 'glace', '.']
2026-05-14 12:00:51,693 - DEBUG - joeynmt.training - 	Tokenized hypothesis: ['Mais', 'ce', 'qui', 'comprend', 'le', 'sérieux', 'de', 'ce', 'problème', ',', 'parce', 'que', 'ça', 'ne', 'montre', 'pas', 'le', 'th@@', 'é', 'de', 'la', 'glace', '.', '</s>']
2026-05-14 12:00:51,693 - INFO - joeynmt.training - 	Source:     But this understates the seriousness of this particular problem because it doesn &apos;t show the thickness of the ice .
2026-05-14 12:00:51,693 - INFO - joeynmt.training - 	Reference:  Mais ceci tend à amoindrir le problème parce qu&apos; on ne voit pas l&apos; épaisseur de la glace .
2026-05-14 12:00:51,693 - INFO - joeynmt.training - 	Hypothesis: Mais ce qui comprend le sérieux de ce problème , parce que ça ne montre pas le thé de la glace .
2026-05-14 12:00:51,693 - INFO - joeynmt.training - Example #2
2026-05-14 12:00:51,693 - DEBUG - joeynmt.training - 	Tokenized source:     ['The', 'ar@@', 'c@@', 'tic', 'ice', 'ca@@', 'p', 'is', ',', 'in', 'a', 'sense', ',', 'the', 'be@@', 'ating', 'heart', 'of', 'the', 'global', 'climate', 'system', '.']
2026-05-14 12:00:51,693 - DEBUG - joeynmt.training - 	Tokenized reference:  ['On', 'peut', 'voir', 'la', 'cal@@', 'ot@@', 'te', 'gl@@', 'ac@@', 'ière', 'ar@@', 'c@@', 'tique', 'comme', 'le', 'coeur', 'du', 'système', 'climatique', 'global', '.', 'On', 'peut', 'voir', 'la', 'cal@@', 'ot@@', 'te', 'gl@@', 'ac@@', 'ière', 'ar@@', 'c@@', 'tique', 'comme', 'le', 'coeur', 'du', 'système', 'climatique', 'global', '.']
2026-05-14 12:00:51,693 - DEBUG - joeynmt.training - 	Tokenized hypothesis: ['La', 'glace', 'ar@@', 'c@@', 'tique', 'est', ',', 'dans', 'un', 'sens', ',', 'le', 'coeur', 'du', 'système', 'du', 'climat', 'du', 'climat', '.', '</s>']
2026-05-14 12:00:51,694 - INFO - joeynmt.training - 	Source:     The arctic ice cap is , in a sense , the beating heart of the global climate system .
2026-05-14 12:00:51,694 - INFO - joeynmt.training - 	Reference:  On peut voir la calotte glacière arctique comme le coeur du système climatique global . On peut voir la calotte glacière arctique comme le coeur du système climatique global .
2026-05-14 12:00:51,694 - INFO - joeynmt.training - 	Hypothesis: La glace arctique est , dans un sens , le coeur du système du climat du climat .
2026-05-14 12:00:51,694 - INFO - joeynmt.training - Example #3
2026-05-14 12:00:51,694 - DEBUG - joeynmt.training - 	Tokenized source:     ['It', 'exp@@', 'ands', 'in', 'w@@', 'int@@', 'er', 'and', 'contr@@', 'acts', 'in', 'summer', '.']
2026-05-14 12:00:51,694 - DEBUG - joeynmt.training - 	Tokenized reference:  ['Elle', 's&apos;', 'ét@@', 'end', 'en', 'hi@@', 'ver', 'et', 'se', 'contr@@', 'acte', 'en', 'été', '.']
2026-05-14 12:00:51,694 - DEBUG - joeynmt.training - 	Tokenized hypothesis: ['Elle', 's&apos;', 'est', 's&apos;', 'é@@', 'vo@@', 'ire', 'dans', 'le', 'contr@@', 'as@@', 'as@@', 'si@@', 're', 'et', 'contr@@', 'ain@@', 'te', 'en', 'été', '.', '</s>']
2026-05-14 12:00:51,694 - INFO - joeynmt.training - 	Source:     It expands in winter and contracts in summer .
2026-05-14 12:00:51,694 - INFO - joeynmt.training - 	Reference:  Elle s&apos; étend en hiver et se contracte en été .
2026-05-14 12:00:51,694 - INFO - joeynmt.training - 	Hypothesis: Elle s&apos; est s&apos; évoire dans le contrasassire et contrainte en été .
2026-05-14 12:00:51,694 - INFO - joeynmt.training - Example #4
2026-05-14 12:00:51,694 - DEBUG - joeynmt.training - 	Tokenized source:     ['The', 'next', 'slide', 'I', 'show', 'you', 'will', 'be', 'a', 'rap@@', 'id', 'fas@@', 't-@@', 'forward', 'of', 'what', '&apos;s', 'happened', 'over', 'the', 'last', '25', 'years', '.']
2026-05-14 12:00:51,694 - DEBUG - joeynmt.training - 	Tokenized reference:  ['La', 'prochaine', 'di@@', 'apos@@', 'itive', 'que', 'je', 'vais', 'vous', 'montrer', 'est', 'une', 'vue', 'en', 'accél@@', 'éré', 'de', 'ce', 'qui', 's&apos;', 'est', 'passé', 'ces', '25', 'dernières', 'années', '.']
2026-05-14 12:00:51,694 - DEBUG - joeynmt.training - 	Tokenized hypothesis: ['La', 'suivante', 'suivante', 'que', 'je', 'vous', 'montre', 'être', 'un', 'rap@@', 'proche', 'de', 'ce', 'qui', 'est', 'passé', 'pendant', 'les', '25', 'dernières', 'années', '.', '</s>']
2026-05-14 12:00:51,694 - INFO - joeynmt.training - 	Source:     The next slide I show you will be a rapid fast-forward of what &apos;s happened over the last 25 years .
2026-05-14 12:00:51,694 - INFO - joeynmt.training - 	Reference:  La prochaine diapositive que je vais vous montrer est une vue en accéléré de ce qui s&apos; est passé ces 25 dernières années .
2026-05-14 12:00:51,694 - INFO - joeynmt.training - 	Hypothesis: La suivante suivante que je vous montre être un rapproche de ce qui est passé pendant les 25 dernières années .
2026-05-14 12:01:08,397 - INFO - joeynmt.training - Epoch   3, Step:     8100, Batch Loss:     1.696400, Batch Acc: 0.566589, Tokens per Sec:     4455, Lr: 0.000300
2026-05-14 12:01:25,205 - INFO - joeynmt.training - Epoch   3, Step:     8200, Batch Loss:     1.656729, Batch Acc: 0.561070, Tokens per Sec:     4392, Lr: 0.000300
2026-05-14 12:01:41,743 - INFO - joeynmt.training - Epoch   3, Step:     8300, Batch Loss:     1.587943, Batch Acc: 0.562420, Tokens per Sec:     4560, Lr: 0.000300
2026-05-14 12:01:58,311 - INFO - joeynmt.training - Epoch   3, Step:     8400, Batch Loss:     1.614200, Batch Acc: 0.560888, Tokens per Sec:     4492, Lr: 0.000300
2026-05-14 12:02:14,883 - INFO - joeynmt.training - Epoch   3, Step:     8500, Batch Loss:     1.713347, Batch Acc: 0.564252, Tokens per Sec:     4616, Lr: 0.000300
2026-05-14 12:02:14,883 - WARNING - joeynmt.helpers - `alpha` option is obsolete. Please use `beam_alpha`, instead.
2026-05-14 12:02:14,883 - INFO - joeynmt.prediction - Predicting 890 example(s)... (Greedy decoding with min_output_length=1, max_output_length=-1, return_prob='none', generate_unk=True, repetition_penalty=-1, no_repeat_ngram_size=-1)
2026-05-14 12:02:58,823 - INFO - joeynmt.prediction - Evaluation result (greedy) loss:   1.90, ppl:   6.66, acc:   0.50, generation: 43.9361[sec], evaluation: 0.0000[sec]
2026-05-14 12:02:58,824 - INFO - joeynmt.training - Hooray! New best validation result [ppl]!
2026-05-14 12:02:58,889 - INFO - joeynmt.helpers - delete models/bpe_8k/6000.ckpt
2026-05-14 12:02:58,889 - INFO - joeynmt.training - Example #0
2026-05-14 12:02:58,889 - DEBUG - joeynmt.training - 	Tokenized source:     ['L@@', 'ast', 'year', 'I', 'showed', 'these', 'two', 'sli@@', 'des', 'so', 'that', 'demonstr@@', 'ate', 'that', 'the', 'ar@@', 'c@@', 'tic', 'ice', 'ca@@', 'p', ',', 'which', 'for', 'most', 'of', 'the', 'last', 'three', 'million', 'years', 'has', 'been', 'the', 'size', 'of', 'the', 'lower', '4@@', '8', 'states', ',', 'has', 'sh@@', 'run@@', 'k', 'by', '40', 'percent', '.']
2026-05-14 12:02:58,889 - DEBUG - joeynmt.training - 	Tokenized reference:  ['L&apos;', 'année', 'dernière', ',', 'je', 'vous', 'ai', 'présent@@', 'é', 'ces', 'deux', 'di@@', 'apos@@', 'iti@@', 'ves', 'qui', 'montr@@', 'aient', 'que', 'la', 'cal@@', 'ot@@', 'te', 'gl@@', 'ac@@', 'ière', 'ar@@', 'c@@', 'tique', ',', 'qui', 'pendant', 'ces', '3', 'derniers', 'millions', 'd&apos;', 'année', 'avait', 'la', 'taille', 'des', 'Etats-Unis', 'sans', 'l&apos;', 'Al@@', 'as@@', 'ka', ',', 'qui', 'pendant', 'ces', '3', 'derniers', 'millions', 'd&apos;', 'année', 'avait', 'la', 'taille', 'des', 'Etats-Unis', 'sans', 'l&apos;', 'Al@@', 'as@@', 'ka', ',', 'avait', 'di@@', 'minu@@', 'é', 'de', '40', '%', '.']
2026-05-14 12:02:58,889 - DEBUG - joeynmt.training - 	Tokenized hypothesis: ['L&apos;', 'année', 'dernière', ',', 'j&apos;', 'ai', 'montré', 'ces', 'deux', 'di@@', 'apos@@', 'iti@@', 'ves', 'de', 'cette', 'dé@@', 'montrer', 'que', 'la', 'glace', 'ar@@', 'c@@', 'tique', ',', 'qui', 'pour', 'la', 'plupart', 'des', '4@@', '8', 'millions', 'd&apos;', 'années', 'a', 'été', 'la', 'taille', 'de', 'plus', 'faible', ',', 'a', 'été', 'la', 'taille', 'de', 'plus', 'faible', ',', 'a', 'une', 'p@@', 'iste', 'par', '40', 'pour', 'cent', '.', '</s>']
2026-05-14 12:02:58,889 - INFO - joeynmt.training - 	Source:     Last year I showed these two slides so that demonstrate that the arctic ice cap , which for most of the last three million years has been the size of the lower 48 states , has shrunk by 40 percent .
2026-05-14 12:02:58,889 - INFO - joeynmt.training - 	Reference:  L&apos; année dernière , je vous ai présenté ces deux diapositives qui montraient que la calotte glacière arctique , qui pendant ces 3 derniers millions d&apos; année avait la taille des Etats-Unis sans l&apos; Alaska , qui pendant ces 3 derniers millions d&apos; année avait la taille des Etats-Unis sans l&apos; Alaska , avait diminué de 40 % .
2026-05-14 12:02:58,889 - INFO - joeynmt.training - 	Hypothesis: L&apos; année dernière , j&apos; ai montré ces deux diapositives de cette démontrer que la glace arctique , qui pour la plupart des 48 millions d&apos; années a été la taille de plus faible , a été la taille de plus faible , a une piste par 40 pour cent .
2026-05-14 12:02:58,889 - INFO - joeynmt.training - Example #1
2026-05-14 12:02:58,889 - DEBUG - joeynmt.training - 	Tokenized source:     ['But', 'this', 'underst@@', 'ates', 'the', 'seri@@', 'ousness', 'of', 'this', 'particular', 'problem', 'because', 'it', 'doesn', '&apos;t', 'show', 'the', 'th@@', 'ick@@', 'ness', 'of', 'the', 'ice', '.']
2026-05-14 12:02:58,889 - DEBUG - joeynmt.training - 	Tokenized reference:  ['Mais', 'ceci', 'tend', 'à', 'a@@', 'mo@@', 'ind@@', 'rir', 'le', 'problème', 'parce', 'qu&apos;', 'on', 'ne', 'voit', 'pas', 'l&apos;', 'ép@@', 'aiss@@', 'eur', 'de', 'la', 'glace', '.']
2026-05-14 12:02:58,889 - DEBUG - joeynmt.training - 	Tokenized hypothesis: ['Mais', 'cela', 'comprend', 'le', 'sérieux', 'de', 'ce', 'problème', ',', 'parce', 'qu&apos;', 'il', 'ne', 'montre', 'pas', 'le', 'pou@@', 'le', 'au', 'th@@', 'th@@', 'ité', 'de', 'glace', '.', '</s>']
2026-05-14 12:02:58,890 - INFO - joeynmt.training - 	Source:     But this understates the seriousness of this particular problem because it doesn &apos;t show the thickness of the ice .
2026-05-14 12:02:58,890 - INFO - joeynmt.training - 	Reference:  Mais ceci tend à amoindrir le problème parce qu&apos; on ne voit pas l&apos; épaisseur de la glace .
2026-05-14 12:02:58,890 - INFO - joeynmt.training - 	Hypothesis: Mais cela comprend le sérieux de ce problème , parce qu&apos; il ne montre pas le poule au ththité de glace .
2026-05-14 12:02:58,890 - INFO - joeynmt.training - Example #2
2026-05-14 12:02:58,890 - DEBUG - joeynmt.training - 	Tokenized source:     ['The', 'ar@@', 'c@@', 'tic', 'ice', 'ca@@', 'p', 'is', ',', 'in', 'a', 'sense', ',', 'the', 'be@@', 'ating', 'heart', 'of', 'the', 'global', 'climate', 'system', '.']
2026-05-14 12:02:58,890 - DEBUG - joeynmt.training - 	Tokenized reference:  ['On', 'peut', 'voir', 'la', 'cal@@', 'ot@@', 'te', 'gl@@', 'ac@@', 'ière', 'ar@@', 'c@@', 'tique', 'comme', 'le', 'coeur', 'du', 'système', 'climatique', 'global', '.', 'On', 'peut', 'voir', 'la', 'cal@@', 'ot@@', 'te', 'gl@@', 'ac@@', 'ière', 'ar@@', 'c@@', 'tique', 'comme', 'le', 'coeur', 'du', 'système', 'climatique', 'global', '.']
2026-05-14 12:02:58,890 - DEBUG - joeynmt.training - 	Tokenized hypothesis: ['La', 'glace', 'ar@@', 'c@@', 'tique', 'est', ',', 'dans', 'un', 'sens', ',', 'le', 'coeur', 'du', 'système', 'du', 'climat', '.', '</s>']
2026-05-14 12:02:58,890 - INFO - joeynmt.training - 	Source:     The arctic ice cap is , in a sense , the beating heart of the global climate system .
2026-05-14 12:02:58,890 - INFO - joeynmt.training - 	Reference:  On peut voir la calotte glacière arctique comme le coeur du système climatique global . On peut voir la calotte glacière arctique comme le coeur du système climatique global .
2026-05-14 12:02:58,890 - INFO - joeynmt.training - 	Hypothesis: La glace arctique est , dans un sens , le coeur du système du climat .
2026-05-14 12:02:58,890 - INFO - joeynmt.training - Example #3
2026-05-14 12:02:58,890 - DEBUG - joeynmt.training - 	Tokenized source:     ['It', 'exp@@', 'ands', 'in', 'w@@', 'int@@', 'er', 'and', 'contr@@', 'acts', 'in', 'summer', '.']
2026-05-14 12:02:58,890 - DEBUG - joeynmt.training - 	Tokenized reference:  ['Elle', 's&apos;', 'ét@@', 'end', 'en', 'hi@@', 'ver', 'et', 'se', 'contr@@', 'acte', 'en', 'été', '.']
2026-05-14 12:02:58,890 - DEBUG - joeynmt.training - 	Tokenized hypothesis: ['Elle', 's&apos;', 'est', 'dé@@', 'ta@@', 'le', 'et', 'contr@@', 'as@@', 'tes', 'en', 'été', '.', '</s>']
2026-05-14 12:02:58,890 - INFO - joeynmt.training - 	Source:     It expands in winter and contracts in summer .
2026-05-14 12:02:58,890 - INFO - joeynmt.training - 	Reference:  Elle s&apos; étend en hiver et se contracte en été .
2026-05-14 12:02:58,890 - INFO - joeynmt.training - 	Hypothesis: Elle s&apos; est détale et contrastes en été .
2026-05-14 12:02:58,890 - INFO - joeynmt.training - Example #4
2026-05-14 12:02:58,890 - DEBUG - joeynmt.training - 	Tokenized source:     ['The', 'next', 'slide', 'I', 'show', 'you', 'will', 'be', 'a', 'rap@@', 'id', 'fas@@', 't-@@', 'forward', 'of', 'what', '&apos;s', 'happened', 'over', 'the', 'last', '25', 'years', '.']
2026-05-14 12:02:58,890 - DEBUG - joeynmt.training - 	Tokenized reference:  ['La', 'prochaine', 'di@@', 'apos@@', 'itive', 'que', 'je', 'vais', 'vous', 'montrer', 'est', 'une', 'vue', 'en', 'accél@@', 'éré', 'de', 'ce', 'qui', 's&apos;', 'est', 'passé', 'ces', '25', 'dernières', 'années', '.']
2026-05-14 12:02:58,890 - DEBUG - joeynmt.training - 	Tokenized hypothesis: ['La', 'prochaine', 'di@@', 'apos@@', 'itive', 'que', 'je', 'vais', 'vous', 'être', 'une', 'rapide', 'rapide', 'de', 'ce', 'qui', 'est', 'arrivé', 'les', '25', 'dernières', 'années', '.', '</s>']
2026-05-14 12:02:58,890 - INFO - joeynmt.training - 	Source:     The next slide I show you will be a rapid fast-forward of what &apos;s happened over the last 25 years .
2026-05-14 12:02:58,890 - INFO - joeynmt.training - 	Reference:  La prochaine diapositive que je vais vous montrer est une vue en accéléré de ce qui s&apos; est passé ces 25 dernières années .
2026-05-14 12:02:58,890 - INFO - joeynmt.training - 	Hypothesis: La prochaine diapositive que je vais vous être une rapide rapide de ce qui est arrivé les 25 dernières années .
2026-05-14 12:03:15,139 - INFO - joeynmt.training - Epoch   3, Step:     8600, Batch Loss:     1.517580, Batch Acc: 0.560560, Tokens per Sec:     4559, Lr: 0.000300
2026-05-14 12:03:31,689 - INFO - joeynmt.training - Epoch   3, Step:     8700, Batch Loss:     1.474781, Batch Acc: 0.567522, Tokens per Sec:     4607, Lr: 0.000300
2026-05-14 12:03:47,866 - INFO - joeynmt.training - Epoch   3, Step:     8800, Batch Loss:     1.653602, Batch Acc: 0.563875, Tokens per Sec:     4675, Lr: 0.000300
2026-05-14 12:04:04,103 - INFO - joeynmt.training - Epoch   3, Step:     8900, Batch Loss:     1.353441, Batch Acc: 0.566707, Tokens per Sec:     4532, Lr: 0.000300
2026-05-14 12:04:20,475 - INFO - joeynmt.training - Epoch   3, Step:     9000, Batch Loss:     1.731236, Batch Acc: 0.561878, Tokens per Sec:     4694, Lr: 0.000300
2026-05-14 12:04:20,475 - WARNING - joeynmt.helpers - `alpha` option is obsolete. Please use `beam_alpha`, instead.
2026-05-14 12:04:20,475 - INFO - joeynmt.prediction - Predicting 890 example(s)... (Greedy decoding with min_output_length=1, max_output_length=-1, return_prob='none', generate_unk=True, repetition_penalty=-1, no_repeat_ngram_size=-1)
2026-05-14 12:05:00,442 - INFO - joeynmt.prediction - Evaluation result (greedy) loss:   1.87, ppl:   6.51, acc:   0.51, generation: 39.9627[sec], evaluation: 0.0000[sec]
2026-05-14 12:05:00,443 - INFO - joeynmt.training - Hooray! New best validation result [ppl]!
2026-05-14 12:05:00,508 - INFO - joeynmt.helpers - delete models/bpe_8k/6500.ckpt
2026-05-14 12:05:00,508 - INFO - joeynmt.training - Example #0
2026-05-14 12:05:00,508 - DEBUG - joeynmt.training - 	Tokenized source:     ['L@@', 'ast', 'year', 'I', 'showed', 'these', 'two', 'sli@@', 'des', 'so', 'that', 'demonstr@@', 'ate', 'that', 'the', 'ar@@', 'c@@', 'tic', 'ice', 'ca@@', 'p', ',', 'which', 'for', 'most', 'of', 'the', 'last', 'three', 'million', 'years', 'has', 'been', 'the', 'size', 'of', 'the', 'lower', '4@@', '8', 'states', ',', 'has', 'sh@@', 'run@@', 'k', 'by', '40', 'percent', '.']
2026-05-14 12:05:00,508 - DEBUG - joeynmt.training - 	Tokenized reference:  ['L&apos;', 'année', 'dernière', ',', 'je', 'vous', 'ai', 'présent@@', 'é', 'ces', 'deux', 'di@@', 'apos@@', 'iti@@', 'ves', 'qui', 'montr@@', 'aient', 'que', 'la', 'cal@@', 'ot@@', 'te', 'gl@@', 'ac@@', 'ière', 'ar@@', 'c@@', 'tique', ',', 'qui', 'pendant', 'ces', '3', 'derniers', 'millions', 'd&apos;', 'année', 'avait', 'la', 'taille', 'des', 'Etats-Unis', 'sans', 'l&apos;', 'Al@@', 'as@@', 'ka', ',', 'qui', 'pendant', 'ces', '3', 'derniers', 'millions', 'd&apos;', 'année', 'avait', 'la', 'taille', 'des', 'Etats-Unis', 'sans', 'l&apos;', 'Al@@', 'as@@', 'ka', ',', 'avait', 'di@@', 'minu@@', 'é', 'de', '40', '%', '.']
2026-05-14 12:05:00,508 - DEBUG - joeynmt.training - 	Tokenized hypothesis: ['L&apos;', 'année', 'dernière', ',', 'j&apos;', 'ai', 'montré', 'ces', 'deux', 'di@@', 'a@@', 'pos', 'pour', 'que', 'la', 'glace', 'ar@@', 'c@@', 'tique', ',', 'qui', 'pour', 'la', 'plupart', 'des', 'trois', 'millions', 'd&apos;', 'années', 'a', 'été', 'la', 'taille', 'de', 'plus', 'bas', '4@@', '8', ',', 'a', 'un', 'p@@', 'p@@', 'iste', 'par', '40', '%', '.', '</s>']
2026-05-14 12:05:00,508 - INFO - joeynmt.training - 	Source:     Last year I showed these two slides so that demonstrate that the arctic ice cap , which for most of the last three million years has been the size of the lower 48 states , has shrunk by 40 percent .
2026-05-14 12:05:00,508 - INFO - joeynmt.training - 	Reference:  L&apos; année dernière , je vous ai présenté ces deux diapositives qui montraient que la calotte glacière arctique , qui pendant ces 3 derniers millions d&apos; année avait la taille des Etats-Unis sans l&apos; Alaska , qui pendant ces 3 derniers millions d&apos; année avait la taille des Etats-Unis sans l&apos; Alaska , avait diminué de 40 % .
2026-05-14 12:05:00,508 - INFO - joeynmt.training - 	Hypothesis: L&apos; année dernière , j&apos; ai montré ces deux diapos pour que la glace arctique , qui pour la plupart des trois millions d&apos; années a été la taille de plus bas 48 , a un ppiste par 40 % .
2026-05-14 12:05:00,508 - INFO - joeynmt.training - Example #1
2026-05-14 12:05:00,508 - DEBUG - joeynmt.training - 	Tokenized source:     ['But', 'this', 'underst@@', 'ates', 'the', 'seri@@', 'ousness', 'of', 'this', 'particular', 'problem', 'because', 'it', 'doesn', '&apos;t', 'show', 'the', 'th@@', 'ick@@', 'ness', 'of', 'the', 'ice', '.']
2026-05-14 12:05:00,508 - DEBUG - joeynmt.training - 	Tokenized reference:  ['Mais', 'ceci', 'tend', 'à', 'a@@', 'mo@@', 'ind@@', 'rir', 'le', 'problème', 'parce', 'qu&apos;', 'on', 'ne', 'voit', 'pas', 'l&apos;', 'ép@@', 'aiss@@', 'eur', 'de', 'la', 'glace', '.']
2026-05-14 12:05:00,508 - DEBUG - joeynmt.training - 	Tokenized hypothesis: ['Mais', 'cela', 'a', 'compris', 'le', 'sérieux', 'de', 'ce', 'problème', ',', 'parce', 'que', 'ce', 'problème', 'ne', 'montre', 'pas', 'le', 'th@@', 'ème', 'de', 'la', 'glace', '.', '</s>']
2026-05-14 12:05:00,509 - INFO - joeynmt.training - 	Source:     But this understates the seriousness of this particular problem because it doesn &apos;t show the thickness of the ice .
2026-05-14 12:05:00,509 - INFO - joeynmt.training - 	Reference:  Mais ceci tend à amoindrir le problème parce qu&apos; on ne voit pas l&apos; épaisseur de la glace .
2026-05-14 12:05:00,509 - INFO - joeynmt.training - 	Hypothesis: Mais cela a compris le sérieux de ce problème , parce que ce problème ne montre pas le thème de la glace .
2026-05-14 12:05:00,509 - INFO - joeynmt.training - Example #2
2026-05-14 12:05:00,509 - DEBUG - joeynmt.training - 	Tokenized source:     ['The', 'ar@@', 'c@@', 'tic', 'ice', 'ca@@', 'p', 'is', ',', 'in', 'a', 'sense', ',', 'the', 'be@@', 'ating', 'heart', 'of', 'the', 'global', 'climate', 'system', '.']
2026-05-14 12:05:00,509 - DEBUG - joeynmt.training - 	Tokenized reference:  ['On', 'peut', 'voir', 'la', 'cal@@', 'ot@@', 'te', 'gl@@', 'ac@@', 'ière', 'ar@@', 'c@@', 'tique', 'comme', 'le', 'coeur', 'du', 'système', 'climatique', 'global', '.', 'On', 'peut', 'voir', 'la', 'cal@@', 'ot@@', 'te', 'gl@@', 'ac@@', 'ière', 'ar@@', 'c@@', 'tique', 'comme', 'le', 'coeur', 'du', 'système', 'climatique', 'global', '.']
2026-05-14 12:05:00,509 - DEBUG - joeynmt.training - 	Tokenized hypothesis: ['La', 'glace', 'ar@@', 'tique', 'ar@@', 'c@@', 'tique', ',', 'dans', 'un', 'sens', ',', 'le', 'coeur', 'du', 'système', 'du', 'climat', '.', '</s>']
2026-05-14 12:05:00,509 - INFO - joeynmt.training - 	Source:     The arctic ice cap is , in a sense , the beating heart of the global climate system .
2026-05-14 12:05:00,509 - INFO - joeynmt.training - 	Reference:  On peut voir la calotte glacière arctique comme le coeur du système climatique global . On peut voir la calotte glacière arctique comme le coeur du système climatique global .
2026-05-14 12:05:00,509 - INFO - joeynmt.training - 	Hypothesis: La glace artique arctique , dans un sens , le coeur du système du climat .
2026-05-14 12:05:00,509 - INFO - joeynmt.training - Example #3
2026-05-14 12:05:00,509 - DEBUG - joeynmt.training - 	Tokenized source:     ['It', 'exp@@', 'ands', 'in', 'w@@', 'int@@', 'er', 'and', 'contr@@', 'acts', 'in', 'summer', '.']
2026-05-14 12:05:00,509 - DEBUG - joeynmt.training - 	Tokenized reference:  ['Elle', 's&apos;', 'ét@@', 'end', 'en', 'hi@@', 'ver', 'et', 'se', 'contr@@', 'acte', 'en', 'été', '.']
2026-05-14 12:05:00,509 - DEBUG - joeynmt.training - 	Tokenized hypothesis: ['Il', 's&apos;', 'est', 'exp@@', 'lication', 'en', 'l&apos;', 'été', '.', '</s>']
2026-05-14 12:05:00,509 - INFO - joeynmt.training - 	Source:     It expands in winter and contracts in summer .
2026-05-14 12:05:00,509 - INFO - joeynmt.training - 	Reference:  Elle s&apos; étend en hiver et se contracte en été .
2026-05-14 12:05:00,509 - INFO - joeynmt.training - 	Hypothesis: Il s&apos; est explication en l&apos; été .
2026-05-14 12:05:00,509 - INFO - joeynmt.training - Example #4
2026-05-14 12:05:00,509 - DEBUG - joeynmt.training - 	Tokenized source:     ['The', 'next', 'slide', 'I', 'show', 'you', 'will', 'be', 'a', 'rap@@', 'id', 'fas@@', 't-@@', 'forward', 'of', 'what', '&apos;s', 'happened', 'over', 'the', 'last', '25', 'years', '.']
2026-05-14 12:05:00,509 - DEBUG - joeynmt.training - 	Tokenized reference:  ['La', 'prochaine', 'di@@', 'apos@@', 'itive', 'que', 'je', 'vais', 'vous', 'montrer', 'est', 'une', 'vue', 'en', 'accél@@', 'éré', 'de', 'ce', 'qui', 's&apos;', 'est', 'passé', 'ces', '25', 'dernières', 'années', '.']
2026-05-14 12:05:00,509 - DEBUG - joeynmt.training - 	Tokenized hypothesis: ['La', 'prochaine', 'di@@', 'apos@@', 'itive', 'que', 'je', 'vous', 'montre', 'une', 'plus', 'rapide', 'avant', 'de', 'ce', 'qui', 'est', 'passé', 'au', 'cours', 'des', '25', 'ans', '.', '</s>']
2026-05-14 12:05:00,509 - INFO - joeynmt.training - 	Source:     The next slide I show you will be a rapid fast-forward of what &apos;s happened over the last 25 years .
2026-05-14 12:05:00,509 - INFO - joeynmt.training - 	Reference:  La prochaine diapositive que je vais vous montrer est une vue en accéléré de ce qui s&apos; est passé ces 25 dernières années .
2026-05-14 12:05:00,509 - INFO - joeynmt.training - 	Hypothesis: La prochaine diapositive que je vous montre une plus rapide avant de ce qui est passé au cours des 25 ans .
2026-05-14 12:05:16,769 - INFO - joeynmt.training - Epoch   3, Step:     9100, Batch Loss:     1.806583, Batch Acc: 0.565295, Tokens per Sec:     4556, Lr: 0.000300
2026-05-14 12:05:33,508 - INFO - joeynmt.training - Epoch   3, Step:     9200, Batch Loss:     1.566889, Batch Acc: 0.569684, Tokens per Sec:     4563, Lr: 0.000300
2026-05-14 12:05:50,039 - INFO - joeynmt.training - Epoch   3, Step:     9300, Batch Loss:     1.504298, Batch Acc: 0.571599, Tokens per Sec:     4455, Lr: 0.000300
2026-05-14 12:06:06,634 - INFO - joeynmt.training - Epoch   3, Step:     9400, Batch Loss:     1.521585, Batch Acc: 0.567873, Tokens per Sec:     4404, Lr: 0.000300
2026-05-14 12:06:23,883 - INFO - joeynmt.training - Epoch   3, Step:     9500, Batch Loss:     1.835805, Batch Acc: 0.566121, Tokens per Sec:     4447, Lr: 0.000300
2026-05-14 12:06:23,884 - WARNING - joeynmt.helpers - `alpha` option is obsolete. Please use `beam_alpha`, instead.
2026-05-14 12:06:23,884 - INFO - joeynmt.prediction - Predicting 890 example(s)... (Greedy decoding with min_output_length=1, max_output_length=-1, return_prob='none', generate_unk=True, repetition_penalty=-1, no_repeat_ngram_size=-1)
2026-05-14 12:07:01,387 - INFO - joeynmt.prediction - Evaluation result (greedy) loss:   1.86, ppl:   6.44, acc:   0.51, generation: 37.4989[sec], evaluation: 0.0000[sec]
2026-05-14 12:07:01,388 - INFO - joeynmt.training - Hooray! New best validation result [ppl]!
2026-05-14 12:07:01,452 - INFO - joeynmt.helpers - delete models/bpe_8k/7000.ckpt
2026-05-14 12:07:01,456 - INFO - joeynmt.training - Example #0
2026-05-14 12:07:01,456 - DEBUG - joeynmt.training - 	Tokenized source:     ['L@@', 'ast', 'year', 'I', 'showed', 'these', 'two', 'sli@@', 'des', 'so', 'that', 'demonstr@@', 'ate', 'that', 'the', 'ar@@', 'c@@', 'tic', 'ice', 'ca@@', 'p', ',', 'which', 'for', 'most', 'of', 'the', 'last', 'three', 'million', 'years', 'has', 'been', 'the', 'size', 'of', 'the', 'lower', '4@@', '8', 'states', ',', 'has', 'sh@@', 'run@@', 'k', 'by', '40', 'percent', '.']
2026-05-14 12:07:01,456 - DEBUG - joeynmt.training - 	Tokenized reference:  ['L&apos;', 'année', 'dernière', ',', 'je', 'vous', 'ai', 'présent@@', 'é', 'ces', 'deux', 'di@@', 'apos@@', 'iti@@', 'ves', 'qui', 'montr@@', 'aient', 'que', 'la', 'cal@@', 'ot@@', 'te', 'gl@@', 'ac@@', 'ière', 'ar@@', 'c@@', 'tique', ',', 'qui', 'pendant', 'ces', '3', 'derniers', 'millions', 'd&apos;', 'année', 'avait', 'la', 'taille', 'des', 'Etats-Unis', 'sans', 'l&apos;', 'Al@@', 'as@@', 'ka', ',', 'qui', 'pendant', 'ces', '3', 'derniers', 'millions', 'd&apos;', 'année', 'avait', 'la', 'taille', 'des', 'Etats-Unis', 'sans', 'l&apos;', 'Al@@', 'as@@', 'ka', ',', 'avait', 'di@@', 'minu@@', 'é', 'de', '40', '%', '.']
2026-05-14 12:07:01,456 - DEBUG - joeynmt.training - 	Tokenized hypothesis: ['L&apos;', 'année', 'dernière', ',', 'j&apos;', 'ai', 'montré', 'ces', 'deux', 'di@@', 'apos@@', 'iti@@', 'ves', 'pour', 'laquelle', 'la', 'glace', 'ar@@', 'c@@', 'tique', ',', 'qui', 'pour', 'la', 'plupart', 'des', 'trois', 'millions', 'd&apos;', 'années', 'a', 'été', 'la', 'taille', 'de', 'la', 'plus', 'faible', '4@@', '8', 'ét@@', 'ats', ',', 'a', 'dé@@', 'p@@', 'iste', 'par', '40', '%', '.', '</s>']
2026-05-14 12:07:01,456 - INFO - joeynmt.training - 	Source:     Last year I showed these two slides so that demonstrate that the arctic ice cap , which for most of the last three million years has been the size of the lower 48 states , has shrunk by 40 percent .
2026-05-14 12:07:01,456 - INFO - joeynmt.training - 	Reference:  L&apos; année dernière , je vous ai présenté ces deux diapositives qui montraient que la calotte glacière arctique , qui pendant ces 3 derniers millions d&apos; année avait la taille des Etats-Unis sans l&apos; Alaska , qui pendant ces 3 derniers millions d&apos; année avait la taille des Etats-Unis sans l&apos; Alaska , avait diminué de 40 % .
2026-05-14 12:07:01,456 - INFO - joeynmt.training - 	Hypothesis: L&apos; année dernière , j&apos; ai montré ces deux diapositives pour laquelle la glace arctique , qui pour la plupart des trois millions d&apos; années a été la taille de la plus faible 48 états , a dépiste par 40 % .
2026-05-14 12:07:01,456 - INFO - joeynmt.training - Example #1
2026-05-14 12:07:01,456 - DEBUG - joeynmt.training - 	Tokenized source:     ['But', 'this', 'underst@@', 'ates', 'the', 'seri@@', 'ousness', 'of', 'this', 'particular', 'problem', 'because', 'it', 'doesn', '&apos;t', 'show', 'the', 'th@@', 'ick@@', 'ness', 'of', 'the', 'ice', '.']
2026-05-14 12:07:01,456 - DEBUG - joeynmt.training - 	Tokenized reference:  ['Mais', 'ceci', 'tend', 'à', 'a@@', 'mo@@', 'ind@@', 'rir', 'le', 'problème', 'parce', 'qu&apos;', 'on', 'ne', 'voit', 'pas', 'l&apos;', 'ép@@', 'aiss@@', 'eur', 'de', 'la', 'glace', '.']
2026-05-14 12:07:01,456 - DEBUG - joeynmt.training - 	Tokenized hypothesis: ['Mais', 'ce', 'qui', 'a', 'compris', 'le', 'sérieux', 'de', 'ce', 'problème', ',', 'parce', 'que', 'ça', 'ne', 'montre', 'pas', 'la', 'dé@@', 'marche', 'de', 'la', 'glace', '.', '</s>']
2026-05-14 12:07:01,457 - INFO - joeynmt.training - 	Source:     But this understates the seriousness of this particular problem because it doesn &apos;t show the thickness of the ice .
2026-05-14 12:07:01,457 - INFO - joeynmt.training - 	Reference:  Mais ceci tend à amoindrir le problème parce qu&apos; on ne voit pas l&apos; épaisseur de la glace .
2026-05-14 12:07:01,457 - INFO - joeynmt.training - 	Hypothesis: Mais ce qui a compris le sérieux de ce problème , parce que ça ne montre pas la démarche de la glace .
2026-05-14 12:07:01,457 - INFO - joeynmt.training - Example #2
2026-05-14 12:07:01,457 - DEBUG - joeynmt.training - 	Tokenized source:     ['The', 'ar@@', 'c@@', 'tic', 'ice', 'ca@@', 'p', 'is', ',', 'in', 'a', 'sense', ',', 'the', 'be@@', 'ating', 'heart', 'of', 'the', 'global', 'climate', 'system', '.']
2026-05-14 12:07:01,457 - DEBUG - joeynmt.training - 	Tokenized reference:  ['On', 'peut', 'voir', 'la', 'cal@@', 'ot@@', 'te', 'gl@@', 'ac@@', 'ière', 'ar@@', 'c@@', 'tique', 'comme', 'le', 'coeur', 'du', 'système', 'climatique', 'global', '.', 'On', 'peut', 'voir', 'la', 'cal@@', 'ot@@', 'te', 'gl@@', 'ac@@', 'ière', 'ar@@', 'c@@', 'tique', 'comme', 'le', 'coeur', 'du', 'système', 'climatique', 'global', '.']
2026-05-14 12:07:01,457 - DEBUG - joeynmt.training - 	Tokenized hypothesis: ['La', 'glace', 'ar@@', 'c@@', 'tique', 'ar@@', 'c@@', 'tique', 'est', ',', 'dans', 'un', 'sens', ',', 'la', 'cœur', 'du', 'système', 'climatique', '.', '</s>']
2026-05-14 12:07:01,457 - INFO - joeynmt.training - 	Source:     The arctic ice cap is , in a sense , the beating heart of the global climate system .
2026-05-14 12:07:01,457 - INFO - joeynmt.training - 	Reference:  On peut voir la calotte glacière arctique comme le coeur du système climatique global . On peut voir la calotte glacière arctique comme le coeur du système climatique global .
2026-05-14 12:07:01,457 - INFO - joeynmt.training - 	Hypothesis: La glace arctique arctique est , dans un sens , la cœur du système climatique .
2026-05-14 12:07:01,457 - INFO - joeynmt.training - Example #3
2026-05-14 12:07:01,457 - DEBUG - joeynmt.training - 	Tokenized source:     ['It', 'exp@@', 'ands', 'in', 'w@@', 'int@@', 'er', 'and', 'contr@@', 'acts', 'in', 'summer', '.']
2026-05-14 12:07:01,457 - DEBUG - joeynmt.training - 	Tokenized reference:  ['Elle', 's&apos;', 'ét@@', 'end', 'en', 'hi@@', 'ver', 'et', 'se', 'contr@@', 'acte', 'en', 'été', '.']
2026-05-14 12:07:01,457 - DEBUG - joeynmt.training - 	Tokenized hypothesis: ['Il', 's&apos;', 'est', 'd&apos;', 'att@@', 'én@@', 'u@@', 'er', 'et', 'contr@@', 'airement', 'en', 'été', '.', '</s>']
2026-05-14 12:07:01,457 - INFO - joeynmt.training - 	Source:     It expands in winter and contracts in summer .
2026-05-14 12:07:01,457 - INFO - joeynmt.training - 	Reference:  Elle s&apos; étend en hiver et se contracte en été .
2026-05-14 12:07:01,457 - INFO - joeynmt.training - 	Hypothesis: Il s&apos; est d&apos; atténuer et contrairement en été .
2026-05-14 12:07:01,457 - INFO - joeynmt.training - Example #4
2026-05-14 12:07:01,457 - DEBUG - joeynmt.training - 	Tokenized source:     ['The', 'next', 'slide', 'I', 'show', 'you', 'will', 'be', 'a', 'rap@@', 'id', 'fas@@', 't-@@', 'forward', 'of', 'what', '&apos;s', 'happened', 'over', 'the', 'last', '25', 'years', '.']
2026-05-14 12:07:01,457 - DEBUG - joeynmt.training - 	Tokenized reference:  ['La', 'prochaine', 'di@@', 'apos@@', 'itive', 'que', 'je', 'vais', 'vous', 'montrer', 'est', 'une', 'vue', 'en', 'accél@@', 'éré', 'de', 'ce', 'qui', 's&apos;', 'est', 'passé', 'ces', '25', 'dernières', 'années', '.']
2026-05-14 12:07:01,457 - DEBUG - joeynmt.training - 	Tokenized hypothesis: ['La', 'prochaine', 'di@@', 'apos@@', 'itive', 'que', 'je', 'vous', 'montre', 'être', 'un', 'rapide', 'rapide', 'de', 'ce', 'qui', 's&apos;', 'est', 'passé', 'pendant', 'les', '25', 'dernières', 'années', '.', '</s>']
2026-05-14 12:07:01,457 - INFO - joeynmt.training - 	Source:     The next slide I show you will be a rapid fast-forward of what &apos;s happened over the last 25 years .
2026-05-14 12:07:01,457 - INFO - joeynmt.training - 	Reference:  La prochaine diapositive que je vais vous montrer est une vue en accéléré de ce qui s&apos; est passé ces 25 dernières années .
2026-05-14 12:07:01,457 - INFO - joeynmt.training - 	Hypothesis: La prochaine diapositive que je vous montre être un rapide rapide de ce qui s&apos; est passé pendant les 25 dernières années .
2026-05-14 12:07:17,972 - INFO - joeynmt.training - Epoch   3, Step:     9600, Batch Loss:     1.656739, Batch Acc: 0.563088, Tokens per Sec:     4438, Lr: 0.000300
2026-05-14 12:07:35,062 - INFO - joeynmt.training - Epoch   3, Step:     9700, Batch Loss:     1.531603, Batch Acc: 0.570648, Tokens per Sec:     4431, Lr: 0.000300
2026-05-14 12:07:52,084 - INFO - joeynmt.training - Epoch   3, Step:     9800, Batch Loss:     1.653679, Batch Acc: 0.568779, Tokens per Sec:     4489, Lr: 0.000300
2026-05-14 12:08:09,189 - INFO - joeynmt.training - Epoch   3, Step:     9900, Batch Loss:     1.681759, Batch Acc: 0.564668, Tokens per Sec:     4453, Lr: 0.000300
2026-05-14 12:08:25,869 - INFO - joeynmt.training - Epoch   3, Step:    10000, Batch Loss:     1.701407, Batch Acc: 0.571237, Tokens per Sec:     4461, Lr: 0.000300
2026-05-14 12:08:25,869 - WARNING - joeynmt.helpers - `alpha` option is obsolete. Please use `beam_alpha`, instead.
2026-05-14 12:08:25,869 - INFO - joeynmt.prediction - Predicting 890 example(s)... (Greedy decoding with min_output_length=1, max_output_length=-1, return_prob='none', generate_unk=True, repetition_penalty=-1, no_repeat_ngram_size=-1)
2026-05-14 12:09:02,446 - INFO - joeynmt.prediction - Evaluation result (greedy) loss:   1.84, ppl:   6.28, acc:   0.51, generation: 36.5719[sec], evaluation: 0.0000[sec]
2026-05-14 12:09:02,446 - INFO - joeynmt.training - Hooray! New best validation result [ppl]!
2026-05-14 12:09:02,513 - INFO - joeynmt.helpers - delete models/bpe_8k/7500.ckpt
2026-05-14 12:09:02,514 - INFO - joeynmt.training - Example #0
2026-05-14 12:09:02,514 - DEBUG - joeynmt.training - 	Tokenized source:     ['L@@', 'ast', 'year', 'I', 'showed', 'these', 'two', 'sli@@', 'des', 'so', 'that', 'demonstr@@', 'ate', 'that', 'the', 'ar@@', 'c@@', 'tic', 'ice', 'ca@@', 'p', ',', 'which', 'for', 'most', 'of', 'the', 'last', 'three', 'million', 'years', 'has', 'been', 'the', 'size', 'of', 'the', 'lower', '4@@', '8', 'states', ',', 'has', 'sh@@', 'run@@', 'k', 'by', '40', 'percent', '.']
2026-05-14 12:09:02,514 - DEBUG - joeynmt.training - 	Tokenized reference:  ['L&apos;', 'année', 'dernière', ',', 'je', 'vous', 'ai', 'présent@@', 'é', 'ces', 'deux', 'di@@', 'apos@@', 'iti@@', 'ves', 'qui', 'montr@@', 'aient', 'que', 'la', 'cal@@', 'ot@@', 'te', 'gl@@', 'ac@@', 'ière', 'ar@@', 'c@@', 'tique', ',', 'qui', 'pendant', 'ces', '3', 'derniers', 'millions', 'd&apos;', 'année', 'avait', 'la', 'taille', 'des', 'Etats-Unis', 'sans', 'l&apos;', 'Al@@', 'as@@', 'ka', ',', 'qui', 'pendant', 'ces', '3', 'derniers', 'millions', 'd&apos;', 'année', 'avait', 'la', 'taille', 'des', 'Etats-Unis', 'sans', 'l&apos;', 'Al@@', 'as@@', 'ka', ',', 'avait', 'di@@', 'minu@@', 'é', 'de', '40', '%', '.']
2026-05-14 12:09:02,514 - DEBUG - joeynmt.training - 	Tokenized hypothesis: ['L&apos;', 'année', 'dernière', ',', 'j&apos;', 'ai', 'montré', 'ces', 'deux', 'di@@', 'apos@@', 'iti@@', 'ves', 'de', 'cette', 'dé@@', 'mon@@', 'str@@', 'ation', 'ar@@', 'c@@', 'tique', ',', 'qui', 'pour', 'la', 'plupart', 'des', 'trois', 'millions', 'd&apos;', 'années', 'a', 'été', 'la', 'taille', 'de', '4@@', '8', 'ét@@', 'ats', ',', 'a', 'une', 'p@@', 'iste', 'par', '40', '%', '.', '</s>']
2026-05-14 12:09:02,514 - INFO - joeynmt.training - 	Source:     Last year I showed these two slides so that demonstrate that the arctic ice cap , which for most of the last three million years has been the size of the lower 48 states , has shrunk by 40 percent .
2026-05-14 12:09:02,514 - INFO - joeynmt.training - 	Reference:  L&apos; année dernière , je vous ai présenté ces deux diapositives qui montraient que la calotte glacière arctique , qui pendant ces 3 derniers millions d&apos; année avait la taille des Etats-Unis sans l&apos; Alaska , qui pendant ces 3 derniers millions d&apos; année avait la taille des Etats-Unis sans l&apos; Alaska , avait diminué de 40 % .
2026-05-14 12:09:02,514 - INFO - joeynmt.training - 	Hypothesis: L&apos; année dernière , j&apos; ai montré ces deux diapositives de cette démonstration arctique , qui pour la plupart des trois millions d&apos; années a été la taille de 48 états , a une piste par 40 % .
2026-05-14 12:09:02,514 - INFO - joeynmt.training - Example #1
2026-05-14 12:09:02,514 - DEBUG - joeynmt.training - 	Tokenized source:     ['But', 'this', 'underst@@', 'ates', 'the', 'seri@@', 'ousness', 'of', 'this', 'particular', 'problem', 'because', 'it', 'doesn', '&apos;t', 'show', 'the', 'th@@', 'ick@@', 'ness', 'of', 'the', 'ice', '.']
2026-05-14 12:09:02,514 - DEBUG - joeynmt.training - 	Tokenized reference:  ['Mais', 'ceci', 'tend', 'à', 'a@@', 'mo@@', 'ind@@', 'rir', 'le', 'problème', 'parce', 'qu&apos;', 'on', 'ne', 'voit', 'pas', 'l&apos;', 'ép@@', 'aiss@@', 'eur', 'de', 'la', 'glace', '.']
2026-05-14 12:09:02,514 - DEBUG - joeynmt.training - 	Tokenized hypothesis: ['Mais', 'ce', 'qui', 'a', 'compris', 'le', 'sérieux', 'de', 'ce', 'problème', ',', 'parce', 'qu&apos;', 'elle', 'ne', 'montre', 'pas', 'la', 'pou@@', 'sse', 'de', 'la', 'glace', '.', '</s>']
2026-05-14 12:09:02,514 - INFO - joeynmt.training - 	Source:     But this understates the seriousness of this particular problem because it doesn &apos;t show the thickness of the ice .
2026-05-14 12:09:02,514 - INFO - joeynmt.training - 	Reference:  Mais ceci tend à amoindrir le problème parce qu&apos; on ne voit pas l&apos; épaisseur de la glace .
2026-05-14 12:09:02,514 - INFO - joeynmt.training - 	Hypothesis: Mais ce qui a compris le sérieux de ce problème , parce qu&apos; elle ne montre pas la pousse de la glace .
2026-05-14 12:09:02,514 - INFO - joeynmt.training - Example #2
2026-05-14 12:09:02,514 - DEBUG - joeynmt.training - 	Tokenized source:     ['The', 'ar@@', 'c@@', 'tic', 'ice', 'ca@@', 'p', 'is', ',', 'in', 'a', 'sense', ',', 'the', 'be@@', 'ating', 'heart', 'of', 'the', 'global', 'climate', 'system', '.']
2026-05-14 12:09:02,514 - DEBUG - joeynmt.training - 	Tokenized reference:  ['On', 'peut', 'voir', 'la', 'cal@@', 'ot@@', 'te', 'gl@@', 'ac@@', 'ière', 'ar@@', 'c@@', 'tique', 'comme', 'le', 'coeur', 'du', 'système', 'climatique', 'global', '.', 'On', 'peut', 'voir', 'la', 'cal@@', 'ot@@', 'te', 'gl@@', 'ac@@', 'ière', 'ar@@', 'c@@', 'tique', 'comme', 'le', 'coeur', 'du', 'système', 'climatique', 'global', '.']
2026-05-14 12:09:02,514 - DEBUG - joeynmt.training - 	Tokenized hypothesis: ['La', 'glace', 'ar@@', 'c@@', 'tique', 'est', ',', 'dans', 'un', 'sens', ',', 'la', 'coeur', 'du', 'système', 'climatique', '.', '</s>']
2026-05-14 12:09:02,514 - INFO - joeynmt.training - 	Source:     The arctic ice cap is , in a sense , the beating heart of the global climate system .
2026-05-14 12:09:02,514 - INFO - joeynmt.training - 	Reference:  On peut voir la calotte glacière arctique comme le coeur du système climatique global . On peut voir la calotte glacière arctique comme le coeur du système climatique global .
2026-05-14 12:09:02,514 - INFO - joeynmt.training - 	Hypothesis: La glace arctique est , dans un sens , la coeur du système climatique .
2026-05-14 12:09:02,514 - INFO - joeynmt.training - Example #3
2026-05-14 12:09:02,514 - DEBUG - joeynmt.training - 	Tokenized source:     ['It', 'exp@@', 'ands', 'in', 'w@@', 'int@@', 'er', 'and', 'contr@@', 'acts', 'in', 'summer', '.']
2026-05-14 12:09:02,514 - DEBUG - joeynmt.training - 	Tokenized reference:  ['Elle', 's&apos;', 'ét@@', 'end', 'en', 'hi@@', 'ver', 'et', 'se', 'contr@@', 'acte', 'en', 'été', '.']
2026-05-14 12:09:02,514 - DEBUG - joeynmt.training - 	Tokenized hypothesis: ['Il', 's&apos;', 'atta@@', 'que', 'dans', 'l&apos;', 'été', 'et', 'contr@@', 'ac@@', 'tif', 'en', 'été', '.', '</s>']
2026-05-14 12:09:02,514 - INFO - joeynmt.training - 	Source:     It expands in winter and contracts in summer .
2026-05-14 12:09:02,515 - INFO - joeynmt.training - 	Reference:  Elle s&apos; étend en hiver et se contracte en été .
2026-05-14 12:09:02,515 - INFO - joeynmt.training - 	Hypothesis: Il s&apos; attaque dans l&apos; été et contractif en été .
2026-05-14 12:09:02,515 - INFO - joeynmt.training - Example #4
2026-05-14 12:09:02,515 - DEBUG - joeynmt.training - 	Tokenized source:     ['The', 'next', 'slide', 'I', 'show', 'you', 'will', 'be', 'a', 'rap@@', 'id', 'fas@@', 't-@@', 'forward', 'of', 'what', '&apos;s', 'happened', 'over', 'the', 'last', '25', 'years', '.']
2026-05-14 12:09:02,515 - DEBUG - joeynmt.training - 	Tokenized reference:  ['La', 'prochaine', 'di@@', 'apos@@', 'itive', 'que', 'je', 'vais', 'vous', 'montrer', 'est', 'une', 'vue', 'en', 'accél@@', 'éré', 'de', 'ce', 'qui', 's&apos;', 'est', 'passé', 'ces', '25', 'dernières', 'années', '.']
2026-05-14 12:09:02,515 - DEBUG - joeynmt.training - 	Tokenized hypothesis: ['La', 'di@@', 'apos@@', 'itive', 'que', 'je', 'vous', 'montre', 'être', 'un', 'rapide', 'rapide', 'rapide', 'de', 'ce', 'qui', 'est', 'arrivé', 'au', 'cours', 'de', 'la', 'dernière', 'dernière', 'dernière', 'chose', '.', '</s>']
2026-05-14 12:09:02,515 - INFO - joeynmt.training - 	Source:     The next slide I show you will be a rapid fast-forward of what &apos;s happened over the last 25 years .
2026-05-14 12:09:02,515 - INFO - joeynmt.training - 	Reference:  La prochaine diapositive que je vais vous montrer est une vue en accéléré de ce qui s&apos; est passé ces 25 dernières années .
2026-05-14 12:09:02,515 - INFO - joeynmt.training - 	Hypothesis: La diapositive que je vous montre être un rapide rapide rapide de ce qui est arrivé au cours de la dernière dernière dernière chose .
2026-05-14 12:09:19,417 - INFO - joeynmt.training - Epoch   3, Step:    10100, Batch Loss:     1.616627, Batch Acc: 0.568606, Tokens per Sec:     4396, Lr: 0.000300
2026-05-14 12:09:35,898 - INFO - joeynmt.training - Epoch   3, Step:    10200, Batch Loss:     1.419394, Batch Acc: 0.571927, Tokens per Sec:     4591, Lr: 0.000300
2026-05-14 12:09:52,886 - INFO - joeynmt.training - Epoch   3, Step:    10300, Batch Loss:     1.761773, Batch Acc: 0.573884, Tokens per Sec:     4339, Lr: 0.000300
2026-05-14 12:10:09,691 - INFO - joeynmt.training - Epoch   3, Step:    10400, Batch Loss:     1.492401, Batch Acc: 0.571220, Tokens per Sec:     4361, Lr: 0.000300
2026-05-14 12:10:26,465 - INFO - joeynmt.training - Epoch   3, Step:    10500, Batch Loss:     1.595306, Batch Acc: 0.572181, Tokens per Sec:     4414, Lr: 0.000300
2026-05-14 12:10:26,466 - WARNING - joeynmt.helpers - `alpha` option is obsolete. Please use `beam_alpha`, instead.
2026-05-14 12:10:26,466 - INFO - joeynmt.prediction - Predicting 890 example(s)... (Greedy decoding with min_output_length=1, max_output_length=-1, return_prob='none', generate_unk=True, repetition_penalty=-1, no_repeat_ngram_size=-1)
2026-05-14 12:11:10,693 - INFO - joeynmt.prediction - Evaluation result (greedy) loss:   1.83, ppl:   6.21, acc:   0.51, generation: 44.2227[sec], evaluation: 0.0000[sec]
2026-05-14 12:11:10,694 - INFO - joeynmt.training - Hooray! New best validation result [ppl]!
2026-05-14 12:11:10,757 - INFO - joeynmt.helpers - delete models/bpe_8k/8000.ckpt
2026-05-14 12:11:10,758 - INFO - joeynmt.training - Example #0
2026-05-14 12:11:10,758 - DEBUG - joeynmt.training - 	Tokenized source:     ['L@@', 'ast', 'year', 'I', 'showed', 'these', 'two', 'sli@@', 'des', 'so', 'that', 'demonstr@@', 'ate', 'that', 'the', 'ar@@', 'c@@', 'tic', 'ice', 'ca@@', 'p', ',', 'which', 'for', 'most', 'of', 'the', 'last', 'three', 'million', 'years', 'has', 'been', 'the', 'size', 'of', 'the', 'lower', '4@@', '8', 'states', ',', 'has', 'sh@@', 'run@@', 'k', 'by', '40', 'percent', '.']
2026-05-14 12:11:10,758 - DEBUG - joeynmt.training - 	Tokenized reference:  ['L&apos;', 'année', 'dernière', ',', 'je', 'vous', 'ai', 'présent@@', 'é', 'ces', 'deux', 'di@@', 'apos@@', 'iti@@', 'ves', 'qui', 'montr@@', 'aient', 'que', 'la', 'cal@@', 'ot@@', 'te', 'gl@@', 'ac@@', 'ière', 'ar@@', 'c@@', 'tique', ',', 'qui', 'pendant', 'ces', '3', 'derniers', 'millions', 'd&apos;', 'année', 'avait', 'la', 'taille', 'des', 'Etats-Unis', 'sans', 'l&apos;', 'Al@@', 'as@@', 'ka', ',', 'qui', 'pendant', 'ces', '3', 'derniers', 'millions', 'd&apos;', 'année', 'avait', 'la', 'taille', 'des', 'Etats-Unis', 'sans', 'l&apos;', 'Al@@', 'as@@', 'ka', ',', 'avait', 'di@@', 'minu@@', 'é', 'de', '40', '%', '.']
2026-05-14 12:11:10,758 - DEBUG - joeynmt.training - 	Tokenized hypothesis: ['L&apos;', 'année', 'dernière', ',', 'j&apos;', 'ai', 'montré', 'ces', 'deux', 'di@@', 'a@@', 'des', 'de', 'cette', 'dé@@', 'mon@@', 'str@@', 'ation', 'de', 'glace', ',', 'qui', 'pour', 'la', 'plupart', 'des', 'trois', 'millions', 'd&apos;', 'années', 'a', 'été', 'la', 'taille', 'de', 'plus', 'bas', ',', 'a', 'été', 'la', 'taille', 'de', 'plus', 'bas', ',', 'a', 'une', 't@@', 't@@', 'é@@', 'c', 'de', '40', '%', '.', '</s>']
2026-05-14 12:11:10,758 - INFO - joeynmt.training - 	Source:     Last year I showed these two slides so that demonstrate that the arctic ice cap , which for most of the last three million years has been the size of the lower 48 states , has shrunk by 40 percent .
2026-05-14 12:11:10,758 - INFO - joeynmt.training - 	Reference:  L&apos; année dernière , je vous ai présenté ces deux diapositives qui montraient que la calotte glacière arctique , qui pendant ces 3 derniers millions d&apos; année avait la taille des Etats-Unis sans l&apos; Alaska , qui pendant ces 3 derniers millions d&apos; année avait la taille des Etats-Unis sans l&apos; Alaska , avait diminué de 40 % .
2026-05-14 12:11:10,758 - INFO - joeynmt.training - 	Hypothesis: L&apos; année dernière , j&apos; ai montré ces deux diades de cette démonstration de glace , qui pour la plupart des trois millions d&apos; années a été la taille de plus bas , a été la taille de plus bas , a une ttéc de 40 % .
2026-05-14 12:11:10,758 - INFO - joeynmt.training - Example #1
2026-05-14 12:11:10,758 - DEBUG - joeynmt.training - 	Tokenized source:     ['But', 'this', 'underst@@', 'ates', 'the', 'seri@@', 'ousness', 'of', 'this', 'particular', 'problem', 'because', 'it', 'doesn', '&apos;t', 'show', 'the', 'th@@', 'ick@@', 'ness', 'of', 'the', 'ice', '.']
2026-05-14 12:11:10,758 - DEBUG - joeynmt.training - 	Tokenized reference:  ['Mais', 'ceci', 'tend', 'à', 'a@@', 'mo@@', 'ind@@', 'rir', 'le', 'problème', 'parce', 'qu&apos;', 'on', 'ne', 'voit', 'pas', 'l&apos;', 'ép@@', 'aiss@@', 'eur', 'de', 'la', 'glace', '.']
2026-05-14 12:11:10,758 - DEBUG - joeynmt.training - 	Tokenized hypothesis: ['Mais', 'cela', 'a', 'compris', 'le', 'sérieux', 'de', 'ce', 'problème', ',', 'parce', 'qu&apos;', 'il', 'ne', 'montre', 'pas', 'la', 'pou@@', 'sse', 'de', 'la', 'glace', '.', '</s>']
2026-05-14 12:11:10,758 - INFO - joeynmt.training - 	Source:     But this understates the seriousness of this particular problem because it doesn &apos;t show the thickness of the ice .
2026-05-14 12:11:10,758 - INFO - joeynmt.training - 	Reference:  Mais ceci tend à amoindrir le problème parce qu&apos; on ne voit pas l&apos; épaisseur de la glace .
2026-05-14 12:11:10,758 - INFO - joeynmt.training - 	Hypothesis: Mais cela a compris le sérieux de ce problème , parce qu&apos; il ne montre pas la pousse de la glace .
2026-05-14 12:11:10,758 - INFO - joeynmt.training - Example #2
2026-05-14 12:11:10,758 - DEBUG - joeynmt.training - 	Tokenized source:     ['The', 'ar@@', 'c@@', 'tic', 'ice', 'ca@@', 'p', 'is', ',', 'in', 'a', 'sense', ',', 'the', 'be@@', 'ating', 'heart', 'of', 'the', 'global', 'climate', 'system', '.']
2026-05-14 12:11:10,758 - DEBUG - joeynmt.training - 	Tokenized reference:  ['On', 'peut', 'voir', 'la', 'cal@@', 'ot@@', 'te', 'gl@@', 'ac@@', 'ière', 'ar@@', 'c@@', 'tique', 'comme', 'le', 'coeur', 'du', 'système', 'climatique', 'global', '.', 'On', 'peut', 'voir', 'la', 'cal@@', 'ot@@', 'te', 'gl@@', 'ac@@', 'ière', 'ar@@', 'c@@', 'tique', 'comme', 'le', 'coeur', 'du', 'système', 'climatique', 'global', '.']
2026-05-14 12:11:10,758 - DEBUG - joeynmt.training - 	Tokenized hypothesis: ['La', 'glace', 'ar@@', 'c@@', 'tique', 'est', ',', 'dans', 'un', 'sens', ',', 'le', 'coeur', 'du', 'système', 'climatique', '.', '</s>']
2026-05-14 12:11:10,758 - INFO - joeynmt.training - 	Source:     The arctic ice cap is , in a sense , the beating heart of the global climate system .
2026-05-14 12:11:10,758 - INFO - joeynmt.training - 	Reference:  On peut voir la calotte glacière arctique comme le coeur du système climatique global . On peut voir la calotte glacière arctique comme le coeur du système climatique global .
2026-05-14 12:11:10,758 - INFO - joeynmt.training - 	Hypothesis: La glace arctique est , dans un sens , le coeur du système climatique .
2026-05-14 12:11:10,758 - INFO - joeynmt.training - Example #3
2026-05-14 12:11:10,758 - DEBUG - joeynmt.training - 	Tokenized source:     ['It', 'exp@@', 'ands', 'in', 'w@@', 'int@@', 'er', 'and', 'contr@@', 'acts', 'in', 'summer', '.']
2026-05-14 12:11:10,758 - DEBUG - joeynmt.training - 	Tokenized reference:  ['Elle', 's&apos;', 'ét@@', 'end', 'en', 'hi@@', 'ver', 'et', 'se', 'contr@@', 'acte', 'en', 'été', '.']
2026-05-14 12:11:10,758 - DEBUG - joeynmt.training - 	Tokenized hypothesis: ['Il', 's&apos;', 'atta@@', 'que', 'dans', 'le', 'hi@@', 'ver', 'et', 'contr@@', 'ac@@', 'tif', 'en', 'été', '.', '</s>']
2026-05-14 12:11:10,758 - INFO - joeynmt.training - 	Source:     It expands in winter and contracts in summer .
2026-05-14 12:11:10,759 - INFO - joeynmt.training - 	Reference:  Elle s&apos; étend en hiver et se contracte en été .
2026-05-14 12:11:10,759 - INFO - joeynmt.training - 	Hypothesis: Il s&apos; attaque dans le hiver et contractif en été .
2026-05-14 12:11:10,759 - INFO - joeynmt.training - Example #4
2026-05-14 12:11:10,759 - DEBUG - joeynmt.training - 	Tokenized source:     ['The', 'next', 'slide', 'I', 'show', 'you', 'will', 'be', 'a', 'rap@@', 'id', 'fas@@', 't-@@', 'forward', 'of', 'what', '&apos;s', 'happened', 'over', 'the', 'last', '25', 'years', '.']
2026-05-14 12:11:10,759 - DEBUG - joeynmt.training - 	Tokenized reference:  ['La', 'prochaine', 'di@@', 'apos@@', 'itive', 'que', 'je', 'vais', 'vous', 'montrer', 'est', 'une', 'vue', 'en', 'accél@@', 'éré', 'de', 'ce', 'qui', 's&apos;', 'est', 'passé', 'ces', '25', 'dernières', 'années', '.']
2026-05-14 12:11:10,759 - DEBUG - joeynmt.training - 	Tokenized hypothesis: ['La', 'di@@', 'apos@@', 'itive', 'que', 'je', 'vous', 'montre', 'qu&apos;', 'il', 's&apos;', 'est', 'passé', 'au', 'cours', 'de', 'ce', 'qui', 's&apos;', 'est', 'passé', 'depuis', 'les', '25', 'ans', '.', '</s>']
2026-05-14 12:11:10,759 - INFO - joeynmt.training - 	Source:     The next slide I show you will be a rapid fast-forward of what &apos;s happened over the last 25 years .
2026-05-14 12:11:10,759 - INFO - joeynmt.training - 	Reference:  La prochaine diapositive que je vais vous montrer est une vue en accéléré de ce qui s&apos; est passé ces 25 dernières années .
2026-05-14 12:11:10,759 - INFO - joeynmt.training - 	Hypothesis: La diapositive que je vous montre qu&apos; il s&apos; est passé au cours de ce qui s&apos; est passé depuis les 25 ans .
2026-05-14 12:11:27,482 - INFO - joeynmt.training - Epoch   3, Step:    10600, Batch Loss:     1.613517, Batch Acc: 0.574217, Tokens per Sec:     4395, Lr: 0.000300
2026-05-14 12:11:44,751 - INFO - joeynmt.training - Epoch   3, Step:    10700, Batch Loss:     1.568827, Batch Acc: 0.574135, Tokens per Sec:     4398, Lr: 0.000300
2026-05-14 12:12:01,621 - INFO - joeynmt.training - Epoch   3, Step:    10800, Batch Loss:     1.662177, Batch Acc: 0.575114, Tokens per Sec:     4554, Lr: 0.000300
2026-05-14 12:12:12,575 - INFO - joeynmt.training - Epoch   3: total training loss 5835.89
2026-05-14 12:12:12,575 - INFO - joeynmt.training - EPOCH 4
2026-05-14 12:12:18,474 - INFO - joeynmt.training - Epoch   4, Step:    10900, Batch Loss:     1.440728, Batch Acc: 0.602694, Tokens per Sec:     4279, Lr: 0.000300
2026-05-14 12:12:35,563 - INFO - joeynmt.training - Epoch   4, Step:    11000, Batch Loss:     1.404532, Batch Acc: 0.602105, Tokens per Sec:     4364, Lr: 0.000300
2026-05-14 12:12:35,563 - WARNING - joeynmt.helpers - `alpha` option is obsolete. Please use `beam_alpha`, instead.
2026-05-14 12:12:35,563 - INFO - joeynmt.prediction - Predicting 890 example(s)... (Greedy decoding with min_output_length=1, max_output_length=-1, return_prob='none', generate_unk=True, repetition_penalty=-1, no_repeat_ngram_size=-1)
2026-05-14 12:13:17,025 - INFO - joeynmt.prediction - Evaluation result (greedy) loss:   1.81, ppl:   6.13, acc:   0.52, generation: 41.4564[sec], evaluation: 0.0000[sec]
2026-05-14 12:13:17,025 - INFO - joeynmt.training - Hooray! New best validation result [ppl]!
2026-05-14 12:13:17,090 - INFO - joeynmt.helpers - delete models/bpe_8k/8500.ckpt
2026-05-14 12:13:17,090 - INFO - joeynmt.training - Example #0
2026-05-14 12:13:17,090 - DEBUG - joeynmt.training - 	Tokenized source:     ['L@@', 'ast', 'year', 'I', 'showed', 'these', 'two', 'sli@@', 'des', 'so', 'that', 'demonstr@@', 'ate', 'that', 'the', 'ar@@', 'c@@', 'tic', 'ice', 'ca@@', 'p', ',', 'which', 'for', 'most', 'of', 'the', 'last', 'three', 'million', 'years', 'has', 'been', 'the', 'size', 'of', 'the', 'lower', '4@@', '8', 'states', ',', 'has', 'sh@@', 'run@@', 'k', 'by', '40', 'percent', '.']
2026-05-14 12:13:17,090 - DEBUG - joeynmt.training - 	Tokenized reference:  ['L&apos;', 'année', 'dernière', ',', 'je', 'vous', 'ai', 'présent@@', 'é', 'ces', 'deux', 'di@@', 'apos@@', 'iti@@', 'ves', 'qui', 'montr@@', 'aient', 'que', 'la', 'cal@@', 'ot@@', 'te', 'gl@@', 'ac@@', 'ière', 'ar@@', 'c@@', 'tique', ',', 'qui', 'pendant', 'ces', '3', 'derniers', 'millions', 'd&apos;', 'année', 'avait', 'la', 'taille', 'des', 'Etats-Unis', 'sans', 'l&apos;', 'Al@@', 'as@@', 'ka', ',', 'qui', 'pendant', 'ces', '3', 'derniers', 'millions', 'd&apos;', 'année', 'avait', 'la', 'taille', 'des', 'Etats-Unis', 'sans', 'l&apos;', 'Al@@', 'as@@', 'ka', ',', 'avait', 'di@@', 'minu@@', 'é', 'de', '40', '%', '.']
2026-05-14 12:13:17,090 - DEBUG - joeynmt.training - 	Tokenized hypothesis: ['L&apos;', 'année', 'dernière', ',', 'j&apos;', 'ai', 'montré', 'ces', 'deux', 'di@@', 'a@@', 'pos', 'pour', 'cette', 'dé@@', 'mon@@', 'mon@@', 'str@@', 'ation', 'que', 'la', 'glace', 'ar@@', 'c@@', 'tique', ',', 'qui', 'pendant', 'la', 'plupart', 'des', 'trois', 'millions', 'd&apos;', 'années', 'a', 'été', 'la', 'taille', 'du', 'plus', 'bas', '4@@', '8', 'ét@@', 'ats', ',', 'a', 'une', 'dé@@', 'p@@', 'iste', 'par', '40', '%', '.', '</s>']
2026-05-14 12:13:17,090 - INFO - joeynmt.training - 	Source:     Last year I showed these two slides so that demonstrate that the arctic ice cap , which for most of the last three million years has been the size of the lower 48 states , has shrunk by 40 percent .
2026-05-14 12:13:17,090 - INFO - joeynmt.training - 	Reference:  L&apos; année dernière , je vous ai présenté ces deux diapositives qui montraient que la calotte glacière arctique , qui pendant ces 3 derniers millions d&apos; année avait la taille des Etats-Unis sans l&apos; Alaska , qui pendant ces 3 derniers millions d&apos; année avait la taille des Etats-Unis sans l&apos; Alaska , avait diminué de 40 % .
2026-05-14 12:13:17,090 - INFO - joeynmt.training - 	Hypothesis: L&apos; année dernière , j&apos; ai montré ces deux diapos pour cette démonmonstration que la glace arctique , qui pendant la plupart des trois millions d&apos; années a été la taille du plus bas 48 états , a une dépiste par 40 % .
2026-05-14 12:13:17,090 - INFO - joeynmt.training - Example #1
2026-05-14 12:13:17,091 - DEBUG - joeynmt.training - 	Tokenized source:     ['But', 'this', 'underst@@', 'ates', 'the', 'seri@@', 'ousness', 'of', 'this', 'particular', 'problem', 'because', 'it', 'doesn', '&apos;t', 'show', 'the', 'th@@', 'ick@@', 'ness', 'of', 'the', 'ice', '.']
2026-05-14 12:13:17,091 - DEBUG - joeynmt.training - 	Tokenized reference:  ['Mais', 'ceci', 'tend', 'à', 'a@@', 'mo@@', 'ind@@', 'rir', 'le', 'problème', 'parce', 'qu&apos;', 'on', 'ne', 'voit', 'pas', 'l&apos;', 'ép@@', 'aiss@@', 'eur', 'de', 'la', 'glace', '.']
2026-05-14 12:13:17,091 - DEBUG - joeynmt.training - 	Tokenized hypothesis: ['Mais', 'cela', 'a', 'compris', 'le', 'sérieux', 'problème', 'de', 'ce', 'problème', ',', 'parce', 'que', 'ça', 'ne', 'montre', 'pas', 'la', 'pou@@', 'ssi@@', 'ère', 'de', 'la', 'glace', '.', '</s>']
2026-05-14 12:13:17,091 - INFO - joeynmt.training - 	Source:     But this understates the seriousness of this particular problem because it doesn &apos;t show the thickness of the ice .
2026-05-14 12:13:17,091 - INFO - joeynmt.training - 	Reference:  Mais ceci tend à amoindrir le problème parce qu&apos; on ne voit pas l&apos; épaisseur de la glace .
2026-05-14 12:13:17,091 - INFO - joeynmt.training - 	Hypothesis: Mais cela a compris le sérieux problème de ce problème , parce que ça ne montre pas la poussière de la glace .
2026-05-14 12:13:17,091 - INFO - joeynmt.training - Example #2
2026-05-14 12:13:17,091 - DEBUG - joeynmt.training - 	Tokenized source:     ['The', 'ar@@', 'c@@', 'tic', 'ice', 'ca@@', 'p', 'is', ',', 'in', 'a', 'sense', ',', 'the', 'be@@', 'ating', 'heart', 'of', 'the', 'global', 'climate', 'system', '.']
2026-05-14 12:13:17,091 - DEBUG - joeynmt.training - 	Tokenized reference:  ['On', 'peut', 'voir', 'la', 'cal@@', 'ot@@', 'te', 'gl@@', 'ac@@', 'ière', 'ar@@', 'c@@', 'tique', 'comme', 'le', 'coeur', 'du', 'système', 'climatique', 'global', '.', 'On', 'peut', 'voir', 'la', 'cal@@', 'ot@@', 'te', 'gl@@', 'ac@@', 'ière', 'ar@@', 'c@@', 'tique', 'comme', 'le', 'coeur', 'du', 'système', 'climatique', 'global', '.']
2026-05-14 12:13:17,091 - DEBUG - joeynmt.training - 	Tokenized hypothesis: ['La', 'glace', 'ar@@', 'c@@', 'tique', 'ar@@', 'c@@', 'tique', 'est', ',', 'dans', 'un', 'sens', ',', 'le', 'coeur', 'du', 'climat', 'du', 'climat', 'du', 'système', 'climatique', '.', '</s>']
2026-05-14 12:13:17,091 - INFO - joeynmt.training - 	Source:     The arctic ice cap is , in a sense , the beating heart of the global climate system .
2026-05-14 12:13:17,091 - INFO - joeynmt.training - 	Reference:  On peut voir la calotte glacière arctique comme le coeur du système climatique global . On peut voir la calotte glacière arctique comme le coeur du système climatique global .
2026-05-14 12:13:17,091 - INFO - joeynmt.training - 	Hypothesis: La glace arctique arctique est , dans un sens , le coeur du climat du climat du système climatique .
2026-05-14 12:13:17,091 - INFO - joeynmt.training - Example #3
2026-05-14 12:13:17,091 - DEBUG - joeynmt.training - 	Tokenized source:     ['It', 'exp@@', 'ands', 'in', 'w@@', 'int@@', 'er', 'and', 'contr@@', 'acts', 'in', 'summer', '.']
2026-05-14 12:13:17,091 - DEBUG - joeynmt.training - 	Tokenized reference:  ['Elle', 's&apos;', 'ét@@', 'end', 'en', 'hi@@', 'ver', 'et', 'se', 'contr@@', 'acte', 'en', 'été', '.']
2026-05-14 12:13:17,091 - DEBUG - joeynmt.training - 	Tokenized hypothesis: ['Il', 's&apos;', 'agit', 'd&apos;', 'un', 'dé@@', 'v@@', 'ing@@', 'er', 'et', 'contr@@', 'acter', 'en', 'été', '.', '</s>']
2026-05-14 12:13:17,091 - INFO - joeynmt.training - 	Source:     It expands in winter and contracts in summer .
2026-05-14 12:13:17,091 - INFO - joeynmt.training - 	Reference:  Elle s&apos; étend en hiver et se contracte en été .
2026-05-14 12:13:17,091 - INFO - joeynmt.training - 	Hypothesis: Il s&apos; agit d&apos; un dévinger et contracter en été .
2026-05-14 12:13:17,091 - INFO - joeynmt.training - Example #4
2026-05-14 12:13:17,091 - DEBUG - joeynmt.training - 	Tokenized source:     ['The', 'next', 'slide', 'I', 'show', 'you', 'will', 'be', 'a', 'rap@@', 'id', 'fas@@', 't-@@', 'forward', 'of', 'what', '&apos;s', 'happened', 'over', 'the', 'last', '25', 'years', '.']
2026-05-14 12:13:17,091 - DEBUG - joeynmt.training - 	Tokenized reference:  ['La', 'prochaine', 'di@@', 'apos@@', 'itive', 'que', 'je', 'vais', 'vous', 'montrer', 'est', 'une', 'vue', 'en', 'accél@@', 'éré', 'de', 'ce', 'qui', 's&apos;', 'est', 'passé', 'ces', '25', 'dernières', 'années', '.']
2026-05-14 12:13:17,091 - DEBUG - joeynmt.training - 	Tokenized hypothesis: ['La', 'prochaine', 'di@@', 'apos@@', 'itive', 'que', 'je', 'vous', 'ser@@', 'ez', 'un', 'rapide', 'rapide', 'de', 'ce', 'qui', 'est', 'passé', 'depuis', 'les', '25', 'dernières', 'années', '.', '</s>']
2026-05-14 12:13:17,091 - INFO - joeynmt.training - 	Source:     The next slide I show you will be a rapid fast-forward of what &apos;s happened over the last 25 years .
2026-05-14 12:13:17,091 - INFO - joeynmt.training - 	Reference:  La prochaine diapositive que je vais vous montrer est une vue en accéléré de ce qui s&apos; est passé ces 25 dernières années .
2026-05-14 12:13:17,091 - INFO - joeynmt.training - 	Hypothesis: La prochaine diapositive que je vous serez un rapide rapide de ce qui est passé depuis les 25 dernières années .
2026-05-14 12:13:33,991 - INFO - joeynmt.training - Epoch   4, Step:    11100, Batch Loss:     1.374040, Batch Acc: 0.601450, Tokens per Sec:     4520, Lr: 0.000300
2026-05-14 12:13:50,663 - INFO - joeynmt.training - Epoch   4, Step:    11200, Batch Loss:     1.526978, Batch Acc: 0.599532, Tokens per Sec:     4486, Lr: 0.000300
2026-05-14 12:14:07,200 - INFO - joeynmt.training - Epoch   4, Step:    11300, Batch Loss:     1.323901, Batch Acc: 0.595883, Tokens per Sec:     4512, Lr: 0.000300
2026-05-14 12:14:24,583 - INFO - joeynmt.training - Epoch   4, Step:    11400, Batch Loss:     1.325407, Batch Acc: 0.590144, Tokens per Sec:     4435, Lr: 0.000300
2026-05-14 12:14:41,362 - INFO - joeynmt.training - Epoch   4, Step:    11500, Batch Loss:     1.670918, Batch Acc: 0.601273, Tokens per Sec:     4384, Lr: 0.000300
2026-05-14 12:14:41,363 - WARNING - joeynmt.helpers - `alpha` option is obsolete. Please use `beam_alpha`, instead.
2026-05-14 12:14:41,363 - INFO - joeynmt.prediction - Predicting 890 example(s)... (Greedy decoding with min_output_length=1, max_output_length=-1, return_prob='none', generate_unk=True, repetition_penalty=-1, no_repeat_ngram_size=-1)
2026-05-14 12:15:19,001 - INFO - joeynmt.prediction - Evaluation result (greedy) loss:   1.80, ppl:   6.08, acc:   0.52, generation: 37.6343[sec], evaluation: 0.0000[sec]
2026-05-14 12:15:19,002 - INFO - joeynmt.training - Hooray! New best validation result [ppl]!
2026-05-14 12:15:19,068 - INFO - joeynmt.helpers - delete models/bpe_8k/9000.ckpt
2026-05-14 12:15:19,071 - INFO - joeynmt.training - Example #0
2026-05-14 12:15:19,071 - DEBUG - joeynmt.training - 	Tokenized source:     ['L@@', 'ast', 'year', 'I', 'showed', 'these', 'two', 'sli@@', 'des', 'so', 'that', 'demonstr@@', 'ate', 'that', 'the', 'ar@@', 'c@@', 'tic', 'ice', 'ca@@', 'p', ',', 'which', 'for', 'most', 'of', 'the', 'last', 'three', 'million', 'years', 'has', 'been', 'the', 'size', 'of', 'the', 'lower', '4@@', '8', 'states', ',', 'has', 'sh@@', 'run@@', 'k', 'by', '40', 'percent', '.']
2026-05-14 12:15:19,071 - DEBUG - joeynmt.training - 	Tokenized reference:  ['L&apos;', 'année', 'dernière', ',', 'je', 'vous', 'ai', 'présent@@', 'é', 'ces', 'deux', 'di@@', 'apos@@', 'iti@@', 'ves', 'qui', 'montr@@', 'aient', 'que', 'la', 'cal@@', 'ot@@', 'te', 'gl@@', 'ac@@', 'ière', 'ar@@', 'c@@', 'tique', ',', 'qui', 'pendant', 'ces', '3', 'derniers', 'millions', 'd&apos;', 'année', 'avait', 'la', 'taille', 'des', 'Etats-Unis', 'sans', 'l&apos;', 'Al@@', 'as@@', 'ka', ',', 'qui', 'pendant', 'ces', '3', 'derniers', 'millions', 'd&apos;', 'année', 'avait', 'la', 'taille', 'des', 'Etats-Unis', 'sans', 'l&apos;', 'Al@@', 'as@@', 'ka', ',', 'avait', 'di@@', 'minu@@', 'é', 'de', '40', '%', '.']
2026-05-14 12:15:19,071 - DEBUG - joeynmt.training - 	Tokenized hypothesis: ['L&apos;', 'année', 'dernière', ',', 'j&apos;', 'ai', 'montré', 'ces', 'deux', 'di@@', 'apos@@', 'iti@@', 'ves', 'qui', 'dé@@', 'montrer', 'que', 'la', 'glace', 'ar@@', 'c@@', 'tique', ',', 'qui', 'pour', 'la', 'plupart', 'des', 'derniers', '3', 'millions', 'd&apos;', 'années', 'a', 'été', 'la', 'taille', 'de', 'plus', 'bas', '4@@', '8', ',', 'a', 'dé@@', 'montré', 'par', '40', '%', '.', '</s>']
2026-05-14 12:15:19,071 - INFO - joeynmt.training - 	Source:     Last year I showed these two slides so that demonstrate that the arctic ice cap , which for most of the last three million years has been the size of the lower 48 states , has shrunk by 40 percent .
2026-05-14 12:15:19,071 - INFO - joeynmt.training - 	Reference:  L&apos; année dernière , je vous ai présenté ces deux diapositives qui montraient que la calotte glacière arctique , qui pendant ces 3 derniers millions d&apos; année avait la taille des Etats-Unis sans l&apos; Alaska , qui pendant ces 3 derniers millions d&apos; année avait la taille des Etats-Unis sans l&apos; Alaska , avait diminué de 40 % .
2026-05-14 12:15:19,071 - INFO - joeynmt.training - 	Hypothesis: L&apos; année dernière , j&apos; ai montré ces deux diapositives qui démontrer que la glace arctique , qui pour la plupart des derniers 3 millions d&apos; années a été la taille de plus bas 48 , a démontré par 40 % .
2026-05-14 12:15:19,071 - INFO - joeynmt.training - Example #1
2026-05-14 12:15:19,071 - DEBUG - joeynmt.training - 	Tokenized source:     ['But', 'this', 'underst@@', 'ates', 'the', 'seri@@', 'ousness', 'of', 'this', 'particular', 'problem', 'because', 'it', 'doesn', '&apos;t', 'show', 'the', 'th@@', 'ick@@', 'ness', 'of', 'the', 'ice', '.']
2026-05-14 12:15:19,071 - DEBUG - joeynmt.training - 	Tokenized reference:  ['Mais', 'ceci', 'tend', 'à', 'a@@', 'mo@@', 'ind@@', 'rir', 'le', 'problème', 'parce', 'qu&apos;', 'on', 'ne', 'voit', 'pas', 'l&apos;', 'ép@@', 'aiss@@', 'eur', 'de', 'la', 'glace', '.']
2026-05-14 12:15:19,071 - DEBUG - joeynmt.training - 	Tokenized hypothesis: ['Mais', 'cela', 'a', 'compris', 'le', 'sérieux', 'de', 'ce', 'problème', 'car', 'il', 'ne', 'montre', 'pas', 'le', 'pou@@', 'ce', 'de', 'la', 'glace', '.', '</s>']
2026-05-14 12:15:19,071 - INFO - joeynmt.training - 	Source:     But this understates the seriousness of this particular problem because it doesn &apos;t show the thickness of the ice .
2026-05-14 12:15:19,071 - INFO - joeynmt.training - 	Reference:  Mais ceci tend à amoindrir le problème parce qu&apos; on ne voit pas l&apos; épaisseur de la glace .
2026-05-14 12:15:19,071 - INFO - joeynmt.training - 	Hypothesis: Mais cela a compris le sérieux de ce problème car il ne montre pas le pouce de la glace .
2026-05-14 12:15:19,071 - INFO - joeynmt.training - Example #2
2026-05-14 12:15:19,071 - DEBUG - joeynmt.training - 	Tokenized source:     ['The', 'ar@@', 'c@@', 'tic', 'ice', 'ca@@', 'p', 'is', ',', 'in', 'a', 'sense', ',', 'the', 'be@@', 'ating', 'heart', 'of', 'the', 'global', 'climate', 'system', '.']
2026-05-14 12:15:19,071 - DEBUG - joeynmt.training - 	Tokenized reference:  ['On', 'peut', 'voir', 'la', 'cal@@', 'ot@@', 'te', 'gl@@', 'ac@@', 'ière', 'ar@@', 'c@@', 'tique', 'comme', 'le', 'coeur', 'du', 'système', 'climatique', 'global', '.', 'On', 'peut', 'voir', 'la', 'cal@@', 'ot@@', 'te', 'gl@@', 'ac@@', 'ière', 'ar@@', 'c@@', 'tique', 'comme', 'le', 'coeur', 'du', 'système', 'climatique', 'global', '.']
2026-05-14 12:15:19,071 - DEBUG - joeynmt.training - 	Tokenized hypothesis: ['La', 'glace', 'ar@@', 'c@@', 'tique', 'ar@@', 'c@@', 'tique', 'est', ',', 'dans', 'un', 'sens', ',', 'le', 'système', 'du', 'climat', '.', '</s>']
2026-05-14 12:15:19,071 - INFO - joeynmt.training - 	Source:     The arctic ice cap is , in a sense , the beating heart of the global climate system .
2026-05-14 12:15:19,071 - INFO - joeynmt.training - 	Reference:  On peut voir la calotte glacière arctique comme le coeur du système climatique global . On peut voir la calotte glacière arctique comme le coeur du système climatique global .
2026-05-14 12:15:19,071 - INFO - joeynmt.training - 	Hypothesis: La glace arctique arctique est , dans un sens , le système du climat .
2026-05-14 12:15:19,072 - INFO - joeynmt.training - Example #3
2026-05-14 12:15:19,072 - DEBUG - joeynmt.training - 	Tokenized source:     ['It', 'exp@@', 'ands', 'in', 'w@@', 'int@@', 'er', 'and', 'contr@@', 'acts', 'in', 'summer', '.']
2026-05-14 12:15:19,072 - DEBUG - joeynmt.training - 	Tokenized reference:  ['Elle', 's&apos;', 'ét@@', 'end', 'en', 'hi@@', 'ver', 'et', 'se', 'contr@@', 'acte', 'en', 'été', '.']
2026-05-14 12:15:19,072 - DEBUG - joeynmt.training - 	Tokenized hypothesis: ['Il', 's&apos;', 'agit', 'd&apos;', 'un', 'in@@', 'verse', 'et', 'contr@@', 'airement', 'en', 'été', '.', '</s>']
2026-05-14 12:15:19,072 - INFO - joeynmt.training - 	Source:     It expands in winter and contracts in summer .
2026-05-14 12:15:19,072 - INFO - joeynmt.training - 	Reference:  Elle s&apos; étend en hiver et se contracte en été .
2026-05-14 12:15:19,072 - INFO - joeynmt.training - 	Hypothesis: Il s&apos; agit d&apos; un inverse et contrairement en été .
2026-05-14 12:15:19,072 - INFO - joeynmt.training - Example #4
2026-05-14 12:15:19,072 - DEBUG - joeynmt.training - 	Tokenized source:     ['The', 'next', 'slide', 'I', 'show', 'you', 'will', 'be', 'a', 'rap@@', 'id', 'fas@@', 't-@@', 'forward', 'of', 'what', '&apos;s', 'happened', 'over', 'the', 'last', '25', 'years', '.']
2026-05-14 12:15:19,072 - DEBUG - joeynmt.training - 	Tokenized reference:  ['La', 'prochaine', 'di@@', 'apos@@', 'itive', 'que', 'je', 'vais', 'vous', 'montrer', 'est', 'une', 'vue', 'en', 'accél@@', 'éré', 'de', 'ce', 'qui', 's&apos;', 'est', 'passé', 'ces', '25', 'dernières', 'années', '.']
2026-05-14 12:15:19,072 - DEBUG - joeynmt.training - 	Tokenized hypothesis: ['La', 'di@@', 'apos@@', 'itive', 'que', 'je', 'vous', 'montre', 'une', 'rapide', 'rapide', 'rapide', 'de', 'ce', 'qui', 'est', 'arrivé', 'pendant', 'les', 'dernières', 'années', '.', '</s>']
2026-05-14 12:15:19,072 - INFO - joeynmt.training - 	Source:     The next slide I show you will be a rapid fast-forward of what &apos;s happened over the last 25 years .
2026-05-14 12:15:19,072 - INFO - joeynmt.training - 	Reference:  La prochaine diapositive que je vais vous montrer est une vue en accéléré de ce qui s&apos; est passé ces 25 dernières années .
2026-05-14 12:15:19,072 - INFO - joeynmt.training - 	Hypothesis: La diapositive que je vous montre une rapide rapide rapide de ce qui est arrivé pendant les dernières années .
2026-05-14 12:15:35,872 - INFO - joeynmt.training - Epoch   4, Step:    11600, Batch Loss:     1.375420, Batch Acc: 0.601469, Tokens per Sec:     4471, Lr: 0.000300
2026-05-14 12:15:52,406 - INFO - joeynmt.training - Epoch   4, Step:    11700, Batch Loss:     1.527349, Batch Acc: 0.598231, Tokens per Sec:     4410, Lr: 0.000300
2026-05-14 12:16:09,405 - INFO - joeynmt.training - Epoch   4, Step:    11800, Batch Loss:     1.527909, Batch Acc: 0.593400, Tokens per Sec:     4480, Lr: 0.000300
2026-05-14 12:16:26,293 - INFO - joeynmt.training - Epoch   4, Step:    11900, Batch Loss:     1.397081, Batch Acc: 0.595096, Tokens per Sec:     4552, Lr: 0.000300
2026-05-14 12:16:43,803 - INFO - joeynmt.training - Epoch   4, Step:    12000, Batch Loss:     1.449602, Batch Acc: 0.591386, Tokens per Sec:     4362, Lr: 0.000300
2026-05-14 12:16:43,804 - WARNING - joeynmt.helpers - `alpha` option is obsolete. Please use `beam_alpha`, instead.
2026-05-14 12:16:43,804 - INFO - joeynmt.prediction - Predicting 890 example(s)... (Greedy decoding with min_output_length=1, max_output_length=-1, return_prob='none', generate_unk=True, repetition_penalty=-1, no_repeat_ngram_size=-1)
2026-05-14 12:17:23,940 - INFO - joeynmt.prediction - Evaluation result (greedy) loss:   1.80, ppl:   6.06, acc:   0.52, generation: 40.1316[sec], evaluation: 0.0000[sec]
2026-05-14 12:17:23,941 - INFO - joeynmt.training - Hooray! New best validation result [ppl]!
2026-05-14 12:17:24,005 - INFO - joeynmt.helpers - delete models/bpe_8k/9500.ckpt
2026-05-14 12:17:24,008 - INFO - joeynmt.training - Example #0
2026-05-14 12:17:24,008 - DEBUG - joeynmt.training - 	Tokenized source:     ['L@@', 'ast', 'year', 'I', 'showed', 'these', 'two', 'sli@@', 'des', 'so', 'that', 'demonstr@@', 'ate', 'that', 'the', 'ar@@', 'c@@', 'tic', 'ice', 'ca@@', 'p', ',', 'which', 'for', 'most', 'of', 'the', 'last', 'three', 'million', 'years', 'has', 'been', 'the', 'size', 'of', 'the', 'lower', '4@@', '8', 'states', ',', 'has', 'sh@@', 'run@@', 'k', 'by', '40', 'percent', '.']
2026-05-14 12:17:24,008 - DEBUG - joeynmt.training - 	Tokenized reference:  ['L&apos;', 'année', 'dernière', ',', 'je', 'vous', 'ai', 'présent@@', 'é', 'ces', 'deux', 'di@@', 'apos@@', 'iti@@', 'ves', 'qui', 'montr@@', 'aient', 'que', 'la', 'cal@@', 'ot@@', 'te', 'gl@@', 'ac@@', 'ière', 'ar@@', 'c@@', 'tique', ',', 'qui', 'pendant', 'ces', '3', 'derniers', 'millions', 'd&apos;', 'année', 'avait', 'la', 'taille', 'des', 'Etats-Unis', 'sans', 'l&apos;', 'Al@@', 'as@@', 'ka', ',', 'qui', 'pendant', 'ces', '3', 'derniers', 'millions', 'd&apos;', 'année', 'avait', 'la', 'taille', 'des', 'Etats-Unis', 'sans', 'l&apos;', 'Al@@', 'as@@', 'ka', ',', 'avait', 'di@@', 'minu@@', 'é', 'de', '40', '%', '.']
2026-05-14 12:17:24,008 - DEBUG - joeynmt.training - 	Tokenized hypothesis: ['L&apos;', 'année', 'dernière', ',', 'j&apos;', 'ai', 'montré', 'ces', 'deux', 'di@@', 'a@@', 'pos', 'pour', 'cette', 'dé@@', 'mon@@', 'str@@', 'ation', 'de', 'l&apos;', 'ar@@', 'c@@', 'tique', ',', 'qui', 'depuis', 'la', 'plupart', 'des', 'trois', 'millions', 'd&apos;', 'années', 'a', 'été', 'la', 'taille', 'de', '4@@', '8', 'ét@@', 'ats', ',', 'a', 'dé@@', 'p@@', 'iste', 'par', '40', '%', '.', '</s>']
2026-05-14 12:17:24,008 - INFO - joeynmt.training - 	Source:     Last year I showed these two slides so that demonstrate that the arctic ice cap , which for most of the last three million years has been the size of the lower 48 states , has shrunk by 40 percent .
2026-05-14 12:17:24,008 - INFO - joeynmt.training - 	Reference:  L&apos; année dernière , je vous ai présenté ces deux diapositives qui montraient que la calotte glacière arctique , qui pendant ces 3 derniers millions d&apos; année avait la taille des Etats-Unis sans l&apos; Alaska , qui pendant ces 3 derniers millions d&apos; année avait la taille des Etats-Unis sans l&apos; Alaska , avait diminué de 40 % .
2026-05-14 12:17:24,008 - INFO - joeynmt.training - 	Hypothesis: L&apos; année dernière , j&apos; ai montré ces deux diapos pour cette démonstration de l&apos; arctique , qui depuis la plupart des trois millions d&apos; années a été la taille de 48 états , a dépiste par 40 % .
2026-05-14 12:17:24,008 - INFO - joeynmt.training - Example #1
2026-05-14 12:17:24,008 - DEBUG - joeynmt.training - 	Tokenized source:     ['But', 'this', 'underst@@', 'ates', 'the', 'seri@@', 'ousness', 'of', 'this', 'particular', 'problem', 'because', 'it', 'doesn', '&apos;t', 'show', 'the', 'th@@', 'ick@@', 'ness', 'of', 'the', 'ice', '.']
2026-05-14 12:17:24,008 - DEBUG - joeynmt.training - 	Tokenized reference:  ['Mais', 'ceci', 'tend', 'à', 'a@@', 'mo@@', 'ind@@', 'rir', 'le', 'problème', 'parce', 'qu&apos;', 'on', 'ne', 'voit', 'pas', 'l&apos;', 'ép@@', 'aiss@@', 'eur', 'de', 'la', 'glace', '.']
2026-05-14 12:17:24,008 - DEBUG - joeynmt.training - 	Tokenized hypothesis: ['Mais', 'ce', 'qui', 'comprend', 'le', 'sérieux', 'de', 'ce', 'problème', ',', 'car', 'elle', 'ne', 'montre', 'pas', 'le', 'dé@@', 'pou@@', 'dre', 'de', 'la', 'glace', '.', '</s>']
2026-05-14 12:17:24,008 - INFO - joeynmt.training - 	Source:     But this understates the seriousness of this particular problem because it doesn &apos;t show the thickness of the ice .
2026-05-14 12:17:24,008 - INFO - joeynmt.training - 	Reference:  Mais ceci tend à amoindrir le problème parce qu&apos; on ne voit pas l&apos; épaisseur de la glace .
2026-05-14 12:17:24,008 - INFO - joeynmt.training - 	Hypothesis: Mais ce qui comprend le sérieux de ce problème , car elle ne montre pas le dépoudre de la glace .
2026-05-14 12:17:24,008 - INFO - joeynmt.training - Example #2
2026-05-14 12:17:24,008 - DEBUG - joeynmt.training - 	Tokenized source:     ['The', 'ar@@', 'c@@', 'tic', 'ice', 'ca@@', 'p', 'is', ',', 'in', 'a', 'sense', ',', 'the', 'be@@', 'ating', 'heart', 'of', 'the', 'global', 'climate', 'system', '.']
2026-05-14 12:17:24,008 - DEBUG - joeynmt.training - 	Tokenized reference:  ['On', 'peut', 'voir', 'la', 'cal@@', 'ot@@', 'te', 'gl@@', 'ac@@', 'ière', 'ar@@', 'c@@', 'tique', 'comme', 'le', 'coeur', 'du', 'système', 'climatique', 'global', '.', 'On', 'peut', 'voir', 'la', 'cal@@', 'ot@@', 'te', 'gl@@', 'ac@@', 'ière', 'ar@@', 'c@@', 'tique', 'comme', 'le', 'coeur', 'du', 'système', 'climatique', 'global', '.']
2026-05-14 12:17:24,008 - DEBUG - joeynmt.training - 	Tokenized hypothesis: ['La', 'glace', 'ar@@', 'c@@', 'tique', 'est', ',', 'dans', 'un', 'sens', ',', 'le', 'coeur', 'du', 'climat', 'mondial', '.', '</s>']
2026-05-14 12:17:24,009 - INFO - joeynmt.training - 	Source:     The arctic ice cap is , in a sense , the beating heart of the global climate system .
2026-05-14 12:17:24,009 - INFO - joeynmt.training - 	Reference:  On peut voir la calotte glacière arctique comme le coeur du système climatique global . On peut voir la calotte glacière arctique comme le coeur du système climatique global .
2026-05-14 12:17:24,009 - INFO - joeynmt.training - 	Hypothesis: La glace arctique est , dans un sens , le coeur du climat mondial .
2026-05-14 12:17:24,009 - INFO - joeynmt.training - Example #3
2026-05-14 12:17:24,009 - DEBUG - joeynmt.training - 	Tokenized source:     ['It', 'exp@@', 'ands', 'in', 'w@@', 'int@@', 'er', 'and', 'contr@@', 'acts', 'in', 'summer', '.']
2026-05-14 12:17:24,009 - DEBUG - joeynmt.training - 	Tokenized reference:  ['Elle', 's&apos;', 'ét@@', 'end', 'en', 'hi@@', 'ver', 'et', 'se', 'contr@@', 'acte', 'en', 'été', '.']
2026-05-14 12:17:24,009 - DEBUG - joeynmt.training - 	Tokenized hypothesis: ['Il', 's&apos;', 'est', 'exp@@', 'é@@', 'c@@', 'end@@', 'er', 'en', 'été', ',', 'et', 'contr@@', 'acter', 'en', 'été', 'en', 'été', '.', '</s>']
2026-05-14 12:17:24,009 - INFO - joeynmt.training - 	Source:     It expands in winter and contracts in summer .
2026-05-14 12:17:24,009 - INFO - joeynmt.training - 	Reference:  Elle s&apos; étend en hiver et se contracte en été .
2026-05-14 12:17:24,009 - INFO - joeynmt.training - 	Hypothesis: Il s&apos; est expécender en été , et contracter en été en été .
2026-05-14 12:17:24,009 - INFO - joeynmt.training - Example #4
2026-05-14 12:17:24,009 - DEBUG - joeynmt.training - 	Tokenized source:     ['The', 'next', 'slide', 'I', 'show', 'you', 'will', 'be', 'a', 'rap@@', 'id', 'fas@@', 't-@@', 'forward', 'of', 'what', '&apos;s', 'happened', 'over', 'the', 'last', '25', 'years', '.']
2026-05-14 12:17:24,009 - DEBUG - joeynmt.training - 	Tokenized reference:  ['La', 'prochaine', 'di@@', 'apos@@', 'itive', 'que', 'je', 'vais', 'vous', 'montrer', 'est', 'une', 'vue', 'en', 'accél@@', 'éré', 'de', 'ce', 'qui', 's&apos;', 'est', 'passé', 'ces', '25', 'dernières', 'années', '.']
2026-05-14 12:17:24,009 - DEBUG - joeynmt.training - 	Tokenized hypothesis: ['La', 'prochaine', 'di@@', 'apos@@', 'itive', 'que', 'je', 'vais', 'vous', 'être', 'un', 'rapide', 'rapide', 'de', 'ce', 'qui', 'est', 'passé', 'depuis', 'les', '25', 'dernières', 'années', '.', '</s>']
2026-05-14 12:17:24,009 - INFO - joeynmt.training - 	Source:     The next slide I show you will be a rapid fast-forward of what &apos;s happened over the last 25 years .
2026-05-14 12:17:24,009 - INFO - joeynmt.training - 	Reference:  La prochaine diapositive que je vais vous montrer est une vue en accéléré de ce qui s&apos; est passé ces 25 dernières années .
2026-05-14 12:17:24,009 - INFO - joeynmt.training - 	Hypothesis: La prochaine diapositive que je vais vous être un rapide rapide de ce qui est passé depuis les 25 dernières années .
2026-05-14 12:17:40,865 - INFO - joeynmt.training - Epoch   4, Step:    12100, Batch Loss:     1.439399, Batch Acc: 0.597196, Tokens per Sec:     4400, Lr: 0.000300
2026-05-14 12:17:57,665 - INFO - joeynmt.training - Epoch   4, Step:    12200, Batch Loss:     1.561933, Batch Acc: 0.593687, Tokens per Sec:     4503, Lr: 0.000300
2026-05-14 12:18:14,572 - INFO - joeynmt.training - Epoch   4, Step:    12300, Batch Loss:     1.431884, Batch Acc: 0.599306, Tokens per Sec:     4448, Lr: 0.000300
2026-05-14 12:18:31,880 - INFO - joeynmt.training - Epoch   4, Step:    12400, Batch Loss:     1.244140, Batch Acc: 0.595499, Tokens per Sec:     4378, Lr: 0.000300
2026-05-14 12:18:48,967 - INFO - joeynmt.training - Epoch   4, Step:    12500, Batch Loss:     1.517733, Batch Acc: 0.591710, Tokens per Sec:     4457, Lr: 0.000300
2026-05-14 12:18:48,967 - WARNING - joeynmt.helpers - `alpha` option is obsolete. Please use `beam_alpha`, instead.
2026-05-14 12:18:48,967 - INFO - joeynmt.prediction - Predicting 890 example(s)... (Greedy decoding with min_output_length=1, max_output_length=-1, return_prob='none', generate_unk=True, repetition_penalty=-1, no_repeat_ngram_size=-1)
2026-05-14 12:19:28,878 - INFO - joeynmt.prediction - Evaluation result (greedy) loss:   1.79, ppl:   5.97, acc:   0.53, generation: 39.9062[sec], evaluation: 0.0000[sec]
2026-05-14 12:19:28,879 - INFO - joeynmt.training - Hooray! New best validation result [ppl]!
2026-05-14 12:19:28,943 - INFO - joeynmt.helpers - delete models/bpe_8k/10000.ckpt
2026-05-14 12:19:28,944 - INFO - joeynmt.training - Example #0
2026-05-14 12:19:28,944 - DEBUG - joeynmt.training - 	Tokenized source:     ['L@@', 'ast', 'year', 'I', 'showed', 'these', 'two', 'sli@@', 'des', 'so', 'that', 'demonstr@@', 'ate', 'that', 'the', 'ar@@', 'c@@', 'tic', 'ice', 'ca@@', 'p', ',', 'which', 'for', 'most', 'of', 'the', 'last', 'three', 'million', 'years', 'has', 'been', 'the', 'size', 'of', 'the', 'lower', '4@@', '8', 'states', ',', 'has', 'sh@@', 'run@@', 'k', 'by', '40', 'percent', '.']
2026-05-14 12:19:28,944 - DEBUG - joeynmt.training - 	Tokenized reference:  ['L&apos;', 'année', 'dernière', ',', 'je', 'vous', 'ai', 'présent@@', 'é', 'ces', 'deux', 'di@@', 'apos@@', 'iti@@', 'ves', 'qui', 'montr@@', 'aient', 'que', 'la', 'cal@@', 'ot@@', 'te', 'gl@@', 'ac@@', 'ière', 'ar@@', 'c@@', 'tique', ',', 'qui', 'pendant', 'ces', '3', 'derniers', 'millions', 'd&apos;', 'année', 'avait', 'la', 'taille', 'des', 'Etats-Unis', 'sans', 'l&apos;', 'Al@@', 'as@@', 'ka', ',', 'qui', 'pendant', 'ces', '3', 'derniers', 'millions', 'd&apos;', 'année', 'avait', 'la', 'taille', 'des', 'Etats-Unis', 'sans', 'l&apos;', 'Al@@', 'as@@', 'ka', ',', 'avait', 'di@@', 'minu@@', 'é', 'de', '40', '%', '.']
2026-05-14 12:19:28,944 - DEBUG - joeynmt.training - 	Tokenized hypothesis: ['L&apos;', 'année', 'dernière', ',', 'j&apos;', 'ai', 'montré', 'ces', 'deux', 'di@@', 'apos@@', 'iti@@', 'ves', 'pour', 'que', 'la', 'glace', 'ar@@', 'c@@', 'tique', 'ar@@', 'c@@', 'tique', ',', 'qui', 'pour', 'la', 'plupart', 'des', 'trois', 'millions', 'd&apos;', 'années', 'a', 'été', 'la', 'taille', 'de', '4@@', '8', 'ét@@', 'ats', ',', 'a', 'un', 't@@', 't@@', 't@@', 't@@', 't@@', 'exte', 'par', '40', 'pour', 'cent', '.', '</s>']
2026-05-14 12:19:28,945 - INFO - joeynmt.training - 	Source:     Last year I showed these two slides so that demonstrate that the arctic ice cap , which for most of the last three million years has been the size of the lower 48 states , has shrunk by 40 percent .
2026-05-14 12:19:28,945 - INFO - joeynmt.training - 	Reference:  L&apos; année dernière , je vous ai présenté ces deux diapositives qui montraient que la calotte glacière arctique , qui pendant ces 3 derniers millions d&apos; année avait la taille des Etats-Unis sans l&apos; Alaska , qui pendant ces 3 derniers millions d&apos; année avait la taille des Etats-Unis sans l&apos; Alaska , avait diminué de 40 % .
2026-05-14 12:19:28,945 - INFO - joeynmt.training - 	Hypothesis: L&apos; année dernière , j&apos; ai montré ces deux diapositives pour que la glace arctique arctique , qui pour la plupart des trois millions d&apos; années a été la taille de 48 états , a un tttttexte par 40 pour cent .
2026-05-14 12:19:28,945 - INFO - joeynmt.training - Example #1
2026-05-14 12:19:28,945 - DEBUG - joeynmt.training - 	Tokenized source:     ['But', 'this', 'underst@@', 'ates', 'the', 'seri@@', 'ousness', 'of', 'this', 'particular', 'problem', 'because', 'it', 'doesn', '&apos;t', 'show', 'the', 'th@@', 'ick@@', 'ness', 'of', 'the', 'ice', '.']
2026-05-14 12:19:28,945 - DEBUG - joeynmt.training - 	Tokenized reference:  ['Mais', 'ceci', 'tend', 'à', 'a@@', 'mo@@', 'ind@@', 'rir', 'le', 'problème', 'parce', 'qu&apos;', 'on', 'ne', 'voit', 'pas', 'l&apos;', 'ép@@', 'aiss@@', 'eur', 'de', 'la', 'glace', '.']
2026-05-14 12:19:28,945 - DEBUG - joeynmt.training - 	Tokenized hypothesis: ['Mais', 'cela', 'a', 'compris', 'le', 'sérieux', 'sérieux', 'de', 'ce', 'problème', ',', 'parce', 'qu&apos;', 'elle', 'ne', 'montre', 'pas', 'la', 'dé@@', 'pou@@', 'sse', 'de', 'la', 'glace', '.', '</s>']
2026-05-14 12:19:28,945 - INFO - joeynmt.training - 	Source:     But this understates the seriousness of this particular problem because it doesn &apos;t show the thickness of the ice .
2026-05-14 12:19:28,945 - INFO - joeynmt.training - 	Reference:  Mais ceci tend à amoindrir le problème parce qu&apos; on ne voit pas l&apos; épaisseur de la glace .
2026-05-14 12:19:28,945 - INFO - joeynmt.training - 	Hypothesis: Mais cela a compris le sérieux sérieux de ce problème , parce qu&apos; elle ne montre pas la dépousse de la glace .
2026-05-14 12:19:28,945 - INFO - joeynmt.training - Example #2
2026-05-14 12:19:28,945 - DEBUG - joeynmt.training - 	Tokenized source:     ['The', 'ar@@', 'c@@', 'tic', 'ice', 'ca@@', 'p', 'is', ',', 'in', 'a', 'sense', ',', 'the', 'be@@', 'ating', 'heart', 'of', 'the', 'global', 'climate', 'system', '.']
2026-05-14 12:19:28,945 - DEBUG - joeynmt.training - 	Tokenized reference:  ['On', 'peut', 'voir', 'la', 'cal@@', 'ot@@', 'te', 'gl@@', 'ac@@', 'ière', 'ar@@', 'c@@', 'tique', 'comme', 'le', 'coeur', 'du', 'système', 'climatique', 'global', '.', 'On', 'peut', 'voir', 'la', 'cal@@', 'ot@@', 'te', 'gl@@', 'ac@@', 'ière', 'ar@@', 'c@@', 'tique', 'comme', 'le', 'coeur', 'du', 'système', 'climatique', 'global', '.']
2026-05-14 12:19:28,945 - DEBUG - joeynmt.training - 	Tokenized hypothesis: ['La', 'glace', 'ar@@', 'c@@', 'tique', 'ar@@', 'c@@', 'tique', 'est', ',', 'dans', 'un', 'sens', ',', 'le', 'cœur', 'du', 'système', 'climatique', '.', '</s>']
2026-05-14 12:19:28,945 - INFO - joeynmt.training - 	Source:     The arctic ice cap is , in a sense , the beating heart of the global climate system .
2026-05-14 12:19:28,945 - INFO - joeynmt.training - 	Reference:  On peut voir la calotte glacière arctique comme le coeur du système climatique global . On peut voir la calotte glacière arctique comme le coeur du système climatique global .
2026-05-14 12:19:28,945 - INFO - joeynmt.training - 	Hypothesis: La glace arctique arctique est , dans un sens , le cœur du système climatique .
2026-05-14 12:19:28,945 - INFO - joeynmt.training - Example #3
2026-05-14 12:19:28,945 - DEBUG - joeynmt.training - 	Tokenized source:     ['It', 'exp@@', 'ands', 'in', 'w@@', 'int@@', 'er', 'and', 'contr@@', 'acts', 'in', 'summer', '.']
2026-05-14 12:19:28,945 - DEBUG - joeynmt.training - 	Tokenized reference:  ['Elle', 's&apos;', 'ét@@', 'end', 'en', 'hi@@', 'ver', 'et', 'se', 'contr@@', 'acte', 'en', 'été', '.']
2026-05-14 12:19:28,945 - DEBUG - joeynmt.training - 	Tokenized hypothesis: ['Elle', 's&apos;', 'est', 'exp@@', 'é@@', 'puis@@', 'ée', 'et', 'contr@@', 'ats', 'en', 'été', '.', '</s>']
2026-05-14 12:19:28,945 - INFO - joeynmt.training - 	Source:     It expands in winter and contracts in summer .
2026-05-14 12:19:28,945 - INFO - joeynmt.training - 	Reference:  Elle s&apos; étend en hiver et se contracte en été .
2026-05-14 12:19:28,945 - INFO - joeynmt.training - 	Hypothesis: Elle s&apos; est expépuisée et contrats en été .
2026-05-14 12:19:28,945 - INFO - joeynmt.training - Example #4
2026-05-14 12:19:28,945 - DEBUG - joeynmt.training - 	Tokenized source:     ['The', 'next', 'slide', 'I', 'show', 'you', 'will', 'be', 'a', 'rap@@', 'id', 'fas@@', 't-@@', 'forward', 'of', 'what', '&apos;s', 'happened', 'over', 'the', 'last', '25', 'years', '.']
2026-05-14 12:19:28,945 - DEBUG - joeynmt.training - 	Tokenized reference:  ['La', 'prochaine', 'di@@', 'apos@@', 'itive', 'que', 'je', 'vais', 'vous', 'montrer', 'est', 'une', 'vue', 'en', 'accél@@', 'éré', 'de', 'ce', 'qui', 's&apos;', 'est', 'passé', 'ces', '25', 'dernières', 'années', '.']
2026-05-14 12:19:28,945 - DEBUG - joeynmt.training - 	Tokenized hypothesis: ['La', 'prochaine', 'di@@', 'apos@@', 'itive', 'que', 'je', 'vous', 'ser@@', 'ez', 'un', 'rapide', 'rapide', 'de', 'ce', 'qui', 'est', 'passé', 'depuis', 'les', '25', 'dernières', 'années', '.', '</s>']
2026-05-14 12:19:28,945 - INFO - joeynmt.training - 	Source:     The next slide I show you will be a rapid fast-forward of what &apos;s happened over the last 25 years .
2026-05-14 12:19:28,945 - INFO - joeynmt.training - 	Reference:  La prochaine diapositive que je vais vous montrer est une vue en accéléré de ce qui s&apos; est passé ces 25 dernières années .
2026-05-14 12:19:28,945 - INFO - joeynmt.training - 	Hypothesis: La prochaine diapositive que je vous serez un rapide rapide de ce qui est passé depuis les 25 dernières années .
2026-05-14 12:19:45,985 - INFO - joeynmt.training - Epoch   4, Step:    12600, Batch Loss:     1.440359, Batch Acc: 0.589819, Tokens per Sec:     4250, Lr: 0.000300
2026-05-14 12:20:02,898 - INFO - joeynmt.training - Epoch   4, Step:    12700, Batch Loss:     1.438166, Batch Acc: 0.592932, Tokens per Sec:     4380, Lr: 0.000300
2026-05-14 12:20:19,803 - INFO - joeynmt.training - Epoch   4, Step:    12800, Batch Loss:     1.417040, Batch Acc: 0.593437, Tokens per Sec:     4460, Lr: 0.000300
2026-05-14 12:20:36,846 - INFO - joeynmt.training - Epoch   4, Step:    12900, Batch Loss:     1.347741, Batch Acc: 0.596124, Tokens per Sec:     4369, Lr: 0.000300
2026-05-14 12:20:54,552 - INFO - joeynmt.training - Epoch   4, Step:    13000, Batch Loss:     1.492288, Batch Acc: 0.594303, Tokens per Sec:     4331, Lr: 0.000300
2026-05-14 12:20:54,552 - WARNING - joeynmt.helpers - `alpha` option is obsolete. Please use `beam_alpha`, instead.
2026-05-14 12:20:54,552 - INFO - joeynmt.prediction - Predicting 890 example(s)... (Greedy decoding with min_output_length=1, max_output_length=-1, return_prob='none', generate_unk=True, repetition_penalty=-1, no_repeat_ngram_size=-1)
2026-05-14 12:21:38,984 - INFO - joeynmt.prediction - Evaluation result (greedy) loss:   1.78, ppl:   5.96, acc:   0.53, generation: 44.4273[sec], evaluation: 0.0000[sec]
2026-05-14 12:21:38,985 - INFO - joeynmt.training - Hooray! New best validation result [ppl]!
2026-05-14 12:21:39,049 - INFO - joeynmt.helpers - delete models/bpe_8k/10500.ckpt
2026-05-14 12:21:39,051 - INFO - joeynmt.training - Example #0
2026-05-14 12:21:39,051 - DEBUG - joeynmt.training - 	Tokenized source:     ['L@@', 'ast', 'year', 'I', 'showed', 'these', 'two', 'sli@@', 'des', 'so', 'that', 'demonstr@@', 'ate', 'that', 'the', 'ar@@', 'c@@', 'tic', 'ice', 'ca@@', 'p', ',', 'which', 'for', 'most', 'of', 'the', 'last', 'three', 'million', 'years', 'has', 'been', 'the', 'size', 'of', 'the', 'lower', '4@@', '8', 'states', ',', 'has', 'sh@@', 'run@@', 'k', 'by', '40', 'percent', '.']
2026-05-14 12:21:39,051 - DEBUG - joeynmt.training - 	Tokenized reference:  ['L&apos;', 'année', 'dernière', ',', 'je', 'vous', 'ai', 'présent@@', 'é', 'ces', 'deux', 'di@@', 'apos@@', 'iti@@', 'ves', 'qui', 'montr@@', 'aient', 'que', 'la', 'cal@@', 'ot@@', 'te', 'gl@@', 'ac@@', 'ière', 'ar@@', 'c@@', 'tique', ',', 'qui', 'pendant', 'ces', '3', 'derniers', 'millions', 'd&apos;', 'année', 'avait', 'la', 'taille', 'des', 'Etats-Unis', 'sans', 'l&apos;', 'Al@@', 'as@@', 'ka', ',', 'qui', 'pendant', 'ces', '3', 'derniers', 'millions', 'd&apos;', 'année', 'avait', 'la', 'taille', 'des', 'Etats-Unis', 'sans', 'l&apos;', 'Al@@', 'as@@', 'ka', ',', 'avait', 'di@@', 'minu@@', 'é', 'de', '40', '%', '.']
2026-05-14 12:21:39,051 - DEBUG - joeynmt.training - 	Tokenized hypothesis: ['L&apos;', 'année', 'dernière', ',', 'j&apos;', 'ai', 'montré', 'ces', 'deux', 'di@@', 'a@@', 'des', ',', 'pour', 'que', 'la', 'plupart', 'des', 'trois', 'millions', 'd&apos;', 'années', ',', 'qui', 'pour', 'la', 'plupart', 'des', 'trois', 'millions', 'd&apos;', 'années', ',', 'a', 'été', 'la', 'taille', 'des', '4@@', '8', 'ét@@', 'ats', 'plus', 'faible', ',', 'a', 'une', 'p@@', 'iste', 'de', '40', '%', '.', '</s>']
2026-05-14 12:21:39,051 - INFO - joeynmt.training - 	Source:     Last year I showed these two slides so that demonstrate that the arctic ice cap , which for most of the last three million years has been the size of the lower 48 states , has shrunk by 40 percent .
2026-05-14 12:21:39,051 - INFO - joeynmt.training - 	Reference:  L&apos; année dernière , je vous ai présenté ces deux diapositives qui montraient que la calotte glacière arctique , qui pendant ces 3 derniers millions d&apos; année avait la taille des Etats-Unis sans l&apos; Alaska , qui pendant ces 3 derniers millions d&apos; année avait la taille des Etats-Unis sans l&apos; Alaska , avait diminué de 40 % .
2026-05-14 12:21:39,051 - INFO - joeynmt.training - 	Hypothesis: L&apos; année dernière , j&apos; ai montré ces deux diades , pour que la plupart des trois millions d&apos; années , qui pour la plupart des trois millions d&apos; années , a été la taille des 48 états plus faible , a une piste de 40 % .
2026-05-14 12:21:39,051 - INFO - joeynmt.training - Example #1
2026-05-14 12:21:39,051 - DEBUG - joeynmt.training - 	Tokenized source:     ['But', 'this', 'underst@@', 'ates', 'the', 'seri@@', 'ousness', 'of', 'this', 'particular', 'problem', 'because', 'it', 'doesn', '&apos;t', 'show', 'the', 'th@@', 'ick@@', 'ness', 'of', 'the', 'ice', '.']
2026-05-14 12:21:39,051 - DEBUG - joeynmt.training - 	Tokenized reference:  ['Mais', 'ceci', 'tend', 'à', 'a@@', 'mo@@', 'ind@@', 'rir', 'le', 'problème', 'parce', 'qu&apos;', 'on', 'ne', 'voit', 'pas', 'l&apos;', 'ép@@', 'aiss@@', 'eur', 'de', 'la', 'glace', '.']
2026-05-14 12:21:39,051 - DEBUG - joeynmt.training - 	Tokenized hypothesis: ['Mais', 'cette', 'compréhension', 'du', 'problème', 'particulier', ',', 'parce', 'que', 'ça', 'ne', 'montre', 'pas', 'la', 'pou@@', 'dre', 'de', 'la', 'pou@@', 'dre', 'de', 'la', 'glace', '.', '</s>']
2026-05-14 12:21:39,051 - INFO - joeynmt.training - 	Source:     But this understates the seriousness of this particular problem because it doesn &apos;t show the thickness of the ice .
2026-05-14 12:21:39,051 - INFO - joeynmt.training - 	Reference:  Mais ceci tend à amoindrir le problème parce qu&apos; on ne voit pas l&apos; épaisseur de la glace .
2026-05-14 12:21:39,051 - INFO - joeynmt.training - 	Hypothesis: Mais cette compréhension du problème particulier , parce que ça ne montre pas la poudre de la poudre de la glace .
2026-05-14 12:21:39,051 - INFO - joeynmt.training - Example #2
2026-05-14 12:21:39,052 - DEBUG - joeynmt.training - 	Tokenized source:     ['The', 'ar@@', 'c@@', 'tic', 'ice', 'ca@@', 'p', 'is', ',', 'in', 'a', 'sense', ',', 'the', 'be@@', 'ating', 'heart', 'of', 'the', 'global', 'climate', 'system', '.']
2026-05-14 12:21:39,052 - DEBUG - joeynmt.training - 	Tokenized reference:  ['On', 'peut', 'voir', 'la', 'cal@@', 'ot@@', 'te', 'gl@@', 'ac@@', 'ière', 'ar@@', 'c@@', 'tique', 'comme', 'le', 'coeur', 'du', 'système', 'climatique', 'global', '.', 'On', 'peut', 'voir', 'la', 'cal@@', 'ot@@', 'te', 'gl@@', 'ac@@', 'ière', 'ar@@', 'c@@', 'tique', 'comme', 'le', 'coeur', 'du', 'système', 'climatique', 'global', '.']
2026-05-14 12:21:39,052 - DEBUG - joeynmt.training - 	Tokenized hypothesis: ['La', 'glace', 'ar@@', 'c@@', 'tique', 'est', ',', 'dans', 'un', 'sens', ',', 'le', 'coeur', 'ar@@', 'c@@', 'tique', 'du', 'système', 'mondial', '.', '</s>']
2026-05-14 12:21:39,052 - INFO - joeynmt.training - 	Source:     The arctic ice cap is , in a sense , the beating heart of the global climate system .
2026-05-14 12:21:39,052 - INFO - joeynmt.training - 	Reference:  On peut voir la calotte glacière arctique comme le coeur du système climatique global . On peut voir la calotte glacière arctique comme le coeur du système climatique global .
2026-05-14 12:21:39,052 - INFO - joeynmt.training - 	Hypothesis: La glace arctique est , dans un sens , le coeur arctique du système mondial .
2026-05-14 12:21:39,052 - INFO - joeynmt.training - Example #3
2026-05-14 12:21:39,052 - DEBUG - joeynmt.training - 	Tokenized source:     ['It', 'exp@@', 'ands', 'in', 'w@@', 'int@@', 'er', 'and', 'contr@@', 'acts', 'in', 'summer', '.']
2026-05-14 12:21:39,052 - DEBUG - joeynmt.training - 	Tokenized reference:  ['Elle', 's&apos;', 'ét@@', 'end', 'en', 'hi@@', 'ver', 'et', 'se', 'contr@@', 'acte', 'en', 'été', '.']
2026-05-14 12:21:39,052 - DEBUG - joeynmt.training - 	Tokenized hypothesis: ['Il', 's&apos;', 'ét@@', 'end', 'dans', 'le', 'hi@@', 'ver', 'et', 'contr@@', 'airement', 'en', 'été', '.', '</s>']
2026-05-14 12:21:39,052 - INFO - joeynmt.training - 	Source:     It expands in winter and contracts in summer .
2026-05-14 12:21:39,052 - INFO - joeynmt.training - 	Reference:  Elle s&apos; étend en hiver et se contracte en été .
2026-05-14 12:21:39,052 - INFO - joeynmt.training - 	Hypothesis: Il s&apos; étend dans le hiver et contrairement en été .
2026-05-14 12:21:39,052 - INFO - joeynmt.training - Example #4
2026-05-14 12:21:39,052 - DEBUG - joeynmt.training - 	Tokenized source:     ['The', 'next', 'slide', 'I', 'show', 'you', 'will', 'be', 'a', 'rap@@', 'id', 'fas@@', 't-@@', 'forward', 'of', 'what', '&apos;s', 'happened', 'over', 'the', 'last', '25', 'years', '.']
2026-05-14 12:21:39,052 - DEBUG - joeynmt.training - 	Tokenized reference:  ['La', 'prochaine', 'di@@', 'apos@@', 'itive', 'que', 'je', 'vais', 'vous', 'montrer', 'est', 'une', 'vue', 'en', 'accél@@', 'éré', 'de', 'ce', 'qui', 's&apos;', 'est', 'passé', 'ces', '25', 'dernières', 'années', '.']
2026-05-14 12:21:39,052 - DEBUG - joeynmt.training - 	Tokenized hypothesis: ['La', 'di@@', 'ap@@', 'o', 'que', 'vous', 'ser@@', 'ez', 'un', 'rapide', 'rapide', 'de', 'ce', 'qui', 'est', 'arrivé', 'au', 'cours', 'des', '25', 'dernières', 'années', '.', '</s>']
2026-05-14 12:21:39,052 - INFO - joeynmt.training - 	Source:     The next slide I show you will be a rapid fast-forward of what &apos;s happened over the last 25 years .
2026-05-14 12:21:39,052 - INFO - joeynmt.training - 	Reference:  La prochaine diapositive que je vais vous montrer est une vue en accéléré de ce qui s&apos; est passé ces 25 dernières années .
2026-05-14 12:21:39,052 - INFO - joeynmt.training - 	Hypothesis: La diapo que vous serez un rapide rapide de ce qui est arrivé au cours des 25 dernières années .
2026-05-14 12:21:55,917 - INFO - joeynmt.training - Epoch   4, Step:    13100, Batch Loss:     1.200599, Batch Acc: 0.596419, Tokens per Sec:     4512, Lr: 0.000300
2026-05-14 12:22:12,624 - INFO - joeynmt.training - Epoch   4, Step:    13200, Batch Loss:     1.382490, Batch Acc: 0.597383, Tokens per Sec:     4478, Lr: 0.000300
2026-05-14 12:22:29,612 - INFO - joeynmt.training - Epoch   4, Step:    13300, Batch Loss:     1.523809, Batch Acc: 0.592848, Tokens per Sec:     4370, Lr: 0.000300
2026-05-14 12:22:46,339 - INFO - joeynmt.training - Epoch   4, Step:    13400, Batch Loss:     1.483725, Batch Acc: 0.593044, Tokens per Sec:     4428, Lr: 0.000300
2026-05-14 12:23:03,003 - INFO - joeynmt.training - Epoch   4, Step:    13500, Batch Loss:     1.557372, Batch Acc: 0.594510, Tokens per Sec:     4571, Lr: 0.000300
2026-05-14 12:23:03,003 - WARNING - joeynmt.helpers - `alpha` option is obsolete. Please use `beam_alpha`, instead.
2026-05-14 12:23:03,003 - INFO - joeynmt.prediction - Predicting 890 example(s)... (Greedy decoding with min_output_length=1, max_output_length=-1, return_prob='none', generate_unk=True, repetition_penalty=-1, no_repeat_ngram_size=-1)
2026-05-14 12:23:44,680 - INFO - joeynmt.prediction - Evaluation result (greedy) loss:   1.76, ppl:   5.83, acc:   0.53, generation: 41.6724[sec], evaluation: 0.0000[sec]
2026-05-14 12:23:44,681 - INFO - joeynmt.training - Hooray! New best validation result [ppl]!
2026-05-14 12:23:44,746 - INFO - joeynmt.helpers - delete models/bpe_8k/11000.ckpt
2026-05-14 12:23:44,746 - INFO - joeynmt.training - Example #0
2026-05-14 12:23:44,746 - DEBUG - joeynmt.training - 	Tokenized source:     ['L@@', 'ast', 'year', 'I', 'showed', 'these', 'two', 'sli@@', 'des', 'so', 'that', 'demonstr@@', 'ate', 'that', 'the', 'ar@@', 'c@@', 'tic', 'ice', 'ca@@', 'p', ',', 'which', 'for', 'most', 'of', 'the', 'last', 'three', 'million', 'years', 'has', 'been', 'the', 'size', 'of', 'the', 'lower', '4@@', '8', 'states', ',', 'has', 'sh@@', 'run@@', 'k', 'by', '40', 'percent', '.']
2026-05-14 12:23:44,746 - DEBUG - joeynmt.training - 	Tokenized reference:  ['L&apos;', 'année', 'dernière', ',', 'je', 'vous', 'ai', 'présent@@', 'é', 'ces', 'deux', 'di@@', 'apos@@', 'iti@@', 'ves', 'qui', 'montr@@', 'aient', 'que', 'la', 'cal@@', 'ot@@', 'te', 'gl@@', 'ac@@', 'ière', 'ar@@', 'c@@', 'tique', ',', 'qui', 'pendant', 'ces', '3', 'derniers', 'millions', 'd&apos;', 'année', 'avait', 'la', 'taille', 'des', 'Etats-Unis', 'sans', 'l&apos;', 'Al@@', 'as@@', 'ka', ',', 'qui', 'pendant', 'ces', '3', 'derniers', 'millions', 'd&apos;', 'année', 'avait', 'la', 'taille', 'des', 'Etats-Unis', 'sans', 'l&apos;', 'Al@@', 'as@@', 'ka', ',', 'avait', 'di@@', 'minu@@', 'é', 'de', '40', '%', '.']
2026-05-14 12:23:44,746 - DEBUG - joeynmt.training - 	Tokenized hypothesis: ['L&apos;', 'année', 'de', 'l&apos;', 'année', 'que', 'j&apos;', 'ai', 'montré', 'ces', 'deux', 'di@@', 'a@@', 'pos', 'pour', 'que', 'la', 'glace', 'ar@@', 'c@@', 'tique', 'ar@@', 'c@@', 'tique', ',', 'qui', 'pour', 'la', 'plupart', 'des', 'trois', 'millions', 'd&apos;', 'années', 'a', 'été', 'la', 'taille', 'de', '4@@', '8', 'ét@@', 'ats', ',', 'a', 'un', 'ép@@', 'au@@', 'le', 'de', '40', '%', '.', '</s>']
2026-05-14 12:23:44,746 - INFO - joeynmt.training - 	Source:     Last year I showed these two slides so that demonstrate that the arctic ice cap , which for most of the last three million years has been the size of the lower 48 states , has shrunk by 40 percent .
2026-05-14 12:23:44,746 - INFO - joeynmt.training - 	Reference:  L&apos; année dernière , je vous ai présenté ces deux diapositives qui montraient que la calotte glacière arctique , qui pendant ces 3 derniers millions d&apos; année avait la taille des Etats-Unis sans l&apos; Alaska , qui pendant ces 3 derniers millions d&apos; année avait la taille des Etats-Unis sans l&apos; Alaska , avait diminué de 40 % .
2026-05-14 12:23:44,746 - INFO - joeynmt.training - 	Hypothesis: L&apos; année de l&apos; année que j&apos; ai montré ces deux diapos pour que la glace arctique arctique , qui pour la plupart des trois millions d&apos; années a été la taille de 48 états , a un épaule de 40 % .
2026-05-14 12:23:44,746 - INFO - joeynmt.training - Example #1
2026-05-14 12:23:44,746 - DEBUG - joeynmt.training - 	Tokenized source:     ['But', 'this', 'underst@@', 'ates', 'the', 'seri@@', 'ousness', 'of', 'this', 'particular', 'problem', 'because', 'it', 'doesn', '&apos;t', 'show', 'the', 'th@@', 'ick@@', 'ness', 'of', 'the', 'ice', '.']
2026-05-14 12:23:44,746 - DEBUG - joeynmt.training - 	Tokenized reference:  ['Mais', 'ceci', 'tend', 'à', 'a@@', 'mo@@', 'ind@@', 'rir', 'le', 'problème', 'parce', 'qu&apos;', 'on', 'ne', 'voit', 'pas', 'l&apos;', 'ép@@', 'aiss@@', 'eur', 'de', 'la', 'glace', '.']
2026-05-14 12:23:44,746 - DEBUG - joeynmt.training - 	Tokenized hypothesis: ['Mais', 'cette', 'compréhension', 'du', 'sérieux', 'problème', ',', 'parce', 'qu&apos;', 'il', 'ne', 'montre', 'pas', 'la', 'pou@@', 'la', 'de', 'la', 'glace', '.', '</s>']
2026-05-14 12:23:44,746 - INFO - joeynmt.training - 	Source:     But this understates the seriousness of this particular problem because it doesn &apos;t show the thickness of the ice .
2026-05-14 12:23:44,746 - INFO - joeynmt.training - 	Reference:  Mais ceci tend à amoindrir le problème parce qu&apos; on ne voit pas l&apos; épaisseur de la glace .
2026-05-14 12:23:44,747 - INFO - joeynmt.training - 	Hypothesis: Mais cette compréhension du sérieux problème , parce qu&apos; il ne montre pas la poula de la glace .
2026-05-14 12:23:44,747 - INFO - joeynmt.training - Example #2
2026-05-14 12:23:44,747 - DEBUG - joeynmt.training - 	Tokenized source:     ['The', 'ar@@', 'c@@', 'tic', 'ice', 'ca@@', 'p', 'is', ',', 'in', 'a', 'sense', ',', 'the', 'be@@', 'ating', 'heart', 'of', 'the', 'global', 'climate', 'system', '.']
2026-05-14 12:23:44,747 - DEBUG - joeynmt.training - 	Tokenized reference:  ['On', 'peut', 'voir', 'la', 'cal@@', 'ot@@', 'te', 'gl@@', 'ac@@', 'ière', 'ar@@', 'c@@', 'tique', 'comme', 'le', 'coeur', 'du', 'système', 'climatique', 'global', '.', 'On', 'peut', 'voir', 'la', 'cal@@', 'ot@@', 'te', 'gl@@', 'ac@@', 'ière', 'ar@@', 'c@@', 'tique', 'comme', 'le', 'coeur', 'du', 'système', 'climatique', 'global', '.']
2026-05-14 12:23:44,747 - DEBUG - joeynmt.training - 	Tokenized hypothesis: ['La', 'glace', 'ar@@', 'c@@', 'tique', 'est', ',', 'dans', 'un', 'sens', ',', 'le', 'coeur', 'd&apos;', 'un', 'système', 'climatique', '.', '</s>']
2026-05-14 12:23:44,747 - INFO - joeynmt.training - 	Source:     The arctic ice cap is , in a sense , the beating heart of the global climate system .
2026-05-14 12:23:44,747 - INFO - joeynmt.training - 	Reference:  On peut voir la calotte glacière arctique comme le coeur du système climatique global . On peut voir la calotte glacière arctique comme le coeur du système climatique global .
2026-05-14 12:23:44,747 - INFO - joeynmt.training - 	Hypothesis: La glace arctique est , dans un sens , le coeur d&apos; un système climatique .
2026-05-14 12:23:44,747 - INFO - joeynmt.training - Example #3
2026-05-14 12:23:44,747 - DEBUG - joeynmt.training - 	Tokenized source:     ['It', 'exp@@', 'ands', 'in', 'w@@', 'int@@', 'er', 'and', 'contr@@', 'acts', 'in', 'summer', '.']
2026-05-14 12:23:44,747 - DEBUG - joeynmt.training - 	Tokenized reference:  ['Elle', 's&apos;', 'ét@@', 'end', 'en', 'hi@@', 'ver', 'et', 'se', 'contr@@', 'acte', 'en', 'été', '.']
2026-05-14 12:23:44,747 - DEBUG - joeynmt.training - 	Tokenized hypothesis: ['Elle', 's&apos;', 'est', 'exp@@', 'an@@', 'sion', 'et', 'contr@@', 'airement', 'en', 'été', '.', '</s>']
2026-05-14 12:23:44,747 - INFO - joeynmt.training - 	Source:     It expands in winter and contracts in summer .
2026-05-14 12:23:44,747 - INFO - joeynmt.training - 	Reference:  Elle s&apos; étend en hiver et se contracte en été .
2026-05-14 12:23:44,747 - INFO - joeynmt.training - 	Hypothesis: Elle s&apos; est expansion et contrairement en été .
2026-05-14 12:23:44,747 - INFO - joeynmt.training - Example #4
2026-05-14 12:23:44,747 - DEBUG - joeynmt.training - 	Tokenized source:     ['The', 'next', 'slide', 'I', 'show', 'you', 'will', 'be', 'a', 'rap@@', 'id', 'fas@@', 't-@@', 'forward', 'of', 'what', '&apos;s', 'happened', 'over', 'the', 'last', '25', 'years', '.']
2026-05-14 12:23:44,747 - DEBUG - joeynmt.training - 	Tokenized reference:  ['La', 'prochaine', 'di@@', 'apos@@', 'itive', 'que', 'je', 'vais', 'vous', 'montrer', 'est', 'une', 'vue', 'en', 'accél@@', 'éré', 'de', 'ce', 'qui', 's&apos;', 'est', 'passé', 'ces', '25', 'dernières', 'années', '.']
2026-05-14 12:23:44,747 - DEBUG - joeynmt.training - 	Tokenized hypothesis: ['La', 'prochaine', 'di@@', 'ap@@', 'o', 'que', 'je', 'vais', 'être', 'un', 'rapide', 'rapide', 'de', 'l&apos;', 'avant', 'de', 'ce', 'qui', 'est', 'passé', 'depuis', 'les', '25', 'dernières', 'années', '.', '</s>']
2026-05-14 12:23:44,747 - INFO - joeynmt.training - 	Source:     The next slide I show you will be a rapid fast-forward of what &apos;s happened over the last 25 years .
2026-05-14 12:23:44,747 - INFO - joeynmt.training - 	Reference:  La prochaine diapositive que je vais vous montrer est une vue en accéléré de ce qui s&apos; est passé ces 25 dernières années .
2026-05-14 12:23:44,747 - INFO - joeynmt.training - 	Hypothesis: La prochaine diapo que je vais être un rapide rapide de l&apos; avant de ce qui est passé depuis les 25 dernières années .
2026-05-14 12:24:01,737 - INFO - joeynmt.training - Epoch   4, Step:    13600, Batch Loss:     1.485943, Batch Acc: 0.594015, Tokens per Sec:     4267, Lr: 0.000300
2026-05-14 12:24:18,271 - INFO - joeynmt.training - Epoch   4, Step:    13700, Batch Loss:     1.448337, Batch Acc: 0.590842, Tokens per Sec:     4474, Lr: 0.000300
2026-05-14 12:24:34,899 - INFO - joeynmt.training - Epoch   4, Step:    13800, Batch Loss:     1.471264, Batch Acc: 0.596694, Tokens per Sec:     4333, Lr: 0.000300
2026-05-14 12:24:51,647 - INFO - joeynmt.training - Epoch   4, Step:    13900, Batch Loss:     1.579717, Batch Acc: 0.593525, Tokens per Sec:     4504, Lr: 0.000300
2026-05-14 12:25:08,791 - INFO - joeynmt.training - Epoch   4, Step:    14000, Batch Loss:     1.695650, Batch Acc: 0.593722, Tokens per Sec:     4332, Lr: 0.000300
2026-05-14 12:25:08,791 - WARNING - joeynmt.helpers - `alpha` option is obsolete. Please use `beam_alpha`, instead.
2026-05-14 12:25:08,791 - INFO - joeynmt.prediction - Predicting 890 example(s)... (Greedy decoding with min_output_length=1, max_output_length=-1, return_prob='none', generate_unk=True, repetition_penalty=-1, no_repeat_ngram_size=-1)
2026-05-14 12:25:48,703 - INFO - joeynmt.prediction - Evaluation result (greedy) loss:   1.75, ppl:   5.76, acc:   0.53, generation: 39.9080[sec], evaluation: 0.0000[sec]
2026-05-14 12:25:48,704 - INFO - joeynmt.training - Hooray! New best validation result [ppl]!
2026-05-14 12:25:48,770 - INFO - joeynmt.helpers - delete models/bpe_8k/11500.ckpt
2026-05-14 12:25:48,771 - INFO - joeynmt.training - Example #0
2026-05-14 12:25:48,771 - DEBUG - joeynmt.training - 	Tokenized source:     ['L@@', 'ast', 'year', 'I', 'showed', 'these', 'two', 'sli@@', 'des', 'so', 'that', 'demonstr@@', 'ate', 'that', 'the', 'ar@@', 'c@@', 'tic', 'ice', 'ca@@', 'p', ',', 'which', 'for', 'most', 'of', 'the', 'last', 'three', 'million', 'years', 'has', 'been', 'the', 'size', 'of', 'the', 'lower', '4@@', '8', 'states', ',', 'has', 'sh@@', 'run@@', 'k', 'by', '40', 'percent', '.']
2026-05-14 12:25:48,771 - DEBUG - joeynmt.training - 	Tokenized reference:  ['L&apos;', 'année', 'dernière', ',', 'je', 'vous', 'ai', 'présent@@', 'é', 'ces', 'deux', 'di@@', 'apos@@', 'iti@@', 'ves', 'qui', 'montr@@', 'aient', 'que', 'la', 'cal@@', 'ot@@', 'te', 'gl@@', 'ac@@', 'ière', 'ar@@', 'c@@', 'tique', ',', 'qui', 'pendant', 'ces', '3', 'derniers', 'millions', 'd&apos;', 'année', 'avait', 'la', 'taille', 'des', 'Etats-Unis', 'sans', 'l&apos;', 'Al@@', 'as@@', 'ka', ',', 'qui', 'pendant', 'ces', '3', 'derniers', 'millions', 'd&apos;', 'année', 'avait', 'la', 'taille', 'des', 'Etats-Unis', 'sans', 'l&apos;', 'Al@@', 'as@@', 'ka', ',', 'avait', 'di@@', 'minu@@', 'é', 'de', '40', '%', '.']
2026-05-14 12:25:48,771 - DEBUG - joeynmt.training - 	Tokenized hypothesis: ['L&apos;', 'année', 'dernière', ',', 'j&apos;', 'ai', 'montré', 'ces', 'deux', 'di@@', 'apos@@', 'iti@@', 'ves', 'pour', 'que', 'la', 'glace', 'ar@@', 'c@@', 'tique', ',', 'qui', 'pour', 'la', 'plupart', 'des', 'trois', 'millions', 'd&apos;', 'années', 'a', 'été', 'la', 'taille', 'de', '4@@', '8', 'ét@@', 'ats', ',', 'a', 'dé@@', 'dé@@', 'montré', 'par', '40', '%', '.', '</s>']
2026-05-14 12:25:48,771 - INFO - joeynmt.training - 	Source:     Last year I showed these two slides so that demonstrate that the arctic ice cap , which for most of the last three million years has been the size of the lower 48 states , has shrunk by 40 percent .
2026-05-14 12:25:48,771 - INFO - joeynmt.training - 	Reference:  L&apos; année dernière , je vous ai présenté ces deux diapositives qui montraient que la calotte glacière arctique , qui pendant ces 3 derniers millions d&apos; année avait la taille des Etats-Unis sans l&apos; Alaska , qui pendant ces 3 derniers millions d&apos; année avait la taille des Etats-Unis sans l&apos; Alaska , avait diminué de 40 % .
2026-05-14 12:25:48,771 - INFO - joeynmt.training - 	Hypothesis: L&apos; année dernière , j&apos; ai montré ces deux diapositives pour que la glace arctique , qui pour la plupart des trois millions d&apos; années a été la taille de 48 états , a dédémontré par 40 % .
2026-05-14 12:25:48,771 - INFO - joeynmt.training - Example #1
2026-05-14 12:25:48,771 - DEBUG - joeynmt.training - 	Tokenized source:     ['But', 'this', 'underst@@', 'ates', 'the', 'seri@@', 'ousness', 'of', 'this', 'particular', 'problem', 'because', 'it', 'doesn', '&apos;t', 'show', 'the', 'th@@', 'ick@@', 'ness', 'of', 'the', 'ice', '.']
2026-05-14 12:25:48,771 - DEBUG - joeynmt.training - 	Tokenized reference:  ['Mais', 'ceci', 'tend', 'à', 'a@@', 'mo@@', 'ind@@', 'rir', 'le', 'problème', 'parce', 'qu&apos;', 'on', 'ne', 'voit', 'pas', 'l&apos;', 'ép@@', 'aiss@@', 'eur', 'de', 'la', 'glace', '.']
2026-05-14 12:25:48,771 - DEBUG - joeynmt.training - 	Tokenized hypothesis: ['Mais', 'cette', 'compréhension', 'du', 'sérieux', 'de', 'ce', 'problème', 'particulier', 'parce', 'que', 'ça', 'ne', 'montre', 'pas', 'la', 'th@@', 'é', 'de', 'la', 'glace', '.', '</s>']
2026-05-14 12:25:48,771 - INFO - joeynmt.training - 	Source:     But this understates the seriousness of this particular problem because it doesn &apos;t show the thickness of the ice .
2026-05-14 12:25:48,771 - INFO - joeynmt.training - 	Reference:  Mais ceci tend à amoindrir le problème parce qu&apos; on ne voit pas l&apos; épaisseur de la glace .
2026-05-14 12:25:48,771 - INFO - joeynmt.training - 	Hypothesis: Mais cette compréhension du sérieux de ce problème particulier parce que ça ne montre pas la thé de la glace .
2026-05-14 12:25:48,771 - INFO - joeynmt.training - Example #2
2026-05-14 12:25:48,771 - DEBUG - joeynmt.training - 	Tokenized source:     ['The', 'ar@@', 'c@@', 'tic', 'ice', 'ca@@', 'p', 'is', ',', 'in', 'a', 'sense', ',', 'the', 'be@@', 'ating', 'heart', 'of', 'the', 'global', 'climate', 'system', '.']
2026-05-14 12:25:48,771 - DEBUG - joeynmt.training - 	Tokenized reference:  ['On', 'peut', 'voir', 'la', 'cal@@', 'ot@@', 'te', 'gl@@', 'ac@@', 'ière', 'ar@@', 'c@@', 'tique', 'comme', 'le', 'coeur', 'du', 'système', 'climatique', 'global', '.', 'On', 'peut', 'voir', 'la', 'cal@@', 'ot@@', 'te', 'gl@@', 'ac@@', 'ière', 'ar@@', 'c@@', 'tique', 'comme', 'le', 'coeur', 'du', 'système', 'climatique', 'global', '.']
2026-05-14 12:25:48,771 - DEBUG - joeynmt.training - 	Tokenized hypothesis: ['La', 'glace', 'ar@@', 'c@@', 'tique', 'est', ',', 'dans', 'un', 'sens', ',', 'le', 'cœur', 'du', 'système', 'du', 'climat', 'du', 'système', 'climatique', '.', '</s>']
2026-05-14 12:25:48,771 - INFO - joeynmt.training - 	Source:     The arctic ice cap is , in a sense , the beating heart of the global climate system .
2026-05-14 12:25:48,771 - INFO - joeynmt.training - 	Reference:  On peut voir la calotte glacière arctique comme le coeur du système climatique global . On peut voir la calotte glacière arctique comme le coeur du système climatique global .
2026-05-14 12:25:48,771 - INFO - joeynmt.training - 	Hypothesis: La glace arctique est , dans un sens , le cœur du système du climat du système climatique .
2026-05-14 12:25:48,771 - INFO - joeynmt.training - Example #3
2026-05-14 12:25:48,772 - DEBUG - joeynmt.training - 	Tokenized source:     ['It', 'exp@@', 'ands', 'in', 'w@@', 'int@@', 'er', 'and', 'contr@@', 'acts', 'in', 'summer', '.']
2026-05-14 12:25:48,772 - DEBUG - joeynmt.training - 	Tokenized reference:  ['Elle', 's&apos;', 'ét@@', 'end', 'en', 'hi@@', 'ver', 'et', 'se', 'contr@@', 'acte', 'en', 'été', '.']
2026-05-14 12:25:48,772 - DEBUG - joeynmt.training - 	Tokenized hypothesis: ['Elle', 's&apos;', 'ét@@', 'end', 'dans', 'le', 'contr@@', 'at', 'et', 'contr@@', 'acter', 'en', 'été', '.', '</s>']
2026-05-14 12:25:48,772 - INFO - joeynmt.training - 	Source:     It expands in winter and contracts in summer .
2026-05-14 12:25:48,772 - INFO - joeynmt.training - 	Reference:  Elle s&apos; étend en hiver et se contracte en été .
2026-05-14 12:25:48,772 - INFO - joeynmt.training - 	Hypothesis: Elle s&apos; étend dans le contrat et contracter en été .
2026-05-14 12:25:48,772 - INFO - joeynmt.training - Example #4
2026-05-14 12:25:48,772 - DEBUG - joeynmt.training - 	Tokenized source:     ['The', 'next', 'slide', 'I', 'show', 'you', 'will', 'be', 'a', 'rap@@', 'id', 'fas@@', 't-@@', 'forward', 'of', 'what', '&apos;s', 'happened', 'over', 'the', 'last', '25', 'years', '.']
2026-05-14 12:25:48,772 - DEBUG - joeynmt.training - 	Tokenized reference:  ['La', 'prochaine', 'di@@', 'apos@@', 'itive', 'que', 'je', 'vais', 'vous', 'montrer', 'est', 'une', 'vue', 'en', 'accél@@', 'éré', 'de', 'ce', 'qui', 's&apos;', 'est', 'passé', 'ces', '25', 'dernières', 'années', '.']
2026-05-14 12:25:48,772 - DEBUG - joeynmt.training - 	Tokenized hypothesis: ['La', 'prochaine', 'di@@', 'apos@@', 'itive', 'que', 'je', 'vous', 'montre', 'que', 'vous', 'ser@@', 'ez', 'une', 'rapide', 'rapide', 'de', 'ce', 'qui', 'est', 'arrivé', 'pendant', 'les', 'dernières', '25', 'ans', '.', '</s>']
2026-05-14 12:25:48,772 - INFO - joeynmt.training - 	Source:     The next slide I show you will be a rapid fast-forward of what &apos;s happened over the last 25 years .
2026-05-14 12:25:48,772 - INFO - joeynmt.training - 	Reference:  La prochaine diapositive que je vais vous montrer est une vue en accéléré de ce qui s&apos; est passé ces 25 dernières années .
2026-05-14 12:25:48,772 - INFO - joeynmt.training - 	Hypothesis: La prochaine diapositive que je vous montre que vous serez une rapide rapide de ce qui est arrivé pendant les dernières 25 ans .
2026-05-14 12:26:05,264 - INFO - joeynmt.training - Epoch   4, Step:    14100, Batch Loss:     1.471656, Batch Acc: 0.593763, Tokens per Sec:     4509, Lr: 0.000300
2026-05-14 12:26:21,891 - INFO - joeynmt.training - Epoch   4, Step:    14200, Batch Loss:     1.594755, Batch Acc: 0.594779, Tokens per Sec:     4447, Lr: 0.000300
2026-05-14 12:26:38,319 - INFO - joeynmt.training - Epoch   4, Step:    14300, Batch Loss:     1.632756, Batch Acc: 0.591756, Tokens per Sec:     4559, Lr: 0.000300
2026-05-14 12:26:55,079 - INFO - joeynmt.training - Epoch   4, Step:    14400, Batch Loss:     1.465156, Batch Acc: 0.598429, Tokens per Sec:     4460, Lr: 0.000300
2026-05-14 12:27:11,520 - INFO - joeynmt.training - Epoch   4: total training loss 5380.09
2026-05-14 12:27:11,520 - INFO - joeynmt.training - EPOCH 5
2026-05-14 12:27:11,993 - INFO - joeynmt.training - Epoch   5, Step:    14500, Batch Loss:     1.236857, Batch Acc: 0.648434, Tokens per Sec:     4797, Lr: 0.000300
2026-05-14 12:27:11,993 - WARNING - joeynmt.helpers - `alpha` option is obsolete. Please use `beam_alpha`, instead.
2026-05-14 12:27:11,993 - INFO - joeynmt.prediction - Predicting 890 example(s)... (Greedy decoding with min_output_length=1, max_output_length=-1, return_prob='none', generate_unk=True, repetition_penalty=-1, no_repeat_ngram_size=-1)
2026-05-14 12:27:50,551 - INFO - joeynmt.prediction - Evaluation result (greedy) loss:   1.79, ppl:   6.00, acc:   0.52, generation: 38.5530[sec], evaluation: 0.0000[sec]
2026-05-14 12:27:50,618 - INFO - joeynmt.helpers - delete models/bpe_8k/12000.ckpt
2026-05-14 12:27:50,618 - INFO - joeynmt.training - Example #0
2026-05-14 12:27:50,618 - DEBUG - joeynmt.training - 	Tokenized source:     ['L@@', 'ast', 'year', 'I', 'showed', 'these', 'two', 'sli@@', 'des', 'so', 'that', 'demonstr@@', 'ate', 'that', 'the', 'ar@@', 'c@@', 'tic', 'ice', 'ca@@', 'p', ',', 'which', 'for', 'most', 'of', 'the', 'last', 'three', 'million', 'years', 'has', 'been', 'the', 'size', 'of', 'the', 'lower', '4@@', '8', 'states', ',', 'has', 'sh@@', 'run@@', 'k', 'by', '40', 'percent', '.']
2026-05-14 12:27:50,618 - DEBUG - joeynmt.training - 	Tokenized reference:  ['L&apos;', 'année', 'dernière', ',', 'je', 'vous', 'ai', 'présent@@', 'é', 'ces', 'deux', 'di@@', 'apos@@', 'iti@@', 'ves', 'qui', 'montr@@', 'aient', 'que', 'la', 'cal@@', 'ot@@', 'te', 'gl@@', 'ac@@', 'ière', 'ar@@', 'c@@', 'tique', ',', 'qui', 'pendant', 'ces', '3', 'derniers', 'millions', 'd&apos;', 'année', 'avait', 'la', 'taille', 'des', 'Etats-Unis', 'sans', 'l&apos;', 'Al@@', 'as@@', 'ka', ',', 'qui', 'pendant', 'ces', '3', 'derniers', 'millions', 'd&apos;', 'année', 'avait', 'la', 'taille', 'des', 'Etats-Unis', 'sans', 'l&apos;', 'Al@@', 'as@@', 'ka', ',', 'avait', 'di@@', 'minu@@', 'é', 'de', '40', '%', '.']
2026-05-14 12:27:50,618 - DEBUG - joeynmt.training - 	Tokenized hypothesis: ['L&apos;', 'année', 'dernière', ',', 'j&apos;', 'ai', 'montré', 'ces', 'deux', 'di@@', 'apos@@', 'iti@@', 'ves', ',', 'qui', 'dé@@', 'mon@@', 'str@@', 'ation', 'de', 'l&apos;', 'ar@@', 'c@@', 'tique', ',', 'qui', 'pour', 'la', 'plupart', 'des', 'trois', 'millions', 'd&apos;', 'années', 'a', 'été', 'la', 'taille', 'de', '4@@', '8', 'ét@@', 'ats', ',', 'a', 'une', 'p@@', 'iste', 'par', '40', '%', '.', '</s>']
2026-05-14 12:27:50,618 - INFO - joeynmt.training - 	Source:     Last year I showed these two slides so that demonstrate that the arctic ice cap , which for most of the last three million years has been the size of the lower 48 states , has shrunk by 40 percent .
2026-05-14 12:27:50,618 - INFO - joeynmt.training - 	Reference:  L&apos; année dernière , je vous ai présenté ces deux diapositives qui montraient que la calotte glacière arctique , qui pendant ces 3 derniers millions d&apos; année avait la taille des Etats-Unis sans l&apos; Alaska , qui pendant ces 3 derniers millions d&apos; année avait la taille des Etats-Unis sans l&apos; Alaska , avait diminué de 40 % .
2026-05-14 12:27:50,619 - INFO - joeynmt.training - 	Hypothesis: L&apos; année dernière , j&apos; ai montré ces deux diapositives , qui démonstration de l&apos; arctique , qui pour la plupart des trois millions d&apos; années a été la taille de 48 états , a une piste par 40 % .
2026-05-14 12:27:50,619 - INFO - joeynmt.training - Example #1
2026-05-14 12:27:50,619 - DEBUG - joeynmt.training - 	Tokenized source:     ['But', 'this', 'underst@@', 'ates', 'the', 'seri@@', 'ousness', 'of', 'this', 'particular', 'problem', 'because', 'it', 'doesn', '&apos;t', 'show', 'the', 'th@@', 'ick@@', 'ness', 'of', 'the', 'ice', '.']
2026-05-14 12:27:50,619 - DEBUG - joeynmt.training - 	Tokenized reference:  ['Mais', 'ceci', 'tend', 'à', 'a@@', 'mo@@', 'ind@@', 'rir', 'le', 'problème', 'parce', 'qu&apos;', 'on', 'ne', 'voit', 'pas', 'l&apos;', 'ép@@', 'aiss@@', 'eur', 'de', 'la', 'glace', '.']
2026-05-14 12:27:50,619 - DEBUG - joeynmt.training - 	Tokenized hypothesis: ['Mais', 'ce', 'qui', 'comprend', 'le', 'sérieux', 'problème', 'parce', 'qu&apos;', 'il', 'ne', 'montre', 'pas', 'la', 'pou@@', 'dre', 'de', 'la', 'glace', '.', '</s>']
2026-05-14 12:27:50,619 - INFO - joeynmt.training - 	Source:     But this understates the seriousness of this particular problem because it doesn &apos;t show the thickness of the ice .
2026-05-14 12:27:50,619 - INFO - joeynmt.training - 	Reference:  Mais ceci tend à amoindrir le problème parce qu&apos; on ne voit pas l&apos; épaisseur de la glace .
2026-05-14 12:27:50,619 - INFO - joeynmt.training - 	Hypothesis: Mais ce qui comprend le sérieux problème parce qu&apos; il ne montre pas la poudre de la glace .
2026-05-14 12:27:50,619 - INFO - joeynmt.training - Example #2
2026-05-14 12:27:50,619 - DEBUG - joeynmt.training - 	Tokenized source:     ['The', 'ar@@', 'c@@', 'tic', 'ice', 'ca@@', 'p', 'is', ',', 'in', 'a', 'sense', ',', 'the', 'be@@', 'ating', 'heart', 'of', 'the', 'global', 'climate', 'system', '.']
2026-05-14 12:27:50,619 - DEBUG - joeynmt.training - 	Tokenized reference:  ['On', 'peut', 'voir', 'la', 'cal@@', 'ot@@', 'te', 'gl@@', 'ac@@', 'ière', 'ar@@', 'c@@', 'tique', 'comme', 'le', 'coeur', 'du', 'système', 'climatique', 'global', '.', 'On', 'peut', 'voir', 'la', 'cal@@', 'ot@@', 'te', 'gl@@', 'ac@@', 'ière', 'ar@@', 'c@@', 'tique', 'comme', 'le', 'coeur', 'du', 'système', 'climatique', 'global', '.']
2026-05-14 12:27:50,619 - DEBUG - joeynmt.training - 	Tokenized hypothesis: ['La', 'glace', 'ar@@', 'c@@', 'tique', 'ar@@', 'c@@', 'tique', 'est', ',', 'en', 'quelque', 'sorte', ',', 'le', 'coeur', 'du', 'système', 'climatique', '.', '</s>']
2026-05-14 12:27:50,619 - INFO - joeynmt.training - 	Source:     The arctic ice cap is , in a sense , the beating heart of the global climate system .
2026-05-14 12:27:50,619 - INFO - joeynmt.training - 	Reference:  On peut voir la calotte glacière arctique comme le coeur du système climatique global . On peut voir la calotte glacière arctique comme le coeur du système climatique global .
2026-05-14 12:27:50,619 - INFO - joeynmt.training - 	Hypothesis: La glace arctique arctique est , en quelque sorte , le coeur du système climatique .
2026-05-14 12:27:50,619 - INFO - joeynmt.training - Example #3
2026-05-14 12:27:50,619 - DEBUG - joeynmt.training - 	Tokenized source:     ['It', 'exp@@', 'ands', 'in', 'w@@', 'int@@', 'er', 'and', 'contr@@', 'acts', 'in', 'summer', '.']
2026-05-14 12:27:50,619 - DEBUG - joeynmt.training - 	Tokenized reference:  ['Elle', 's&apos;', 'ét@@', 'end', 'en', 'hi@@', 'ver', 'et', 'se', 'contr@@', 'acte', 'en', 'été', '.']
2026-05-14 12:27:50,619 - DEBUG - joeynmt.training - 	Tokenized hypothesis: ['Il', 's&apos;', 'agit', 'd&apos;', 'être', 'en', 'hi@@', 'ver', 'et', 'contr@@', 'ac@@', 'cue@@', 'illi@@', 'r', 'en', 'été', '.', '</s>']
2026-05-14 12:27:50,619 - INFO - joeynmt.training - 	Source:     It expands in winter and contracts in summer .
2026-05-14 12:27:50,619 - INFO - joeynmt.training - 	Reference:  Elle s&apos; étend en hiver et se contracte en été .
2026-05-14 12:27:50,619 - INFO - joeynmt.training - 	Hypothesis: Il s&apos; agit d&apos; être en hiver et contraccueillir en été .
2026-05-14 12:27:50,619 - INFO - joeynmt.training - Example #4
2026-05-14 12:27:50,619 - DEBUG - joeynmt.training - 	Tokenized source:     ['The', 'next', 'slide', 'I', 'show', 'you', 'will', 'be', 'a', 'rap@@', 'id', 'fas@@', 't-@@', 'forward', 'of', 'what', '&apos;s', 'happened', 'over', 'the', 'last', '25', 'years', '.']
2026-05-14 12:27:50,619 - DEBUG - joeynmt.training - 	Tokenized reference:  ['La', 'prochaine', 'di@@', 'apos@@', 'itive', 'que', 'je', 'vais', 'vous', 'montrer', 'est', 'une', 'vue', 'en', 'accél@@', 'éré', 'de', 'ce', 'qui', 's&apos;', 'est', 'passé', 'ces', '25', 'dernières', 'années', '.']
2026-05-14 12:27:50,619 - DEBUG - joeynmt.training - 	Tokenized hypothesis: ['La', 'di@@', 'apos@@', 'itive', 'que', 'je', 'vous', 'montre', 'être', 'un', 'rap@@', 'ides', 'rapide', 'de', 'ce', 'qui', 'est', 'passé', 'pendant', 'les', '25', 'dernières', 'années', '.', '</s>']
2026-05-14 12:27:50,619 - INFO - joeynmt.training - 	Source:     The next slide I show you will be a rapid fast-forward of what &apos;s happened over the last 25 years .
2026-05-14 12:27:50,619 - INFO - joeynmt.training - 	Reference:  La prochaine diapositive que je vais vous montrer est une vue en accéléré de ce qui s&apos; est passé ces 25 dernières années .
2026-05-14 12:27:50,619 - INFO - joeynmt.training - 	Hypothesis: La diapositive que je vous montre être un rapides rapide de ce qui est passé pendant les 25 dernières années .
2026-05-14 12:28:07,090 - INFO - joeynmt.training - Epoch   5, Step:    14600, Batch Loss:     1.262134, Batch Acc: 0.620145, Tokens per Sec:     4502, Lr: 0.000300
2026-05-14 12:28:24,110 - INFO - joeynmt.training - Epoch   5, Step:    14700, Batch Loss:     1.661922, Batch Acc: 0.616307, Tokens per Sec:     4451, Lr: 0.000300
2026-05-14 12:28:40,947 - INFO - joeynmt.training - Epoch   5, Step:    14800, Batch Loss:     1.207889, Batch Acc: 0.624518, Tokens per Sec:     4465, Lr: 0.000300
2026-05-14 12:28:57,715 - INFO - joeynmt.training - Epoch   5, Step:    14900, Batch Loss:     1.318631, Batch Acc: 0.619088, Tokens per Sec:     4480, Lr: 0.000300
2026-05-14 12:29:14,971 - INFO - joeynmt.training - Epoch   5, Step:    15000, Batch Loss:     1.356436, Batch Acc: 0.616848, Tokens per Sec:     4364, Lr: 0.000300
2026-05-14 12:29:14,971 - WARNING - joeynmt.helpers - `alpha` option is obsolete. Please use `beam_alpha`, instead.
2026-05-14 12:29:14,971 - INFO - joeynmt.prediction - Predicting 890 example(s)... (Greedy decoding with min_output_length=1, max_output_length=-1, return_prob='none', generate_unk=True, repetition_penalty=-1, no_repeat_ngram_size=-1)
2026-05-14 12:29:57,464 - INFO - joeynmt.prediction - Evaluation result (greedy) loss:   1.75, ppl:   5.77, acc:   0.53, generation: 42.4887[sec], evaluation: 0.0000[sec]
2026-05-14 12:29:57,529 - INFO - joeynmt.helpers - delete models/bpe_8k/14500.ckpt
2026-05-14 12:29:57,530 - INFO - joeynmt.helpers - delete /Users/leonieadm/Desktop/mt-exercise-04/models/bpe_8k/14500.ckpt
2026-05-14 12:29:57,530 - WARNING - joeynmt.helpers - Wanted to delete old checkpoint /Users/leonieadm/Desktop/mt-exercise-04/models/bpe_8k/14500.ckpt but file does not exist. ([Errno 2] No such file or directory: '/Users/leonieadm/Desktop/mt-exercise-04/models/bpe_8k/14500.ckpt')
2026-05-14 12:29:57,530 - INFO - joeynmt.training - Example #0
2026-05-14 12:29:57,530 - DEBUG - joeynmt.training - 	Tokenized source:     ['L@@', 'ast', 'year', 'I', 'showed', 'these', 'two', 'sli@@', 'des', 'so', 'that', 'demonstr@@', 'ate', 'that', 'the', 'ar@@', 'c@@', 'tic', 'ice', 'ca@@', 'p', ',', 'which', 'for', 'most', 'of', 'the', 'last', 'three', 'million', 'years', 'has', 'been', 'the', 'size', 'of', 'the', 'lower', '4@@', '8', 'states', ',', 'has', 'sh@@', 'run@@', 'k', 'by', '40', 'percent', '.']
2026-05-14 12:29:57,530 - DEBUG - joeynmt.training - 	Tokenized reference:  ['L&apos;', 'année', 'dernière', ',', 'je', 'vous', 'ai', 'présent@@', 'é', 'ces', 'deux', 'di@@', 'apos@@', 'iti@@', 'ves', 'qui', 'montr@@', 'aient', 'que', 'la', 'cal@@', 'ot@@', 'te', 'gl@@', 'ac@@', 'ière', 'ar@@', 'c@@', 'tique', ',', 'qui', 'pendant', 'ces', '3', 'derniers', 'millions', 'd&apos;', 'année', 'avait', 'la', 'taille', 'des', 'Etats-Unis', 'sans', 'l&apos;', 'Al@@', 'as@@', 'ka', ',', 'qui', 'pendant', 'ces', '3', 'derniers', 'millions', 'd&apos;', 'année', 'avait', 'la', 'taille', 'des', 'Etats-Unis', 'sans', 'l&apos;', 'Al@@', 'as@@', 'ka', ',', 'avait', 'di@@', 'minu@@', 'é', 'de', '40', '%', '.']
2026-05-14 12:29:57,530 - DEBUG - joeynmt.training - 	Tokenized hypothesis: ['L&apos;', 'année', 'dernière', ',', 'j&apos;', 'ai', 'montré', 'ces', 'deux', 'di@@', 'apos@@', 'iti@@', 'ves', 'pour', 'cette', 'dé@@', 'montrer', 'que', 'la', 'glace', 'ar@@', 'c@@', 'tique', 'ar@@', 'c@@', 'tique', ',', 'qui', 'pour', 'la', 'plupart', 'des', 'trois', 'millions', 'd&apos;', 'années', 'a', 'été', 'la', 'taille', 'de', '4@@', '8', ',', 'a', 'dé@@', 'montré', 'par', '40', 'pour', 'cent', '.', '</s>']
2026-05-14 12:29:57,530 - INFO - joeynmt.training - 	Source:     Last year I showed these two slides so that demonstrate that the arctic ice cap , which for most of the last three million years has been the size of the lower 48 states , has shrunk by 40 percent .
2026-05-14 12:29:57,530 - INFO - joeynmt.training - 	Reference:  L&apos; année dernière , je vous ai présenté ces deux diapositives qui montraient que la calotte glacière arctique , qui pendant ces 3 derniers millions d&apos; année avait la taille des Etats-Unis sans l&apos; Alaska , qui pendant ces 3 derniers millions d&apos; année avait la taille des Etats-Unis sans l&apos; Alaska , avait diminué de 40 % .
2026-05-14 12:29:57,530 - INFO - joeynmt.training - 	Hypothesis: L&apos; année dernière , j&apos; ai montré ces deux diapositives pour cette démontrer que la glace arctique arctique , qui pour la plupart des trois millions d&apos; années a été la taille de 48 , a démontré par 40 pour cent .
2026-05-14 12:29:57,530 - INFO - joeynmt.training - Example #1
2026-05-14 12:29:57,530 - DEBUG - joeynmt.training - 	Tokenized source:     ['But', 'this', 'underst@@', 'ates', 'the', 'seri@@', 'ousness', 'of', 'this', 'particular', 'problem', 'because', 'it', 'doesn', '&apos;t', 'show', 'the', 'th@@', 'ick@@', 'ness', 'of', 'the', 'ice', '.']
2026-05-14 12:29:57,530 - DEBUG - joeynmt.training - 	Tokenized reference:  ['Mais', 'ceci', 'tend', 'à', 'a@@', 'mo@@', 'ind@@', 'rir', 'le', 'problème', 'parce', 'qu&apos;', 'on', 'ne', 'voit', 'pas', 'l&apos;', 'ép@@', 'aiss@@', 'eur', 'de', 'la', 'glace', '.']
2026-05-14 12:29:57,530 - DEBUG - joeynmt.training - 	Tokenized hypothesis: ['Mais', 'cela', 'comprend', 'le', 'sérieux', 'sérieux', 'de', 'ce', 'problème', ',', 'parce', 'qu&apos;', 'il', 'ne', 'montre', 'pas', 'la', 'pou@@', 'sse', 'de', 'la', 'pou@@', 'sse', '.', '</s>']
2026-05-14 12:29:57,530 - INFO - joeynmt.training - 	Source:     But this understates the seriousness of this particular problem because it doesn &apos;t show the thickness of the ice .
2026-05-14 12:29:57,530 - INFO - joeynmt.training - 	Reference:  Mais ceci tend à amoindrir le problème parce qu&apos; on ne voit pas l&apos; épaisseur de la glace .
2026-05-14 12:29:57,530 - INFO - joeynmt.training - 	Hypothesis: Mais cela comprend le sérieux sérieux de ce problème , parce qu&apos; il ne montre pas la pousse de la pousse .
2026-05-14 12:29:57,530 - INFO - joeynmt.training - Example #2
2026-05-14 12:29:57,531 - DEBUG - joeynmt.training - 	Tokenized source:     ['The', 'ar@@', 'c@@', 'tic', 'ice', 'ca@@', 'p', 'is', ',', 'in', 'a', 'sense', ',', 'the', 'be@@', 'ating', 'heart', 'of', 'the', 'global', 'climate', 'system', '.']
2026-05-14 12:29:57,531 - DEBUG - joeynmt.training - 	Tokenized reference:  ['On', 'peut', 'voir', 'la', 'cal@@', 'ot@@', 'te', 'gl@@', 'ac@@', 'ière', 'ar@@', 'c@@', 'tique', 'comme', 'le', 'coeur', 'du', 'système', 'climatique', 'global', '.', 'On', 'peut', 'voir', 'la', 'cal@@', 'ot@@', 'te', 'gl@@', 'ac@@', 'ière', 'ar@@', 'c@@', 'tique', 'comme', 'le', 'coeur', 'du', 'système', 'climatique', 'global', '.']
2026-05-14 12:29:57,531 - DEBUG - joeynmt.training - 	Tokenized hypothesis: ['La', 'glace', 'ar@@', 'c@@', 'tique', 'ar@@', 'c@@', 'tique', 'est', ',', 'en', 'quelque', 'sorte', ',', 'le', 'coeur', 'du', 'système', 'climatique', '.', '</s>']
2026-05-14 12:29:57,531 - INFO - joeynmt.training - 	Source:     The arctic ice cap is , in a sense , the beating heart of the global climate system .
2026-05-14 12:29:57,531 - INFO - joeynmt.training - 	Reference:  On peut voir la calotte glacière arctique comme le coeur du système climatique global . On peut voir la calotte glacière arctique comme le coeur du système climatique global .
2026-05-14 12:29:57,531 - INFO - joeynmt.training - 	Hypothesis: La glace arctique arctique est , en quelque sorte , le coeur du système climatique .
2026-05-14 12:29:57,531 - INFO - joeynmt.training - Example #3
2026-05-14 12:29:57,531 - DEBUG - joeynmt.training - 	Tokenized source:     ['It', 'exp@@', 'ands', 'in', 'w@@', 'int@@', 'er', 'and', 'contr@@', 'acts', 'in', 'summer', '.']
2026-05-14 12:29:57,531 - DEBUG - joeynmt.training - 	Tokenized reference:  ['Elle', 's&apos;', 'ét@@', 'end', 'en', 'hi@@', 'ver', 'et', 'se', 'contr@@', 'acte', 'en', 'été', '.']
2026-05-14 12:29:57,531 - DEBUG - joeynmt.training - 	Tokenized hypothesis: ['Elle', 'exp@@', 'é@@', 'di@@', 'fice', 'en', 'hi@@', 'ver', 'et', 'contr@@', 'acter', 'en', 'été', '.', '</s>']
2026-05-14 12:29:57,531 - INFO - joeynmt.training - 	Source:     It expands in winter and contracts in summer .
2026-05-14 12:29:57,531 - INFO - joeynmt.training - 	Reference:  Elle s&apos; étend en hiver et se contracte en été .
2026-05-14 12:29:57,531 - INFO - joeynmt.training - 	Hypothesis: Elle expédifice en hiver et contracter en été .
2026-05-14 12:29:57,531 - INFO - joeynmt.training - Example #4
2026-05-14 12:29:57,531 - DEBUG - joeynmt.training - 	Tokenized source:     ['The', 'next', 'slide', 'I', 'show', 'you', 'will', 'be', 'a', 'rap@@', 'id', 'fas@@', 't-@@', 'forward', 'of', 'what', '&apos;s', 'happened', 'over', 'the', 'last', '25', 'years', '.']
2026-05-14 12:29:57,531 - DEBUG - joeynmt.training - 	Tokenized reference:  ['La', 'prochaine', 'di@@', 'apos@@', 'itive', 'que', 'je', 'vais', 'vous', 'montrer', 'est', 'une', 'vue', 'en', 'accél@@', 'éré', 'de', 'ce', 'qui', 's&apos;', 'est', 'passé', 'ces', '25', 'dernières', 'années', '.']
2026-05-14 12:29:57,531 - DEBUG - joeynmt.training - 	Tokenized hypothesis: ['La', 'prochaine', 'di@@', 'apos@@', 'itive', 'que', 'je', 'vous', 'ser@@', 'ez', 'un', 'rapide', 'rapide', 'de', 'ce', 'qui', 'est', 'passé', 'depuis', 'les', '25', 'dernières', 'années', '.', '</s>']
2026-05-14 12:29:57,531 - INFO - joeynmt.training - 	Source:     The next slide I show you will be a rapid fast-forward of what &apos;s happened over the last 25 years .
2026-05-14 12:29:57,531 - INFO - joeynmt.training - 	Reference:  La prochaine diapositive que je vais vous montrer est une vue en accéléré de ce qui s&apos; est passé ces 25 dernières années .
2026-05-14 12:29:57,531 - INFO - joeynmt.training - 	Hypothesis: La prochaine diapositive que je vous serez un rapide rapide de ce qui est passé depuis les 25 dernières années .
2026-05-14 12:30:14,350 - INFO - joeynmt.training - Epoch   5, Step:    15100, Batch Loss:     1.275020, Batch Acc: 0.617003, Tokens per Sec:     4392, Lr: 0.000300
2026-05-14 12:30:30,852 - INFO - joeynmt.training - Epoch   5, Step:    15200, Batch Loss:     1.361391, Batch Acc: 0.620618, Tokens per Sec:     4353, Lr: 0.000300
2026-05-14 12:30:48,094 - INFO - joeynmt.training - Epoch   5, Step:    15300, Batch Loss:     1.516887, Batch Acc: 0.615074, Tokens per Sec:     4413, Lr: 0.000300
2026-05-14 12:31:05,039 - INFO - joeynmt.training - Epoch   5, Step:    15400, Batch Loss:     1.361876, Batch Acc: 0.617285, Tokens per Sec:     4426, Lr: 0.000300
2026-05-14 12:31:21,988 - INFO - joeynmt.training - Epoch   5, Step:    15500, Batch Loss:     1.316419, Batch Acc: 0.615804, Tokens per Sec:     4408, Lr: 0.000300
2026-05-14 12:31:21,988 - WARNING - joeynmt.helpers - `alpha` option is obsolete. Please use `beam_alpha`, instead.
2026-05-14 12:31:21,988 - INFO - joeynmt.prediction - Predicting 890 example(s)... (Greedy decoding with min_output_length=1, max_output_length=-1, return_prob='none', generate_unk=True, repetition_penalty=-1, no_repeat_ngram_size=-1)
2026-05-14 12:32:03,766 - INFO - joeynmt.prediction - Evaluation result (greedy) loss:   1.75, ppl:   5.77, acc:   0.53, generation: 41.7733[sec], evaluation: 0.0000[sec]
2026-05-14 12:32:03,830 - INFO - joeynmt.helpers - delete models/bpe_8k/12500.ckpt
2026-05-14 12:32:03,831 - INFO - joeynmt.training - Example #0
2026-05-14 12:32:03,831 - DEBUG - joeynmt.training - 	Tokenized source:     ['L@@', 'ast', 'year', 'I', 'showed', 'these', 'two', 'sli@@', 'des', 'so', 'that', 'demonstr@@', 'ate', 'that', 'the', 'ar@@', 'c@@', 'tic', 'ice', 'ca@@', 'p', ',', 'which', 'for', 'most', 'of', 'the', 'last', 'three', 'million', 'years', 'has', 'been', 'the', 'size', 'of', 'the', 'lower', '4@@', '8', 'states', ',', 'has', 'sh@@', 'run@@', 'k', 'by', '40', 'percent', '.']
2026-05-14 12:32:03,831 - DEBUG - joeynmt.training - 	Tokenized reference:  ['L&apos;', 'année', 'dernière', ',', 'je', 'vous', 'ai', 'présent@@', 'é', 'ces', 'deux', 'di@@', 'apos@@', 'iti@@', 'ves', 'qui', 'montr@@', 'aient', 'que', 'la', 'cal@@', 'ot@@', 'te', 'gl@@', 'ac@@', 'ière', 'ar@@', 'c@@', 'tique', ',', 'qui', 'pendant', 'ces', '3', 'derniers', 'millions', 'd&apos;', 'année', 'avait', 'la', 'taille', 'des', 'Etats-Unis', 'sans', 'l&apos;', 'Al@@', 'as@@', 'ka', ',', 'qui', 'pendant', 'ces', '3', 'derniers', 'millions', 'd&apos;', 'année', 'avait', 'la', 'taille', 'des', 'Etats-Unis', 'sans', 'l&apos;', 'Al@@', 'as@@', 'ka', ',', 'avait', 'di@@', 'minu@@', 'é', 'de', '40', '%', '.']
2026-05-14 12:32:03,831 - DEBUG - joeynmt.training - 	Tokenized hypothesis: ['L&apos;', 'année', 'dernière', ',', 'j&apos;', 'ai', 'montré', 'ces', 'deux', 'di@@', 'apos@@', 'iti@@', 'ves', 'pour', 'dé@@', 'montrer', 'que', 'la', 'glace', 'ar@@', 'c@@', 'tique', ',', 'qui', 'pour', 'la', 'plupart', 'des', 'trois', 'millions', 'd&apos;', 'années', 'a', 'été', 'la', 'taille', 'de', '4@@', '8', ',', 'a', 'dé@@', 'mon@@', 'str@@', 'ation', 'par', '40', '%', '.', '</s>']
2026-05-14 12:32:03,831 - INFO - joeynmt.training - 	Source:     Last year I showed these two slides so that demonstrate that the arctic ice cap , which for most of the last three million years has been the size of the lower 48 states , has shrunk by 40 percent .
2026-05-14 12:32:03,831 - INFO - joeynmt.training - 	Reference:  L&apos; année dernière , je vous ai présenté ces deux diapositives qui montraient que la calotte glacière arctique , qui pendant ces 3 derniers millions d&apos; année avait la taille des Etats-Unis sans l&apos; Alaska , qui pendant ces 3 derniers millions d&apos; année avait la taille des Etats-Unis sans l&apos; Alaska , avait diminué de 40 % .
2026-05-14 12:32:03,831 - INFO - joeynmt.training - 	Hypothesis: L&apos; année dernière , j&apos; ai montré ces deux diapositives pour démontrer que la glace arctique , qui pour la plupart des trois millions d&apos; années a été la taille de 48 , a démonstration par 40 % .
2026-05-14 12:32:03,831 - INFO - joeynmt.training - Example #1
2026-05-14 12:32:03,831 - DEBUG - joeynmt.training - 	Tokenized source:     ['But', 'this', 'underst@@', 'ates', 'the', 'seri@@', 'ousness', 'of', 'this', 'particular', 'problem', 'because', 'it', 'doesn', '&apos;t', 'show', 'the', 'th@@', 'ick@@', 'ness', 'of', 'the', 'ice', '.']
2026-05-14 12:32:03,831 - DEBUG - joeynmt.training - 	Tokenized reference:  ['Mais', 'ceci', 'tend', 'à', 'a@@', 'mo@@', 'ind@@', 'rir', 'le', 'problème', 'parce', 'qu&apos;', 'on', 'ne', 'voit', 'pas', 'l&apos;', 'ép@@', 'aiss@@', 'eur', 'de', 'la', 'glace', '.']
2026-05-14 12:32:03,831 - DEBUG - joeynmt.training - 	Tokenized hypothesis: ['Mais', 'cela', 'a', 'compris', 'le', 'sérieux', 'problème', 'de', 'ce', 'problème', 'en', 'particulier', 'parce', 'qu&apos;', 'elle', 'ne', 'montre', 'pas', 'la', 'dé@@', 'marche', 'de', 'la', 'glace', '.', '</s>']
2026-05-14 12:32:03,831 - INFO - joeynmt.training - 	Source:     But this understates the seriousness of this particular problem because it doesn &apos;t show the thickness of the ice .
2026-05-14 12:32:03,831 - INFO - joeynmt.training - 	Reference:  Mais ceci tend à amoindrir le problème parce qu&apos; on ne voit pas l&apos; épaisseur de la glace .
2026-05-14 12:32:03,831 - INFO - joeynmt.training - 	Hypothesis: Mais cela a compris le sérieux problème de ce problème en particulier parce qu&apos; elle ne montre pas la démarche de la glace .
2026-05-14 12:32:03,831 - INFO - joeynmt.training - Example #2
2026-05-14 12:32:03,831 - DEBUG - joeynmt.training - 	Tokenized source:     ['The', 'ar@@', 'c@@', 'tic', 'ice', 'ca@@', 'p', 'is', ',', 'in', 'a', 'sense', ',', 'the', 'be@@', 'ating', 'heart', 'of', 'the', 'global', 'climate', 'system', '.']
2026-05-14 12:32:03,831 - DEBUG - joeynmt.training - 	Tokenized reference:  ['On', 'peut', 'voir', 'la', 'cal@@', 'ot@@', 'te', 'gl@@', 'ac@@', 'ière', 'ar@@', 'c@@', 'tique', 'comme', 'le', 'coeur', 'du', 'système', 'climatique', 'global', '.', 'On', 'peut', 'voir', 'la', 'cal@@', 'ot@@', 'te', 'gl@@', 'ac@@', 'ière', 'ar@@', 'c@@', 'tique', 'comme', 'le', 'coeur', 'du', 'système', 'climatique', 'global', '.']
2026-05-14 12:32:03,831 - DEBUG - joeynmt.training - 	Tokenized hypothesis: ['La', 'glace', 'ar@@', 'c@@', 'tique', 'ar@@', 'c@@', 'tique', 'est', ',', 'dans', 'un', 'sens', ',', 'le', 'coeur', 'du', 'système', 'climatique', '.', '</s>']
2026-05-14 12:32:03,831 - INFO - joeynmt.training - 	Source:     The arctic ice cap is , in a sense , the beating heart of the global climate system .
2026-05-14 12:32:03,831 - INFO - joeynmt.training - 	Reference:  On peut voir la calotte glacière arctique comme le coeur du système climatique global . On peut voir la calotte glacière arctique comme le coeur du système climatique global .
2026-05-14 12:32:03,831 - INFO - joeynmt.training - 	Hypothesis: La glace arctique arctique est , dans un sens , le coeur du système climatique .
2026-05-14 12:32:03,831 - INFO - joeynmt.training - Example #3
2026-05-14 12:32:03,831 - DEBUG - joeynmt.training - 	Tokenized source:     ['It', 'exp@@', 'ands', 'in', 'w@@', 'int@@', 'er', 'and', 'contr@@', 'acts', 'in', 'summer', '.']
2026-05-14 12:32:03,831 - DEBUG - joeynmt.training - 	Tokenized reference:  ['Elle', 's&apos;', 'ét@@', 'end', 'en', 'hi@@', 'ver', 'et', 'se', 'contr@@', 'acte', 'en', 'été', '.']
2026-05-14 12:32:03,831 - DEBUG - joeynmt.training - 	Tokenized hypothesis: ['Elle', 's&apos;', 'ét@@', 'end', 'dans', 'l&apos;', 'hi@@', 'ver', 'et', 'contr@@', 'ain@@', 'te', 'en', 'été', '.', '</s>']
2026-05-14 12:32:03,831 - INFO - joeynmt.training - 	Source:     It expands in winter and contracts in summer .
2026-05-14 12:32:03,831 - INFO - joeynmt.training - 	Reference:  Elle s&apos; étend en hiver et se contracte en été .
2026-05-14 12:32:03,832 - INFO - joeynmt.training - 	Hypothesis: Elle s&apos; étend dans l&apos; hiver et contrainte en été .
2026-05-14 12:32:03,832 - INFO - joeynmt.training - Example #4
2026-05-14 12:32:03,832 - DEBUG - joeynmt.training - 	Tokenized source:     ['The', 'next', 'slide', 'I', 'show', 'you', 'will', 'be', 'a', 'rap@@', 'id', 'fas@@', 't-@@', 'forward', 'of', 'what', '&apos;s', 'happened', 'over', 'the', 'last', '25', 'years', '.']
2026-05-14 12:32:03,832 - DEBUG - joeynmt.training - 	Tokenized reference:  ['La', 'prochaine', 'di@@', 'apos@@', 'itive', 'que', 'je', 'vais', 'vous', 'montrer', 'est', 'une', 'vue', 'en', 'accél@@', 'éré', 'de', 'ce', 'qui', 's&apos;', 'est', 'passé', 'ces', '25', 'dernières', 'années', '.']
2026-05-14 12:32:03,832 - DEBUG - joeynmt.training - 	Tokenized hypothesis: ['La', 'di@@', 'apos@@', 'itive', 'que', 'je', 'vais', 'vous', 'montrer', 'sera', 'un', 'rapide', 'rapide', 'de', 'ce', 'qui', 'est', 'passé', 'pendant', 'les', '25', 'dernières', 'années', '.', '</s>']
2026-05-14 12:32:03,832 - INFO - joeynmt.training - 	Source:     The next slide I show you will be a rapid fast-forward of what &apos;s happened over the last 25 years .
2026-05-14 12:32:03,832 - INFO - joeynmt.training - 	Reference:  La prochaine diapositive que je vais vous montrer est une vue en accéléré de ce qui s&apos; est passé ces 25 dernières années .
2026-05-14 12:32:03,832 - INFO - joeynmt.training - 	Hypothesis: La diapositive que je vais vous montrer sera un rapide rapide de ce qui est passé pendant les 25 dernières années .
2026-05-14 12:32:20,668 - INFO - joeynmt.training - Epoch   5, Step:    15600, Batch Loss:     1.529165, Batch Acc: 0.617952, Tokens per Sec:     4331, Lr: 0.000300
2026-05-14 12:32:37,581 - INFO - joeynmt.training - Epoch   5, Step:    15700, Batch Loss:     1.316328, Batch Acc: 0.614604, Tokens per Sec:     4380, Lr: 0.000300
2026-05-14 12:32:54,599 - INFO - joeynmt.training - Epoch   5, Step:    15800, Batch Loss:     1.573714, Batch Acc: 0.617315, Tokens per Sec:     4617, Lr: 0.000300
2026-05-14 12:33:11,461 - INFO - joeynmt.training - Epoch   5, Step:    15900, Batch Loss:     1.388213, Batch Acc: 0.612255, Tokens per Sec:     4317, Lr: 0.000300
2026-05-14 12:33:28,480 - INFO - joeynmt.training - Epoch   5, Step:    16000, Batch Loss:     1.333657, Batch Acc: 0.613053, Tokens per Sec:     4330, Lr: 0.000300
2026-05-14 12:33:28,480 - WARNING - joeynmt.helpers - `alpha` option is obsolete. Please use `beam_alpha`, instead.
2026-05-14 12:33:28,480 - INFO - joeynmt.prediction - Predicting 890 example(s)... (Greedy decoding with min_output_length=1, max_output_length=-1, return_prob='none', generate_unk=True, repetition_penalty=-1, no_repeat_ngram_size=-1)
2026-05-14 12:34:08,962 - INFO - joeynmt.prediction - Evaluation result (greedy) loss:   1.75, ppl:   5.75, acc:   0.54, generation: 40.4778[sec], evaluation: 0.0000[sec]
2026-05-14 12:34:08,963 - INFO - joeynmt.training - Hooray! New best validation result [ppl]!
2026-05-14 12:34:09,028 - INFO - joeynmt.helpers - delete models/bpe_8k/13000.ckpt
2026-05-14 12:34:09,031 - INFO - joeynmt.training - Example #0
2026-05-14 12:34:09,031 - DEBUG - joeynmt.training - 	Tokenized source:     ['L@@', 'ast', 'year', 'I', 'showed', 'these', 'two', 'sli@@', 'des', 'so', 'that', 'demonstr@@', 'ate', 'that', 'the', 'ar@@', 'c@@', 'tic', 'ice', 'ca@@', 'p', ',', 'which', 'for', 'most', 'of', 'the', 'last', 'three', 'million', 'years', 'has', 'been', 'the', 'size', 'of', 'the', 'lower', '4@@', '8', 'states', ',', 'has', 'sh@@', 'run@@', 'k', 'by', '40', 'percent', '.']
2026-05-14 12:34:09,031 - DEBUG - joeynmt.training - 	Tokenized reference:  ['L&apos;', 'année', 'dernière', ',', 'je', 'vous', 'ai', 'présent@@', 'é', 'ces', 'deux', 'di@@', 'apos@@', 'iti@@', 'ves', 'qui', 'montr@@', 'aient', 'que', 'la', 'cal@@', 'ot@@', 'te', 'gl@@', 'ac@@', 'ière', 'ar@@', 'c@@', 'tique', ',', 'qui', 'pendant', 'ces', '3', 'derniers', 'millions', 'd&apos;', 'année', 'avait', 'la', 'taille', 'des', 'Etats-Unis', 'sans', 'l&apos;', 'Al@@', 'as@@', 'ka', ',', 'qui', 'pendant', 'ces', '3', 'derniers', 'millions', 'd&apos;', 'année', 'avait', 'la', 'taille', 'des', 'Etats-Unis', 'sans', 'l&apos;', 'Al@@', 'as@@', 'ka', ',', 'avait', 'di@@', 'minu@@', 'é', 'de', '40', '%', '.']
2026-05-14 12:34:09,031 - DEBUG - joeynmt.training - 	Tokenized hypothesis: ['L&apos;', 'année', 'dernière', ',', 'j&apos;', 'ai', 'montré', 'ces', 'deux', 'di@@', 'apos@@', 'iti@@', 'ves', 'pour', 'dé@@', 'montrer', 'que', 'la', 'glace', 'ar@@', 'c@@', 'tique', ',', 'qui', 'depuis', 'la', 'plupart', 'des', 'trois', 'millions', 'd&apos;', 'années', 'a', 'été', 'la', 'taille', 'de', 'la', 'taille', 'du', 'plus', 'bas', 'de', '4@@', '8', ',', 'a', 'des', 'ét@@', 'ats', 'de', '40', '%', '.', '</s>']
2026-05-14 12:34:09,031 - INFO - joeynmt.training - 	Source:     Last year I showed these two slides so that demonstrate that the arctic ice cap , which for most of the last three million years has been the size of the lower 48 states , has shrunk by 40 percent .
2026-05-14 12:34:09,031 - INFO - joeynmt.training - 	Reference:  L&apos; année dernière , je vous ai présenté ces deux diapositives qui montraient que la calotte glacière arctique , qui pendant ces 3 derniers millions d&apos; année avait la taille des Etats-Unis sans l&apos; Alaska , qui pendant ces 3 derniers millions d&apos; année avait la taille des Etats-Unis sans l&apos; Alaska , avait diminué de 40 % .
2026-05-14 12:34:09,031 - INFO - joeynmt.training - 	Hypothesis: L&apos; année dernière , j&apos; ai montré ces deux diapositives pour démontrer que la glace arctique , qui depuis la plupart des trois millions d&apos; années a été la taille de la taille du plus bas de 48 , a des états de 40 % .
2026-05-14 12:34:09,031 - INFO - joeynmt.training - Example #1
2026-05-14 12:34:09,031 - DEBUG - joeynmt.training - 	Tokenized source:     ['But', 'this', 'underst@@', 'ates', 'the', 'seri@@', 'ousness', 'of', 'this', 'particular', 'problem', 'because', 'it', 'doesn', '&apos;t', 'show', 'the', 'th@@', 'ick@@', 'ness', 'of', 'the', 'ice', '.']
2026-05-14 12:34:09,031 - DEBUG - joeynmt.training - 	Tokenized reference:  ['Mais', 'ceci', 'tend', 'à', 'a@@', 'mo@@', 'ind@@', 'rir', 'le', 'problème', 'parce', 'qu&apos;', 'on', 'ne', 'voit', 'pas', 'l&apos;', 'ép@@', 'aiss@@', 'eur', 'de', 'la', 'glace', '.']
2026-05-14 12:34:09,031 - DEBUG - joeynmt.training - 	Tokenized hypothesis: ['Mais', 'cela', 'comprend', 'le', 'sérieux', 'de', 'ce', 'problème', 'particulier', 'parce', 'que', 'cela', 'ne', 'montre', 'pas', 'la', 'pou@@', 'le', 'de', 'la', 'glace', '.', '</s>']
2026-05-14 12:34:09,031 - INFO - joeynmt.training - 	Source:     But this understates the seriousness of this particular problem because it doesn &apos;t show the thickness of the ice .
2026-05-14 12:34:09,031 - INFO - joeynmt.training - 	Reference:  Mais ceci tend à amoindrir le problème parce qu&apos; on ne voit pas l&apos; épaisseur de la glace .
2026-05-14 12:34:09,031 - INFO - joeynmt.training - 	Hypothesis: Mais cela comprend le sérieux de ce problème particulier parce que cela ne montre pas la poule de la glace .
2026-05-14 12:34:09,031 - INFO - joeynmt.training - Example #2
2026-05-14 12:34:09,031 - DEBUG - joeynmt.training - 	Tokenized source:     ['The', 'ar@@', 'c@@', 'tic', 'ice', 'ca@@', 'p', 'is', ',', 'in', 'a', 'sense', ',', 'the', 'be@@', 'ating', 'heart', 'of', 'the', 'global', 'climate', 'system', '.']
2026-05-14 12:34:09,031 - DEBUG - joeynmt.training - 	Tokenized reference:  ['On', 'peut', 'voir', 'la', 'cal@@', 'ot@@', 'te', 'gl@@', 'ac@@', 'ière', 'ar@@', 'c@@', 'tique', 'comme', 'le', 'coeur', 'du', 'système', 'climatique', 'global', '.', 'On', 'peut', 'voir', 'la', 'cal@@', 'ot@@', 'te', 'gl@@', 'ac@@', 'ière', 'ar@@', 'c@@', 'tique', 'comme', 'le', 'coeur', 'du', 'système', 'climatique', 'global', '.']
2026-05-14 12:34:09,031 - DEBUG - joeynmt.training - 	Tokenized hypothesis: ['La', 'gâ@@', 'che', 'ar@@', 'c@@', 'tique', 'est', ',', 'dans', 'un', 'sens', ',', 'le', 'coeur', 'du', 'système', 'climatique', '.', '</s>']
2026-05-14 12:34:09,031 - INFO - joeynmt.training - 	Source:     The arctic ice cap is , in a sense , the beating heart of the global climate system .
2026-05-14 12:34:09,031 - INFO - joeynmt.training - 	Reference:  On peut voir la calotte glacière arctique comme le coeur du système climatique global . On peut voir la calotte glacière arctique comme le coeur du système climatique global .
2026-05-14 12:34:09,031 - INFO - joeynmt.training - 	Hypothesis: La gâche arctique est , dans un sens , le coeur du système climatique .
2026-05-14 12:34:09,031 - INFO - joeynmt.training - Example #3
2026-05-14 12:34:09,031 - DEBUG - joeynmt.training - 	Tokenized source:     ['It', 'exp@@', 'ands', 'in', 'w@@', 'int@@', 'er', 'and', 'contr@@', 'acts', 'in', 'summer', '.']
2026-05-14 12:34:09,031 - DEBUG - joeynmt.training - 	Tokenized reference:  ['Elle', 's&apos;', 'ét@@', 'end', 'en', 'hi@@', 'ver', 'et', 'se', 'contr@@', 'acte', 'en', 'été', '.']
2026-05-14 12:34:09,031 - DEBUG - joeynmt.training - 	Tokenized hypothesis: ['Il', 's&apos;', 'ét@@', 'end', 'dans', 'l&apos;', 'hi@@', 'ver', 'et', 'contr@@', 'at', 'en', 'été', '.', '</s>']
2026-05-14 12:34:09,032 - INFO - joeynmt.training - 	Source:     It expands in winter and contracts in summer .
2026-05-14 12:34:09,032 - INFO - joeynmt.training - 	Reference:  Elle s&apos; étend en hiver et se contracte en été .
2026-05-14 12:34:09,032 - INFO - joeynmt.training - 	Hypothesis: Il s&apos; étend dans l&apos; hiver et contrat en été .
2026-05-14 12:34:09,032 - INFO - joeynmt.training - Example #4
2026-05-14 12:34:09,032 - DEBUG - joeynmt.training - 	Tokenized source:     ['The', 'next', 'slide', 'I', 'show', 'you', 'will', 'be', 'a', 'rap@@', 'id', 'fas@@', 't-@@', 'forward', 'of', 'what', '&apos;s', 'happened', 'over', 'the', 'last', '25', 'years', '.']
2026-05-14 12:34:09,032 - DEBUG - joeynmt.training - 	Tokenized reference:  ['La', 'prochaine', 'di@@', 'apos@@', 'itive', 'que', 'je', 'vais', 'vous', 'montrer', 'est', 'une', 'vue', 'en', 'accél@@', 'éré', 'de', 'ce', 'qui', 's&apos;', 'est', 'passé', 'ces', '25', 'dernières', 'années', '.']
2026-05-14 12:34:09,032 - DEBUG - joeynmt.training - 	Tokenized hypothesis: ['La', 'prochaine', 'di@@', 'apos@@', 'itive', 'que', 'je', 'vous', 'montre', 'qu&apos;', 'il', 'est', 'un', 'rap@@', 'proche', 'de', 'ce', 'qui', 'est', 'arrivé', 'depuis', 'les', '25', 'dernières', 'années', '.', '</s>']
2026-05-14 12:34:09,032 - INFO - joeynmt.training - 	Source:     The next slide I show you will be a rapid fast-forward of what &apos;s happened over the last 25 years .
2026-05-14 12:34:09,032 - INFO - joeynmt.training - 	Reference:  La prochaine diapositive que je vais vous montrer est une vue en accéléré de ce qui s&apos; est passé ces 25 dernières années .
2026-05-14 12:34:09,032 - INFO - joeynmt.training - 	Hypothesis: La prochaine diapositive que je vous montre qu&apos; il est un rapproche de ce qui est arrivé depuis les 25 dernières années .
2026-05-14 12:34:26,189 - INFO - joeynmt.training - Epoch   5, Step:    16100, Batch Loss:     1.424542, Batch Acc: 0.612193, Tokens per Sec:     4488, Lr: 0.000300
2026-05-14 12:34:43,441 - INFO - joeynmt.training - Epoch   5, Step:    16200, Batch Loss:     1.284708, Batch Acc: 0.616497, Tokens per Sec:     4510, Lr: 0.000300
2026-05-14 12:35:00,904 - INFO - joeynmt.training - Epoch   5, Step:    16300, Batch Loss:     1.509678, Batch Acc: 0.614238, Tokens per Sec:     4369, Lr: 0.000300
2026-05-14 12:35:18,043 - INFO - joeynmt.training - Epoch   5, Step:    16400, Batch Loss:     1.361674, Batch Acc: 0.611427, Tokens per Sec:     4387, Lr: 0.000300
2026-05-14 12:35:35,382 - INFO - joeynmt.training - Epoch   5, Step:    16500, Batch Loss:     1.386323, Batch Acc: 0.615624, Tokens per Sec:     4287, Lr: 0.000300
2026-05-14 12:35:35,382 - WARNING - joeynmt.helpers - `alpha` option is obsolete. Please use `beam_alpha`, instead.
2026-05-14 12:35:35,382 - INFO - joeynmt.prediction - Predicting 890 example(s)... (Greedy decoding with min_output_length=1, max_output_length=-1, return_prob='none', generate_unk=True, repetition_penalty=-1, no_repeat_ngram_size=-1)
2026-05-14 12:36:14,043 - INFO - joeynmt.prediction - Evaluation result (greedy) loss:   1.74, ppl:   5.69, acc:   0.54, generation: 38.6566[sec], evaluation: 0.0000[sec]
2026-05-14 12:36:14,044 - INFO - joeynmt.training - Hooray! New best validation result [ppl]!
2026-05-14 12:36:14,110 - INFO - joeynmt.helpers - delete models/bpe_8k/13500.ckpt
2026-05-14 12:36:14,113 - INFO - joeynmt.training - Example #0
2026-05-14 12:36:14,113 - DEBUG - joeynmt.training - 	Tokenized source:     ['L@@', 'ast', 'year', 'I', 'showed', 'these', 'two', 'sli@@', 'des', 'so', 'that', 'demonstr@@', 'ate', 'that', 'the', 'ar@@', 'c@@', 'tic', 'ice', 'ca@@', 'p', ',', 'which', 'for', 'most', 'of', 'the', 'last', 'three', 'million', 'years', 'has', 'been', 'the', 'size', 'of', 'the', 'lower', '4@@', '8', 'states', ',', 'has', 'sh@@', 'run@@', 'k', 'by', '40', 'percent', '.']
2026-05-14 12:36:14,113 - DEBUG - joeynmt.training - 	Tokenized reference:  ['L&apos;', 'année', 'dernière', ',', 'je', 'vous', 'ai', 'présent@@', 'é', 'ces', 'deux', 'di@@', 'apos@@', 'iti@@', 'ves', 'qui', 'montr@@', 'aient', 'que', 'la', 'cal@@', 'ot@@', 'te', 'gl@@', 'ac@@', 'ière', 'ar@@', 'c@@', 'tique', ',', 'qui', 'pendant', 'ces', '3', 'derniers', 'millions', 'd&apos;', 'année', 'avait', 'la', 'taille', 'des', 'Etats-Unis', 'sans', 'l&apos;', 'Al@@', 'as@@', 'ka', ',', 'qui', 'pendant', 'ces', '3', 'derniers', 'millions', 'd&apos;', 'année', 'avait', 'la', 'taille', 'des', 'Etats-Unis', 'sans', 'l&apos;', 'Al@@', 'as@@', 'ka', ',', 'avait', 'di@@', 'minu@@', 'é', 'de', '40', '%', '.']
2026-05-14 12:36:14,113 - DEBUG - joeynmt.training - 	Tokenized hypothesis: ['L&apos;', 'année', 'dernière', ',', 'j&apos;', 'ai', 'montré', 'ces', 'deux', 'di@@', 'apos@@', 'iti@@', 'ves', 'pour', 'que', 'la', 'glace', 'ar@@', 'c@@', 'tique', ',', 'qui', 'pour', 'la', 'plupart', 'des', 'trois', 'millions', 'd&apos;', 'années', 'a', 'été', 'la', 'taille', 'des', 'ét@@', 'ats', 'de', '4@@', '8', ',', 'a', 'dé@@', 'montré', 'par', '40', '%', '.', '</s>']
2026-05-14 12:36:14,114 - INFO - joeynmt.training - 	Source:     Last year I showed these two slides so that demonstrate that the arctic ice cap , which for most of the last three million years has been the size of the lower 48 states , has shrunk by 40 percent .
2026-05-14 12:36:14,114 - INFO - joeynmt.training - 	Reference:  L&apos; année dernière , je vous ai présenté ces deux diapositives qui montraient que la calotte glacière arctique , qui pendant ces 3 derniers millions d&apos; année avait la taille des Etats-Unis sans l&apos; Alaska , qui pendant ces 3 derniers millions d&apos; année avait la taille des Etats-Unis sans l&apos; Alaska , avait diminué de 40 % .
2026-05-14 12:36:14,114 - INFO - joeynmt.training - 	Hypothesis: L&apos; année dernière , j&apos; ai montré ces deux diapositives pour que la glace arctique , qui pour la plupart des trois millions d&apos; années a été la taille des états de 48 , a démontré par 40 % .
2026-05-14 12:36:14,114 - INFO - joeynmt.training - Example #1
2026-05-14 12:36:14,114 - DEBUG - joeynmt.training - 	Tokenized source:     ['But', 'this', 'underst@@', 'ates', 'the', 'seri@@', 'ousness', 'of', 'this', 'particular', 'problem', 'because', 'it', 'doesn', '&apos;t', 'show', 'the', 'th@@', 'ick@@', 'ness', 'of', 'the', 'ice', '.']
2026-05-14 12:36:14,114 - DEBUG - joeynmt.training - 	Tokenized reference:  ['Mais', 'ceci', 'tend', 'à', 'a@@', 'mo@@', 'ind@@', 'rir', 'le', 'problème', 'parce', 'qu&apos;', 'on', 'ne', 'voit', 'pas', 'l&apos;', 'ép@@', 'aiss@@', 'eur', 'de', 'la', 'glace', '.']
2026-05-14 12:36:14,114 - DEBUG - joeynmt.training - 	Tokenized hypothesis: ['Mais', 'cela', 'comprend', 'le', 'sérieux', 'de', 'ce', 'problème', 'particulier', 'parce', 'qu&apos;', 'il', 'ne', 'montre', 'pas', 'la', 'pou@@', 'sse', 'de', 'la', 'glace', '.', '</s>']
2026-05-14 12:36:14,114 - INFO - joeynmt.training - 	Source:     But this understates the seriousness of this particular problem because it doesn &apos;t show the thickness of the ice .
2026-05-14 12:36:14,114 - INFO - joeynmt.training - 	Reference:  Mais ceci tend à amoindrir le problème parce qu&apos; on ne voit pas l&apos; épaisseur de la glace .
2026-05-14 12:36:14,114 - INFO - joeynmt.training - 	Hypothesis: Mais cela comprend le sérieux de ce problème particulier parce qu&apos; il ne montre pas la pousse de la glace .
2026-05-14 12:36:14,114 - INFO - joeynmt.training - Example #2
2026-05-14 12:36:14,114 - DEBUG - joeynmt.training - 	Tokenized source:     ['The', 'ar@@', 'c@@', 'tic', 'ice', 'ca@@', 'p', 'is', ',', 'in', 'a', 'sense', ',', 'the', 'be@@', 'ating', 'heart', 'of', 'the', 'global', 'climate', 'system', '.']
2026-05-14 12:36:14,114 - DEBUG - joeynmt.training - 	Tokenized reference:  ['On', 'peut', 'voir', 'la', 'cal@@', 'ot@@', 'te', 'gl@@', 'ac@@', 'ière', 'ar@@', 'c@@', 'tique', 'comme', 'le', 'coeur', 'du', 'système', 'climatique', 'global', '.', 'On', 'peut', 'voir', 'la', 'cal@@', 'ot@@', 'te', 'gl@@', 'ac@@', 'ière', 'ar@@', 'c@@', 'tique', 'comme', 'le', 'coeur', 'du', 'système', 'climatique', 'global', '.']
2026-05-14 12:36:14,114 - DEBUG - joeynmt.training - 	Tokenized hypothesis: ['La', 'glace', 'ar@@', 'c@@', 'tique', 'ar@@', 'c@@', 'tique', 'est', ',', 'dans', 'un', 'sens', ',', 'le', 'coeur', 'du', 'système', 'du', 'climat', '.', '</s>']
2026-05-14 12:36:14,114 - INFO - joeynmt.training - 	Source:     The arctic ice cap is , in a sense , the beating heart of the global climate system .
2026-05-14 12:36:14,114 - INFO - joeynmt.training - 	Reference:  On peut voir la calotte glacière arctique comme le coeur du système climatique global . On peut voir la calotte glacière arctique comme le coeur du système climatique global .
2026-05-14 12:36:14,114 - INFO - joeynmt.training - 	Hypothesis: La glace arctique arctique est , dans un sens , le coeur du système du climat .
2026-05-14 12:36:14,114 - INFO - joeynmt.training - Example #3
2026-05-14 12:36:14,114 - DEBUG - joeynmt.training - 	Tokenized source:     ['It', 'exp@@', 'ands', 'in', 'w@@', 'int@@', 'er', 'and', 'contr@@', 'acts', 'in', 'summer', '.']
2026-05-14 12:36:14,114 - DEBUG - joeynmt.training - 	Tokenized reference:  ['Elle', 's&apos;', 'ét@@', 'end', 'en', 'hi@@', 'ver', 'et', 'se', 'contr@@', 'acte', 'en', 'été', '.']
2026-05-14 12:36:14,114 - DEBUG - joeynmt.training - 	Tokenized hypothesis: ['Elle', 's&apos;', 'ét@@', 'end', 'en', 'hi@@', 'ver', 'et', 'contr@@', 'acter', 'en', 'été', '.', '</s>']
2026-05-14 12:36:14,114 - INFO - joeynmt.training - 	Source:     It expands in winter and contracts in summer .
2026-05-14 12:36:14,114 - INFO - joeynmt.training - 	Reference:  Elle s&apos; étend en hiver et se contracte en été .
2026-05-14 12:36:14,114 - INFO - joeynmt.training - 	Hypothesis: Elle s&apos; étend en hiver et contracter en été .
2026-05-14 12:36:14,114 - INFO - joeynmt.training - Example #4
2026-05-14 12:36:14,114 - DEBUG - joeynmt.training - 	Tokenized source:     ['The', 'next', 'slide', 'I', 'show', 'you', 'will', 'be', 'a', 'rap@@', 'id', 'fas@@', 't-@@', 'forward', 'of', 'what', '&apos;s', 'happened', 'over', 'the', 'last', '25', 'years', '.']
2026-05-14 12:36:14,114 - DEBUG - joeynmt.training - 	Tokenized reference:  ['La', 'prochaine', 'di@@', 'apos@@', 'itive', 'que', 'je', 'vais', 'vous', 'montrer', 'est', 'une', 'vue', 'en', 'accél@@', 'éré', 'de', 'ce', 'qui', 's&apos;', 'est', 'passé', 'ces', '25', 'dernières', 'années', '.']
2026-05-14 12:36:14,114 - DEBUG - joeynmt.training - 	Tokenized hypothesis: ['La', 'prochaine', 'di@@', 'ap@@', 'o', 'que', 'je', 'vous', 'montre', 'que', 'vous', 'ser@@', 'ez', 'un', 'rapide', 'rapide', 'de', 'ce', 'qui', 'est', 'arrivé', 'au', 'cours', 'des', '25', 'dernières', 'années', '.', '</s>']
2026-05-14 12:36:14,114 - INFO - joeynmt.training - 	Source:     The next slide I show you will be a rapid fast-forward of what &apos;s happened over the last 25 years .
2026-05-14 12:36:14,114 - INFO - joeynmt.training - 	Reference:  La prochaine diapositive que je vais vous montrer est une vue en accéléré de ce qui s&apos; est passé ces 25 dernières années .
2026-05-14 12:36:14,114 - INFO - joeynmt.training - 	Hypothesis: La prochaine diapo que je vous montre que vous serez un rapide rapide de ce qui est arrivé au cours des 25 dernières années .
2026-05-14 12:36:30,698 - INFO - joeynmt.training - Epoch   5, Step:    16600, Batch Loss:     1.306973, Batch Acc: 0.613314, Tokens per Sec:     4400, Lr: 0.000300
2026-05-14 12:36:47,346 - INFO - joeynmt.training - Epoch   5, Step:    16700, Batch Loss:     1.468834, Batch Acc: 0.610523, Tokens per Sec:     4518, Lr: 0.000300
2026-05-14 12:37:04,800 - INFO - joeynmt.training - Epoch   5, Step:    16800, Batch Loss:     1.335079, Batch Acc: 0.609338, Tokens per Sec:     4236, Lr: 0.000300
2026-05-14 12:37:21,434 - INFO - joeynmt.training - Epoch   5, Step:    16900, Batch Loss:     1.180574, Batch Acc: 0.613511, Tokens per Sec:     4569, Lr: 0.000300
2026-05-14 12:37:38,663 - INFO - joeynmt.training - Epoch   5, Step:    17000, Batch Loss:     1.380695, Batch Acc: 0.614361, Tokens per Sec:     4495, Lr: 0.000300
2026-05-14 12:37:38,664 - WARNING - joeynmt.helpers - `alpha` option is obsolete. Please use `beam_alpha`, instead.
2026-05-14 12:37:38,664 - INFO - joeynmt.prediction - Predicting 890 example(s)... (Greedy decoding with min_output_length=1, max_output_length=-1, return_prob='none', generate_unk=True, repetition_penalty=-1, no_repeat_ngram_size=-1)
2026-05-14 12:38:22,129 - INFO - joeynmt.prediction - Evaluation result (greedy) loss:   1.73, ppl:   5.66, acc:   0.54, generation: 43.4605[sec], evaluation: 0.0000[sec]
2026-05-14 12:38:22,129 - INFO - joeynmt.training - Hooray! New best validation result [ppl]!
2026-05-14 12:38:22,195 - INFO - joeynmt.helpers - delete models/bpe_8k/15000.ckpt
2026-05-14 12:38:22,196 - INFO - joeynmt.training - Example #0
2026-05-14 12:38:22,196 - DEBUG - joeynmt.training - 	Tokenized source:     ['L@@', 'ast', 'year', 'I', 'showed', 'these', 'two', 'sli@@', 'des', 'so', 'that', 'demonstr@@', 'ate', 'that', 'the', 'ar@@', 'c@@', 'tic', 'ice', 'ca@@', 'p', ',', 'which', 'for', 'most', 'of', 'the', 'last', 'three', 'million', 'years', 'has', 'been', 'the', 'size', 'of', 'the', 'lower', '4@@', '8', 'states', ',', 'has', 'sh@@', 'run@@', 'k', 'by', '40', 'percent', '.']
2026-05-14 12:38:22,196 - DEBUG - joeynmt.training - 	Tokenized reference:  ['L&apos;', 'année', 'dernière', ',', 'je', 'vous', 'ai', 'présent@@', 'é', 'ces', 'deux', 'di@@', 'apos@@', 'iti@@', 'ves', 'qui', 'montr@@', 'aient', 'que', 'la', 'cal@@', 'ot@@', 'te', 'gl@@', 'ac@@', 'ière', 'ar@@', 'c@@', 'tique', ',', 'qui', 'pendant', 'ces', '3', 'derniers', 'millions', 'd&apos;', 'année', 'avait', 'la', 'taille', 'des', 'Etats-Unis', 'sans', 'l&apos;', 'Al@@', 'as@@', 'ka', ',', 'qui', 'pendant', 'ces', '3', 'derniers', 'millions', 'd&apos;', 'année', 'avait', 'la', 'taille', 'des', 'Etats-Unis', 'sans', 'l&apos;', 'Al@@', 'as@@', 'ka', ',', 'avait', 'di@@', 'minu@@', 'é', 'de', '40', '%', '.']
2026-05-14 12:38:22,196 - DEBUG - joeynmt.training - 	Tokenized hypothesis: ['L&apos;', 'année', 'dernière', ',', 'j&apos;', 'ai', 'montré', 'ces', 'deux', 'di@@', 'apos@@', 'iti@@', 'ves', 'pour', 'que', 'la', 'glace', 'ar@@', 'c@@', 'tique', ',', 'qui', 'pour', 'la', 'plupart', 'des', 'trois', 'millions', 'd&apos;', 'années', 'a', 'été', 'la', 'taille', 'des', '4@@', '8', 'ét@@', 'ats', ',', 'a', 'dé@@', 'dé@@', 'mon@@', 'str@@', 'ation', 'par', '40', '%', '.', '</s>']
2026-05-14 12:38:22,196 - INFO - joeynmt.training - 	Source:     Last year I showed these two slides so that demonstrate that the arctic ice cap , which for most of the last three million years has been the size of the lower 48 states , has shrunk by 40 percent .
2026-05-14 12:38:22,196 - INFO - joeynmt.training - 	Reference:  L&apos; année dernière , je vous ai présenté ces deux diapositives qui montraient que la calotte glacière arctique , qui pendant ces 3 derniers millions d&apos; année avait la taille des Etats-Unis sans l&apos; Alaska , qui pendant ces 3 derniers millions d&apos; année avait la taille des Etats-Unis sans l&apos; Alaska , avait diminué de 40 % .
2026-05-14 12:38:22,196 - INFO - joeynmt.training - 	Hypothesis: L&apos; année dernière , j&apos; ai montré ces deux diapositives pour que la glace arctique , qui pour la plupart des trois millions d&apos; années a été la taille des 48 états , a dédémonstration par 40 % .
2026-05-14 12:38:22,196 - INFO - joeynmt.training - Example #1
2026-05-14 12:38:22,196 - DEBUG - joeynmt.training - 	Tokenized source:     ['But', 'this', 'underst@@', 'ates', 'the', 'seri@@', 'ousness', 'of', 'this', 'particular', 'problem', 'because', 'it', 'doesn', '&apos;t', 'show', 'the', 'th@@', 'ick@@', 'ness', 'of', 'the', 'ice', '.']
2026-05-14 12:38:22,196 - DEBUG - joeynmt.training - 	Tokenized reference:  ['Mais', 'ceci', 'tend', 'à', 'a@@', 'mo@@', 'ind@@', 'rir', 'le', 'problème', 'parce', 'qu&apos;', 'on', 'ne', 'voit', 'pas', 'l&apos;', 'ép@@', 'aiss@@', 'eur', 'de', 'la', 'glace', '.']
2026-05-14 12:38:22,196 - DEBUG - joeynmt.training - 	Tokenized hypothesis: ['Mais', 'ça', 'comprend', 'le', 'sérieux', 'sérieux', 'du', 'problème', 'parce', 'que', 'ça', 'ne', 'montre', 'pas', 'la', 'pou@@', 'let', 'de', 'la', 'glace', '.', '</s>']
2026-05-14 12:38:22,196 - INFO - joeynmt.training - 	Source:     But this understates the seriousness of this particular problem because it doesn &apos;t show the thickness of the ice .
2026-05-14 12:38:22,196 - INFO - joeynmt.training - 	Reference:  Mais ceci tend à amoindrir le problème parce qu&apos; on ne voit pas l&apos; épaisseur de la glace .
2026-05-14 12:38:22,196 - INFO - joeynmt.training - 	Hypothesis: Mais ça comprend le sérieux sérieux du problème parce que ça ne montre pas la poulet de la glace .
2026-05-14 12:38:22,196 - INFO - joeynmt.training - Example #2
2026-05-14 12:38:22,196 - DEBUG - joeynmt.training - 	Tokenized source:     ['The', 'ar@@', 'c@@', 'tic', 'ice', 'ca@@', 'p', 'is', ',', 'in', 'a', 'sense', ',', 'the', 'be@@', 'ating', 'heart', 'of', 'the', 'global', 'climate', 'system', '.']
2026-05-14 12:38:22,196 - DEBUG - joeynmt.training - 	Tokenized reference:  ['On', 'peut', 'voir', 'la', 'cal@@', 'ot@@', 'te', 'gl@@', 'ac@@', 'ière', 'ar@@', 'c@@', 'tique', 'comme', 'le', 'coeur', 'du', 'système', 'climatique', 'global', '.', 'On', 'peut', 'voir', 'la', 'cal@@', 'ot@@', 'te', 'gl@@', 'ac@@', 'ière', 'ar@@', 'c@@', 'tique', 'comme', 'le', 'coeur', 'du', 'système', 'climatique', 'global', '.']
2026-05-14 12:38:22,196 - DEBUG - joeynmt.training - 	Tokenized hypothesis: ['La', 'glace', 'ar@@', 'c@@', 'tique', 'ar@@', 'c@@', 'tique', 'est', ',', 'dans', 'un', 'sens', ',', 'le', 'coeur', 'du', 'système', 'climatique', '.', '</s>']
2026-05-14 12:38:22,196 - INFO - joeynmt.training - 	Source:     The arctic ice cap is , in a sense , the beating heart of the global climate system .
2026-05-14 12:38:22,196 - INFO - joeynmt.training - 	Reference:  On peut voir la calotte glacière arctique comme le coeur du système climatique global . On peut voir la calotte glacière arctique comme le coeur du système climatique global .
2026-05-14 12:38:22,196 - INFO - joeynmt.training - 	Hypothesis: La glace arctique arctique est , dans un sens , le coeur du système climatique .
2026-05-14 12:38:22,196 - INFO - joeynmt.training - Example #3
2026-05-14 12:38:22,196 - DEBUG - joeynmt.training - 	Tokenized source:     ['It', 'exp@@', 'ands', 'in', 'w@@', 'int@@', 'er', 'and', 'contr@@', 'acts', 'in', 'summer', '.']
2026-05-14 12:38:22,197 - DEBUG - joeynmt.training - 	Tokenized reference:  ['Elle', 's&apos;', 'ét@@', 'end', 'en', 'hi@@', 'ver', 'et', 'se', 'contr@@', 'acte', 'en', 'été', '.']
2026-05-14 12:38:22,197 - DEBUG - joeynmt.training - 	Tokenized hypothesis: ['Elle', 's&apos;', 'ét@@', 'end', 'dans', 'l&apos;', 'hi@@', 'ver', 'et', 'contr@@', 'ats', 'en', 'été', '.', '</s>']
2026-05-14 12:38:22,197 - INFO - joeynmt.training - 	Source:     It expands in winter and contracts in summer .
2026-05-14 12:38:22,197 - INFO - joeynmt.training - 	Reference:  Elle s&apos; étend en hiver et se contracte en été .
2026-05-14 12:38:22,197 - INFO - joeynmt.training - 	Hypothesis: Elle s&apos; étend dans l&apos; hiver et contrats en été .
2026-05-14 12:38:22,197 - INFO - joeynmt.training - Example #4
2026-05-14 12:38:22,197 - DEBUG - joeynmt.training - 	Tokenized source:     ['The', 'next', 'slide', 'I', 'show', 'you', 'will', 'be', 'a', 'rap@@', 'id', 'fas@@', 't-@@', 'forward', 'of', 'what', '&apos;s', 'happened', 'over', 'the', 'last', '25', 'years', '.']
2026-05-14 12:38:22,197 - DEBUG - joeynmt.training - 	Tokenized reference:  ['La', 'prochaine', 'di@@', 'apos@@', 'itive', 'que', 'je', 'vais', 'vous', 'montrer', 'est', 'une', 'vue', 'en', 'accél@@', 'éré', 'de', 'ce', 'qui', 's&apos;', 'est', 'passé', 'ces', '25', 'dernières', 'années', '.']
2026-05-14 12:38:22,197 - DEBUG - joeynmt.training - 	Tokenized hypothesis: ['La', 'prochaine', 'di@@', 'apos@@', 'itive', 'que', 'vous', 'ser@@', 'ez', 'un', 'rap@@', 'ides', 'rapide', 'de', 'ce', 'qui', 'est', 'arrivé', 'au', 'cours', 'des', '25', 'dernières', 'années', '.', '</s>']
2026-05-14 12:38:22,197 - INFO - joeynmt.training - 	Source:     The next slide I show you will be a rapid fast-forward of what &apos;s happened over the last 25 years .
2026-05-14 12:38:22,197 - INFO - joeynmt.training - 	Reference:  La prochaine diapositive que je vais vous montrer est une vue en accéléré de ce qui s&apos; est passé ces 25 dernières années .
2026-05-14 12:38:22,197 - INFO - joeynmt.training - 	Hypothesis: La prochaine diapositive que vous serez un rapides rapide de ce qui est arrivé au cours des 25 dernières années .
2026-05-14 12:38:39,055 - INFO - joeynmt.training - Epoch   5, Step:    17100, Batch Loss:     1.468592, Batch Acc: 0.616794, Tokens per Sec:     4541, Lr: 0.000300
2026-05-14 12:38:55,926 - INFO - joeynmt.training - Epoch   5, Step:    17200, Batch Loss:     1.580006, Batch Acc: 0.605623, Tokens per Sec:     4358, Lr: 0.000300
2026-05-14 12:39:12,912 - INFO - joeynmt.training - Epoch   5, Step:    17300, Batch Loss:     1.348926, Batch Acc: 0.607872, Tokens per Sec:     4346, Lr: 0.000300
2026-05-14 12:39:29,498 - INFO - joeynmt.training - Epoch   5, Step:    17400, Batch Loss:     1.224441, Batch Acc: 0.611631, Tokens per Sec:     4544, Lr: 0.000300
2026-05-14 12:39:46,670 - INFO - joeynmt.training - Epoch   5, Step:    17500, Batch Loss:     1.515566, Batch Acc: 0.613139, Tokens per Sec:     4454, Lr: 0.000300
2026-05-14 12:39:46,671 - WARNING - joeynmt.helpers - `alpha` option is obsolete. Please use `beam_alpha`, instead.
2026-05-14 12:39:46,671 - INFO - joeynmt.prediction - Predicting 890 example(s)... (Greedy decoding with min_output_length=1, max_output_length=-1, return_prob='none', generate_unk=True, repetition_penalty=-1, no_repeat_ngram_size=-1)
2026-05-14 12:40:26,197 - INFO - joeynmt.prediction - Evaluation result (greedy) loss:   1.73, ppl:   5.61, acc:   0.54, generation: 39.5219[sec], evaluation: 0.0000[sec]
2026-05-14 12:40:26,198 - INFO - joeynmt.training - Hooray! New best validation result [ppl]!
2026-05-14 12:40:26,262 - INFO - joeynmt.helpers - delete models/bpe_8k/15500.ckpt
2026-05-14 12:40:26,265 - INFO - joeynmt.training - Example #0
2026-05-14 12:40:26,265 - DEBUG - joeynmt.training - 	Tokenized source:     ['L@@', 'ast', 'year', 'I', 'showed', 'these', 'two', 'sli@@', 'des', 'so', 'that', 'demonstr@@', 'ate', 'that', 'the', 'ar@@', 'c@@', 'tic', 'ice', 'ca@@', 'p', ',', 'which', 'for', 'most', 'of', 'the', 'last', 'three', 'million', 'years', 'has', 'been', 'the', 'size', 'of', 'the', 'lower', '4@@', '8', 'states', ',', 'has', 'sh@@', 'run@@', 'k', 'by', '40', 'percent', '.']
2026-05-14 12:40:26,265 - DEBUG - joeynmt.training - 	Tokenized reference:  ['L&apos;', 'année', 'dernière', ',', 'je', 'vous', 'ai', 'présent@@', 'é', 'ces', 'deux', 'di@@', 'apos@@', 'iti@@', 'ves', 'qui', 'montr@@', 'aient', 'que', 'la', 'cal@@', 'ot@@', 'te', 'gl@@', 'ac@@', 'ière', 'ar@@', 'c@@', 'tique', ',', 'qui', 'pendant', 'ces', '3', 'derniers', 'millions', 'd&apos;', 'année', 'avait', 'la', 'taille', 'des', 'Etats-Unis', 'sans', 'l&apos;', 'Al@@', 'as@@', 'ka', ',', 'qui', 'pendant', 'ces', '3', 'derniers', 'millions', 'd&apos;', 'année', 'avait', 'la', 'taille', 'des', 'Etats-Unis', 'sans', 'l&apos;', 'Al@@', 'as@@', 'ka', ',', 'avait', 'di@@', 'minu@@', 'é', 'de', '40', '%', '.']
2026-05-14 12:40:26,265 - DEBUG - joeynmt.training - 	Tokenized hypothesis: ['L&apos;', 'année', 'dernière', ',', 'j&apos;', 'ai', 'montré', 'ces', 'deux', 'di@@', 'a@@', 'pos', 'pour', 'cette', 'dé@@', 'mon@@', 'str@@', 'ation', 'de', 'glace', ',', 'qui', 'pour', 'la', 'plupart', 'des', 'trois', 'millions', 'd&apos;', 'années', 'a', 'été', 'la', 'taille', 'des', '4@@', '8', 'ét@@', 'ats', ',', 'a', 'dé@@', 'mon@@', 'str@@', 'ation', 'par', '40', '%', '.', '</s>']
2026-05-14 12:40:26,265 - INFO - joeynmt.training - 	Source:     Last year I showed these two slides so that demonstrate that the arctic ice cap , which for most of the last three million years has been the size of the lower 48 states , has shrunk by 40 percent .
2026-05-14 12:40:26,265 - INFO - joeynmt.training - 	Reference:  L&apos; année dernière , je vous ai présenté ces deux diapositives qui montraient que la calotte glacière arctique , qui pendant ces 3 derniers millions d&apos; année avait la taille des Etats-Unis sans l&apos; Alaska , qui pendant ces 3 derniers millions d&apos; année avait la taille des Etats-Unis sans l&apos; Alaska , avait diminué de 40 % .
2026-05-14 12:40:26,265 - INFO - joeynmt.training - 	Hypothesis: L&apos; année dernière , j&apos; ai montré ces deux diapos pour cette démonstration de glace , qui pour la plupart des trois millions d&apos; années a été la taille des 48 états , a démonstration par 40 % .
2026-05-14 12:40:26,265 - INFO - joeynmt.training - Example #1
2026-05-14 12:40:26,265 - DEBUG - joeynmt.training - 	Tokenized source:     ['But', 'this', 'underst@@', 'ates', 'the', 'seri@@', 'ousness', 'of', 'this', 'particular', 'problem', 'because', 'it', 'doesn', '&apos;t', 'show', 'the', 'th@@', 'ick@@', 'ness', 'of', 'the', 'ice', '.']
2026-05-14 12:40:26,265 - DEBUG - joeynmt.training - 	Tokenized reference:  ['Mais', 'ceci', 'tend', 'à', 'a@@', 'mo@@', 'ind@@', 'rir', 'le', 'problème', 'parce', 'qu&apos;', 'on', 'ne', 'voit', 'pas', 'l&apos;', 'ép@@', 'aiss@@', 'eur', 'de', 'la', 'glace', '.']
2026-05-14 12:40:26,265 - DEBUG - joeynmt.training - 	Tokenized hypothesis: ['Mais', 'cela', 'comprend', 'le', 'sérieux', 'de', 'ce', 'problème', 'particulier', 'parce', 'qu&apos;', 'elle', 'ne', 'montre', 'pas', 'la', 'pou@@', 'la', '.', '</s>']
2026-05-14 12:40:26,266 - INFO - joeynmt.training - 	Source:     But this understates the seriousness of this particular problem because it doesn &apos;t show the thickness of the ice .
2026-05-14 12:40:26,266 - INFO - joeynmt.training - 	Reference:  Mais ceci tend à amoindrir le problème parce qu&apos; on ne voit pas l&apos; épaisseur de la glace .
2026-05-14 12:40:26,266 - INFO - joeynmt.training - 	Hypothesis: Mais cela comprend le sérieux de ce problème particulier parce qu&apos; elle ne montre pas la poula .
2026-05-14 12:40:26,266 - INFO - joeynmt.training - Example #2
2026-05-14 12:40:26,266 - DEBUG - joeynmt.training - 	Tokenized source:     ['The', 'ar@@', 'c@@', 'tic', 'ice', 'ca@@', 'p', 'is', ',', 'in', 'a', 'sense', ',', 'the', 'be@@', 'ating', 'heart', 'of', 'the', 'global', 'climate', 'system', '.']
2026-05-14 12:40:26,266 - DEBUG - joeynmt.training - 	Tokenized reference:  ['On', 'peut', 'voir', 'la', 'cal@@', 'ot@@', 'te', 'gl@@', 'ac@@', 'ière', 'ar@@', 'c@@', 'tique', 'comme', 'le', 'coeur', 'du', 'système', 'climatique', 'global', '.', 'On', 'peut', 'voir', 'la', 'cal@@', 'ot@@', 'te', 'gl@@', 'ac@@', 'ière', 'ar@@', 'c@@', 'tique', 'comme', 'le', 'coeur', 'du', 'système', 'climatique', 'global', '.']
2026-05-14 12:40:26,266 - DEBUG - joeynmt.training - 	Tokenized hypothesis: ['La', 'glace', 'ar@@', 'c@@', 'tique', 'est', ',', 'dans', 'un', 'sens', ',', 'le', 'coeur', 'de', 'l&apos;', 'abe@@', 'ille', 'du', 'système', 'climatique', '.', '</s>']
2026-05-14 12:40:26,266 - INFO - joeynmt.training - 	Source:     The arctic ice cap is , in a sense , the beating heart of the global climate system .
2026-05-14 12:40:26,266 - INFO - joeynmt.training - 	Reference:  On peut voir la calotte glacière arctique comme le coeur du système climatique global . On peut voir la calotte glacière arctique comme le coeur du système climatique global .
2026-05-14 12:40:26,266 - INFO - joeynmt.training - 	Hypothesis: La glace arctique est , dans un sens , le coeur de l&apos; abeille du système climatique .
2026-05-14 12:40:26,266 - INFO - joeynmt.training - Example #3
2026-05-14 12:40:26,266 - DEBUG - joeynmt.training - 	Tokenized source:     ['It', 'exp@@', 'ands', 'in', 'w@@', 'int@@', 'er', 'and', 'contr@@', 'acts', 'in', 'summer', '.']
2026-05-14 12:40:26,266 - DEBUG - joeynmt.training - 	Tokenized reference:  ['Elle', 's&apos;', 'ét@@', 'end', 'en', 'hi@@', 'ver', 'et', 'se', 'contr@@', 'acte', 'en', 'été', '.']
2026-05-14 12:40:26,266 - DEBUG - joeynmt.training - 	Tokenized hypothesis: ['Elle', 's&apos;', 'ét@@', 'end', 'dans', 'l&apos;', 'hi@@', 'ver', 'et', 'contr@@', 'airement', 'en', 'été', '.', '</s>']
2026-05-14 12:40:26,266 - INFO - joeynmt.training - 	Source:     It expands in winter and contracts in summer .
2026-05-14 12:40:26,266 - INFO - joeynmt.training - 	Reference:  Elle s&apos; étend en hiver et se contracte en été .
2026-05-14 12:40:26,266 - INFO - joeynmt.training - 	Hypothesis: Elle s&apos; étend dans l&apos; hiver et contrairement en été .
2026-05-14 12:40:26,266 - INFO - joeynmt.training - Example #4
2026-05-14 12:40:26,266 - DEBUG - joeynmt.training - 	Tokenized source:     ['The', 'next', 'slide', 'I', 'show', 'you', 'will', 'be', 'a', 'rap@@', 'id', 'fas@@', 't-@@', 'forward', 'of', 'what', '&apos;s', 'happened', 'over', 'the', 'last', '25', 'years', '.']
2026-05-14 12:40:26,266 - DEBUG - joeynmt.training - 	Tokenized reference:  ['La', 'prochaine', 'di@@', 'apos@@', 'itive', 'que', 'je', 'vais', 'vous', 'montrer', 'est', 'une', 'vue', 'en', 'accél@@', 'éré', 'de', 'ce', 'qui', 's&apos;', 'est', 'passé', 'ces', '25', 'dernières', 'années', '.']
2026-05-14 12:40:26,266 - DEBUG - joeynmt.training - 	Tokenized hypothesis: ['La', 'di@@', 'ap@@', 'o', 'suivante', 'que', 'vous', 'ser@@', 'ez', 'un', 'rapide', 'rapide', 'de', 'ce', 'qui', 'est', 'arrivé', 'pendant', 'les', '25', 'dernières', 'années', '.', '</s>']
2026-05-14 12:40:26,266 - INFO - joeynmt.training - 	Source:     The next slide I show you will be a rapid fast-forward of what &apos;s happened over the last 25 years .
2026-05-14 12:40:26,266 - INFO - joeynmt.training - 	Reference:  La prochaine diapositive que je vais vous montrer est une vue en accéléré de ce qui s&apos; est passé ces 25 dernières années .
2026-05-14 12:40:26,266 - INFO - joeynmt.training - 	Hypothesis: La diapo suivante que vous serez un rapide rapide de ce qui est arrivé pendant les 25 dernières années .
2026-05-14 12:40:42,868 - INFO - joeynmt.training - Epoch   5, Step:    17600, Batch Loss:     1.305857, Batch Acc: 0.608745, Tokens per Sec:     4508, Lr: 0.000300
2026-05-14 12:40:59,964 - INFO - joeynmt.training - Epoch   5, Step:    17700, Batch Loss:     1.562993, Batch Acc: 0.615386, Tokens per Sec:     4338, Lr: 0.000300
2026-05-14 12:41:16,934 - INFO - joeynmt.training - Epoch   5, Step:    17800, Batch Loss:     1.291268, Batch Acc: 0.610847, Tokens per Sec:     4419, Lr: 0.000300
2026-05-14 12:41:34,079 - INFO - joeynmt.training - Epoch   5, Step:    17900, Batch Loss:     1.377214, Batch Acc: 0.613528, Tokens per Sec:     4402, Lr: 0.000300
2026-05-14 12:41:50,860 - INFO - joeynmt.training - Epoch   5, Step:    18000, Batch Loss:     1.636203, Batch Acc: 0.608306, Tokens per Sec:     4458, Lr: 0.000300
2026-05-14 12:41:50,860 - WARNING - joeynmt.helpers - `alpha` option is obsolete. Please use `beam_alpha`, instead.
2026-05-14 12:41:50,860 - INFO - joeynmt.prediction - Predicting 890 example(s)... (Greedy decoding with min_output_length=1, max_output_length=-1, return_prob='none', generate_unk=True, repetition_penalty=-1, no_repeat_ngram_size=-1)
2026-05-14 12:42:36,368 - INFO - joeynmt.prediction - Evaluation result (greedy) loss:   1.71, ppl:   5.51, acc:   0.54, generation: 45.5027[sec], evaluation: 0.0000[sec]
2026-05-14 12:42:36,368 - INFO - joeynmt.training - Hooray! New best validation result [ppl]!
2026-05-14 12:42:36,432 - INFO - joeynmt.helpers - delete models/bpe_8k/14000.ckpt
2026-05-14 12:42:36,433 - INFO - joeynmt.training - Example #0
2026-05-14 12:42:36,433 - DEBUG - joeynmt.training - 	Tokenized source:     ['L@@', 'ast', 'year', 'I', 'showed', 'these', 'two', 'sli@@', 'des', 'so', 'that', 'demonstr@@', 'ate', 'that', 'the', 'ar@@', 'c@@', 'tic', 'ice', 'ca@@', 'p', ',', 'which', 'for', 'most', 'of', 'the', 'last', 'three', 'million', 'years', 'has', 'been', 'the', 'size', 'of', 'the', 'lower', '4@@', '8', 'states', ',', 'has', 'sh@@', 'run@@', 'k', 'by', '40', 'percent', '.']
2026-05-14 12:42:36,433 - DEBUG - joeynmt.training - 	Tokenized reference:  ['L&apos;', 'année', 'dernière', ',', 'je', 'vous', 'ai', 'présent@@', 'é', 'ces', 'deux', 'di@@', 'apos@@', 'iti@@', 'ves', 'qui', 'montr@@', 'aient', 'que', 'la', 'cal@@', 'ot@@', 'te', 'gl@@', 'ac@@', 'ière', 'ar@@', 'c@@', 'tique', ',', 'qui', 'pendant', 'ces', '3', 'derniers', 'millions', 'd&apos;', 'année', 'avait', 'la', 'taille', 'des', 'Etats-Unis', 'sans', 'l&apos;', 'Al@@', 'as@@', 'ka', ',', 'qui', 'pendant', 'ces', '3', 'derniers', 'millions', 'd&apos;', 'année', 'avait', 'la', 'taille', 'des', 'Etats-Unis', 'sans', 'l&apos;', 'Al@@', 'as@@', 'ka', ',', 'avait', 'di@@', 'minu@@', 'é', 'de', '40', '%', '.']
2026-05-14 12:42:36,433 - DEBUG - joeynmt.training - 	Tokenized hypothesis: ['L&apos;', 'année', 'dernière', ',', 'j&apos;', 'ai', 'montré', 'ces', 'deux', 'di@@', 'a@@', 'pos', 'pour', 'que', 'la', 'glace', 'ar@@', 'c@@', 'tique', ',', 'qui', 'pour', 'la', 'plupart', 'des', 'trois', 'millions', 'd&apos;', 'années', 'a', 'été', 'la', 'taille', 'des', 'plus', 'élev@@', 'ées', '4@@', '8', 'ét@@', 'ats', ',', 'a', 'dé@@', 'mon@@', 'str@@', 'ation', 'par', '40', '%', '.', '</s>']
2026-05-14 12:42:36,433 - INFO - joeynmt.training - 	Source:     Last year I showed these two slides so that demonstrate that the arctic ice cap , which for most of the last three million years has been the size of the lower 48 states , has shrunk by 40 percent .
2026-05-14 12:42:36,433 - INFO - joeynmt.training - 	Reference:  L&apos; année dernière , je vous ai présenté ces deux diapositives qui montraient que la calotte glacière arctique , qui pendant ces 3 derniers millions d&apos; année avait la taille des Etats-Unis sans l&apos; Alaska , qui pendant ces 3 derniers millions d&apos; année avait la taille des Etats-Unis sans l&apos; Alaska , avait diminué de 40 % .
2026-05-14 12:42:36,433 - INFO - joeynmt.training - 	Hypothesis: L&apos; année dernière , j&apos; ai montré ces deux diapos pour que la glace arctique , qui pour la plupart des trois millions d&apos; années a été la taille des plus élevées 48 états , a démonstration par 40 % .
2026-05-14 12:42:36,433 - INFO - joeynmt.training - Example #1
2026-05-14 12:42:36,433 - DEBUG - joeynmt.training - 	Tokenized source:     ['But', 'this', 'underst@@', 'ates', 'the', 'seri@@', 'ousness', 'of', 'this', 'particular', 'problem', 'because', 'it', 'doesn', '&apos;t', 'show', 'the', 'th@@', 'ick@@', 'ness', 'of', 'the', 'ice', '.']
2026-05-14 12:42:36,433 - DEBUG - joeynmt.training - 	Tokenized reference:  ['Mais', 'ceci', 'tend', 'à', 'a@@', 'mo@@', 'ind@@', 'rir', 'le', 'problème', 'parce', 'qu&apos;', 'on', 'ne', 'voit', 'pas', 'l&apos;', 'ép@@', 'aiss@@', 'eur', 'de', 'la', 'glace', '.']
2026-05-14 12:42:36,433 - DEBUG - joeynmt.training - 	Tokenized hypothesis: ['Mais', 'cela', 'comprend', 'le', 'sérieux', 'de', 'ce', 'problème', ',', 'parce', 'qu&apos;', 'il', 'ne', 'montre', 'pas', 'la', 'pou@@', 'let', 'de', 'la', 'glace', '.', '</s>']
2026-05-14 12:42:36,433 - INFO - joeynmt.training - 	Source:     But this understates the seriousness of this particular problem because it doesn &apos;t show the thickness of the ice .
2026-05-14 12:42:36,433 - INFO - joeynmt.training - 	Reference:  Mais ceci tend à amoindrir le problème parce qu&apos; on ne voit pas l&apos; épaisseur de la glace .
2026-05-14 12:42:36,433 - INFO - joeynmt.training - 	Hypothesis: Mais cela comprend le sérieux de ce problème , parce qu&apos; il ne montre pas la poulet de la glace .
2026-05-14 12:42:36,433 - INFO - joeynmt.training - Example #2
2026-05-14 12:42:36,433 - DEBUG - joeynmt.training - 	Tokenized source:     ['The', 'ar@@', 'c@@', 'tic', 'ice', 'ca@@', 'p', 'is', ',', 'in', 'a', 'sense', ',', 'the', 'be@@', 'ating', 'heart', 'of', 'the', 'global', 'climate', 'system', '.']
2026-05-14 12:42:36,433 - DEBUG - joeynmt.training - 	Tokenized reference:  ['On', 'peut', 'voir', 'la', 'cal@@', 'ot@@', 'te', 'gl@@', 'ac@@', 'ière', 'ar@@', 'c@@', 'tique', 'comme', 'le', 'coeur', 'du', 'système', 'climatique', 'global', '.', 'On', 'peut', 'voir', 'la', 'cal@@', 'ot@@', 'te', 'gl@@', 'ac@@', 'ière', 'ar@@', 'c@@', 'tique', 'comme', 'le', 'coeur', 'du', 'système', 'climatique', 'global', '.']
2026-05-14 12:42:36,433 - DEBUG - joeynmt.training - 	Tokenized hypothesis: ['Le', 'gâ@@', 'teau', 'ar@@', 'c@@', 'tique', 'est', ',', 'dans', 'un', 'sens', ',', 'le', 'coeur', 'de', 'la', 'bi@@', 'ère', 'du', 'système', 'climatique', '.', '</s>']
2026-05-14 12:42:36,433 - INFO - joeynmt.training - 	Source:     The arctic ice cap is , in a sense , the beating heart of the global climate system .
2026-05-14 12:42:36,433 - INFO - joeynmt.training - 	Reference:  On peut voir la calotte glacière arctique comme le coeur du système climatique global . On peut voir la calotte glacière arctique comme le coeur du système climatique global .
2026-05-14 12:42:36,433 - INFO - joeynmt.training - 	Hypothesis: Le gâteau arctique est , dans un sens , le coeur de la bière du système climatique .
2026-05-14 12:42:36,433 - INFO - joeynmt.training - Example #3
2026-05-14 12:42:36,433 - DEBUG - joeynmt.training - 	Tokenized source:     ['It', 'exp@@', 'ands', 'in', 'w@@', 'int@@', 'er', 'and', 'contr@@', 'acts', 'in', 'summer', '.']
2026-05-14 12:42:36,433 - DEBUG - joeynmt.training - 	Tokenized reference:  ['Elle', 's&apos;', 'ét@@', 'end', 'en', 'hi@@', 'ver', 'et', 'se', 'contr@@', 'acte', 'en', 'été', '.']
2026-05-14 12:42:36,433 - DEBUG - joeynmt.training - 	Tokenized hypothesis: ['Elle', 's&apos;', 'ét@@', 'end', 'dans', 'l&apos;', 'hi@@', 'ver', 'et', 'contr@@', 'ats', 'en', 'été', '.', '</s>']
2026-05-14 12:42:36,433 - INFO - joeynmt.training - 	Source:     It expands in winter and contracts in summer .
2026-05-14 12:42:36,433 - INFO - joeynmt.training - 	Reference:  Elle s&apos; étend en hiver et se contracte en été .
2026-05-14 12:42:36,433 - INFO - joeynmt.training - 	Hypothesis: Elle s&apos; étend dans l&apos; hiver et contrats en été .
2026-05-14 12:42:36,433 - INFO - joeynmt.training - Example #4
2026-05-14 12:42:36,434 - DEBUG - joeynmt.training - 	Tokenized source:     ['The', 'next', 'slide', 'I', 'show', 'you', 'will', 'be', 'a', 'rap@@', 'id', 'fas@@', 't-@@', 'forward', 'of', 'what', '&apos;s', 'happened', 'over', 'the', 'last', '25', 'years', '.']
2026-05-14 12:42:36,434 - DEBUG - joeynmt.training - 	Tokenized reference:  ['La', 'prochaine', 'di@@', 'apos@@', 'itive', 'que', 'je', 'vais', 'vous', 'montrer', 'est', 'une', 'vue', 'en', 'accél@@', 'éré', 'de', 'ce', 'qui', 's&apos;', 'est', 'passé', 'ces', '25', 'dernières', 'années', '.']
2026-05-14 12:42:36,434 - DEBUG - joeynmt.training - 	Tokenized hypothesis: ['La', 'di@@', 'apos@@', 'itive', 'que', 'je', 'vais', 'vous', 'montrer', 'un', 'rapide', 'rapide', 'rapide', 'de', 'ce', 'qui', 'est', 'arrivé', 'pendant', 'les', '25', 'dernières', 'années', '.', '</s>']
2026-05-14 12:42:36,434 - INFO - joeynmt.training - 	Source:     The next slide I show you will be a rapid fast-forward of what &apos;s happened over the last 25 years .
2026-05-14 12:42:36,434 - INFO - joeynmt.training - 	Reference:  La prochaine diapositive que je vais vous montrer est une vue en accéléré de ce qui s&apos; est passé ces 25 dernières années .
2026-05-14 12:42:36,434 - INFO - joeynmt.training - 	Hypothesis: La diapositive que je vais vous montrer un rapide rapide rapide de ce qui est arrivé pendant les 25 dernières années .
2026-05-14 12:42:53,580 - INFO - joeynmt.training - Epoch   5, Step:    18100, Batch Loss:     1.417402, Batch Acc: 0.611102, Tokens per Sec:     4294, Lr: 0.000300
2026-05-14 12:42:56,964 - INFO - joeynmt.training - Epoch   5: total training loss 5070.38
2026-05-14 12:42:56,964 - INFO - joeynmt.training - EPOCH 6
2026-05-14 12:43:10,302 - INFO - joeynmt.training - Epoch   6, Step:    18200, Batch Loss:     1.217086, Batch Acc: 0.640598, Tokens per Sec:     4383, Lr: 0.000300
2026-05-14 12:43:27,312 - INFO - joeynmt.training - Epoch   6, Step:    18300, Batch Loss:     1.280198, Batch Acc: 0.642150, Tokens per Sec:     4494, Lr: 0.000300
2026-05-14 12:43:43,932 - INFO - joeynmt.training - Epoch   6, Step:    18400, Batch Loss:     1.291798, Batch Acc: 0.643261, Tokens per Sec:     4513, Lr: 0.000300
2026-05-14 12:44:01,315 - INFO - joeynmt.training - Epoch   6, Step:    18500, Batch Loss:     1.179580, Batch Acc: 0.636790, Tokens per Sec:     4257, Lr: 0.000300
2026-05-14 12:44:01,315 - WARNING - joeynmt.helpers - `alpha` option is obsolete. Please use `beam_alpha`, instead.
2026-05-14 12:44:01,316 - INFO - joeynmt.prediction - Predicting 890 example(s)... (Greedy decoding with min_output_length=1, max_output_length=-1, return_prob='none', generate_unk=True, repetition_penalty=-1, no_repeat_ngram_size=-1)
2026-05-14 12:44:44,599 - INFO - joeynmt.prediction - Evaluation result (greedy) loss:   1.72, ppl:   5.61, acc:   0.54, generation: 43.2788[sec], evaluation: 0.0000[sec]
2026-05-14 12:44:44,666 - INFO - joeynmt.helpers - delete models/bpe_8k/16000.ckpt
2026-05-14 12:44:44,666 - INFO - joeynmt.training - Example #0
2026-05-14 12:44:44,666 - DEBUG - joeynmt.training - 	Tokenized source:     ['L@@', 'ast', 'year', 'I', 'showed', 'these', 'two', 'sli@@', 'des', 'so', 'that', 'demonstr@@', 'ate', 'that', 'the', 'ar@@', 'c@@', 'tic', 'ice', 'ca@@', 'p', ',', 'which', 'for', 'most', 'of', 'the', 'last', 'three', 'million', 'years', 'has', 'been', 'the', 'size', 'of', 'the', 'lower', '4@@', '8', 'states', ',', 'has', 'sh@@', 'run@@', 'k', 'by', '40', 'percent', '.']
2026-05-14 12:44:44,666 - DEBUG - joeynmt.training - 	Tokenized reference:  ['L&apos;', 'année', 'dernière', ',', 'je', 'vous', 'ai', 'présent@@', 'é', 'ces', 'deux', 'di@@', 'apos@@', 'iti@@', 'ves', 'qui', 'montr@@', 'aient', 'que', 'la', 'cal@@', 'ot@@', 'te', 'gl@@', 'ac@@', 'ière', 'ar@@', 'c@@', 'tique', ',', 'qui', 'pendant', 'ces', '3', 'derniers', 'millions', 'd&apos;', 'année', 'avait', 'la', 'taille', 'des', 'Etats-Unis', 'sans', 'l&apos;', 'Al@@', 'as@@', 'ka', ',', 'qui', 'pendant', 'ces', '3', 'derniers', 'millions', 'd&apos;', 'année', 'avait', 'la', 'taille', 'des', 'Etats-Unis', 'sans', 'l&apos;', 'Al@@', 'as@@', 'ka', ',', 'avait', 'di@@', 'minu@@', 'é', 'de', '40', '%', '.']
2026-05-14 12:44:44,666 - DEBUG - joeynmt.training - 	Tokenized hypothesis: ['L&apos;', 'année', 'dernière', ',', 'j&apos;', 'ai', 'montré', 'ces', 'deux', 'di@@', 'apos@@', 'iti@@', 'ves', 'pour', 'dé@@', 'montrer', 'que', 'la', 'glace', 'ar@@', 'c@@', 'tique', 'ar@@', 'c@@', 'tique', ',', 'qui', 'pour', 'la', 'plupart', 'des', 'trois', 'millions', 'd&apos;', 'années', 'a', 'été', 'la', 'taille', 'de', '4@@', '8', 'ét@@', 'ats', ',', 'a', 'dé@@', 'mon@@', 'str@@', 'ation', 'par', '40', '%', '.', '</s>']
2026-05-14 12:44:44,666 - INFO - joeynmt.training - 	Source:     Last year I showed these two slides so that demonstrate that the arctic ice cap , which for most of the last three million years has been the size of the lower 48 states , has shrunk by 40 percent .
2026-05-14 12:44:44,666 - INFO - joeynmt.training - 	Reference:  L&apos; année dernière , je vous ai présenté ces deux diapositives qui montraient que la calotte glacière arctique , qui pendant ces 3 derniers millions d&apos; année avait la taille des Etats-Unis sans l&apos; Alaska , qui pendant ces 3 derniers millions d&apos; année avait la taille des Etats-Unis sans l&apos; Alaska , avait diminué de 40 % .
2026-05-14 12:44:44,666 - INFO - joeynmt.training - 	Hypothesis: L&apos; année dernière , j&apos; ai montré ces deux diapositives pour démontrer que la glace arctique arctique , qui pour la plupart des trois millions d&apos; années a été la taille de 48 états , a démonstration par 40 % .
2026-05-14 12:44:44,666 - INFO - joeynmt.training - Example #1
2026-05-14 12:44:44,666 - DEBUG - joeynmt.training - 	Tokenized source:     ['But', 'this', 'underst@@', 'ates', 'the', 'seri@@', 'ousness', 'of', 'this', 'particular', 'problem', 'because', 'it', 'doesn', '&apos;t', 'show', 'the', 'th@@', 'ick@@', 'ness', 'of', 'the', 'ice', '.']
2026-05-14 12:44:44,666 - DEBUG - joeynmt.training - 	Tokenized reference:  ['Mais', 'ceci', 'tend', 'à', 'a@@', 'mo@@', 'ind@@', 'rir', 'le', 'problème', 'parce', 'qu&apos;', 'on', 'ne', 'voit', 'pas', 'l&apos;', 'ép@@', 'aiss@@', 'eur', 'de', 'la', 'glace', '.']
2026-05-14 12:44:44,666 - DEBUG - joeynmt.training - 	Tokenized hypothesis: ['Mais', 'cela', 'comprend', 'le', 'sérieux', 'du', 'sérieux', 'de', 'ce', 'problème', ',', 'parce', 'qu&apos;', 'il', 'ne', 'montre', 'pas', 'la', 'pou@@', 'ce', 'de', 'la', 'glace', '.', '</s>']
2026-05-14 12:44:44,666 - INFO - joeynmt.training - 	Source:     But this understates the seriousness of this particular problem because it doesn &apos;t show the thickness of the ice .
2026-05-14 12:44:44,666 - INFO - joeynmt.training - 	Reference:  Mais ceci tend à amoindrir le problème parce qu&apos; on ne voit pas l&apos; épaisseur de la glace .
2026-05-14 12:44:44,666 - INFO - joeynmt.training - 	Hypothesis: Mais cela comprend le sérieux du sérieux de ce problème , parce qu&apos; il ne montre pas la pouce de la glace .
2026-05-14 12:44:44,666 - INFO - joeynmt.training - Example #2
2026-05-14 12:44:44,666 - DEBUG - joeynmt.training - 	Tokenized source:     ['The', 'ar@@', 'c@@', 'tic', 'ice', 'ca@@', 'p', 'is', ',', 'in', 'a', 'sense', ',', 'the', 'be@@', 'ating', 'heart', 'of', 'the', 'global', 'climate', 'system', '.']
2026-05-14 12:44:44,666 - DEBUG - joeynmt.training - 	Tokenized reference:  ['On', 'peut', 'voir', 'la', 'cal@@', 'ot@@', 'te', 'gl@@', 'ac@@', 'ière', 'ar@@', 'c@@', 'tique', 'comme', 'le', 'coeur', 'du', 'système', 'climatique', 'global', '.', 'On', 'peut', 'voir', 'la', 'cal@@', 'ot@@', 'te', 'gl@@', 'ac@@', 'ière', 'ar@@', 'c@@', 'tique', 'comme', 'le', 'coeur', 'du', 'système', 'climatique', 'global', '.']
2026-05-14 12:44:44,666 - DEBUG - joeynmt.training - 	Tokenized hypothesis: ['La', 'glace', 'ar@@', 'c@@', 'tique', 'ar@@', 'c@@', 'tique', 'est', ',', 'dans', 'un', 'sens', ',', 'le', 'cœur', 'de', 'la', 'bat@@', 'te', 'ar@@', 'c@@', 'tique', 'du', 'système', 'mondial', '.', '</s>']
2026-05-14 12:44:44,667 - INFO - joeynmt.training - 	Source:     The arctic ice cap is , in a sense , the beating heart of the global climate system .
2026-05-14 12:44:44,667 - INFO - joeynmt.training - 	Reference:  On peut voir la calotte glacière arctique comme le coeur du système climatique global . On peut voir la calotte glacière arctique comme le coeur du système climatique global .
2026-05-14 12:44:44,667 - INFO - joeynmt.training - 	Hypothesis: La glace arctique arctique est , dans un sens , le cœur de la batte arctique du système mondial .
2026-05-14 12:44:44,667 - INFO - joeynmt.training - Example #3
2026-05-14 12:44:44,667 - DEBUG - joeynmt.training - 	Tokenized source:     ['It', 'exp@@', 'ands', 'in', 'w@@', 'int@@', 'er', 'and', 'contr@@', 'acts', 'in', 'summer', '.']
2026-05-14 12:44:44,667 - DEBUG - joeynmt.training - 	Tokenized reference:  ['Elle', 's&apos;', 'ét@@', 'end', 'en', 'hi@@', 'ver', 'et', 'se', 'contr@@', 'acte', 'en', 'été', '.']
2026-05-14 12:44:44,667 - DEBUG - joeynmt.training - 	Tokenized hypothesis: ['Il', 's&apos;', 'agr@@', 'an@@', 'dir', 'en', 'hi@@', 'ver', 'et', 'contr@@', 'ats', 'en', 'été', 'en', 'été', '.', '</s>']
2026-05-14 12:44:44,667 - INFO - joeynmt.training - 	Source:     It expands in winter and contracts in summer .
2026-05-14 12:44:44,667 - INFO - joeynmt.training - 	Reference:  Elle s&apos; étend en hiver et se contracte en été .
2026-05-14 12:44:44,667 - INFO - joeynmt.training - 	Hypothesis: Il s&apos; agrandir en hiver et contrats en été en été .
2026-05-14 12:44:44,667 - INFO - joeynmt.training - Example #4
2026-05-14 12:44:44,667 - DEBUG - joeynmt.training - 	Tokenized source:     ['The', 'next', 'slide', 'I', 'show', 'you', 'will', 'be', 'a', 'rap@@', 'id', 'fas@@', 't-@@', 'forward', 'of', 'what', '&apos;s', 'happened', 'over', 'the', 'last', '25', 'years', '.']
2026-05-14 12:44:44,667 - DEBUG - joeynmt.training - 	Tokenized reference:  ['La', 'prochaine', 'di@@', 'apos@@', 'itive', 'que', 'je', 'vais', 'vous', 'montrer', 'est', 'une', 'vue', 'en', 'accél@@', 'éré', 'de', 'ce', 'qui', 's&apos;', 'est', 'passé', 'ces', '25', 'dernières', 'années', '.']
2026-05-14 12:44:44,667 - DEBUG - joeynmt.training - 	Tokenized hypothesis: ['La', 'di@@', 'apos@@', 'itive', 'que', 'je', 'vais', 'être', 'un', 'rapide', 'rapide', 'rapide', 'de', 'ce', 'qui', 'est', 'passé', 'ces', '25', 'dernières', 'années', '.', '</s>']
2026-05-14 12:44:44,667 - INFO - joeynmt.training - 	Source:     The next slide I show you will be a rapid fast-forward of what &apos;s happened over the last 25 years .
2026-05-14 12:44:44,667 - INFO - joeynmt.training - 	Reference:  La prochaine diapositive que je vais vous montrer est une vue en accéléré de ce qui s&apos; est passé ces 25 dernières années .
2026-05-14 12:44:44,667 - INFO - joeynmt.training - 	Hypothesis: La diapositive que je vais être un rapide rapide rapide de ce qui est passé ces 25 dernières années .
2026-05-14 12:45:01,787 - INFO - joeynmt.training - Epoch   6, Step:    18600, Batch Loss:     1.430062, Batch Acc: 0.635891, Tokens per Sec:     4428, Lr: 0.000300
2026-05-14 12:45:18,866 - INFO - joeynmt.training - Epoch   6, Step:    18700, Batch Loss:     1.285907, Batch Acc: 0.631182, Tokens per Sec:     4351, Lr: 0.000300
2026-05-14 12:45:36,212 - INFO - joeynmt.training - Epoch   6, Step:    18800, Batch Loss:     1.290760, Batch Acc: 0.627171, Tokens per Sec:     4276, Lr: 0.000300
2026-05-14 12:45:53,292 - INFO - joeynmt.training - Epoch   6, Step:    18900, Batch Loss:     1.435553, Batch Acc: 0.631674, Tokens per Sec:     4489, Lr: 0.000300
2026-05-14 12:46:10,555 - INFO - joeynmt.training - Epoch   6, Step:    19000, Batch Loss:     1.363604, Batch Acc: 0.633846, Tokens per Sec:     4307, Lr: 0.000300
2026-05-14 12:46:10,555 - WARNING - joeynmt.helpers - `alpha` option is obsolete. Please use `beam_alpha`, instead.
2026-05-14 12:46:10,555 - INFO - joeynmt.prediction - Predicting 890 example(s)... (Greedy decoding with min_output_length=1, max_output_length=-1, return_prob='none', generate_unk=True, repetition_penalty=-1, no_repeat_ngram_size=-1)
2026-05-14 12:46:48,663 - INFO - joeynmt.prediction - Evaluation result (greedy) loss:   1.72, ppl:   5.59, acc:   0.54, generation: 38.1031[sec], evaluation: 0.0000[sec]
2026-05-14 12:46:48,730 - INFO - joeynmt.helpers - delete models/bpe_8k/16500.ckpt
2026-05-14 12:46:48,731 - INFO - joeynmt.training - Example #0
2026-05-14 12:46:48,731 - DEBUG - joeynmt.training - 	Tokenized source:     ['L@@', 'ast', 'year', 'I', 'showed', 'these', 'two', 'sli@@', 'des', 'so', 'that', 'demonstr@@', 'ate', 'that', 'the', 'ar@@', 'c@@', 'tic', 'ice', 'ca@@', 'p', ',', 'which', 'for', 'most', 'of', 'the', 'last', 'three', 'million', 'years', 'has', 'been', 'the', 'size', 'of', 'the', 'lower', '4@@', '8', 'states', ',', 'has', 'sh@@', 'run@@', 'k', 'by', '40', 'percent', '.']
2026-05-14 12:46:48,731 - DEBUG - joeynmt.training - 	Tokenized reference:  ['L&apos;', 'année', 'dernière', ',', 'je', 'vous', 'ai', 'présent@@', 'é', 'ces', 'deux', 'di@@', 'apos@@', 'iti@@', 'ves', 'qui', 'montr@@', 'aient', 'que', 'la', 'cal@@', 'ot@@', 'te', 'gl@@', 'ac@@', 'ière', 'ar@@', 'c@@', 'tique', ',', 'qui', 'pendant', 'ces', '3', 'derniers', 'millions', 'd&apos;', 'année', 'avait', 'la', 'taille', 'des', 'Etats-Unis', 'sans', 'l&apos;', 'Al@@', 'as@@', 'ka', ',', 'qui', 'pendant', 'ces', '3', 'derniers', 'millions', 'd&apos;', 'année', 'avait', 'la', 'taille', 'des', 'Etats-Unis', 'sans', 'l&apos;', 'Al@@', 'as@@', 'ka', ',', 'avait', 'di@@', 'minu@@', 'é', 'de', '40', '%', '.']
2026-05-14 12:46:48,731 - DEBUG - joeynmt.training - 	Tokenized hypothesis: ['L&apos;', 'année', 'dernière', ',', 'j&apos;', 'ai', 'montré', 'ces', 'deux', 'di@@', 'a@@', 'pos', 'pour', 'que', 'la', 'glace', 'ar@@', 'c@@', 'tique', ',', 'qui', 'depuis', 'la', 'plupart', 'des', 'trois', 'millions', 'd&apos;', 'années', 'a', 'été', 'la', 'taille', 'de', 'la', '4@@', '8', ',', 'a', 'été', 'la', 'taille', 'des', 'ét@@', 'ats', 'plus', 'bas', '4@@', '8', ',', 'a', 'dé@@', 'mon@@', 'str@@', 'ation', 'de', '40', '%', '.', '</s>']
2026-05-14 12:46:48,731 - INFO - joeynmt.training - 	Source:     Last year I showed these two slides so that demonstrate that the arctic ice cap , which for most of the last three million years has been the size of the lower 48 states , has shrunk by 40 percent .
2026-05-14 12:46:48,731 - INFO - joeynmt.training - 	Reference:  L&apos; année dernière , je vous ai présenté ces deux diapositives qui montraient que la calotte glacière arctique , qui pendant ces 3 derniers millions d&apos; année avait la taille des Etats-Unis sans l&apos; Alaska , qui pendant ces 3 derniers millions d&apos; année avait la taille des Etats-Unis sans l&apos; Alaska , avait diminué de 40 % .
2026-05-14 12:46:48,732 - INFO - joeynmt.training - 	Hypothesis: L&apos; année dernière , j&apos; ai montré ces deux diapos pour que la glace arctique , qui depuis la plupart des trois millions d&apos; années a été la taille de la 48 , a été la taille des états plus bas 48 , a démonstration de 40 % .
2026-05-14 12:46:48,732 - INFO - joeynmt.training - Example #1
2026-05-14 12:46:48,732 - DEBUG - joeynmt.training - 	Tokenized source:     ['But', 'this', 'underst@@', 'ates', 'the', 'seri@@', 'ousness', 'of', 'this', 'particular', 'problem', 'because', 'it', 'doesn', '&apos;t', 'show', 'the', 'th@@', 'ick@@', 'ness', 'of', 'the', 'ice', '.']
2026-05-14 12:46:48,732 - DEBUG - joeynmt.training - 	Tokenized reference:  ['Mais', 'ceci', 'tend', 'à', 'a@@', 'mo@@', 'ind@@', 'rir', 'le', 'problème', 'parce', 'qu&apos;', 'on', 'ne', 'voit', 'pas', 'l&apos;', 'ép@@', 'aiss@@', 'eur', 'de', 'la', 'glace', '.']
2026-05-14 12:46:48,732 - DEBUG - joeynmt.training - 	Tokenized hypothesis: ['Mais', 'cela', 'comprend', 'le', 'sérieux', 'du', 'problème', 'en', 'particulier', 'parce', 'que', 'cela', 'ne', 'montre', 'pas', 'le', 'th@@', 'é', 'de', 'la', 'glace', '.', '</s>']
2026-05-14 12:46:48,732 - INFO - joeynmt.training - 	Source:     But this understates the seriousness of this particular problem because it doesn &apos;t show the thickness of the ice .
2026-05-14 12:46:48,732 - INFO - joeynmt.training - 	Reference:  Mais ceci tend à amoindrir le problème parce qu&apos; on ne voit pas l&apos; épaisseur de la glace .
2026-05-14 12:46:48,732 - INFO - joeynmt.training - 	Hypothesis: Mais cela comprend le sérieux du problème en particulier parce que cela ne montre pas le thé de la glace .
2026-05-14 12:46:48,732 - INFO - joeynmt.training - Example #2
2026-05-14 12:46:48,732 - DEBUG - joeynmt.training - 	Tokenized source:     ['The', 'ar@@', 'c@@', 'tic', 'ice', 'ca@@', 'p', 'is', ',', 'in', 'a', 'sense', ',', 'the', 'be@@', 'ating', 'heart', 'of', 'the', 'global', 'climate', 'system', '.']
2026-05-14 12:46:48,732 - DEBUG - joeynmt.training - 	Tokenized reference:  ['On', 'peut', 'voir', 'la', 'cal@@', 'ot@@', 'te', 'gl@@', 'ac@@', 'ière', 'ar@@', 'c@@', 'tique', 'comme', 'le', 'coeur', 'du', 'système', 'climatique', 'global', '.', 'On', 'peut', 'voir', 'la', 'cal@@', 'ot@@', 'te', 'gl@@', 'ac@@', 'ière', 'ar@@', 'c@@', 'tique', 'comme', 'le', 'coeur', 'du', 'système', 'climatique', 'global', '.']
2026-05-14 12:46:48,732 - DEBUG - joeynmt.training - 	Tokenized hypothesis: ['La', 'glace', 'ar@@', 'c@@', 'tique', 'ar@@', 'c@@', 'tique', 'est', ',', 'dans', 'un', 'sens', ',', 'le', 'coeur', 'du', 'système', 'global', '.', '</s>']
2026-05-14 12:46:48,732 - INFO - joeynmt.training - 	Source:     The arctic ice cap is , in a sense , the beating heart of the global climate system .
2026-05-14 12:46:48,732 - INFO - joeynmt.training - 	Reference:  On peut voir la calotte glacière arctique comme le coeur du système climatique global . On peut voir la calotte glacière arctique comme le coeur du système climatique global .
2026-05-14 12:46:48,732 - INFO - joeynmt.training - 	Hypothesis: La glace arctique arctique est , dans un sens , le coeur du système global .
2026-05-14 12:46:48,732 - INFO - joeynmt.training - Example #3
2026-05-14 12:46:48,732 - DEBUG - joeynmt.training - 	Tokenized source:     ['It', 'exp@@', 'ands', 'in', 'w@@', 'int@@', 'er', 'and', 'contr@@', 'acts', 'in', 'summer', '.']
2026-05-14 12:46:48,732 - DEBUG - joeynmt.training - 	Tokenized reference:  ['Elle', 's&apos;', 'ét@@', 'end', 'en', 'hi@@', 'ver', 'et', 'se', 'contr@@', 'acte', 'en', 'été', '.']
2026-05-14 12:46:48,732 - DEBUG - joeynmt.training - 	Tokenized hypothesis: ['Il', 's&apos;', 'ét@@', 'end', 'en', 'hi@@', 'ver', 'et', 'contr@@', 'ats', 'en', 'été', '.', '</s>']
2026-05-14 12:46:48,732 - INFO - joeynmt.training - 	Source:     It expands in winter and contracts in summer .
2026-05-14 12:46:48,732 - INFO - joeynmt.training - 	Reference:  Elle s&apos; étend en hiver et se contracte en été .
2026-05-14 12:46:48,732 - INFO - joeynmt.training - 	Hypothesis: Il s&apos; étend en hiver et contrats en été .
2026-05-14 12:46:48,732 - INFO - joeynmt.training - Example #4
2026-05-14 12:46:48,732 - DEBUG - joeynmt.training - 	Tokenized source:     ['The', 'next', 'slide', 'I', 'show', 'you', 'will', 'be', 'a', 'rap@@', 'id', 'fas@@', 't-@@', 'forward', 'of', 'what', '&apos;s', 'happened', 'over', 'the', 'last', '25', 'years', '.']
2026-05-14 12:46:48,732 - DEBUG - joeynmt.training - 	Tokenized reference:  ['La', 'prochaine', 'di@@', 'apos@@', 'itive', 'que', 'je', 'vais', 'vous', 'montrer', 'est', 'une', 'vue', 'en', 'accél@@', 'éré', 'de', 'ce', 'qui', 's&apos;', 'est', 'passé', 'ces', '25', 'dernières', 'années', '.']
2026-05-14 12:46:48,732 - DEBUG - joeynmt.training - 	Tokenized hypothesis: ['La', 'di@@', 'ap@@', 'o', 'que', 'vous', 'montr@@', 'era', 'un', 'rapide', 'rapide', 'de', 'ce', 'qui', 'est', 'arrivé', 'pendant', 'les', '25', 'dernières', 'années', '.', '</s>']
2026-05-14 12:46:48,732 - INFO - joeynmt.training - 	Source:     The next slide I show you will be a rapid fast-forward of what &apos;s happened over the last 25 years .
2026-05-14 12:46:48,732 - INFO - joeynmt.training - 	Reference:  La prochaine diapositive que je vais vous montrer est une vue en accéléré de ce qui s&apos; est passé ces 25 dernières années .
2026-05-14 12:46:48,732 - INFO - joeynmt.training - 	Hypothesis: La diapo que vous montrera un rapide rapide de ce qui est arrivé pendant les 25 dernières années .
2026-05-14 12:47:05,736 - INFO - joeynmt.training - Epoch   6, Step:    19100, Batch Loss:     1.277606, Batch Acc: 0.627519, Tokens per Sec:     4340, Lr: 0.000300
2026-05-14 12:47:22,269 - INFO - joeynmt.training - Epoch   6, Step:    19200, Batch Loss:     1.377235, Batch Acc: 0.626477, Tokens per Sec:     4539, Lr: 0.000300
2026-05-14 12:47:38,781 - INFO - joeynmt.training - Epoch   6, Step:    19300, Batch Loss:     1.291537, Batch Acc: 0.629605, Tokens per Sec:     4463, Lr: 0.000300
2026-05-14 12:47:56,280 - INFO - joeynmt.training - Epoch   6, Step:    19400, Batch Loss:     1.262692, Batch Acc: 0.628618, Tokens per Sec:     4308, Lr: 0.000300
2026-05-14 12:48:13,456 - INFO - joeynmt.training - Epoch   6, Step:    19500, Batch Loss:     1.284348, Batch Acc: 0.628586, Tokens per Sec:     4473, Lr: 0.000300
2026-05-14 12:48:13,456 - WARNING - joeynmt.helpers - `alpha` option is obsolete. Please use `beam_alpha`, instead.
2026-05-14 12:48:13,456 - INFO - joeynmt.prediction - Predicting 890 example(s)... (Greedy decoding with min_output_length=1, max_output_length=-1, return_prob='none', generate_unk=True, repetition_penalty=-1, no_repeat_ngram_size=-1)
2026-05-14 12:48:51,221 - INFO - joeynmt.prediction - Evaluation result (greedy) loss:   1.72, ppl:   5.56, acc:   0.54, generation: 37.7609[sec], evaluation: 0.0000[sec]
2026-05-14 12:48:51,286 - INFO - joeynmt.helpers - delete models/bpe_8k/17000.ckpt
2026-05-14 12:48:51,286 - INFO - joeynmt.training - Example #0
2026-05-14 12:48:51,286 - DEBUG - joeynmt.training - 	Tokenized source:     ['L@@', 'ast', 'year', 'I', 'showed', 'these', 'two', 'sli@@', 'des', 'so', 'that', 'demonstr@@', 'ate', 'that', 'the', 'ar@@', 'c@@', 'tic', 'ice', 'ca@@', 'p', ',', 'which', 'for', 'most', 'of', 'the', 'last', 'three', 'million', 'years', 'has', 'been', 'the', 'size', 'of', 'the', 'lower', '4@@', '8', 'states', ',', 'has', 'sh@@', 'run@@', 'k', 'by', '40', 'percent', '.']
2026-05-14 12:48:51,286 - DEBUG - joeynmt.training - 	Tokenized reference:  ['L&apos;', 'année', 'dernière', ',', 'je', 'vous', 'ai', 'présent@@', 'é', 'ces', 'deux', 'di@@', 'apos@@', 'iti@@', 'ves', 'qui', 'montr@@', 'aient', 'que', 'la', 'cal@@', 'ot@@', 'te', 'gl@@', 'ac@@', 'ière', 'ar@@', 'c@@', 'tique', ',', 'qui', 'pendant', 'ces', '3', 'derniers', 'millions', 'd&apos;', 'année', 'avait', 'la', 'taille', 'des', 'Etats-Unis', 'sans', 'l&apos;', 'Al@@', 'as@@', 'ka', ',', 'qui', 'pendant', 'ces', '3', 'derniers', 'millions', 'd&apos;', 'année', 'avait', 'la', 'taille', 'des', 'Etats-Unis', 'sans', 'l&apos;', 'Al@@', 'as@@', 'ka', ',', 'avait', 'di@@', 'minu@@', 'é', 'de', '40', '%', '.']
2026-05-14 12:48:51,286 - DEBUG - joeynmt.training - 	Tokenized hypothesis: ['L&apos;', 'année', 'dernière', ',', 'j&apos;', 'ai', 'montré', 'ces', 'deux', 'di@@', 'a@@', 'pos', 'pour', 'cette', 'dé@@', 'mon@@', 'str@@', 'ation', 'de', 'glace', ',', 'qui', 'depuis', 'la', 'plupart', 'des', 'trois', 'millions', 'de', 'années', 'a', 'été', 'la', 'taille', 'de', 'plus', 'faible', '4@@', '8', ',', 'a', 'dé@@', 'montré', 'par', '40', '%', '.', '</s>']
2026-05-14 12:48:51,286 - INFO - joeynmt.training - 	Source:     Last year I showed these two slides so that demonstrate that the arctic ice cap , which for most of the last three million years has been the size of the lower 48 states , has shrunk by 40 percent .
2026-05-14 12:48:51,286 - INFO - joeynmt.training - 	Reference:  L&apos; année dernière , je vous ai présenté ces deux diapositives qui montraient que la calotte glacière arctique , qui pendant ces 3 derniers millions d&apos; année avait la taille des Etats-Unis sans l&apos; Alaska , qui pendant ces 3 derniers millions d&apos; année avait la taille des Etats-Unis sans l&apos; Alaska , avait diminué de 40 % .
2026-05-14 12:48:51,286 - INFO - joeynmt.training - 	Hypothesis: L&apos; année dernière , j&apos; ai montré ces deux diapos pour cette démonstration de glace , qui depuis la plupart des trois millions de années a été la taille de plus faible 48 , a démontré par 40 % .
2026-05-14 12:48:51,286 - INFO - joeynmt.training - Example #1
2026-05-14 12:48:51,286 - DEBUG - joeynmt.training - 	Tokenized source:     ['But', 'this', 'underst@@', 'ates', 'the', 'seri@@', 'ousness', 'of', 'this', 'particular', 'problem', 'because', 'it', 'doesn', '&apos;t', 'show', 'the', 'th@@', 'ick@@', 'ness', 'of', 'the', 'ice', '.']
2026-05-14 12:48:51,286 - DEBUG - joeynmt.training - 	Tokenized reference:  ['Mais', 'ceci', 'tend', 'à', 'a@@', 'mo@@', 'ind@@', 'rir', 'le', 'problème', 'parce', 'qu&apos;', 'on', 'ne', 'voit', 'pas', 'l&apos;', 'ép@@', 'aiss@@', 'eur', 'de', 'la', 'glace', '.']
2026-05-14 12:48:51,286 - DEBUG - joeynmt.training - 	Tokenized hypothesis: ['Mais', 'cela', 'comprend', 'le', 'sérieux', 'de', 'ce', 'problème', ',', 'parce', 'que', 'cela', 'ne', 'montre', 'pas', 'la', 'pou@@', 'sse', 'de', 'la', 'glace', '.', '</s>']
2026-05-14 12:48:51,286 - INFO - joeynmt.training - 	Source:     But this understates the seriousness of this particular problem because it doesn &apos;t show the thickness of the ice .
2026-05-14 12:48:51,286 - INFO - joeynmt.training - 	Reference:  Mais ceci tend à amoindrir le problème parce qu&apos; on ne voit pas l&apos; épaisseur de la glace .
2026-05-14 12:48:51,286 - INFO - joeynmt.training - 	Hypothesis: Mais cela comprend le sérieux de ce problème , parce que cela ne montre pas la pousse de la glace .
2026-05-14 12:48:51,286 - INFO - joeynmt.training - Example #2
2026-05-14 12:48:51,287 - DEBUG - joeynmt.training - 	Tokenized source:     ['The', 'ar@@', 'c@@', 'tic', 'ice', 'ca@@', 'p', 'is', ',', 'in', 'a', 'sense', ',', 'the', 'be@@', 'ating', 'heart', 'of', 'the', 'global', 'climate', 'system', '.']
2026-05-14 12:48:51,287 - DEBUG - joeynmt.training - 	Tokenized reference:  ['On', 'peut', 'voir', 'la', 'cal@@', 'ot@@', 'te', 'gl@@', 'ac@@', 'ière', 'ar@@', 'c@@', 'tique', 'comme', 'le', 'coeur', 'du', 'système', 'climatique', 'global', '.', 'On', 'peut', 'voir', 'la', 'cal@@', 'ot@@', 'te', 'gl@@', 'ac@@', 'ière', 'ar@@', 'c@@', 'tique', 'comme', 'le', 'coeur', 'du', 'système', 'climatique', 'global', '.']
2026-05-14 12:48:51,287 - DEBUG - joeynmt.training - 	Tokenized hypothesis: ['La', 'glace', 'ar@@', 'c@@', 'tique', 'ar@@', 'c@@', 'tique', 'est', ',', 'dans', 'un', 'sens', ',', 'le', 'coeur', 'du', 'système', 'climatique', '.', '</s>']
2026-05-14 12:48:51,287 - INFO - joeynmt.training - 	Source:     The arctic ice cap is , in a sense , the beating heart of the global climate system .
2026-05-14 12:48:51,287 - INFO - joeynmt.training - 	Reference:  On peut voir la calotte glacière arctique comme le coeur du système climatique global . On peut voir la calotte glacière arctique comme le coeur du système climatique global .
2026-05-14 12:48:51,287 - INFO - joeynmt.training - 	Hypothesis: La glace arctique arctique est , dans un sens , le coeur du système climatique .
2026-05-14 12:48:51,287 - INFO - joeynmt.training - Example #3
2026-05-14 12:48:51,287 - DEBUG - joeynmt.training - 	Tokenized source:     ['It', 'exp@@', 'ands', 'in', 'w@@', 'int@@', 'er', 'and', 'contr@@', 'acts', 'in', 'summer', '.']
2026-05-14 12:48:51,287 - DEBUG - joeynmt.training - 	Tokenized reference:  ['Elle', 's&apos;', 'ét@@', 'end', 'en', 'hi@@', 'ver', 'et', 'se', 'contr@@', 'acte', 'en', 'été', '.']
2026-05-14 12:48:51,287 - DEBUG - joeynmt.training - 	Tokenized hypothesis: ['Elle', 's&apos;', 'ét@@', 'end', 'en', 'hi@@', 'ver', 'et', 'contr@@', 'ats', 'en', 'été', '.', '</s>']
2026-05-14 12:48:51,287 - INFO - joeynmt.training - 	Source:     It expands in winter and contracts in summer .
2026-05-14 12:48:51,287 - INFO - joeynmt.training - 	Reference:  Elle s&apos; étend en hiver et se contracte en été .
2026-05-14 12:48:51,287 - INFO - joeynmt.training - 	Hypothesis: Elle s&apos; étend en hiver et contrats en été .
2026-05-14 12:48:51,287 - INFO - joeynmt.training - Example #4
2026-05-14 12:48:51,287 - DEBUG - joeynmt.training - 	Tokenized source:     ['The', 'next', 'slide', 'I', 'show', 'you', 'will', 'be', 'a', 'rap@@', 'id', 'fas@@', 't-@@', 'forward', 'of', 'what', '&apos;s', 'happened', 'over', 'the', 'last', '25', 'years', '.']
2026-05-14 12:48:51,287 - DEBUG - joeynmt.training - 	Tokenized reference:  ['La', 'prochaine', 'di@@', 'apos@@', 'itive', 'que', 'je', 'vais', 'vous', 'montrer', 'est', 'une', 'vue', 'en', 'accél@@', 'éré', 'de', 'ce', 'qui', 's&apos;', 'est', 'passé', 'ces', '25', 'dernières', 'années', '.']
2026-05-14 12:48:51,287 - DEBUG - joeynmt.training - 	Tokenized hypothesis: ['La', 'prochaine', 'di@@', 'ap@@', 'o', 'que', 'je', 'vais', 'vous', 'ser@@', 'ez', 'un', 'rapide', 'rapide', 'de', 'ce', 'qui', 'est', 'passé', 'depuis', 'les', '25', 'dernières', 'années', '.', '</s>']
2026-05-14 12:48:51,287 - INFO - joeynmt.training - 	Source:     The next slide I show you will be a rapid fast-forward of what &apos;s happened over the last 25 years .
2026-05-14 12:48:51,287 - INFO - joeynmt.training - 	Reference:  La prochaine diapositive que je vais vous montrer est une vue en accéléré de ce qui s&apos; est passé ces 25 dernières années .
2026-05-14 12:48:51,287 - INFO - joeynmt.training - 	Hypothesis: La prochaine diapo que je vais vous serez un rapide rapide de ce qui est passé depuis les 25 dernières années .
2026-05-14 12:49:08,179 - INFO - joeynmt.training - Epoch   6, Step:    19600, Batch Loss:     1.308655, Batch Acc: 0.631697, Tokens per Sec:     4491, Lr: 0.000300
2026-05-14 12:49:25,152 - INFO - joeynmt.training - Epoch   6, Step:    19700, Batch Loss:     1.405289, Batch Acc: 0.630502, Tokens per Sec:     4478, Lr: 0.000300
2026-05-14 12:49:41,654 - INFO - joeynmt.training - Epoch   6, Step:    19800, Batch Loss:     1.310430, Batch Acc: 0.631033, Tokens per Sec:     4677, Lr: 0.000300
2026-05-14 12:49:59,073 - INFO - joeynmt.training - Epoch   6, Step:    19900, Batch Loss:     1.306283, Batch Acc: 0.631672, Tokens per Sec:     4318, Lr: 0.000300
2026-05-14 12:50:16,000 - INFO - joeynmt.training - Epoch   6, Step:    20000, Batch Loss:     1.155229, Batch Acc: 0.631813, Tokens per Sec:     4457, Lr: 0.000300
2026-05-14 12:50:16,000 - WARNING - joeynmt.helpers - `alpha` option is obsolete. Please use `beam_alpha`, instead.
2026-05-14 12:50:16,001 - INFO - joeynmt.prediction - Predicting 890 example(s)... (Greedy decoding with min_output_length=1, max_output_length=-1, return_prob='none', generate_unk=True, repetition_penalty=-1, no_repeat_ngram_size=-1)
2026-05-14 12:50:57,056 - INFO - joeynmt.prediction - Evaluation result (greedy) loss:   1.71, ppl:   5.54, acc:   0.54, generation: 41.0514[sec], evaluation: 0.0000[sec]
2026-05-14 12:50:57,124 - INFO - joeynmt.helpers - delete models/bpe_8k/17500.ckpt
2026-05-14 12:50:57,124 - INFO - joeynmt.training - Example #0
2026-05-14 12:50:57,124 - DEBUG - joeynmt.training - 	Tokenized source:     ['L@@', 'ast', 'year', 'I', 'showed', 'these', 'two', 'sli@@', 'des', 'so', 'that', 'demonstr@@', 'ate', 'that', 'the', 'ar@@', 'c@@', 'tic', 'ice', 'ca@@', 'p', ',', 'which', 'for', 'most', 'of', 'the', 'last', 'three', 'million', 'years', 'has', 'been', 'the', 'size', 'of', 'the', 'lower', '4@@', '8', 'states', ',', 'has', 'sh@@', 'run@@', 'k', 'by', '40', 'percent', '.']
2026-05-14 12:50:57,124 - DEBUG - joeynmt.training - 	Tokenized reference:  ['L&apos;', 'année', 'dernière', ',', 'je', 'vous', 'ai', 'présent@@', 'é', 'ces', 'deux', 'di@@', 'apos@@', 'iti@@', 'ves', 'qui', 'montr@@', 'aient', 'que', 'la', 'cal@@', 'ot@@', 'te', 'gl@@', 'ac@@', 'ière', 'ar@@', 'c@@', 'tique', ',', 'qui', 'pendant', 'ces', '3', 'derniers', 'millions', 'd&apos;', 'année', 'avait', 'la', 'taille', 'des', 'Etats-Unis', 'sans', 'l&apos;', 'Al@@', 'as@@', 'ka', ',', 'qui', 'pendant', 'ces', '3', 'derniers', 'millions', 'd&apos;', 'année', 'avait', 'la', 'taille', 'des', 'Etats-Unis', 'sans', 'l&apos;', 'Al@@', 'as@@', 'ka', ',', 'avait', 'di@@', 'minu@@', 'é', 'de', '40', '%', '.']
2026-05-14 12:50:57,124 - DEBUG - joeynmt.training - 	Tokenized hypothesis: ['L&apos;', 'année', 'dernière', ',', 'j&apos;', 'ai', 'montré', 'ces', 'deux', 'di@@', 'apos@@', 'iti@@', 'ves', 'pour', 'que', 'la', 'glace', 'ar@@', 'c@@', 'tique', ',', 'qui', 'depuis', 'la', 'plupart', 'des', 'trois', 'millions', 'd&apos;', 'années', 'a', 'été', 'la', 'taille', 'de', '4@@', '8', ',', 'a', 'dé@@', 'montré', 'par', '40', 'pour', 'cent', '.', '</s>']
2026-05-14 12:50:57,124 - INFO - joeynmt.training - 	Source:     Last year I showed these two slides so that demonstrate that the arctic ice cap , which for most of the last three million years has been the size of the lower 48 states , has shrunk by 40 percent .
2026-05-14 12:50:57,124 - INFO - joeynmt.training - 	Reference:  L&apos; année dernière , je vous ai présenté ces deux diapositives qui montraient que la calotte glacière arctique , qui pendant ces 3 derniers millions d&apos; année avait la taille des Etats-Unis sans l&apos; Alaska , qui pendant ces 3 derniers millions d&apos; année avait la taille des Etats-Unis sans l&apos; Alaska , avait diminué de 40 % .
2026-05-14 12:50:57,124 - INFO - joeynmt.training - 	Hypothesis: L&apos; année dernière , j&apos; ai montré ces deux diapositives pour que la glace arctique , qui depuis la plupart des trois millions d&apos; années a été la taille de 48 , a démontré par 40 pour cent .
2026-05-14 12:50:57,124 - INFO - joeynmt.training - Example #1
2026-05-14 12:50:57,124 - DEBUG - joeynmt.training - 	Tokenized source:     ['But', 'this', 'underst@@', 'ates', 'the', 'seri@@', 'ousness', 'of', 'this', 'particular', 'problem', 'because', 'it', 'doesn', '&apos;t', 'show', 'the', 'th@@', 'ick@@', 'ness', 'of', 'the', 'ice', '.']
2026-05-14 12:50:57,124 - DEBUG - joeynmt.training - 	Tokenized reference:  ['Mais', 'ceci', 'tend', 'à', 'a@@', 'mo@@', 'ind@@', 'rir', 'le', 'problème', 'parce', 'qu&apos;', 'on', 'ne', 'voit', 'pas', 'l&apos;', 'ép@@', 'aiss@@', 'eur', 'de', 'la', 'glace', '.']
2026-05-14 12:50:57,124 - DEBUG - joeynmt.training - 	Tokenized hypothesis: ['Mais', 'cela', 'comprend', 'le', 'sérieux', 'problème', ',', 'parce', 'que', 'ça', 'ne', 'montre', 'pas', 'la', 'pou@@', 'la', 'pou@@', 'la', 'de', 'glace', '.', '</s>']
2026-05-14 12:50:57,124 - INFO - joeynmt.training - 	Source:     But this understates the seriousness of this particular problem because it doesn &apos;t show the thickness of the ice .
2026-05-14 12:50:57,124 - INFO - joeynmt.training - 	Reference:  Mais ceci tend à amoindrir le problème parce qu&apos; on ne voit pas l&apos; épaisseur de la glace .
2026-05-14 12:50:57,124 - INFO - joeynmt.training - 	Hypothesis: Mais cela comprend le sérieux problème , parce que ça ne montre pas la poula poula de glace .
2026-05-14 12:50:57,124 - INFO - joeynmt.training - Example #2
2026-05-14 12:50:57,124 - DEBUG - joeynmt.training - 	Tokenized source:     ['The', 'ar@@', 'c@@', 'tic', 'ice', 'ca@@', 'p', 'is', ',', 'in', 'a', 'sense', ',', 'the', 'be@@', 'ating', 'heart', 'of', 'the', 'global', 'climate', 'system', '.']
2026-05-14 12:50:57,124 - DEBUG - joeynmt.training - 	Tokenized reference:  ['On', 'peut', 'voir', 'la', 'cal@@', 'ot@@', 'te', 'gl@@', 'ac@@', 'ière', 'ar@@', 'c@@', 'tique', 'comme', 'le', 'coeur', 'du', 'système', 'climatique', 'global', '.', 'On', 'peut', 'voir', 'la', 'cal@@', 'ot@@', 'te', 'gl@@', 'ac@@', 'ière', 'ar@@', 'c@@', 'tique', 'comme', 'le', 'coeur', 'du', 'système', 'climatique', 'global', '.']
2026-05-14 12:50:57,124 - DEBUG - joeynmt.training - 	Tokenized hypothesis: ['La', 'glace', 'ar@@', 'c@@', 'tique', 'est', ',', 'dans', 'un', 'sens', ',', 'le', 'coeur', 'du', 'système', 'climatique', '.', '</s>']
2026-05-14 12:50:57,125 - INFO - joeynmt.training - 	Source:     The arctic ice cap is , in a sense , the beating heart of the global climate system .
2026-05-14 12:50:57,125 - INFO - joeynmt.training - 	Reference:  On peut voir la calotte glacière arctique comme le coeur du système climatique global . On peut voir la calotte glacière arctique comme le coeur du système climatique global .
2026-05-14 12:50:57,125 - INFO - joeynmt.training - 	Hypothesis: La glace arctique est , dans un sens , le coeur du système climatique .
2026-05-14 12:50:57,125 - INFO - joeynmt.training - Example #3
2026-05-14 12:50:57,125 - DEBUG - joeynmt.training - 	Tokenized source:     ['It', 'exp@@', 'ands', 'in', 'w@@', 'int@@', 'er', 'and', 'contr@@', 'acts', 'in', 'summer', '.']
2026-05-14 12:50:57,125 - DEBUG - joeynmt.training - 	Tokenized reference:  ['Elle', 's&apos;', 'ét@@', 'end', 'en', 'hi@@', 'ver', 'et', 'se', 'contr@@', 'acte', 'en', 'été', '.']
2026-05-14 12:50:57,125 - DEBUG - joeynmt.training - 	Tokenized hypothesis: ['Elle', 's&apos;', 'ét@@', 'end', 'dans', 'l&apos;', 'hi@@', 'ver', 'et', 'contr@@', 'ain@@', 'ement', 'en', 'été', '.', '</s>']
2026-05-14 12:50:57,125 - INFO - joeynmt.training - 	Source:     It expands in winter and contracts in summer .
2026-05-14 12:50:57,125 - INFO - joeynmt.training - 	Reference:  Elle s&apos; étend en hiver et se contracte en été .
2026-05-14 12:50:57,125 - INFO - joeynmt.training - 	Hypothesis: Elle s&apos; étend dans l&apos; hiver et contrainement en été .
2026-05-14 12:50:57,125 - INFO - joeynmt.training - Example #4
2026-05-14 12:50:57,125 - DEBUG - joeynmt.training - 	Tokenized source:     ['The', 'next', 'slide', 'I', 'show', 'you', 'will', 'be', 'a', 'rap@@', 'id', 'fas@@', 't-@@', 'forward', 'of', 'what', '&apos;s', 'happened', 'over', 'the', 'last', '25', 'years', '.']
2026-05-14 12:50:57,125 - DEBUG - joeynmt.training - 	Tokenized reference:  ['La', 'prochaine', 'di@@', 'apos@@', 'itive', 'que', 'je', 'vais', 'vous', 'montrer', 'est', 'une', 'vue', 'en', 'accél@@', 'éré', 'de', 'ce', 'qui', 's&apos;', 'est', 'passé', 'ces', '25', 'dernières', 'années', '.']
2026-05-14 12:50:57,125 - DEBUG - joeynmt.training - 	Tokenized hypothesis: ['La', 'prochaine', 'di@@', 'apos@@', 'itive', 'que', 'je', 'vous', 'montre', 'que', 'vous', 'ser@@', 'ez', 'un', 'rapide', 'rapide', 'de', 'ce', 'qui', 'est', 'arrivé', 'pendant', 'les', '25', 'dernières', 'années', '.', '</s>']
2026-05-14 12:50:57,125 - INFO - joeynmt.training - 	Source:     The next slide I show you will be a rapid fast-forward of what &apos;s happened over the last 25 years .
2026-05-14 12:50:57,125 - INFO - joeynmt.training - 	Reference:  La prochaine diapositive que je vais vous montrer est une vue en accéléré de ce qui s&apos; est passé ces 25 dernières années .
2026-05-14 12:50:57,125 - INFO - joeynmt.training - 	Hypothesis: La prochaine diapositive que je vous montre que vous serez un rapide rapide de ce qui est arrivé pendant les 25 dernières années .
2026-05-14 12:51:14,446 - INFO - joeynmt.training - Epoch   6, Step:    20100, Batch Loss:     1.308286, Batch Acc: 0.632153, Tokens per Sec:     4311, Lr: 0.000300
2026-05-14 12:51:31,231 - INFO - joeynmt.training - Epoch   6, Step:    20200, Batch Loss:     1.265634, Batch Acc: 0.627580, Tokens per Sec:     4371, Lr: 0.000300
2026-05-14 12:51:48,102 - INFO - joeynmt.training - Epoch   6, Step:    20300, Batch Loss:     1.352065, Batch Acc: 0.620222, Tokens per Sec:     4341, Lr: 0.000300
2026-05-14 12:52:04,971 - INFO - joeynmt.training - Epoch   6, Step:    20400, Batch Loss:     1.484587, Batch Acc: 0.621763, Tokens per Sec:     4451, Lr: 0.000300
2026-05-14 12:52:21,797 - INFO - joeynmt.training - Epoch   6, Step:    20500, Batch Loss:     1.404726, Batch Acc: 0.631069, Tokens per Sec:     4441, Lr: 0.000300
2026-05-14 12:52:21,797 - WARNING - joeynmt.helpers - `alpha` option is obsolete. Please use `beam_alpha`, instead.
2026-05-14 12:52:21,797 - INFO - joeynmt.prediction - Predicting 890 example(s)... (Greedy decoding with min_output_length=1, max_output_length=-1, return_prob='none', generate_unk=True, repetition_penalty=-1, no_repeat_ngram_size=-1)
2026-05-14 12:53:02,906 - INFO - joeynmt.prediction - Evaluation result (greedy) loss:   1.71, ppl:   5.53, acc:   0.54, generation: 41.1041[sec], evaluation: 0.0000[sec]
2026-05-14 12:53:02,973 - INFO - joeynmt.helpers - delete models/bpe_8k/18500.ckpt
2026-05-14 12:53:02,973 - INFO - joeynmt.training - Example #0
2026-05-14 12:53:02,973 - DEBUG - joeynmt.training - 	Tokenized source:     ['L@@', 'ast', 'year', 'I', 'showed', 'these', 'two', 'sli@@', 'des', 'so', 'that', 'demonstr@@', 'ate', 'that', 'the', 'ar@@', 'c@@', 'tic', 'ice', 'ca@@', 'p', ',', 'which', 'for', 'most', 'of', 'the', 'last', 'three', 'million', 'years', 'has', 'been', 'the', 'size', 'of', 'the', 'lower', '4@@', '8', 'states', ',', 'has', 'sh@@', 'run@@', 'k', 'by', '40', 'percent', '.']
2026-05-14 12:53:02,973 - DEBUG - joeynmt.training - 	Tokenized reference:  ['L&apos;', 'année', 'dernière', ',', 'je', 'vous', 'ai', 'présent@@', 'é', 'ces', 'deux', 'di@@', 'apos@@', 'iti@@', 'ves', 'qui', 'montr@@', 'aient', 'que', 'la', 'cal@@', 'ot@@', 'te', 'gl@@', 'ac@@', 'ière', 'ar@@', 'c@@', 'tique', ',', 'qui', 'pendant', 'ces', '3', 'derniers', 'millions', 'd&apos;', 'année', 'avait', 'la', 'taille', 'des', 'Etats-Unis', 'sans', 'l&apos;', 'Al@@', 'as@@', 'ka', ',', 'qui', 'pendant', 'ces', '3', 'derniers', 'millions', 'd&apos;', 'année', 'avait', 'la', 'taille', 'des', 'Etats-Unis', 'sans', 'l&apos;', 'Al@@', 'as@@', 'ka', ',', 'avait', 'di@@', 'minu@@', 'é', 'de', '40', '%', '.']
2026-05-14 12:53:02,974 - DEBUG - joeynmt.training - 	Tokenized hypothesis: ['L&apos;', 'année', 'dernière', 'j&apos;', 'ai', 'montré', 'ces', 'deux', 'di@@', 'apos@@', 'iti@@', 'ves', 'pour', 'que', 'la', 'glace', 'ar@@', 'c@@', 'tique', 'ar@@', 'c@@', 'tique', ',', 'qui', 'depuis', 'la', 'plupart', 'des', 'trois', 'millions', 'd&apos;', 'années', 'ont', 'eu', 'la', 'taille', 'de', '4@@', '8', 'ét@@', 'ats', 'en', 'plus', 'bas', '4@@', '8', ',', 'a', 'dé@@', 'mon@@', 'str@@', 'ation', 'de', '40', 'pour', 'cent', '.', '</s>']
2026-05-14 12:53:02,974 - INFO - joeynmt.training - 	Source:     Last year I showed these two slides so that demonstrate that the arctic ice cap , which for most of the last three million years has been the size of the lower 48 states , has shrunk by 40 percent .
2026-05-14 12:53:02,974 - INFO - joeynmt.training - 	Reference:  L&apos; année dernière , je vous ai présenté ces deux diapositives qui montraient que la calotte glacière arctique , qui pendant ces 3 derniers millions d&apos; année avait la taille des Etats-Unis sans l&apos; Alaska , qui pendant ces 3 derniers millions d&apos; année avait la taille des Etats-Unis sans l&apos; Alaska , avait diminué de 40 % .
2026-05-14 12:53:02,974 - INFO - joeynmt.training - 	Hypothesis: L&apos; année dernière j&apos; ai montré ces deux diapositives pour que la glace arctique arctique , qui depuis la plupart des trois millions d&apos; années ont eu la taille de 48 états en plus bas 48 , a démonstration de 40 pour cent .
2026-05-14 12:53:02,974 - INFO - joeynmt.training - Example #1
2026-05-14 12:53:02,974 - DEBUG - joeynmt.training - 	Tokenized source:     ['But', 'this', 'underst@@', 'ates', 'the', 'seri@@', 'ousness', 'of', 'this', 'particular', 'problem', 'because', 'it', 'doesn', '&apos;t', 'show', 'the', 'th@@', 'ick@@', 'ness', 'of', 'the', 'ice', '.']
2026-05-14 12:53:02,974 - DEBUG - joeynmt.training - 	Tokenized reference:  ['Mais', 'ceci', 'tend', 'à', 'a@@', 'mo@@', 'ind@@', 'rir', 'le', 'problème', 'parce', 'qu&apos;', 'on', 'ne', 'voit', 'pas', 'l&apos;', 'ép@@', 'aiss@@', 'eur', 'de', 'la', 'glace', '.']
2026-05-14 12:53:02,974 - DEBUG - joeynmt.training - 	Tokenized hypothesis: ['Mais', 'cela', 'comprend', 'le', 'sérieux', 'de', 'ce', 'problème', 'particulier', 'parce', 'que', 'ça', 'ne', 'montre', 'pas', 'la', 'pou@@', 'la', 'pou@@', 's@@', 'ée', 'de', 'la', 'glace', '.', '</s>']
2026-05-14 12:53:02,974 - INFO - joeynmt.training - 	Source:     But this understates the seriousness of this particular problem because it doesn &apos;t show the thickness of the ice .
2026-05-14 12:53:02,974 - INFO - joeynmt.training - 	Reference:  Mais ceci tend à amoindrir le problème parce qu&apos; on ne voit pas l&apos; épaisseur de la glace .
2026-05-14 12:53:02,974 - INFO - joeynmt.training - 	Hypothesis: Mais cela comprend le sérieux de ce problème particulier parce que ça ne montre pas la poula pousée de la glace .
2026-05-14 12:53:02,974 - INFO - joeynmt.training - Example #2
2026-05-14 12:53:02,974 - DEBUG - joeynmt.training - 	Tokenized source:     ['The', 'ar@@', 'c@@', 'tic', 'ice', 'ca@@', 'p', 'is', ',', 'in', 'a', 'sense', ',', 'the', 'be@@', 'ating', 'heart', 'of', 'the', 'global', 'climate', 'system', '.']
2026-05-14 12:53:02,974 - DEBUG - joeynmt.training - 	Tokenized reference:  ['On', 'peut', 'voir', 'la', 'cal@@', 'ot@@', 'te', 'gl@@', 'ac@@', 'ière', 'ar@@', 'c@@', 'tique', 'comme', 'le', 'coeur', 'du', 'système', 'climatique', 'global', '.', 'On', 'peut', 'voir', 'la', 'cal@@', 'ot@@', 'te', 'gl@@', 'ac@@', 'ière', 'ar@@', 'c@@', 'tique', 'comme', 'le', 'coeur', 'du', 'système', 'climatique', 'global', '.']
2026-05-14 12:53:02,974 - DEBUG - joeynmt.training - 	Tokenized hypothesis: ['La', 'glace', 'ar@@', 'c@@', 'tique', 'ar@@', 'c@@', 'tique', 'est', ',', 'dans', 'un', 'sens', ',', 'le', 'coeur', 'qui', 'batt@@', 'ent', 'du', 'système', 'climatique', '.', '</s>']
2026-05-14 12:53:02,974 - INFO - joeynmt.training - 	Source:     The arctic ice cap is , in a sense , the beating heart of the global climate system .
2026-05-14 12:53:02,974 - INFO - joeynmt.training - 	Reference:  On peut voir la calotte glacière arctique comme le coeur du système climatique global . On peut voir la calotte glacière arctique comme le coeur du système climatique global .
2026-05-14 12:53:02,974 - INFO - joeynmt.training - 	Hypothesis: La glace arctique arctique est , dans un sens , le coeur qui battent du système climatique .
2026-05-14 12:53:02,974 - INFO - joeynmt.training - Example #3
2026-05-14 12:53:02,974 - DEBUG - joeynmt.training - 	Tokenized source:     ['It', 'exp@@', 'ands', 'in', 'w@@', 'int@@', 'er', 'and', 'contr@@', 'acts', 'in', 'summer', '.']
2026-05-14 12:53:02,974 - DEBUG - joeynmt.training - 	Tokenized reference:  ['Elle', 's&apos;', 'ét@@', 'end', 'en', 'hi@@', 'ver', 'et', 'se', 'contr@@', 'acte', 'en', 'été', '.']
2026-05-14 12:53:02,974 - DEBUG - joeynmt.training - 	Tokenized hypothesis: ['Il', 's&apos;', 'ét@@', 'end', 'en', 'hi@@', 'ver', 'et', 'contr@@', 'acter', 'en', 'été', '.', '</s>']
2026-05-14 12:53:02,974 - INFO - joeynmt.training - 	Source:     It expands in winter and contracts in summer .
2026-05-14 12:53:02,974 - INFO - joeynmt.training - 	Reference:  Elle s&apos; étend en hiver et se contracte en été .
2026-05-14 12:53:02,974 - INFO - joeynmt.training - 	Hypothesis: Il s&apos; étend en hiver et contracter en été .
2026-05-14 12:53:02,974 - INFO - joeynmt.training - Example #4
2026-05-14 12:53:02,974 - DEBUG - joeynmt.training - 	Tokenized source:     ['The', 'next', 'slide', 'I', 'show', 'you', 'will', 'be', 'a', 'rap@@', 'id', 'fas@@', 't-@@', 'forward', 'of', 'what', '&apos;s', 'happened', 'over', 'the', 'last', '25', 'years', '.']
2026-05-14 12:53:02,974 - DEBUG - joeynmt.training - 	Tokenized reference:  ['La', 'prochaine', 'di@@', 'apos@@', 'itive', 'que', 'je', 'vais', 'vous', 'montrer', 'est', 'une', 'vue', 'en', 'accél@@', 'éré', 'de', 'ce', 'qui', 's&apos;', 'est', 'passé', 'ces', '25', 'dernières', 'années', '.']
2026-05-14 12:53:02,974 - DEBUG - joeynmt.training - 	Tokenized hypothesis: ['La', 'prochaine', 'di@@', 'apos@@', 'itive', 'que', 'je', 'vous', 'ser@@', 'ez', 'un', 'rapide', 'rapide', 'de', 'ce', 'qui', 'est', 'arrivé', 'pendant', 'les', '25', 'dernières', 'années', '.', '</s>']
2026-05-14 12:53:02,974 - INFO - joeynmt.training - 	Source:     The next slide I show you will be a rapid fast-forward of what &apos;s happened over the last 25 years .
2026-05-14 12:53:02,974 - INFO - joeynmt.training - 	Reference:  La prochaine diapositive que je vais vous montrer est une vue en accéléré de ce qui s&apos; est passé ces 25 dernières années .
2026-05-14 12:53:02,975 - INFO - joeynmt.training - 	Hypothesis: La prochaine diapositive que je vous serez un rapide rapide de ce qui est arrivé pendant les 25 dernières années .
2026-05-14 12:53:19,924 - INFO - joeynmt.training - Epoch   6, Step:    20600, Batch Loss:     1.326288, Batch Acc: 0.622357, Tokens per Sec:     4350, Lr: 0.000300
2026-05-14 12:53:37,956 - INFO - joeynmt.training - Epoch   6, Step:    20700, Batch Loss:     1.319530, Batch Acc: 0.626651, Tokens per Sec:     4120, Lr: 0.000300
2026-05-14 12:53:55,636 - INFO - joeynmt.training - Epoch   6, Step:    20800, Batch Loss:     1.285910, Batch Acc: 0.627665, Tokens per Sec:     4189, Lr: 0.000300
2026-05-14 12:54:13,551 - INFO - joeynmt.training - Epoch   6, Step:    20900, Batch Loss:     1.469638, Batch Acc: 0.621861, Tokens per Sec:     4290, Lr: 0.000300
2026-05-14 12:54:30,945 - INFO - joeynmt.training - Epoch   6, Step:    21000, Batch Loss:     1.563486, Batch Acc: 0.629667, Tokens per Sec:     4329, Lr: 0.000300
2026-05-14 12:54:30,945 - WARNING - joeynmt.helpers - `alpha` option is obsolete. Please use `beam_alpha`, instead.
2026-05-14 12:54:30,945 - INFO - joeynmt.prediction - Predicting 890 example(s)... (Greedy decoding with min_output_length=1, max_output_length=-1, return_prob='none', generate_unk=True, repetition_penalty=-1, no_repeat_ngram_size=-1)
2026-05-14 12:55:09,195 - INFO - joeynmt.prediction - Evaluation result (greedy) loss:   1.70, ppl:   5.49, acc:   0.55, generation: 38.2458[sec], evaluation: 0.0000[sec]
2026-05-14 12:55:09,196 - INFO - joeynmt.training - Hooray! New best validation result [ppl]!
2026-05-14 12:55:09,262 - INFO - joeynmt.helpers - delete models/bpe_8k/19000.ckpt
2026-05-14 12:55:09,263 - INFO - joeynmt.training - Example #0
2026-05-14 12:55:09,263 - DEBUG - joeynmt.training - 	Tokenized source:     ['L@@', 'ast', 'year', 'I', 'showed', 'these', 'two', 'sli@@', 'des', 'so', 'that', 'demonstr@@', 'ate', 'that', 'the', 'ar@@', 'c@@', 'tic', 'ice', 'ca@@', 'p', ',', 'which', 'for', 'most', 'of', 'the', 'last', 'three', 'million', 'years', 'has', 'been', 'the', 'size', 'of', 'the', 'lower', '4@@', '8', 'states', ',', 'has', 'sh@@', 'run@@', 'k', 'by', '40', 'percent', '.']
2026-05-14 12:55:09,263 - DEBUG - joeynmt.training - 	Tokenized reference:  ['L&apos;', 'année', 'dernière', ',', 'je', 'vous', 'ai', 'présent@@', 'é', 'ces', 'deux', 'di@@', 'apos@@', 'iti@@', 'ves', 'qui', 'montr@@', 'aient', 'que', 'la', 'cal@@', 'ot@@', 'te', 'gl@@', 'ac@@', 'ière', 'ar@@', 'c@@', 'tique', ',', 'qui', 'pendant', 'ces', '3', 'derniers', 'millions', 'd&apos;', 'année', 'avait', 'la', 'taille', 'des', 'Etats-Unis', 'sans', 'l&apos;', 'Al@@', 'as@@', 'ka', ',', 'qui', 'pendant', 'ces', '3', 'derniers', 'millions', 'd&apos;', 'année', 'avait', 'la', 'taille', 'des', 'Etats-Unis', 'sans', 'l&apos;', 'Al@@', 'as@@', 'ka', ',', 'avait', 'di@@', 'minu@@', 'é', 'de', '40', '%', '.']
2026-05-14 12:55:09,263 - DEBUG - joeynmt.training - 	Tokenized hypothesis: ['L&apos;', 'année', 'dernière', ',', 'j&apos;', 'ai', 'montré', 'ces', 'deux', 'di@@', 'a@@', 'pos', 'pour', 'dé@@', 'montrer', 'que', 'la', 'glace', 'ar@@', 'c@@', 'tique', ',', 'qui', 'pour', 'la', 'plupart', 'des', 'trois', 'millions', 'de', 'années', 'a', 'été', 'la', 'taille', 'de', 'plus', 'bas', '4@@', '8', 'ét@@', 'ats', ',', 'a', 'une', 'p@@', 'iste', 'de', '40', '%', '.', '</s>']
2026-05-14 12:55:09,263 - INFO - joeynmt.training - 	Source:     Last year I showed these two slides so that demonstrate that the arctic ice cap , which for most of the last three million years has been the size of the lower 48 states , has shrunk by 40 percent .
2026-05-14 12:55:09,264 - INFO - joeynmt.training - 	Reference:  L&apos; année dernière , je vous ai présenté ces deux diapositives qui montraient que la calotte glacière arctique , qui pendant ces 3 derniers millions d&apos; année avait la taille des Etats-Unis sans l&apos; Alaska , qui pendant ces 3 derniers millions d&apos; année avait la taille des Etats-Unis sans l&apos; Alaska , avait diminué de 40 % .
2026-05-14 12:55:09,264 - INFO - joeynmt.training - 	Hypothesis: L&apos; année dernière , j&apos; ai montré ces deux diapos pour démontrer que la glace arctique , qui pour la plupart des trois millions de années a été la taille de plus bas 48 états , a une piste de 40 % .
2026-05-14 12:55:09,264 - INFO - joeynmt.training - Example #1
2026-05-14 12:55:09,264 - DEBUG - joeynmt.training - 	Tokenized source:     ['But', 'this', 'underst@@', 'ates', 'the', 'seri@@', 'ousness', 'of', 'this', 'particular', 'problem', 'because', 'it', 'doesn', '&apos;t', 'show', 'the', 'th@@', 'ick@@', 'ness', 'of', 'the', 'ice', '.']
2026-05-14 12:55:09,264 - DEBUG - joeynmt.training - 	Tokenized reference:  ['Mais', 'ceci', 'tend', 'à', 'a@@', 'mo@@', 'ind@@', 'rir', 'le', 'problème', 'parce', 'qu&apos;', 'on', 'ne', 'voit', 'pas', 'l&apos;', 'ép@@', 'aiss@@', 'eur', 'de', 'la', 'glace', '.']
2026-05-14 12:55:09,264 - DEBUG - joeynmt.training - 	Tokenized hypothesis: ['Mais', 'cela', 'comprend', 'le', 'sérieux', 'sérieux', 'du', 'problème', 'particulier', 'parce', 'qu&apos;', 'il', 'ne', 'montre', 'pas', 'la', 'pou@@', 'let', 'de', 'la', 'glace', '.', '</s>']
2026-05-14 12:55:09,264 - INFO - joeynmt.training - 	Source:     But this understates the seriousness of this particular problem because it doesn &apos;t show the thickness of the ice .
2026-05-14 12:55:09,264 - INFO - joeynmt.training - 	Reference:  Mais ceci tend à amoindrir le problème parce qu&apos; on ne voit pas l&apos; épaisseur de la glace .
2026-05-14 12:55:09,264 - INFO - joeynmt.training - 	Hypothesis: Mais cela comprend le sérieux sérieux du problème particulier parce qu&apos; il ne montre pas la poulet de la glace .
2026-05-14 12:55:09,264 - INFO - joeynmt.training - Example #2
2026-05-14 12:55:09,264 - DEBUG - joeynmt.training - 	Tokenized source:     ['The', 'ar@@', 'c@@', 'tic', 'ice', 'ca@@', 'p', 'is', ',', 'in', 'a', 'sense', ',', 'the', 'be@@', 'ating', 'heart', 'of', 'the', 'global', 'climate', 'system', '.']
2026-05-14 12:55:09,264 - DEBUG - joeynmt.training - 	Tokenized reference:  ['On', 'peut', 'voir', 'la', 'cal@@', 'ot@@', 'te', 'gl@@', 'ac@@', 'ière', 'ar@@', 'c@@', 'tique', 'comme', 'le', 'coeur', 'du', 'système', 'climatique', 'global', '.', 'On', 'peut', 'voir', 'la', 'cal@@', 'ot@@', 'te', 'gl@@', 'ac@@', 'ière', 'ar@@', 'c@@', 'tique', 'comme', 'le', 'coeur', 'du', 'système', 'climatique', 'global', '.']
2026-05-14 12:55:09,264 - DEBUG - joeynmt.training - 	Tokenized hypothesis: ['La', 'glace', 'ar@@', 'c@@', 'tique', 'ar@@', 'c@@', 'tique', 'est', ',', 'dans', 'un', 'sens', ',', 'le', 'coeur', 'de', 'la', 'bat@@', 'aille', 'ar@@', 'c@@', 'tique', 'du', 'système', 'climatique', '.', '</s>']
2026-05-14 12:55:09,264 - INFO - joeynmt.training - 	Source:     The arctic ice cap is , in a sense , the beating heart of the global climate system .
2026-05-14 12:55:09,264 - INFO - joeynmt.training - 	Reference:  On peut voir la calotte glacière arctique comme le coeur du système climatique global . On peut voir la calotte glacière arctique comme le coeur du système climatique global .
2026-05-14 12:55:09,264 - INFO - joeynmt.training - 	Hypothesis: La glace arctique arctique est , dans un sens , le coeur de la bataille arctique du système climatique .
2026-05-14 12:55:09,264 - INFO - joeynmt.training - Example #3
2026-05-14 12:55:09,264 - DEBUG - joeynmt.training - 	Tokenized source:     ['It', 'exp@@', 'ands', 'in', 'w@@', 'int@@', 'er', 'and', 'contr@@', 'acts', 'in', 'summer', '.']
2026-05-14 12:55:09,264 - DEBUG - joeynmt.training - 	Tokenized reference:  ['Elle', 's&apos;', 'ét@@', 'end', 'en', 'hi@@', 'ver', 'et', 'se', 'contr@@', 'acte', 'en', 'été', '.']
2026-05-14 12:55:09,264 - DEBUG - joeynmt.training - 	Tokenized hypothesis: ['Il', 's&apos;', 'él@@', 'ever', 'dans', 'l&apos;', 'hi@@', 'ver', 'et', 'contr@@', 'ac@@', 'tif', 'en', 'été', '.', '</s>']
2026-05-14 12:55:09,264 - INFO - joeynmt.training - 	Source:     It expands in winter and contracts in summer .
2026-05-14 12:55:09,264 - INFO - joeynmt.training - 	Reference:  Elle s&apos; étend en hiver et se contracte en été .
2026-05-14 12:55:09,264 - INFO - joeynmt.training - 	Hypothesis: Il s&apos; élever dans l&apos; hiver et contractif en été .
2026-05-14 12:55:09,264 - INFO - joeynmt.training - Example #4
2026-05-14 12:55:09,264 - DEBUG - joeynmt.training - 	Tokenized source:     ['The', 'next', 'slide', 'I', 'show', 'you', 'will', 'be', 'a', 'rap@@', 'id', 'fas@@', 't-@@', 'forward', 'of', 'what', '&apos;s', 'happened', 'over', 'the', 'last', '25', 'years', '.']
2026-05-14 12:55:09,264 - DEBUG - joeynmt.training - 	Tokenized reference:  ['La', 'prochaine', 'di@@', 'apos@@', 'itive', 'que', 'je', 'vais', 'vous', 'montrer', 'est', 'une', 'vue', 'en', 'accél@@', 'éré', 'de', 'ce', 'qui', 's&apos;', 'est', 'passé', 'ces', '25', 'dernières', 'années', '.']
2026-05-14 12:55:09,264 - DEBUG - joeynmt.training - 	Tokenized hypothesis: ['La', 'prochaine', 'di@@', 'apos@@', 'itive', 'que', 'je', 'vous', 'ser@@', 'ez', 'un', 'rapide', 'rapide', 'de', 'ce', 'qui', 'est', 'passé', 'depuis', 'les', '25', 'dernières', 'années', '.', '</s>']
2026-05-14 12:55:09,264 - INFO - joeynmt.training - 	Source:     The next slide I show you will be a rapid fast-forward of what &apos;s happened over the last 25 years .
2026-05-14 12:55:09,264 - INFO - joeynmt.training - 	Reference:  La prochaine diapositive que je vais vous montrer est une vue en accéléré de ce qui s&apos; est passé ces 25 dernières années .
2026-05-14 12:55:09,264 - INFO - joeynmt.training - 	Hypothesis: La prochaine diapositive que je vous serez un rapide rapide de ce qui est passé depuis les 25 dernières années .
2026-05-14 12:55:26,490 - INFO - joeynmt.training - Epoch   6, Step:    21100, Batch Loss:     1.363451, Batch Acc: 0.623638, Tokens per Sec:     4273, Lr: 0.000300
2026-05-14 12:55:43,276 - INFO - joeynmt.training - Epoch   6, Step:    21200, Batch Loss:     1.301527, Batch Acc: 0.631957, Tokens per Sec:     4532, Lr: 0.000300
2026-05-14 12:56:01,301 - INFO - joeynmt.training - Epoch   6, Step:    21300, Batch Loss:     1.353344, Batch Acc: 0.625721, Tokens per Sec:     4220, Lr: 0.000300
2026-05-14 12:56:18,807 - INFO - joeynmt.training - Epoch   6, Step:    21400, Batch Loss:     1.582683, Batch Acc: 0.623675, Tokens per Sec:     4310, Lr: 0.000300
2026-05-14 12:56:36,624 - INFO - joeynmt.training - Epoch   6, Step:    21500, Batch Loss:     1.443125, Batch Acc: 0.620883, Tokens per Sec:     4305, Lr: 0.000300
2026-05-14 12:56:36,624 - WARNING - joeynmt.helpers - `alpha` option is obsolete. Please use `beam_alpha`, instead.
2026-05-14 12:56:36,624 - INFO - joeynmt.prediction - Predicting 890 example(s)... (Greedy decoding with min_output_length=1, max_output_length=-1, return_prob='none', generate_unk=True, repetition_penalty=-1, no_repeat_ngram_size=-1)
2026-05-14 12:57:14,128 - INFO - joeynmt.prediction - Evaluation result (greedy) loss:   1.69, ppl:   5.41, acc:   0.55, generation: 37.4992[sec], evaluation: 0.0000[sec]
2026-05-14 12:57:14,129 - INFO - joeynmt.training - Hooray! New best validation result [ppl]!
2026-05-14 12:57:14,194 - INFO - joeynmt.helpers - delete models/bpe_8k/19500.ckpt
2026-05-14 12:57:14,196 - INFO - joeynmt.training - Example #0
2026-05-14 12:57:14,197 - DEBUG - joeynmt.training - 	Tokenized source:     ['L@@', 'ast', 'year', 'I', 'showed', 'these', 'two', 'sli@@', 'des', 'so', 'that', 'demonstr@@', 'ate', 'that', 'the', 'ar@@', 'c@@', 'tic', 'ice', 'ca@@', 'p', ',', 'which', 'for', 'most', 'of', 'the', 'last', 'three', 'million', 'years', 'has', 'been', 'the', 'size', 'of', 'the', 'lower', '4@@', '8', 'states', ',', 'has', 'sh@@', 'run@@', 'k', 'by', '40', 'percent', '.']
2026-05-14 12:57:14,197 - DEBUG - joeynmt.training - 	Tokenized reference:  ['L&apos;', 'année', 'dernière', ',', 'je', 'vous', 'ai', 'présent@@', 'é', 'ces', 'deux', 'di@@', 'apos@@', 'iti@@', 'ves', 'qui', 'montr@@', 'aient', 'que', 'la', 'cal@@', 'ot@@', 'te', 'gl@@', 'ac@@', 'ière', 'ar@@', 'c@@', 'tique', ',', 'qui', 'pendant', 'ces', '3', 'derniers', 'millions', 'd&apos;', 'année', 'avait', 'la', 'taille', 'des', 'Etats-Unis', 'sans', 'l&apos;', 'Al@@', 'as@@', 'ka', ',', 'qui', 'pendant', 'ces', '3', 'derniers', 'millions', 'd&apos;', 'année', 'avait', 'la', 'taille', 'des', 'Etats-Unis', 'sans', 'l&apos;', 'Al@@', 'as@@', 'ka', ',', 'avait', 'di@@', 'minu@@', 'é', 'de', '40', '%', '.']
2026-05-14 12:57:14,197 - DEBUG - joeynmt.training - 	Tokenized hypothesis: ['L&apos;', 'année', 'dernière', ',', 'j&apos;', 'ai', 'montré', 'ces', 'deux', 'di@@', 'a@@', 'pos', 'qui', 'dé@@', 'mon@@', 'str@@', 'ation', 'de', 'glace', ',', 'qui', 'pour', 'la', 'plupart', 'des', 'trois', 'millions', 'd&apos;', 'années', 'a', 'été', 'la', 'taille', 'de', 'la', '4@@', '8', 'ét@@', 'ats', ',', 'a', 'une', 't@@', 'émo@@', 'ign@@', 'ée', 'par', '40', '%', '.', '</s>']
2026-05-14 12:57:14,197 - INFO - joeynmt.training - 	Source:     Last year I showed these two slides so that demonstrate that the arctic ice cap , which for most of the last three million years has been the size of the lower 48 states , has shrunk by 40 percent .
2026-05-14 12:57:14,197 - INFO - joeynmt.training - 	Reference:  L&apos; année dernière , je vous ai présenté ces deux diapositives qui montraient que la calotte glacière arctique , qui pendant ces 3 derniers millions d&apos; année avait la taille des Etats-Unis sans l&apos; Alaska , qui pendant ces 3 derniers millions d&apos; année avait la taille des Etats-Unis sans l&apos; Alaska , avait diminué de 40 % .
2026-05-14 12:57:14,197 - INFO - joeynmt.training - 	Hypothesis: L&apos; année dernière , j&apos; ai montré ces deux diapos qui démonstration de glace , qui pour la plupart des trois millions d&apos; années a été la taille de la 48 états , a une témoignée par 40 % .
2026-05-14 12:57:14,197 - INFO - joeynmt.training - Example #1
2026-05-14 12:57:14,197 - DEBUG - joeynmt.training - 	Tokenized source:     ['But', 'this', 'underst@@', 'ates', 'the', 'seri@@', 'ousness', 'of', 'this', 'particular', 'problem', 'because', 'it', 'doesn', '&apos;t', 'show', 'the', 'th@@', 'ick@@', 'ness', 'of', 'the', 'ice', '.']
2026-05-14 12:57:14,197 - DEBUG - joeynmt.training - 	Tokenized reference:  ['Mais', 'ceci', 'tend', 'à', 'a@@', 'mo@@', 'ind@@', 'rir', 'le', 'problème', 'parce', 'qu&apos;', 'on', 'ne', 'voit', 'pas', 'l&apos;', 'ép@@', 'aiss@@', 'eur', 'de', 'la', 'glace', '.']
2026-05-14 12:57:14,197 - DEBUG - joeynmt.training - 	Tokenized hypothesis: ['Mais', 'cela', 'comprend', 'le', 'sérieux', 'problème', 'car', 'elle', 'ne', 'montre', 'pas', 'la', 'pou@@', 'sse', 'la', 'pou@@', 'sse', '.', '</s>']
2026-05-14 12:57:14,197 - INFO - joeynmt.training - 	Source:     But this understates the seriousness of this particular problem because it doesn &apos;t show the thickness of the ice .
2026-05-14 12:57:14,197 - INFO - joeynmt.training - 	Reference:  Mais ceci tend à amoindrir le problème parce qu&apos; on ne voit pas l&apos; épaisseur de la glace .
2026-05-14 12:57:14,197 - INFO - joeynmt.training - 	Hypothesis: Mais cela comprend le sérieux problème car elle ne montre pas la pousse la pousse .
2026-05-14 12:57:14,197 - INFO - joeynmt.training - Example #2
2026-05-14 12:57:14,197 - DEBUG - joeynmt.training - 	Tokenized source:     ['The', 'ar@@', 'c@@', 'tic', 'ice', 'ca@@', 'p', 'is', ',', 'in', 'a', 'sense', ',', 'the', 'be@@', 'ating', 'heart', 'of', 'the', 'global', 'climate', 'system', '.']
2026-05-14 12:57:14,197 - DEBUG - joeynmt.training - 	Tokenized reference:  ['On', 'peut', 'voir', 'la', 'cal@@', 'ot@@', 'te', 'gl@@', 'ac@@', 'ière', 'ar@@', 'c@@', 'tique', 'comme', 'le', 'coeur', 'du', 'système', 'climatique', 'global', '.', 'On', 'peut', 'voir', 'la', 'cal@@', 'ot@@', 'te', 'gl@@', 'ac@@', 'ière', 'ar@@', 'c@@', 'tique', 'comme', 'le', 'coeur', 'du', 'système', 'climatique', 'global', '.']
2026-05-14 12:57:14,197 - DEBUG - joeynmt.training - 	Tokenized hypothesis: ['La', 'glace', 'ar@@', 'c@@', 'tique', 'est', ',', 'dans', 'un', 'sens', ',', 'le', 'coeur', 'du', 'système', 'du', 'climat', '.', '</s>']
2026-05-14 12:57:14,197 - INFO - joeynmt.training - 	Source:     The arctic ice cap is , in a sense , the beating heart of the global climate system .
2026-05-14 12:57:14,197 - INFO - joeynmt.training - 	Reference:  On peut voir la calotte glacière arctique comme le coeur du système climatique global . On peut voir la calotte glacière arctique comme le coeur du système climatique global .
2026-05-14 12:57:14,197 - INFO - joeynmt.training - 	Hypothesis: La glace arctique est , dans un sens , le coeur du système du climat .
2026-05-14 12:57:14,197 - INFO - joeynmt.training - Example #3
2026-05-14 12:57:14,197 - DEBUG - joeynmt.training - 	Tokenized source:     ['It', 'exp@@', 'ands', 'in', 'w@@', 'int@@', 'er', 'and', 'contr@@', 'acts', 'in', 'summer', '.']
2026-05-14 12:57:14,197 - DEBUG - joeynmt.training - 	Tokenized reference:  ['Elle', 's&apos;', 'ét@@', 'end', 'en', 'hi@@', 'ver', 'et', 'se', 'contr@@', 'acte', 'en', 'été', '.']
2026-05-14 12:57:14,197 - DEBUG - joeynmt.training - 	Tokenized hypothesis: ['Elle', 's&apos;', 'ét@@', 'end', 'dans', 'l&apos;', 'int@@', 'er', 'et', 'contr@@', 'ac@@', 'tif', 'en', 'été', '.', '</s>']
2026-05-14 12:57:14,197 - INFO - joeynmt.training - 	Source:     It expands in winter and contracts in summer .
2026-05-14 12:57:14,197 - INFO - joeynmt.training - 	Reference:  Elle s&apos; étend en hiver et se contracte en été .
2026-05-14 12:57:14,197 - INFO - joeynmt.training - 	Hypothesis: Elle s&apos; étend dans l&apos; inter et contractif en été .
2026-05-14 12:57:14,197 - INFO - joeynmt.training - Example #4
2026-05-14 12:57:14,198 - DEBUG - joeynmt.training - 	Tokenized source:     ['The', 'next', 'slide', 'I', 'show', 'you', 'will', 'be', 'a', 'rap@@', 'id', 'fas@@', 't-@@', 'forward', 'of', 'what', '&apos;s', 'happened', 'over', 'the', 'last', '25', 'years', '.']
2026-05-14 12:57:14,198 - DEBUG - joeynmt.training - 	Tokenized reference:  ['La', 'prochaine', 'di@@', 'apos@@', 'itive', 'que', 'je', 'vais', 'vous', 'montrer', 'est', 'une', 'vue', 'en', 'accél@@', 'éré', 'de', 'ce', 'qui', 's&apos;', 'est', 'passé', 'ces', '25', 'dernières', 'années', '.']
2026-05-14 12:57:14,198 - DEBUG - joeynmt.training - 	Tokenized hypothesis: ['La', 'di@@', 'apos@@', 'itive', 'que', 'je', 'vous', 'montre', 'que', 'vous', 'ser@@', 'ez', 'un', 'rapide', 'rapide', 'de', 'ce', 'qui', 'est', 'arrivé', 'pendant', 'les', '25', 'dernières', 'années', '.', '</s>']
2026-05-14 12:57:14,198 - INFO - joeynmt.training - 	Source:     The next slide I show you will be a rapid fast-forward of what &apos;s happened over the last 25 years .
2026-05-14 12:57:14,198 - INFO - joeynmt.training - 	Reference:  La prochaine diapositive que je vais vous montrer est une vue en accéléré de ce qui s&apos; est passé ces 25 dernières années .
2026-05-14 12:57:14,198 - INFO - joeynmt.training - 	Hypothesis: La diapositive que je vous montre que vous serez un rapide rapide de ce qui est arrivé pendant les 25 dernières années .
2026-05-14 12:57:31,051 - INFO - joeynmt.training - Epoch   6, Step:    21600, Batch Loss:     1.436657, Batch Acc: 0.624126, Tokens per Sec:     4360, Lr: 0.000300
2026-05-14 12:57:48,030 - INFO - joeynmt.training - Epoch   6, Step:    21700, Batch Loss:     1.258371, Batch Acc: 0.627274, Tokens per Sec:     4316, Lr: 0.000300
2026-05-14 12:57:55,510 - INFO - joeynmt.training - Epoch   6: total training loss 4848.43
2026-05-14 12:57:55,510 - INFO - joeynmt.training - EPOCH 7
2026-05-14 12:58:04,711 - INFO - joeynmt.training - Epoch   7, Step:    21800, Batch Loss:     1.256151, Batch Acc: 0.647201, Tokens per Sec:     4365, Lr: 0.000300
2026-05-14 12:58:21,510 - INFO - joeynmt.training - Epoch   7, Step:    21900, Batch Loss:     1.214398, Batch Acc: 0.653732, Tokens per Sec:     4459, Lr: 0.000300
2026-05-14 12:58:38,382 - INFO - joeynmt.training - Epoch   7, Step:    22000, Batch Loss:     1.361364, Batch Acc: 0.651668, Tokens per Sec:     4393, Lr: 0.000300
2026-05-14 12:58:38,382 - WARNING - joeynmt.helpers - `alpha` option is obsolete. Please use `beam_alpha`, instead.
2026-05-14 12:58:38,382 - INFO - joeynmt.prediction - Predicting 890 example(s)... (Greedy decoding with min_output_length=1, max_output_length=-1, return_prob='none', generate_unk=True, repetition_penalty=-1, no_repeat_ngram_size=-1)
2026-05-14 12:59:20,836 - INFO - joeynmt.prediction - Evaluation result (greedy) loss:   1.69, ppl:   5.45, acc:   0.55, generation: 42.4496[sec], evaluation: 0.0000[sec]
2026-05-14 12:59:20,905 - INFO - joeynmt.helpers - delete models/bpe_8k/20000.ckpt
2026-05-14 12:59:20,906 - INFO - joeynmt.training - Example #0
2026-05-14 12:59:20,906 - DEBUG - joeynmt.training - 	Tokenized source:     ['L@@', 'ast', 'year', 'I', 'showed', 'these', 'two', 'sli@@', 'des', 'so', 'that', 'demonstr@@', 'ate', 'that', 'the', 'ar@@', 'c@@', 'tic', 'ice', 'ca@@', 'p', ',', 'which', 'for', 'most', 'of', 'the', 'last', 'three', 'million', 'years', 'has', 'been', 'the', 'size', 'of', 'the', 'lower', '4@@', '8', 'states', ',', 'has', 'sh@@', 'run@@', 'k', 'by', '40', 'percent', '.']
2026-05-14 12:59:20,906 - DEBUG - joeynmt.training - 	Tokenized reference:  ['L&apos;', 'année', 'dernière', ',', 'je', 'vous', 'ai', 'présent@@', 'é', 'ces', 'deux', 'di@@', 'apos@@', 'iti@@', 'ves', 'qui', 'montr@@', 'aient', 'que', 'la', 'cal@@', 'ot@@', 'te', 'gl@@', 'ac@@', 'ière', 'ar@@', 'c@@', 'tique', ',', 'qui', 'pendant', 'ces', '3', 'derniers', 'millions', 'd&apos;', 'année', 'avait', 'la', 'taille', 'des', 'Etats-Unis', 'sans', 'l&apos;', 'Al@@', 'as@@', 'ka', ',', 'qui', 'pendant', 'ces', '3', 'derniers', 'millions', 'd&apos;', 'année', 'avait', 'la', 'taille', 'des', 'Etats-Unis', 'sans', 'l&apos;', 'Al@@', 'as@@', 'ka', ',', 'avait', 'di@@', 'minu@@', 'é', 'de', '40', '%', '.']
2026-05-14 12:59:20,906 - DEBUG - joeynmt.training - 	Tokenized hypothesis: ['L&apos;', 'année', 'dernière', ',', 'j&apos;', 'ai', 'montré', 'ces', 'deux', 'di@@', 'apos@@', 'iti@@', 'ves', 'pour', 'la', 'glace', 'ar@@', 'c@@', 'tique', ',', 'qui', 'depuis', 'la', 'plupart', 'des', 'trois', 'millions', 'd&apos;', 'années', 'a', 'été', 'la', 'taille', 'de', 'la', 'taille', 'des', 'trois', 'ét@@', 'ats', 'plus', 'bas', '4@@', '8', ',', 'a', 'dé@@', 'mon@@', 'str@@', 'ation', 'de', '40', '%', '.', '</s>']
2026-05-14 12:59:20,906 - INFO - joeynmt.training - 	Source:     Last year I showed these two slides so that demonstrate that the arctic ice cap , which for most of the last three million years has been the size of the lower 48 states , has shrunk by 40 percent .
2026-05-14 12:59:20,906 - INFO - joeynmt.training - 	Reference:  L&apos; année dernière , je vous ai présenté ces deux diapositives qui montraient que la calotte glacière arctique , qui pendant ces 3 derniers millions d&apos; année avait la taille des Etats-Unis sans l&apos; Alaska , qui pendant ces 3 derniers millions d&apos; année avait la taille des Etats-Unis sans l&apos; Alaska , avait diminué de 40 % .
2026-05-14 12:59:20,906 - INFO - joeynmt.training - 	Hypothesis: L&apos; année dernière , j&apos; ai montré ces deux diapositives pour la glace arctique , qui depuis la plupart des trois millions d&apos; années a été la taille de la taille des trois états plus bas 48 , a démonstration de 40 % .
2026-05-14 12:59:20,906 - INFO - joeynmt.training - Example #1
2026-05-14 12:59:20,906 - DEBUG - joeynmt.training - 	Tokenized source:     ['But', 'this', 'underst@@', 'ates', 'the', 'seri@@', 'ousness', 'of', 'this', 'particular', 'problem', 'because', 'it', 'doesn', '&apos;t', 'show', 'the', 'th@@', 'ick@@', 'ness', 'of', 'the', 'ice', '.']
2026-05-14 12:59:20,906 - DEBUG - joeynmt.training - 	Tokenized reference:  ['Mais', 'ceci', 'tend', 'à', 'a@@', 'mo@@', 'ind@@', 'rir', 'le', 'problème', 'parce', 'qu&apos;', 'on', 'ne', 'voit', 'pas', 'l&apos;', 'ép@@', 'aiss@@', 'eur', 'de', 'la', 'glace', '.']
2026-05-14 12:59:20,906 - DEBUG - joeynmt.training - 	Tokenized hypothesis: ['Mais', 'cela', 'comprend', 'le', 'sérieux', 'problème', 'en', 'particulier', 'parce', 'qu&apos;', 'il', 'ne', 'montre', 'pas', 'la', 'pou@@', 'la', 'moindre', 'dé@@', 'mon@@', 'str@@', 'ation', 'de', 'la', 'glace', '.', '</s>']
2026-05-14 12:59:20,906 - INFO - joeynmt.training - 	Source:     But this understates the seriousness of this particular problem because it doesn &apos;t show the thickness of the ice .
2026-05-14 12:59:20,906 - INFO - joeynmt.training - 	Reference:  Mais ceci tend à amoindrir le problème parce qu&apos; on ne voit pas l&apos; épaisseur de la glace .
2026-05-14 12:59:20,906 - INFO - joeynmt.training - 	Hypothesis: Mais cela comprend le sérieux problème en particulier parce qu&apos; il ne montre pas la poula moindre démonstration de la glace .
2026-05-14 12:59:20,906 - INFO - joeynmt.training - Example #2
2026-05-14 12:59:20,906 - DEBUG - joeynmt.training - 	Tokenized source:     ['The', 'ar@@', 'c@@', 'tic', 'ice', 'ca@@', 'p', 'is', ',', 'in', 'a', 'sense', ',', 'the', 'be@@', 'ating', 'heart', 'of', 'the', 'global', 'climate', 'system', '.']
2026-05-14 12:59:20,906 - DEBUG - joeynmt.training - 	Tokenized reference:  ['On', 'peut', 'voir', 'la', 'cal@@', 'ot@@', 'te', 'gl@@', 'ac@@', 'ière', 'ar@@', 'c@@', 'tique', 'comme', 'le', 'coeur', 'du', 'système', 'climatique', 'global', '.', 'On', 'peut', 'voir', 'la', 'cal@@', 'ot@@', 'te', 'gl@@', 'ac@@', 'ière', 'ar@@', 'c@@', 'tique', 'comme', 'le', 'coeur', 'du', 'système', 'climatique', 'global', '.']
2026-05-14 12:59:20,906 - DEBUG - joeynmt.training - 	Tokenized hypothesis: ['La', 'glace', 'ar@@', 'c@@', 'tique', 'est', ',', 'dans', 'un', 'sens', ',', 'le', 'coeur', 'du', 'système', 'climatique', '.', '</s>']
2026-05-14 12:59:20,906 - INFO - joeynmt.training - 	Source:     The arctic ice cap is , in a sense , the beating heart of the global climate system .
2026-05-14 12:59:20,906 - INFO - joeynmt.training - 	Reference:  On peut voir la calotte glacière arctique comme le coeur du système climatique global . On peut voir la calotte glacière arctique comme le coeur du système climatique global .
2026-05-14 12:59:20,906 - INFO - joeynmt.training - 	Hypothesis: La glace arctique est , dans un sens , le coeur du système climatique .
2026-05-14 12:59:20,906 - INFO - joeynmt.training - Example #3
2026-05-14 12:59:20,906 - DEBUG - joeynmt.training - 	Tokenized source:     ['It', 'exp@@', 'ands', 'in', 'w@@', 'int@@', 'er', 'and', 'contr@@', 'acts', 'in', 'summer', '.']
2026-05-14 12:59:20,906 - DEBUG - joeynmt.training - 	Tokenized reference:  ['Elle', 's&apos;', 'ét@@', 'end', 'en', 'hi@@', 'ver', 'et', 'se', 'contr@@', 'acte', 'en', 'été', '.']
2026-05-14 12:59:20,906 - DEBUG - joeynmt.training - 	Tokenized hypothesis: ['Elle', 's&apos;', 'ét@@', 'end', 'dans', 'l&apos;', 'année', 'et', 'contr@@', 'acter', 'en', 'été', '.', '</s>']
2026-05-14 12:59:20,906 - INFO - joeynmt.training - 	Source:     It expands in winter and contracts in summer .
2026-05-14 12:59:20,906 - INFO - joeynmt.training - 	Reference:  Elle s&apos; étend en hiver et se contracte en été .
2026-05-14 12:59:20,906 - INFO - joeynmt.training - 	Hypothesis: Elle s&apos; étend dans l&apos; année et contracter en été .
2026-05-14 12:59:20,906 - INFO - joeynmt.training - Example #4
2026-05-14 12:59:20,907 - DEBUG - joeynmt.training - 	Tokenized source:     ['The', 'next', 'slide', 'I', 'show', 'you', 'will', 'be', 'a', 'rap@@', 'id', 'fas@@', 't-@@', 'forward', 'of', 'what', '&apos;s', 'happened', 'over', 'the', 'last', '25', 'years', '.']
2026-05-14 12:59:20,907 - DEBUG - joeynmt.training - 	Tokenized reference:  ['La', 'prochaine', 'di@@', 'apos@@', 'itive', 'que', 'je', 'vais', 'vous', 'montrer', 'est', 'une', 'vue', 'en', 'accél@@', 'éré', 'de', 'ce', 'qui', 's&apos;', 'est', 'passé', 'ces', '25', 'dernières', 'années', '.']
2026-05-14 12:59:20,907 - DEBUG - joeynmt.training - 	Tokenized hypothesis: ['La', 'di@@', 'apos@@', 'itive', 'suivante', ',', 'je', 'vous', 'ser@@', 'ez', 'un', 'rapide', 'rapide', 'rapide', 'de', 'ce', 'qui', 'est', 'arrivé', 'pendant', 'les', '25', 'dernières', 'années', '.', '</s>']
2026-05-14 12:59:20,907 - INFO - joeynmt.training - 	Source:     The next slide I show you will be a rapid fast-forward of what &apos;s happened over the last 25 years .
2026-05-14 12:59:20,907 - INFO - joeynmt.training - 	Reference:  La prochaine diapositive que je vais vous montrer est une vue en accéléré de ce qui s&apos; est passé ces 25 dernières années .
2026-05-14 12:59:20,907 - INFO - joeynmt.training - 	Hypothesis: La diapositive suivante , je vous serez un rapide rapide rapide de ce qui est arrivé pendant les 25 dernières années .
2026-05-14 12:59:38,398 - INFO - joeynmt.training - Epoch   7, Step:    22100, Batch Loss:     1.226912, Batch Acc: 0.649174, Tokens per Sec:     4228, Lr: 0.000300
2026-05-14 12:59:55,706 - INFO - joeynmt.training - Epoch   7, Step:    22200, Batch Loss:     1.361634, Batch Acc: 0.650812, Tokens per Sec:     4286, Lr: 0.000300
2026-05-14 13:00:12,479 - INFO - joeynmt.training - Epoch   7, Step:    22300, Batch Loss:     1.294398, Batch Acc: 0.649620, Tokens per Sec:     4499, Lr: 0.000300
2026-05-14 13:00:28,633 - INFO - joeynmt.training - Epoch   7, Step:    22400, Batch Loss:     1.174284, Batch Acc: 0.642456, Tokens per Sec:     4735, Lr: 0.000300
2026-05-14 13:00:45,110 - INFO - joeynmt.training - Epoch   7, Step:    22500, Batch Loss:     1.213115, Batch Acc: 0.649074, Tokens per Sec:     4464, Lr: 0.000300
2026-05-14 13:00:45,110 - WARNING - joeynmt.helpers - `alpha` option is obsolete. Please use `beam_alpha`, instead.
2026-05-14 13:00:45,110 - INFO - joeynmt.prediction - Predicting 890 example(s)... (Greedy decoding with min_output_length=1, max_output_length=-1, return_prob='none', generate_unk=True, repetition_penalty=-1, no_repeat_ngram_size=-1)
2026-05-14 13:01:22,457 - INFO - joeynmt.prediction - Evaluation result (greedy) loss:   1.70, ppl:   5.47, acc:   0.55, generation: 37.3426[sec], evaluation: 0.0000[sec]
2026-05-14 13:01:22,522 - INFO - joeynmt.helpers - delete models/bpe_8k/20500.ckpt
2026-05-14 13:01:22,522 - INFO - joeynmt.training - Example #0
2026-05-14 13:01:22,522 - DEBUG - joeynmt.training - 	Tokenized source:     ['L@@', 'ast', 'year', 'I', 'showed', 'these', 'two', 'sli@@', 'des', 'so', 'that', 'demonstr@@', 'ate', 'that', 'the', 'ar@@', 'c@@', 'tic', 'ice', 'ca@@', 'p', ',', 'which', 'for', 'most', 'of', 'the', 'last', 'three', 'million', 'years', 'has', 'been', 'the', 'size', 'of', 'the', 'lower', '4@@', '8', 'states', ',', 'has', 'sh@@', 'run@@', 'k', 'by', '40', 'percent', '.']
2026-05-14 13:01:22,522 - DEBUG - joeynmt.training - 	Tokenized reference:  ['L&apos;', 'année', 'dernière', ',', 'je', 'vous', 'ai', 'présent@@', 'é', 'ces', 'deux', 'di@@', 'apos@@', 'iti@@', 'ves', 'qui', 'montr@@', 'aient', 'que', 'la', 'cal@@', 'ot@@', 'te', 'gl@@', 'ac@@', 'ière', 'ar@@', 'c@@', 'tique', ',', 'qui', 'pendant', 'ces', '3', 'derniers', 'millions', 'd&apos;', 'année', 'avait', 'la', 'taille', 'des', 'Etats-Unis', 'sans', 'l&apos;', 'Al@@', 'as@@', 'ka', ',', 'qui', 'pendant', 'ces', '3', 'derniers', 'millions', 'd&apos;', 'année', 'avait', 'la', 'taille', 'des', 'Etats-Unis', 'sans', 'l&apos;', 'Al@@', 'as@@', 'ka', ',', 'avait', 'di@@', 'minu@@', 'é', 'de', '40', '%', '.']
2026-05-14 13:01:22,522 - DEBUG - joeynmt.training - 	Tokenized hypothesis: ['L&apos;', 'année', 'dernière', ',', 'j&apos;', 'ai', 'montré', 'ces', 'deux', 'di@@', 'apos@@', 'iti@@', 'ves', 'pour', 'la', 'glace', 'ar@@', 'c@@', 'tique', ',', 'qui', 'depuis', 'la', 'plupart', 'des', 'trois', 'millions', 'd&apos;', 'années', 'a', 'eu', 'la', 'taille', 'de', 'la', 'taille', 'de', '4@@', '8', 'ét@@', 'ats', 'plus', 'faible', ',', 'a', 'dé@@', 'mon@@', 'str@@', 'ation', 'de', '40', 'pour', 'cent', '.', '</s>']
2026-05-14 13:01:22,522 - INFO - joeynmt.training - 	Source:     Last year I showed these two slides so that demonstrate that the arctic ice cap , which for most of the last three million years has been the size of the lower 48 states , has shrunk by 40 percent .
2026-05-14 13:01:22,522 - INFO - joeynmt.training - 	Reference:  L&apos; année dernière , je vous ai présenté ces deux diapositives qui montraient que la calotte glacière arctique , qui pendant ces 3 derniers millions d&apos; année avait la taille des Etats-Unis sans l&apos; Alaska , qui pendant ces 3 derniers millions d&apos; année avait la taille des Etats-Unis sans l&apos; Alaska , avait diminué de 40 % .
2026-05-14 13:01:22,522 - INFO - joeynmt.training - 	Hypothesis: L&apos; année dernière , j&apos; ai montré ces deux diapositives pour la glace arctique , qui depuis la plupart des trois millions d&apos; années a eu la taille de la taille de 48 états plus faible , a démonstration de 40 pour cent .
2026-05-14 13:01:22,522 - INFO - joeynmt.training - Example #1
2026-05-14 13:01:22,522 - DEBUG - joeynmt.training - 	Tokenized source:     ['But', 'this', 'underst@@', 'ates', 'the', 'seri@@', 'ousness', 'of', 'this', 'particular', 'problem', 'because', 'it', 'doesn', '&apos;t', 'show', 'the', 'th@@', 'ick@@', 'ness', 'of', 'the', 'ice', '.']
2026-05-14 13:01:22,522 - DEBUG - joeynmt.training - 	Tokenized reference:  ['Mais', 'ceci', 'tend', 'à', 'a@@', 'mo@@', 'ind@@', 'rir', 'le', 'problème', 'parce', 'qu&apos;', 'on', 'ne', 'voit', 'pas', 'l&apos;', 'ép@@', 'aiss@@', 'eur', 'de', 'la', 'glace', '.']
2026-05-14 13:01:22,522 - DEBUG - joeynmt.training - 	Tokenized hypothesis: ['Mais', 'cela', 'comprend', 'le', 'sérieux', 'de', 'ce', 'problème', 'particulier', 'parce', 'qu&apos;', 'il', 'ne', 'montre', 'pas', 'la', 'pou@@', 'sse', 'de', 'la', 'glace', '.', '</s>']
2026-05-14 13:01:22,522 - INFO - joeynmt.training - 	Source:     But this understates the seriousness of this particular problem because it doesn &apos;t show the thickness of the ice .
2026-05-14 13:01:22,522 - INFO - joeynmt.training - 	Reference:  Mais ceci tend à amoindrir le problème parce qu&apos; on ne voit pas l&apos; épaisseur de la glace .
2026-05-14 13:01:22,522 - INFO - joeynmt.training - 	Hypothesis: Mais cela comprend le sérieux de ce problème particulier parce qu&apos; il ne montre pas la pousse de la glace .
2026-05-14 13:01:22,522 - INFO - joeynmt.training - Example #2
2026-05-14 13:01:22,523 - DEBUG - joeynmt.training - 	Tokenized source:     ['The', 'ar@@', 'c@@', 'tic', 'ice', 'ca@@', 'p', 'is', ',', 'in', 'a', 'sense', ',', 'the', 'be@@', 'ating', 'heart', 'of', 'the', 'global', 'climate', 'system', '.']
2026-05-14 13:01:22,523 - DEBUG - joeynmt.training - 	Tokenized reference:  ['On', 'peut', 'voir', 'la', 'cal@@', 'ot@@', 'te', 'gl@@', 'ac@@', 'ière', 'ar@@', 'c@@', 'tique', 'comme', 'le', 'coeur', 'du', 'système', 'climatique', 'global', '.', 'On', 'peut', 'voir', 'la', 'cal@@', 'ot@@', 'te', 'gl@@', 'ac@@', 'ière', 'ar@@', 'c@@', 'tique', 'comme', 'le', 'coeur', 'du', 'système', 'climatique', 'global', '.']
2026-05-14 13:01:22,523 - DEBUG - joeynmt.training - 	Tokenized hypothesis: ['La', 'glace', 'ar@@', 'c@@', 'tique', 'est', ',', 'dans', 'un', 'sens', ',', 'le', 'coeur', 'du', 'système', 'climatique', '.', '</s>']
2026-05-14 13:01:22,523 - INFO - joeynmt.training - 	Source:     The arctic ice cap is , in a sense , the beating heart of the global climate system .
2026-05-14 13:01:22,523 - INFO - joeynmt.training - 	Reference:  On peut voir la calotte glacière arctique comme le coeur du système climatique global . On peut voir la calotte glacière arctique comme le coeur du système climatique global .
2026-05-14 13:01:22,523 - INFO - joeynmt.training - 	Hypothesis: La glace arctique est , dans un sens , le coeur du système climatique .
2026-05-14 13:01:22,523 - INFO - joeynmt.training - Example #3
2026-05-14 13:01:22,523 - DEBUG - joeynmt.training - 	Tokenized source:     ['It', 'exp@@', 'ands', 'in', 'w@@', 'int@@', 'er', 'and', 'contr@@', 'acts', 'in', 'summer', '.']
2026-05-14 13:01:22,523 - DEBUG - joeynmt.training - 	Tokenized reference:  ['Elle', 's&apos;', 'ét@@', 'end', 'en', 'hi@@', 'ver', 'et', 'se', 'contr@@', 'acte', 'en', 'été', '.']
2026-05-14 13:01:22,523 - DEBUG - joeynmt.training - 	Tokenized hypothesis: ['Elle', 's&apos;', 'ét@@', 'end', 'dans', 'l&apos;', 'hi@@', 'ver', 'et', 'contr@@', 'at', 'en', 'été', '.', '</s>']
2026-05-14 13:01:22,523 - INFO - joeynmt.training - 	Source:     It expands in winter and contracts in summer .
2026-05-14 13:01:22,523 - INFO - joeynmt.training - 	Reference:  Elle s&apos; étend en hiver et se contracte en été .
2026-05-14 13:01:22,523 - INFO - joeynmt.training - 	Hypothesis: Elle s&apos; étend dans l&apos; hiver et contrat en été .
2026-05-14 13:01:22,523 - INFO - joeynmt.training - Example #4
2026-05-14 13:01:22,523 - DEBUG - joeynmt.training - 	Tokenized source:     ['The', 'next', 'slide', 'I', 'show', 'you', 'will', 'be', 'a', 'rap@@', 'id', 'fas@@', 't-@@', 'forward', 'of', 'what', '&apos;s', 'happened', 'over', 'the', 'last', '25', 'years', '.']
2026-05-14 13:01:22,523 - DEBUG - joeynmt.training - 	Tokenized reference:  ['La', 'prochaine', 'di@@', 'apos@@', 'itive', 'que', 'je', 'vais', 'vous', 'montrer', 'est', 'une', 'vue', 'en', 'accél@@', 'éré', 'de', 'ce', 'qui', 's&apos;', 'est', 'passé', 'ces', '25', 'dernières', 'années', '.']
2026-05-14 13:01:22,523 - DEBUG - joeynmt.training - 	Tokenized hypothesis: ['La', 'prochaine', 'di@@', 'apos@@', 'itive', 'que', 'je', 'vais', 'vous', 'ser@@', 'ez', 'un', 'rap@@', 'proche', 'de', 'ce', 'qui', 's&apos;', 'est', 'passé', 'depuis', 'les', '25', 'dernières', 'années', '.', '</s>']
2026-05-14 13:01:22,523 - INFO - joeynmt.training - 	Source:     The next slide I show you will be a rapid fast-forward of what &apos;s happened over the last 25 years .
2026-05-14 13:01:22,523 - INFO - joeynmt.training - 	Reference:  La prochaine diapositive que je vais vous montrer est une vue en accéléré de ce qui s&apos; est passé ces 25 dernières années .
2026-05-14 13:01:22,523 - INFO - joeynmt.training - 	Hypothesis: La prochaine diapositive que je vais vous serez un rapproche de ce qui s&apos; est passé depuis les 25 dernières années .
2026-05-14 13:01:39,524 - INFO - joeynmt.training - Epoch   7, Step:    22600, Batch Loss:     1.287552, Batch Acc: 0.643492, Tokens per Sec:     4538, Lr: 0.000300
2026-05-14 13:01:56,602 - INFO - joeynmt.training - Epoch   7, Step:    22700, Batch Loss:     1.209483, Batch Acc: 0.647551, Tokens per Sec:     4505, Lr: 0.000300
2026-05-14 13:02:13,692 - INFO - joeynmt.training - Epoch   7, Step:    22800, Batch Loss:     1.196337, Batch Acc: 0.641193, Tokens per Sec:     4411, Lr: 0.000300
2026-05-14 13:02:30,495 - INFO - joeynmt.training - Epoch   7, Step:    22900, Batch Loss:     1.339678, Batch Acc: 0.642993, Tokens per Sec:     4503, Lr: 0.000300
2026-05-14 13:02:47,241 - INFO - joeynmt.training - Epoch   7, Step:    23000, Batch Loss:     1.283751, Batch Acc: 0.642889, Tokens per Sec:     4393, Lr: 0.000300
2026-05-14 13:02:47,242 - WARNING - joeynmt.helpers - `alpha` option is obsolete. Please use `beam_alpha`, instead.
2026-05-14 13:02:47,242 - INFO - joeynmt.prediction - Predicting 890 example(s)... (Greedy decoding with min_output_length=1, max_output_length=-1, return_prob='none', generate_unk=True, repetition_penalty=-1, no_repeat_ngram_size=-1)
2026-05-14 13:03:27,939 - INFO - joeynmt.prediction - Evaluation result (greedy) loss:   1.70, ppl:   5.45, acc:   0.55, generation: 40.6929[sec], evaluation: 0.0000[sec]
2026-05-14 13:03:28,006 - INFO - joeynmt.helpers - delete models/bpe_8k/18000.ckpt
2026-05-14 13:03:28,006 - INFO - joeynmt.training - Example #0
2026-05-14 13:03:28,006 - DEBUG - joeynmt.training - 	Tokenized source:     ['L@@', 'ast', 'year', 'I', 'showed', 'these', 'two', 'sli@@', 'des', 'so', 'that', 'demonstr@@', 'ate', 'that', 'the', 'ar@@', 'c@@', 'tic', 'ice', 'ca@@', 'p', ',', 'which', 'for', 'most', 'of', 'the', 'last', 'three', 'million', 'years', 'has', 'been', 'the', 'size', 'of', 'the', 'lower', '4@@', '8', 'states', ',', 'has', 'sh@@', 'run@@', 'k', 'by', '40', 'percent', '.']
2026-05-14 13:03:28,007 - DEBUG - joeynmt.training - 	Tokenized reference:  ['L&apos;', 'année', 'dernière', ',', 'je', 'vous', 'ai', 'présent@@', 'é', 'ces', 'deux', 'di@@', 'apos@@', 'iti@@', 'ves', 'qui', 'montr@@', 'aient', 'que', 'la', 'cal@@', 'ot@@', 'te', 'gl@@', 'ac@@', 'ière', 'ar@@', 'c@@', 'tique', ',', 'qui', 'pendant', 'ces', '3', 'derniers', 'millions', 'd&apos;', 'année', 'avait', 'la', 'taille', 'des', 'Etats-Unis', 'sans', 'l&apos;', 'Al@@', 'as@@', 'ka', ',', 'qui', 'pendant', 'ces', '3', 'derniers', 'millions', 'd&apos;', 'année', 'avait', 'la', 'taille', 'des', 'Etats-Unis', 'sans', 'l&apos;', 'Al@@', 'as@@', 'ka', ',', 'avait', 'di@@', 'minu@@', 'é', 'de', '40', '%', '.']
2026-05-14 13:03:28,007 - DEBUG - joeynmt.training - 	Tokenized hypothesis: ['L&apos;', 'année', 'dernière', ',', 'j&apos;', 'ai', 'montré', 'ces', 'deux', 'di@@', 'a@@', 'pos', 'pour', 'que', 'la', 'glace', 'ar@@', 'c@@', 'tique', ',', 'qui', 'pour', 'la', 'plupart', 'des', 'trois', 'millions', 'de', 'personnes', 'ont', 'été', 'la', 'taille', 'des', '4@@', '8', ',', 'a', 'un', 'dé@@', 'mon@@', 'str@@', 'u@@', 'sion', 'de', '40', '%', '.', '</s>']
2026-05-14 13:03:28,007 - INFO - joeynmt.training - 	Source:     Last year I showed these two slides so that demonstrate that the arctic ice cap , which for most of the last three million years has been the size of the lower 48 states , has shrunk by 40 percent .
2026-05-14 13:03:28,007 - INFO - joeynmt.training - 	Reference:  L&apos; année dernière , je vous ai présenté ces deux diapositives qui montraient que la calotte glacière arctique , qui pendant ces 3 derniers millions d&apos; année avait la taille des Etats-Unis sans l&apos; Alaska , qui pendant ces 3 derniers millions d&apos; année avait la taille des Etats-Unis sans l&apos; Alaska , avait diminué de 40 % .
2026-05-14 13:03:28,007 - INFO - joeynmt.training - 	Hypothesis: L&apos; année dernière , j&apos; ai montré ces deux diapos pour que la glace arctique , qui pour la plupart des trois millions de personnes ont été la taille des 48 , a un démonstrusion de 40 % .
2026-05-14 13:03:28,007 - INFO - joeynmt.training - Example #1
2026-05-14 13:03:28,007 - DEBUG - joeynmt.training - 	Tokenized source:     ['But', 'this', 'underst@@', 'ates', 'the', 'seri@@', 'ousness', 'of', 'this', 'particular', 'problem', 'because', 'it', 'doesn', '&apos;t', 'show', 'the', 'th@@', 'ick@@', 'ness', 'of', 'the', 'ice', '.']
2026-05-14 13:03:28,007 - DEBUG - joeynmt.training - 	Tokenized reference:  ['Mais', 'ceci', 'tend', 'à', 'a@@', 'mo@@', 'ind@@', 'rir', 'le', 'problème', 'parce', 'qu&apos;', 'on', 'ne', 'voit', 'pas', 'l&apos;', 'ép@@', 'aiss@@', 'eur', 'de', 'la', 'glace', '.']
2026-05-14 13:03:28,007 - DEBUG - joeynmt.training - 	Tokenized hypothesis: ['Mais', 'cela', 'comprend', 'le', 'sérieux', 'de', 'ce', 'problème', 'en', 'particulier', 'parce', 'qu&apos;', 'il', 'ne', 'montre', 'pas', 'la', 'pou@@', 'sse', 'de', 'la', 'glace', '.', '</s>']
2026-05-14 13:03:28,007 - INFO - joeynmt.training - 	Source:     But this understates the seriousness of this particular problem because it doesn &apos;t show the thickness of the ice .
2026-05-14 13:03:28,007 - INFO - joeynmt.training - 	Reference:  Mais ceci tend à amoindrir le problème parce qu&apos; on ne voit pas l&apos; épaisseur de la glace .
2026-05-14 13:03:28,007 - INFO - joeynmt.training - 	Hypothesis: Mais cela comprend le sérieux de ce problème en particulier parce qu&apos; il ne montre pas la pousse de la glace .
2026-05-14 13:03:28,007 - INFO - joeynmt.training - Example #2
2026-05-14 13:03:28,007 - DEBUG - joeynmt.training - 	Tokenized source:     ['The', 'ar@@', 'c@@', 'tic', 'ice', 'ca@@', 'p', 'is', ',', 'in', 'a', 'sense', ',', 'the', 'be@@', 'ating', 'heart', 'of', 'the', 'global', 'climate', 'system', '.']
2026-05-14 13:03:28,007 - DEBUG - joeynmt.training - 	Tokenized reference:  ['On', 'peut', 'voir', 'la', 'cal@@', 'ot@@', 'te', 'gl@@', 'ac@@', 'ière', 'ar@@', 'c@@', 'tique', 'comme', 'le', 'coeur', 'du', 'système', 'climatique', 'global', '.', 'On', 'peut', 'voir', 'la', 'cal@@', 'ot@@', 'te', 'gl@@', 'ac@@', 'ière', 'ar@@', 'c@@', 'tique', 'comme', 'le', 'coeur', 'du', 'système', 'climatique', 'global', '.']
2026-05-14 13:03:28,007 - DEBUG - joeynmt.training - 	Tokenized hypothesis: ['La', 'glace', 'ar@@', 'c@@', 'tique', 'est', ',', 'dans', 'un', 'sens', ',', 'le', 'cœur', 'de', 'l&apos;', 'é@@', 'par@@', 'g@@', 'ne', 'est', ',', 'dans', 'un', 'sens', ',', 'le', 'cœur', 'du', 'système', 'climatique', '.', '</s>']
2026-05-14 13:03:28,007 - INFO - joeynmt.training - 	Source:     The arctic ice cap is , in a sense , the beating heart of the global climate system .
2026-05-14 13:03:28,007 - INFO - joeynmt.training - 	Reference:  On peut voir la calotte glacière arctique comme le coeur du système climatique global . On peut voir la calotte glacière arctique comme le coeur du système climatique global .
2026-05-14 13:03:28,007 - INFO - joeynmt.training - 	Hypothesis: La glace arctique est , dans un sens , le cœur de l&apos; épargne est , dans un sens , le cœur du système climatique .
2026-05-14 13:03:28,007 - INFO - joeynmt.training - Example #3
2026-05-14 13:03:28,007 - DEBUG - joeynmt.training - 	Tokenized source:     ['It', 'exp@@', 'ands', 'in', 'w@@', 'int@@', 'er', 'and', 'contr@@', 'acts', 'in', 'summer', '.']
2026-05-14 13:03:28,007 - DEBUG - joeynmt.training - 	Tokenized reference:  ['Elle', 's&apos;', 'ét@@', 'end', 'en', 'hi@@', 'ver', 'et', 'se', 'contr@@', 'acte', 'en', 'été', '.']
2026-05-14 13:03:28,007 - DEBUG - joeynmt.training - 	Tokenized hypothesis: ['Il', 's&apos;', 'agit', 'd&apos;', 'un', 'dé@@', 'p@@', 'is@@', 'eur', 'et', 'contr@@', 'acter', 'en', 'été', '.', '</s>']
2026-05-14 13:03:28,007 - INFO - joeynmt.training - 	Source:     It expands in winter and contracts in summer .
2026-05-14 13:03:28,007 - INFO - joeynmt.training - 	Reference:  Elle s&apos; étend en hiver et se contracte en été .
2026-05-14 13:03:28,007 - INFO - joeynmt.training - 	Hypothesis: Il s&apos; agit d&apos; un dépiseur et contracter en été .
2026-05-14 13:03:28,007 - INFO - joeynmt.training - Example #4
2026-05-14 13:03:28,007 - DEBUG - joeynmt.training - 	Tokenized source:     ['The', 'next', 'slide', 'I', 'show', 'you', 'will', 'be', 'a', 'rap@@', 'id', 'fas@@', 't-@@', 'forward', 'of', 'what', '&apos;s', 'happened', 'over', 'the', 'last', '25', 'years', '.']
2026-05-14 13:03:28,007 - DEBUG - joeynmt.training - 	Tokenized reference:  ['La', 'prochaine', 'di@@', 'apos@@', 'itive', 'que', 'je', 'vais', 'vous', 'montrer', 'est', 'une', 'vue', 'en', 'accél@@', 'éré', 'de', 'ce', 'qui', 's&apos;', 'est', 'passé', 'ces', '25', 'dernières', 'années', '.']
2026-05-14 13:03:28,007 - DEBUG - joeynmt.training - 	Tokenized hypothesis: ['La', 'prochaine', 'di@@', 'ap@@', 'o', 'que', 'vous', 'ser@@', 'ez', 'un', 'rap@@', 'ides', 'rapide', 'de', 'ce', 'qui', 'est', 'arrivé', 'au', 'cours', 'des', '25', 'dernières', 'années', '.', '</s>']
2026-05-14 13:03:28,008 - INFO - joeynmt.training - 	Source:     The next slide I show you will be a rapid fast-forward of what &apos;s happened over the last 25 years .
2026-05-14 13:03:28,008 - INFO - joeynmt.training - 	Reference:  La prochaine diapositive que je vais vous montrer est une vue en accéléré de ce qui s&apos; est passé ces 25 dernières années .
2026-05-14 13:03:28,008 - INFO - joeynmt.training - 	Hypothesis: La prochaine diapo que vous serez un rapides rapide de ce qui est arrivé au cours des 25 dernières années .
2026-05-14 13:03:44,810 - INFO - joeynmt.training - Epoch   7, Step:    23100, Batch Loss:     1.384805, Batch Acc: 0.639469, Tokens per Sec:     4383, Lr: 0.000300
2026-05-14 13:04:01,501 - INFO - joeynmt.training - Epoch   7, Step:    23200, Batch Loss:     1.326172, Batch Acc: 0.640923, Tokens per Sec:     4496, Lr: 0.000300
2026-05-14 13:04:18,252 - INFO - joeynmt.training - Epoch   7, Step:    23300, Batch Loss:     1.375184, Batch Acc: 0.641431, Tokens per Sec:     4430, Lr: 0.000300
2026-05-14 13:04:35,507 - INFO - joeynmt.training - Epoch   7, Step:    23400, Batch Loss:     1.191451, Batch Acc: 0.640640, Tokens per Sec:     4501, Lr: 0.000300
2026-05-14 13:04:52,690 - INFO - joeynmt.training - Epoch   7, Step:    23500, Batch Loss:     1.289697, Batch Acc: 0.643054, Tokens per Sec:     4365, Lr: 0.000300
2026-05-14 13:04:52,690 - WARNING - joeynmt.helpers - `alpha` option is obsolete. Please use `beam_alpha`, instead.
2026-05-14 13:04:52,690 - INFO - joeynmt.prediction - Predicting 890 example(s)... (Greedy decoding with min_output_length=1, max_output_length=-1, return_prob='none', generate_unk=True, repetition_penalty=-1, no_repeat_ngram_size=-1)
2026-05-14 13:05:31,088 - INFO - joeynmt.prediction - Evaluation result (greedy) loss:   1.70, ppl:   5.48, acc:   0.55, generation: 38.3934[sec], evaluation: 0.0000[sec]
2026-05-14 13:05:31,155 - INFO - joeynmt.helpers - delete models/bpe_8k/21000.ckpt
2026-05-14 13:05:31,158 - INFO - joeynmt.training - Example #0
2026-05-14 13:05:31,158 - DEBUG - joeynmt.training - 	Tokenized source:     ['L@@', 'ast', 'year', 'I', 'showed', 'these', 'two', 'sli@@', 'des', 'so', 'that', 'demonstr@@', 'ate', 'that', 'the', 'ar@@', 'c@@', 'tic', 'ice', 'ca@@', 'p', ',', 'which', 'for', 'most', 'of', 'the', 'last', 'three', 'million', 'years', 'has', 'been', 'the', 'size', 'of', 'the', 'lower', '4@@', '8', 'states', ',', 'has', 'sh@@', 'run@@', 'k', 'by', '40', 'percent', '.']
2026-05-14 13:05:31,158 - DEBUG - joeynmt.training - 	Tokenized reference:  ['L&apos;', 'année', 'dernière', ',', 'je', 'vous', 'ai', 'présent@@', 'é', 'ces', 'deux', 'di@@', 'apos@@', 'iti@@', 'ves', 'qui', 'montr@@', 'aient', 'que', 'la', 'cal@@', 'ot@@', 'te', 'gl@@', 'ac@@', 'ière', 'ar@@', 'c@@', 'tique', ',', 'qui', 'pendant', 'ces', '3', 'derniers', 'millions', 'd&apos;', 'année', 'avait', 'la', 'taille', 'des', 'Etats-Unis', 'sans', 'l&apos;', 'Al@@', 'as@@', 'ka', ',', 'qui', 'pendant', 'ces', '3', 'derniers', 'millions', 'd&apos;', 'année', 'avait', 'la', 'taille', 'des', 'Etats-Unis', 'sans', 'l&apos;', 'Al@@', 'as@@', 'ka', ',', 'avait', 'di@@', 'minu@@', 'é', 'de', '40', '%', '.']
2026-05-14 13:05:31,158 - DEBUG - joeynmt.training - 	Tokenized hypothesis: ['L&apos;', 'année', 'dernière', ',', 'j&apos;', 'ai', 'montré', 'ces', 'deux', 'di@@', 'apos@@', 'iti@@', 'ves', 'pour', 'que', 'la', 'glace', 'ar@@', 'c@@', 'tique', ',', 'qui', 'pour', 'la', 'plupart', 'des', 'trois', 'millions', 'd&apos;', 'années', 'a', 'été', 'la', 'taille', 'des', '4@@', '8', 'ét@@', 'ats', 'plus', 'bas', ',', 'a', 'été', 'la', 'taille', 'des', 'É@@', 'tats', 'inf@@', 'érieur', 'de', '40', '%', '.', '</s>']
2026-05-14 13:05:31,158 - INFO - joeynmt.training - 	Source:     Last year I showed these two slides so that demonstrate that the arctic ice cap , which for most of the last three million years has been the size of the lower 48 states , has shrunk by 40 percent .
2026-05-14 13:05:31,158 - INFO - joeynmt.training - 	Reference:  L&apos; année dernière , je vous ai présenté ces deux diapositives qui montraient que la calotte glacière arctique , qui pendant ces 3 derniers millions d&apos; année avait la taille des Etats-Unis sans l&apos; Alaska , qui pendant ces 3 derniers millions d&apos; année avait la taille des Etats-Unis sans l&apos; Alaska , avait diminué de 40 % .
2026-05-14 13:05:31,158 - INFO - joeynmt.training - 	Hypothesis: L&apos; année dernière , j&apos; ai montré ces deux diapositives pour que la glace arctique , qui pour la plupart des trois millions d&apos; années a été la taille des 48 états plus bas , a été la taille des États inférieur de 40 % .
2026-05-14 13:05:31,158 - INFO - joeynmt.training - Example #1
2026-05-14 13:05:31,158 - DEBUG - joeynmt.training - 	Tokenized source:     ['But', 'this', 'underst@@', 'ates', 'the', 'seri@@', 'ousness', 'of', 'this', 'particular', 'problem', 'because', 'it', 'doesn', '&apos;t', 'show', 'the', 'th@@', 'ick@@', 'ness', 'of', 'the', 'ice', '.']
2026-05-14 13:05:31,158 - DEBUG - joeynmt.training - 	Tokenized reference:  ['Mais', 'ceci', 'tend', 'à', 'a@@', 'mo@@', 'ind@@', 'rir', 'le', 'problème', 'parce', 'qu&apos;', 'on', 'ne', 'voit', 'pas', 'l&apos;', 'ép@@', 'aiss@@', 'eur', 'de', 'la', 'glace', '.']
2026-05-14 13:05:31,158 - DEBUG - joeynmt.training - 	Tokenized hypothesis: ['Mais', 'cela', 'comprend', 'le', 'sérieux', 'de', 'ce', 'problème', 'particulier', 'parce', 'qu&apos;', 'il', 'ne', 'montre', 'pas', 'la', 'th@@', 'esse', 'de', 'la', 'glace', '.', '</s>']
2026-05-14 13:05:31,158 - INFO - joeynmt.training - 	Source:     But this understates the seriousness of this particular problem because it doesn &apos;t show the thickness of the ice .
2026-05-14 13:05:31,158 - INFO - joeynmt.training - 	Reference:  Mais ceci tend à amoindrir le problème parce qu&apos; on ne voit pas l&apos; épaisseur de la glace .
2026-05-14 13:05:31,158 - INFO - joeynmt.training - 	Hypothesis: Mais cela comprend le sérieux de ce problème particulier parce qu&apos; il ne montre pas la thesse de la glace .
2026-05-14 13:05:31,158 - INFO - joeynmt.training - Example #2
2026-05-14 13:05:31,158 - DEBUG - joeynmt.training - 	Tokenized source:     ['The', 'ar@@', 'c@@', 'tic', 'ice', 'ca@@', 'p', 'is', ',', 'in', 'a', 'sense', ',', 'the', 'be@@', 'ating', 'heart', 'of', 'the', 'global', 'climate', 'system', '.']
2026-05-14 13:05:31,158 - DEBUG - joeynmt.training - 	Tokenized reference:  ['On', 'peut', 'voir', 'la', 'cal@@', 'ot@@', 'te', 'gl@@', 'ac@@', 'ière', 'ar@@', 'c@@', 'tique', 'comme', 'le', 'coeur', 'du', 'système', 'climatique', 'global', '.', 'On', 'peut', 'voir', 'la', 'cal@@', 'ot@@', 'te', 'gl@@', 'ac@@', 'ière', 'ar@@', 'c@@', 'tique', 'comme', 'le', 'coeur', 'du', 'système', 'climatique', 'global', '.']
2026-05-14 13:05:31,158 - DEBUG - joeynmt.training - 	Tokenized hypothesis: ['La', 'glace', 'ar@@', 'c@@', 'tique', 'est', ',', 'dans', 'un', 'sens', ',', 'le', 'coeur', 'du', 'système', 'climatique', '.', '</s>']
2026-05-14 13:05:31,159 - INFO - joeynmt.training - 	Source:     The arctic ice cap is , in a sense , the beating heart of the global climate system .
2026-05-14 13:05:31,159 - INFO - joeynmt.training - 	Reference:  On peut voir la calotte glacière arctique comme le coeur du système climatique global . On peut voir la calotte glacière arctique comme le coeur du système climatique global .
2026-05-14 13:05:31,159 - INFO - joeynmt.training - 	Hypothesis: La glace arctique est , dans un sens , le coeur du système climatique .
2026-05-14 13:05:31,159 - INFO - joeynmt.training - Example #3
2026-05-14 13:05:31,159 - DEBUG - joeynmt.training - 	Tokenized source:     ['It', 'exp@@', 'ands', 'in', 'w@@', 'int@@', 'er', 'and', 'contr@@', 'acts', 'in', 'summer', '.']
2026-05-14 13:05:31,159 - DEBUG - joeynmt.training - 	Tokenized reference:  ['Elle', 's&apos;', 'ét@@', 'end', 'en', 'hi@@', 'ver', 'et', 'se', 'contr@@', 'acte', 'en', 'été', '.']
2026-05-14 13:05:31,159 - DEBUG - joeynmt.training - 	Tokenized hypothesis: ['Elle', 'est', 'exp@@', 'lication', 'en', 'hi@@', 'ver', 'et', 'contr@@', 'ac@@', 'tif', 'en', 'été', '.', '</s>']
2026-05-14 13:05:31,159 - INFO - joeynmt.training - 	Source:     It expands in winter and contracts in summer .
2026-05-14 13:05:31,159 - INFO - joeynmt.training - 	Reference:  Elle s&apos; étend en hiver et se contracte en été .
2026-05-14 13:05:31,159 - INFO - joeynmt.training - 	Hypothesis: Elle est explication en hiver et contractif en été .
2026-05-14 13:05:31,159 - INFO - joeynmt.training - Example #4
2026-05-14 13:05:31,159 - DEBUG - joeynmt.training - 	Tokenized source:     ['The', 'next', 'slide', 'I', 'show', 'you', 'will', 'be', 'a', 'rap@@', 'id', 'fas@@', 't-@@', 'forward', 'of', 'what', '&apos;s', 'happened', 'over', 'the', 'last', '25', 'years', '.']
2026-05-14 13:05:31,159 - DEBUG - joeynmt.training - 	Tokenized reference:  ['La', 'prochaine', 'di@@', 'apos@@', 'itive', 'que', 'je', 'vais', 'vous', 'montrer', 'est', 'une', 'vue', 'en', 'accél@@', 'éré', 'de', 'ce', 'qui', 's&apos;', 'est', 'passé', 'ces', '25', 'dernières', 'années', '.']
2026-05-14 13:05:31,159 - DEBUG - joeynmt.training - 	Tokenized hypothesis: ['La', 'prochaine', 'di@@', 'ap@@', 'o', 'que', 'vous', 'ser@@', 'ez', 'un', 'rapide', 'rapide', 'avant', 'de', 'ce', 'qui', 'est', 'arrivé', 'pendant', 'les', '25', 'dernières', 'années', '.', '</s>']
2026-05-14 13:05:31,159 - INFO - joeynmt.training - 	Source:     The next slide I show you will be a rapid fast-forward of what &apos;s happened over the last 25 years .
2026-05-14 13:05:31,159 - INFO - joeynmt.training - 	Reference:  La prochaine diapositive que je vais vous montrer est une vue en accéléré de ce qui s&apos; est passé ces 25 dernières années .
2026-05-14 13:05:31,159 - INFO - joeynmt.training - 	Hypothesis: La prochaine diapo que vous serez un rapide rapide avant de ce qui est arrivé pendant les 25 dernières années .
2026-05-14 13:05:47,652 - INFO - joeynmt.training - Epoch   7, Step:    23600, Batch Loss:     1.385041, Batch Acc: 0.634540, Tokens per Sec:     4278, Lr: 0.000300
2026-05-14 13:06:04,340 - INFO - joeynmt.training - Epoch   7, Step:    23700, Batch Loss:     1.325659, Batch Acc: 0.641119, Tokens per Sec:     4549, Lr: 0.000300
2026-05-14 13:06:21,129 - INFO - joeynmt.training - Epoch   7, Step:    23800, Batch Loss:     1.199977, Batch Acc: 0.639143, Tokens per Sec:     4599, Lr: 0.000300
2026-05-14 13:06:38,064 - INFO - joeynmt.training - Epoch   7, Step:    23900, Batch Loss:     1.229344, Batch Acc: 0.642343, Tokens per Sec:     4495, Lr: 0.000300
2026-05-14 13:06:55,832 - INFO - joeynmt.training - Epoch   7, Step:    24000, Batch Loss:     1.264960, Batch Acc: 0.641475, Tokens per Sec:     4334, Lr: 0.000300
2026-05-14 13:06:55,834 - WARNING - joeynmt.helpers - `alpha` option is obsolete. Please use `beam_alpha`, instead.
2026-05-14 13:06:55,834 - INFO - joeynmt.prediction - Predicting 890 example(s)... (Greedy decoding with min_output_length=1, max_output_length=-1, return_prob='none', generate_unk=True, repetition_penalty=-1, no_repeat_ngram_size=-1)
2026-05-14 13:07:38,377 - INFO - joeynmt.prediction - Evaluation result (greedy) loss:   1.69, ppl:   5.41, acc:   0.55, generation: 42.5382[sec], evaluation: 0.0000[sec]
2026-05-14 13:07:38,378 - INFO - joeynmt.training - Hooray! New best validation result [ppl]!
2026-05-14 13:07:38,443 - INFO - joeynmt.helpers - delete models/bpe_8k/23500.ckpt
2026-05-14 13:07:38,446 - INFO - joeynmt.training - Example #0
2026-05-14 13:07:38,446 - DEBUG - joeynmt.training - 	Tokenized source:     ['L@@', 'ast', 'year', 'I', 'showed', 'these', 'two', 'sli@@', 'des', 'so', 'that', 'demonstr@@', 'ate', 'that', 'the', 'ar@@', 'c@@', 'tic', 'ice', 'ca@@', 'p', ',', 'which', 'for', 'most', 'of', 'the', 'last', 'three', 'million', 'years', 'has', 'been', 'the', 'size', 'of', 'the', 'lower', '4@@', '8', 'states', ',', 'has', 'sh@@', 'run@@', 'k', 'by', '40', 'percent', '.']
2026-05-14 13:07:38,446 - DEBUG - joeynmt.training - 	Tokenized reference:  ['L&apos;', 'année', 'dernière', ',', 'je', 'vous', 'ai', 'présent@@', 'é', 'ces', 'deux', 'di@@', 'apos@@', 'iti@@', 'ves', 'qui', 'montr@@', 'aient', 'que', 'la', 'cal@@', 'ot@@', 'te', 'gl@@', 'ac@@', 'ière', 'ar@@', 'c@@', 'tique', ',', 'qui', 'pendant', 'ces', '3', 'derniers', 'millions', 'd&apos;', 'année', 'avait', 'la', 'taille', 'des', 'Etats-Unis', 'sans', 'l&apos;', 'Al@@', 'as@@', 'ka', ',', 'qui', 'pendant', 'ces', '3', 'derniers', 'millions', 'd&apos;', 'année', 'avait', 'la', 'taille', 'des', 'Etats-Unis', 'sans', 'l&apos;', 'Al@@', 'as@@', 'ka', ',', 'avait', 'di@@', 'minu@@', 'é', 'de', '40', '%', '.']
2026-05-14 13:07:38,446 - DEBUG - joeynmt.training - 	Tokenized hypothesis: ['L&apos;', 'année', 'dernière', 'j&apos;', 'ai', 'montré', 'ces', 'deux', 'di@@', 'a@@', 'pos', 'pour', 'cette', 'dé@@', 'mon@@', 'str@@', 'ation', 'que', 'la', 'glace', 'ar@@', 'c@@', 'tique', ',', 'qui', 'depuis', 'la', 'plupart', 'des', 'trois', 'millions', 'd&apos;', 'années', 'a', 'été', 'la', 'taille', 'des', 'ét@@', 'ats', 'plus', 'bas', 'de', '4@@', '8', ',', 'a', 'une', 'p@@', 'iste', 'par', '40', '%', '.', '</s>']
2026-05-14 13:07:38,446 - INFO - joeynmt.training - 	Source:     Last year I showed these two slides so that demonstrate that the arctic ice cap , which for most of the last three million years has been the size of the lower 48 states , has shrunk by 40 percent .
2026-05-14 13:07:38,446 - INFO - joeynmt.training - 	Reference:  L&apos; année dernière , je vous ai présenté ces deux diapositives qui montraient que la calotte glacière arctique , qui pendant ces 3 derniers millions d&apos; année avait la taille des Etats-Unis sans l&apos; Alaska , qui pendant ces 3 derniers millions d&apos; année avait la taille des Etats-Unis sans l&apos; Alaska , avait diminué de 40 % .
2026-05-14 13:07:38,446 - INFO - joeynmt.training - 	Hypothesis: L&apos; année dernière j&apos; ai montré ces deux diapos pour cette démonstration que la glace arctique , qui depuis la plupart des trois millions d&apos; années a été la taille des états plus bas de 48 , a une piste par 40 % .
2026-05-14 13:07:38,446 - INFO - joeynmt.training - Example #1
2026-05-14 13:07:38,446 - DEBUG - joeynmt.training - 	Tokenized source:     ['But', 'this', 'underst@@', 'ates', 'the', 'seri@@', 'ousness', 'of', 'this', 'particular', 'problem', 'because', 'it', 'doesn', '&apos;t', 'show', 'the', 'th@@', 'ick@@', 'ness', 'of', 'the', 'ice', '.']
2026-05-14 13:07:38,446 - DEBUG - joeynmt.training - 	Tokenized reference:  ['Mais', 'ceci', 'tend', 'à', 'a@@', 'mo@@', 'ind@@', 'rir', 'le', 'problème', 'parce', 'qu&apos;', 'on', 'ne', 'voit', 'pas', 'l&apos;', 'ép@@', 'aiss@@', 'eur', 'de', 'la', 'glace', '.']
2026-05-14 13:07:38,446 - DEBUG - joeynmt.training - 	Tokenized hypothesis: ['Mais', 'ça', 'comprend', 'le', 'sérieux', 'de', 'ce', 'problème', 'en', 'particulier', 'parce', 'qu&apos;', 'elle', 'ne', 'montre', 'pas', 'la', 'pou@@', 's@@', 'ée', 'de', 'la', 'glace', '.', '</s>']
2026-05-14 13:07:38,446 - INFO - joeynmt.training - 	Source:     But this understates the seriousness of this particular problem because it doesn &apos;t show the thickness of the ice .
2026-05-14 13:07:38,446 - INFO - joeynmt.training - 	Reference:  Mais ceci tend à amoindrir le problème parce qu&apos; on ne voit pas l&apos; épaisseur de la glace .
2026-05-14 13:07:38,446 - INFO - joeynmt.training - 	Hypothesis: Mais ça comprend le sérieux de ce problème en particulier parce qu&apos; elle ne montre pas la pousée de la glace .
2026-05-14 13:07:38,446 - INFO - joeynmt.training - Example #2
2026-05-14 13:07:38,446 - DEBUG - joeynmt.training - 	Tokenized source:     ['The', 'ar@@', 'c@@', 'tic', 'ice', 'ca@@', 'p', 'is', ',', 'in', 'a', 'sense', ',', 'the', 'be@@', 'ating', 'heart', 'of', 'the', 'global', 'climate', 'system', '.']
2026-05-14 13:07:38,446 - DEBUG - joeynmt.training - 	Tokenized reference:  ['On', 'peut', 'voir', 'la', 'cal@@', 'ot@@', 'te', 'gl@@', 'ac@@', 'ière', 'ar@@', 'c@@', 'tique', 'comme', 'le', 'coeur', 'du', 'système', 'climatique', 'global', '.', 'On', 'peut', 'voir', 'la', 'cal@@', 'ot@@', 'te', 'gl@@', 'ac@@', 'ière', 'ar@@', 'c@@', 'tique', 'comme', 'le', 'coeur', 'du', 'système', 'climatique', 'global', '.']
2026-05-14 13:07:38,446 - DEBUG - joeynmt.training - 	Tokenized hypothesis: ['La', 'glace', 'ar@@', 'c@@', 'tique', 'est', ',', 'dans', 'un', 'sens', ',', 'le', 'cœur', 'de', 'l&apos;', 'ar@@', 'c@@', 'tique', 'du', 'système', 'climatique', '.', '</s>']
2026-05-14 13:07:38,446 - INFO - joeynmt.training - 	Source:     The arctic ice cap is , in a sense , the beating heart of the global climate system .
2026-05-14 13:07:38,446 - INFO - joeynmt.training - 	Reference:  On peut voir la calotte glacière arctique comme le coeur du système climatique global . On peut voir la calotte glacière arctique comme le coeur du système climatique global .
2026-05-14 13:07:38,446 - INFO - joeynmt.training - 	Hypothesis: La glace arctique est , dans un sens , le cœur de l&apos; arctique du système climatique .
2026-05-14 13:07:38,446 - INFO - joeynmt.training - Example #3
2026-05-14 13:07:38,447 - DEBUG - joeynmt.training - 	Tokenized source:     ['It', 'exp@@', 'ands', 'in', 'w@@', 'int@@', 'er', 'and', 'contr@@', 'acts', 'in', 'summer', '.']
2026-05-14 13:07:38,447 - DEBUG - joeynmt.training - 	Tokenized reference:  ['Elle', 's&apos;', 'ét@@', 'end', 'en', 'hi@@', 'ver', 'et', 'se', 'contr@@', 'acte', 'en', 'été', '.']
2026-05-14 13:07:38,447 - DEBUG - joeynmt.training - 	Tokenized hypothesis: ['Il', 's&apos;', 'ét@@', 'end', 'en', 'hi@@', 'ver', 'et', 'contr@@', 'acter', 'en', 'été', '.', '</s>']
2026-05-14 13:07:38,447 - INFO - joeynmt.training - 	Source:     It expands in winter and contracts in summer .
2026-05-14 13:07:38,447 - INFO - joeynmt.training - 	Reference:  Elle s&apos; étend en hiver et se contracte en été .
2026-05-14 13:07:38,447 - INFO - joeynmt.training - 	Hypothesis: Il s&apos; étend en hiver et contracter en été .
2026-05-14 13:07:38,447 - INFO - joeynmt.training - Example #4
2026-05-14 13:07:38,447 - DEBUG - joeynmt.training - 	Tokenized source:     ['The', 'next', 'slide', 'I', 'show', 'you', 'will', 'be', 'a', 'rap@@', 'id', 'fas@@', 't-@@', 'forward', 'of', 'what', '&apos;s', 'happened', 'over', 'the', 'last', '25', 'years', '.']
2026-05-14 13:07:38,447 - DEBUG - joeynmt.training - 	Tokenized reference:  ['La', 'prochaine', 'di@@', 'apos@@', 'itive', 'que', 'je', 'vais', 'vous', 'montrer', 'est', 'une', 'vue', 'en', 'accél@@', 'éré', 'de', 'ce', 'qui', 's&apos;', 'est', 'passé', 'ces', '25', 'dernières', 'années', '.']
2026-05-14 13:07:38,447 - DEBUG - joeynmt.training - 	Tokenized hypothesis: ['La', 'prochaine', 'di@@', 'ap@@', 'o', 'que', 'je', 'vous', 'ser@@', 'ez', 'un', 'rapide', 'rapide', 'de', 'ce', 'qui', 's&apos;', 'est', 'passé', 'les', '25', 'dernières', 'années', '.', '</s>']
2026-05-14 13:07:38,447 - INFO - joeynmt.training - 	Source:     The next slide I show you will be a rapid fast-forward of what &apos;s happened over the last 25 years .
2026-05-14 13:07:38,447 - INFO - joeynmt.training - 	Reference:  La prochaine diapositive que je vais vous montrer est une vue en accéléré de ce qui s&apos; est passé ces 25 dernières années .
2026-05-14 13:07:38,447 - INFO - joeynmt.training - 	Hypothesis: La prochaine diapo que je vous serez un rapide rapide de ce qui s&apos; est passé les 25 dernières années .
2026-05-14 13:07:55,223 - INFO - joeynmt.training - Epoch   7, Step:    24100, Batch Loss:     1.253236, Batch Acc: 0.636585, Tokens per Sec:     4441, Lr: 0.000300
2026-05-14 13:08:11,966 - INFO - joeynmt.training - Epoch   7, Step:    24200, Batch Loss:     1.275931, Batch Acc: 0.636754, Tokens per Sec:     4448, Lr: 0.000300
2026-05-14 13:08:28,545 - INFO - joeynmt.training - Epoch   7, Step:    24300, Batch Loss:     1.298566, Batch Acc: 0.638223, Tokens per Sec:     4571, Lr: 0.000300
2026-05-14 13:08:45,768 - INFO - joeynmt.training - Epoch   7, Step:    24400, Batch Loss:     1.294308, Batch Acc: 0.636962, Tokens per Sec:     4329, Lr: 0.000300
2026-05-14 13:09:02,338 - INFO - joeynmt.training - Epoch   7, Step:    24500, Batch Loss:     1.145607, Batch Acc: 0.639115, Tokens per Sec:     4470, Lr: 0.000300
2026-05-14 13:09:02,338 - WARNING - joeynmt.helpers - `alpha` option is obsolete. Please use `beam_alpha`, instead.
2026-05-14 13:09:02,338 - INFO - joeynmt.prediction - Predicting 890 example(s)... (Greedy decoding with min_output_length=1, max_output_length=-1, return_prob='none', generate_unk=True, repetition_penalty=-1, no_repeat_ngram_size=-1)
2026-05-14 13:09:44,323 - INFO - joeynmt.prediction - Evaluation result (greedy) loss:   1.68, ppl:   5.38, acc:   0.55, generation: 41.9807[sec], evaluation: 0.0000[sec]
2026-05-14 13:09:44,324 - INFO - joeynmt.training - Hooray! New best validation result [ppl]!
2026-05-14 13:09:44,390 - INFO - joeynmt.helpers - delete models/bpe_8k/22500.ckpt
2026-05-14 13:09:44,390 - INFO - joeynmt.training - Example #0
2026-05-14 13:09:44,390 - DEBUG - joeynmt.training - 	Tokenized source:     ['L@@', 'ast', 'year', 'I', 'showed', 'these', 'two', 'sli@@', 'des', 'so', 'that', 'demonstr@@', 'ate', 'that', 'the', 'ar@@', 'c@@', 'tic', 'ice', 'ca@@', 'p', ',', 'which', 'for', 'most', 'of', 'the', 'last', 'three', 'million', 'years', 'has', 'been', 'the', 'size', 'of', 'the', 'lower', '4@@', '8', 'states', ',', 'has', 'sh@@', 'run@@', 'k', 'by', '40', 'percent', '.']
2026-05-14 13:09:44,390 - DEBUG - joeynmt.training - 	Tokenized reference:  ['L&apos;', 'année', 'dernière', ',', 'je', 'vous', 'ai', 'présent@@', 'é', 'ces', 'deux', 'di@@', 'apos@@', 'iti@@', 'ves', 'qui', 'montr@@', 'aient', 'que', 'la', 'cal@@', 'ot@@', 'te', 'gl@@', 'ac@@', 'ière', 'ar@@', 'c@@', 'tique', ',', 'qui', 'pendant', 'ces', '3', 'derniers', 'millions', 'd&apos;', 'année', 'avait', 'la', 'taille', 'des', 'Etats-Unis', 'sans', 'l&apos;', 'Al@@', 'as@@', 'ka', ',', 'qui', 'pendant', 'ces', '3', 'derniers', 'millions', 'd&apos;', 'année', 'avait', 'la', 'taille', 'des', 'Etats-Unis', 'sans', 'l&apos;', 'Al@@', 'as@@', 'ka', ',', 'avait', 'di@@', 'minu@@', 'é', 'de', '40', '%', '.']
2026-05-14 13:09:44,390 - DEBUG - joeynmt.training - 	Tokenized hypothesis: ['L&apos;', 'année', 'dernière', ',', 'j&apos;', 'ai', 'montré', 'ces', 'deux', 'di@@', 'a@@', 'pos', 'pour', 'que', 'la', 'glace', 'ar@@', 'c@@', 'tique', ',', 'qui', 'pour', 'la', 'plupart', 'des', 'trois', 'millions', 'd&apos;', 'années', 'a', 'été', 'la', 'taille', 'des', 'trois', 'millions', 'd&apos;', 'années', 'qui', 'a', 'été', 'la', 'taille', 'des', '4@@', '8', 'ét@@', 'ats', 'plus', 'bas', '4@@', '8', 'ét@@', 'ats', ',', 'qui', 'dé@@', 'mon@@', 'str@@', 'at', 'de', '40', '%', '.', '</s>']
2026-05-14 13:09:44,391 - INFO - joeynmt.training - 	Source:     Last year I showed these two slides so that demonstrate that the arctic ice cap , which for most of the last three million years has been the size of the lower 48 states , has shrunk by 40 percent .
2026-05-14 13:09:44,391 - INFO - joeynmt.training - 	Reference:  L&apos; année dernière , je vous ai présenté ces deux diapositives qui montraient que la calotte glacière arctique , qui pendant ces 3 derniers millions d&apos; année avait la taille des Etats-Unis sans l&apos; Alaska , qui pendant ces 3 derniers millions d&apos; année avait la taille des Etats-Unis sans l&apos; Alaska , avait diminué de 40 % .
2026-05-14 13:09:44,391 - INFO - joeynmt.training - 	Hypothesis: L&apos; année dernière , j&apos; ai montré ces deux diapos pour que la glace arctique , qui pour la plupart des trois millions d&apos; années a été la taille des trois millions d&apos; années qui a été la taille des 48 états plus bas 48 états , qui démonstrat de 40 % .
2026-05-14 13:09:44,391 - INFO - joeynmt.training - Example #1
2026-05-14 13:09:44,391 - DEBUG - joeynmt.training - 	Tokenized source:     ['But', 'this', 'underst@@', 'ates', 'the', 'seri@@', 'ousness', 'of', 'this', 'particular', 'problem', 'because', 'it', 'doesn', '&apos;t', 'show', 'the', 'th@@', 'ick@@', 'ness', 'of', 'the', 'ice', '.']
2026-05-14 13:09:44,391 - DEBUG - joeynmt.training - 	Tokenized reference:  ['Mais', 'ceci', 'tend', 'à', 'a@@', 'mo@@', 'ind@@', 'rir', 'le', 'problème', 'parce', 'qu&apos;', 'on', 'ne', 'voit', 'pas', 'l&apos;', 'ép@@', 'aiss@@', 'eur', 'de', 'la', 'glace', '.']
2026-05-14 13:09:44,391 - DEBUG - joeynmt.training - 	Tokenized hypothesis: ['Mais', 'cela', 'comprend', 'le', 'sérieux', 'sérieux', 'de', 'ce', 'problème', ',', 'parce', 'qu&apos;', 'il', 'ne', 'montre', 'pas', 'la', 'pou@@', 'la', 'glace', '.', '</s>']
2026-05-14 13:09:44,391 - INFO - joeynmt.training - 	Source:     But this understates the seriousness of this particular problem because it doesn &apos;t show the thickness of the ice .
2026-05-14 13:09:44,391 - INFO - joeynmt.training - 	Reference:  Mais ceci tend à amoindrir le problème parce qu&apos; on ne voit pas l&apos; épaisseur de la glace .
2026-05-14 13:09:44,391 - INFO - joeynmt.training - 	Hypothesis: Mais cela comprend le sérieux sérieux de ce problème , parce qu&apos; il ne montre pas la poula glace .
2026-05-14 13:09:44,391 - INFO - joeynmt.training - Example #2
2026-05-14 13:09:44,391 - DEBUG - joeynmt.training - 	Tokenized source:     ['The', 'ar@@', 'c@@', 'tic', 'ice', 'ca@@', 'p', 'is', ',', 'in', 'a', 'sense', ',', 'the', 'be@@', 'ating', 'heart', 'of', 'the', 'global', 'climate', 'system', '.']
2026-05-14 13:09:44,391 - DEBUG - joeynmt.training - 	Tokenized reference:  ['On', 'peut', 'voir', 'la', 'cal@@', 'ot@@', 'te', 'gl@@', 'ac@@', 'ière', 'ar@@', 'c@@', 'tique', 'comme', 'le', 'coeur', 'du', 'système', 'climatique', 'global', '.', 'On', 'peut', 'voir', 'la', 'cal@@', 'ot@@', 'te', 'gl@@', 'ac@@', 'ière', 'ar@@', 'c@@', 'tique', 'comme', 'le', 'coeur', 'du', 'système', 'climatique', 'global', '.']
2026-05-14 13:09:44,391 - DEBUG - joeynmt.training - 	Tokenized hypothesis: ['La', 'glace', 'ar@@', 'c@@', 'tique', 'est', ',', 'dans', 'un', 'sens', ',', 'le', 'coeur', 'de', 'la', 'bat@@', 'aille', 'du', 'système', 'climatique', '.', '</s>']
2026-05-14 13:09:44,391 - INFO - joeynmt.training - 	Source:     The arctic ice cap is , in a sense , the beating heart of the global climate system .
2026-05-14 13:09:44,391 - INFO - joeynmt.training - 	Reference:  On peut voir la calotte glacière arctique comme le coeur du système climatique global . On peut voir la calotte glacière arctique comme le coeur du système climatique global .
2026-05-14 13:09:44,391 - INFO - joeynmt.training - 	Hypothesis: La glace arctique est , dans un sens , le coeur de la bataille du système climatique .
2026-05-14 13:09:44,391 - INFO - joeynmt.training - Example #3
2026-05-14 13:09:44,391 - DEBUG - joeynmt.training - 	Tokenized source:     ['It', 'exp@@', 'ands', 'in', 'w@@', 'int@@', 'er', 'and', 'contr@@', 'acts', 'in', 'summer', '.']
2026-05-14 13:09:44,391 - DEBUG - joeynmt.training - 	Tokenized reference:  ['Elle', 's&apos;', 'ét@@', 'end', 'en', 'hi@@', 'ver', 'et', 'se', 'contr@@', 'acte', 'en', 'été', '.']
2026-05-14 13:09:44,391 - DEBUG - joeynmt.training - 	Tokenized hypothesis: ['Elle', 's&apos;', 'agr@@', 'and@@', 'it', 'd&apos;', 'hi@@', 'ver', 'et', 'de', 'contr@@', 'ats', 'en', 'été', '.', '</s>']
2026-05-14 13:09:44,391 - INFO - joeynmt.training - 	Source:     It expands in winter and contracts in summer .
2026-05-14 13:09:44,391 - INFO - joeynmt.training - 	Reference:  Elle s&apos; étend en hiver et se contracte en été .
2026-05-14 13:09:44,391 - INFO - joeynmt.training - 	Hypothesis: Elle s&apos; agrandit d&apos; hiver et de contrats en été .
2026-05-14 13:09:44,391 - INFO - joeynmt.training - Example #4
2026-05-14 13:09:44,391 - DEBUG - joeynmt.training - 	Tokenized source:     ['The', 'next', 'slide', 'I', 'show', 'you', 'will', 'be', 'a', 'rap@@', 'id', 'fas@@', 't-@@', 'forward', 'of', 'what', '&apos;s', 'happened', 'over', 'the', 'last', '25', 'years', '.']
2026-05-14 13:09:44,391 - DEBUG - joeynmt.training - 	Tokenized reference:  ['La', 'prochaine', 'di@@', 'apos@@', 'itive', 'que', 'je', 'vais', 'vous', 'montrer', 'est', 'une', 'vue', 'en', 'accél@@', 'éré', 'de', 'ce', 'qui', 's&apos;', 'est', 'passé', 'ces', '25', 'dernières', 'années', '.']
2026-05-14 13:09:44,391 - DEBUG - joeynmt.training - 	Tokenized hypothesis: ['La', 'di@@', 'apos@@', 'itive', 'suivante', 'que', 'je', 'vous', 'ser@@', 'ez', 'un', 'rapide', 'rapide', 'de', 'ce', 'qui', 'est', 'arrivé', 'pendant', 'les', '25', 'dernières', 'années', '.', '</s>']
2026-05-14 13:09:44,391 - INFO - joeynmt.training - 	Source:     The next slide I show you will be a rapid fast-forward of what &apos;s happened over the last 25 years .
2026-05-14 13:09:44,391 - INFO - joeynmt.training - 	Reference:  La prochaine diapositive que je vais vous montrer est une vue en accéléré de ce qui s&apos; est passé ces 25 dernières années .
2026-05-14 13:09:44,391 - INFO - joeynmt.training - 	Hypothesis: La diapositive suivante que je vous serez un rapide rapide de ce qui est arrivé pendant les 25 dernières années .
2026-05-14 13:10:01,021 - INFO - joeynmt.training - Epoch   7, Step:    24600, Batch Loss:     1.428593, Batch Acc: 0.638644, Tokens per Sec:     4540, Lr: 0.000300
2026-05-14 13:10:17,580 - INFO - joeynmt.training - Epoch   7, Step:    24700, Batch Loss:     1.280683, Batch Acc: 0.636673, Tokens per Sec:     4654, Lr: 0.000300
2026-05-14 13:10:34,313 - INFO - joeynmt.training - Epoch   7, Step:    24800, Batch Loss:     1.475990, Batch Acc: 0.634286, Tokens per Sec:     4401, Lr: 0.000300
2026-05-14 13:10:51,300 - INFO - joeynmt.training - Epoch   7, Step:    24900, Batch Loss:     1.456267, Batch Acc: 0.635766, Tokens per Sec:     4342, Lr: 0.000300
2026-05-14 13:11:08,353 - INFO - joeynmt.training - Epoch   7, Step:    25000, Batch Loss:     1.291981, Batch Acc: 0.628288, Tokens per Sec:     4383, Lr: 0.000300
2026-05-14 13:11:08,354 - WARNING - joeynmt.helpers - `alpha` option is obsolete. Please use `beam_alpha`, instead.
2026-05-14 13:11:08,354 - INFO - joeynmt.prediction - Predicting 890 example(s)... (Greedy decoding with min_output_length=1, max_output_length=-1, return_prob='none', generate_unk=True, repetition_penalty=-1, no_repeat_ngram_size=-1)
2026-05-14 13:11:48,249 - INFO - joeynmt.prediction - Evaluation result (greedy) loss:   1.68, ppl:   5.38, acc:   0.55, generation: 39.8903[sec], evaluation: 0.0000[sec]
2026-05-14 13:11:48,314 - INFO - joeynmt.helpers - delete models/bpe_8k/23000.ckpt
2026-05-14 13:11:48,314 - INFO - joeynmt.training - Example #0
2026-05-14 13:11:48,315 - DEBUG - joeynmt.training - 	Tokenized source:     ['L@@', 'ast', 'year', 'I', 'showed', 'these', 'two', 'sli@@', 'des', 'so', 'that', 'demonstr@@', 'ate', 'that', 'the', 'ar@@', 'c@@', 'tic', 'ice', 'ca@@', 'p', ',', 'which', 'for', 'most', 'of', 'the', 'last', 'three', 'million', 'years', 'has', 'been', 'the', 'size', 'of', 'the', 'lower', '4@@', '8', 'states', ',', 'has', 'sh@@', 'run@@', 'k', 'by', '40', 'percent', '.']
2026-05-14 13:11:48,315 - DEBUG - joeynmt.training - 	Tokenized reference:  ['L&apos;', 'année', 'dernière', ',', 'je', 'vous', 'ai', 'présent@@', 'é', 'ces', 'deux', 'di@@', 'apos@@', 'iti@@', 'ves', 'qui', 'montr@@', 'aient', 'que', 'la', 'cal@@', 'ot@@', 'te', 'gl@@', 'ac@@', 'ière', 'ar@@', 'c@@', 'tique', ',', 'qui', 'pendant', 'ces', '3', 'derniers', 'millions', 'd&apos;', 'année', 'avait', 'la', 'taille', 'des', 'Etats-Unis', 'sans', 'l&apos;', 'Al@@', 'as@@', 'ka', ',', 'qui', 'pendant', 'ces', '3', 'derniers', 'millions', 'd&apos;', 'année', 'avait', 'la', 'taille', 'des', 'Etats-Unis', 'sans', 'l&apos;', 'Al@@', 'as@@', 'ka', ',', 'avait', 'di@@', 'minu@@', 'é', 'de', '40', '%', '.']
2026-05-14 13:11:48,315 - DEBUG - joeynmt.training - 	Tokenized hypothesis: ['L&apos;', 'année', 'dernière', ',', 'j&apos;', 'ai', 'montré', 'ces', 'deux', 'di@@', 'a@@', 'pos', 'pour', 'dé@@', 'montrer', 'que', 'la', 'glace', 'ar@@', 'c@@', 'tique', ',', 'qui', 'depuis', 'la', 'plupart', 'des', 'trois', 'millions', 'd&apos;', 'années', 'a', 'été', 'la', 'taille', 'des', 'trois', 'millions', 'd&apos;', 'années', 'a', 'été', 'la', 'taille', 'des', 'plus', 'l@@', 'eu@@', 'es', 'de', '4@@', '8', ',', 'a', 'un', 'p@@', 'ill@@', 'ard', 'de', '40', '%', '.', '</s>']
2026-05-14 13:11:48,315 - INFO - joeynmt.training - 	Source:     Last year I showed these two slides so that demonstrate that the arctic ice cap , which for most of the last three million years has been the size of the lower 48 states , has shrunk by 40 percent .
2026-05-14 13:11:48,315 - INFO - joeynmt.training - 	Reference:  L&apos; année dernière , je vous ai présenté ces deux diapositives qui montraient que la calotte glacière arctique , qui pendant ces 3 derniers millions d&apos; année avait la taille des Etats-Unis sans l&apos; Alaska , qui pendant ces 3 derniers millions d&apos; année avait la taille des Etats-Unis sans l&apos; Alaska , avait diminué de 40 % .
2026-05-14 13:11:48,315 - INFO - joeynmt.training - 	Hypothesis: L&apos; année dernière , j&apos; ai montré ces deux diapos pour démontrer que la glace arctique , qui depuis la plupart des trois millions d&apos; années a été la taille des trois millions d&apos; années a été la taille des plus leues de 48 , a un pillard de 40 % .
2026-05-14 13:11:48,315 - INFO - joeynmt.training - Example #1
2026-05-14 13:11:48,315 - DEBUG - joeynmt.training - 	Tokenized source:     ['But', 'this', 'underst@@', 'ates', 'the', 'seri@@', 'ousness', 'of', 'this', 'particular', 'problem', 'because', 'it', 'doesn', '&apos;t', 'show', 'the', 'th@@', 'ick@@', 'ness', 'of', 'the', 'ice', '.']
2026-05-14 13:11:48,315 - DEBUG - joeynmt.training - 	Tokenized reference:  ['Mais', 'ceci', 'tend', 'à', 'a@@', 'mo@@', 'ind@@', 'rir', 'le', 'problème', 'parce', 'qu&apos;', 'on', 'ne', 'voit', 'pas', 'l&apos;', 'ép@@', 'aiss@@', 'eur', 'de', 'la', 'glace', '.']
2026-05-14 13:11:48,315 - DEBUG - joeynmt.training - 	Tokenized hypothesis: ['Mais', 'cela', 'comprend', 'le', 'sérieux', 'sérieux', 'de', 'ce', 'problème', 'particulier', 'parce', 'qu&apos;', 'il', 'ne', 'montre', 'pas', 'la', 'th@@', 'é@@', 'mique', 'de', 'la', 'glace', '.', '</s>']
2026-05-14 13:11:48,315 - INFO - joeynmt.training - 	Source:     But this understates the seriousness of this particular problem because it doesn &apos;t show the thickness of the ice .
2026-05-14 13:11:48,315 - INFO - joeynmt.training - 	Reference:  Mais ceci tend à amoindrir le problème parce qu&apos; on ne voit pas l&apos; épaisseur de la glace .
2026-05-14 13:11:48,315 - INFO - joeynmt.training - 	Hypothesis: Mais cela comprend le sérieux sérieux de ce problème particulier parce qu&apos; il ne montre pas la thémique de la glace .
2026-05-14 13:11:48,315 - INFO - joeynmt.training - Example #2
2026-05-14 13:11:48,315 - DEBUG - joeynmt.training - 	Tokenized source:     ['The', 'ar@@', 'c@@', 'tic', 'ice', 'ca@@', 'p', 'is', ',', 'in', 'a', 'sense', ',', 'the', 'be@@', 'ating', 'heart', 'of', 'the', 'global', 'climate', 'system', '.']
2026-05-14 13:11:48,315 - DEBUG - joeynmt.training - 	Tokenized reference:  ['On', 'peut', 'voir', 'la', 'cal@@', 'ot@@', 'te', 'gl@@', 'ac@@', 'ière', 'ar@@', 'c@@', 'tique', 'comme', 'le', 'coeur', 'du', 'système', 'climatique', 'global', '.', 'On', 'peut', 'voir', 'la', 'cal@@', 'ot@@', 'te', 'gl@@', 'ac@@', 'ière', 'ar@@', 'c@@', 'tique', 'comme', 'le', 'coeur', 'du', 'système', 'climatique', 'global', '.']
2026-05-14 13:11:48,315 - DEBUG - joeynmt.training - 	Tokenized hypothesis: ['La', 'glace', 'ar@@', 'c@@', 'tique', 'est', ',', 'dans', 'un', 'sens', ',', 'le', 'coeur', 'du', 'système', 'climatique', '.', '</s>']
2026-05-14 13:11:48,315 - INFO - joeynmt.training - 	Source:     The arctic ice cap is , in a sense , the beating heart of the global climate system .
2026-05-14 13:11:48,315 - INFO - joeynmt.training - 	Reference:  On peut voir la calotte glacière arctique comme le coeur du système climatique global . On peut voir la calotte glacière arctique comme le coeur du système climatique global .
2026-05-14 13:11:48,315 - INFO - joeynmt.training - 	Hypothesis: La glace arctique est , dans un sens , le coeur du système climatique .
2026-05-14 13:11:48,315 - INFO - joeynmt.training - Example #3
2026-05-14 13:11:48,315 - DEBUG - joeynmt.training - 	Tokenized source:     ['It', 'exp@@', 'ands', 'in', 'w@@', 'int@@', 'er', 'and', 'contr@@', 'acts', 'in', 'summer', '.']
2026-05-14 13:11:48,315 - DEBUG - joeynmt.training - 	Tokenized reference:  ['Elle', 's&apos;', 'ét@@', 'end', 'en', 'hi@@', 'ver', 'et', 'se', 'contr@@', 'acte', 'en', 'été', '.']
2026-05-14 13:11:48,315 - DEBUG - joeynmt.training - 	Tokenized hypothesis: ['Elle', 's&apos;', 'ét@@', 'endre', 'à', 'l&apos;', 'hi@@', 'ver', 'et', 'contr@@', 'ats', 'en', 'été', '.', '</s>']
2026-05-14 13:11:48,315 - INFO - joeynmt.training - 	Source:     It expands in winter and contracts in summer .
2026-05-14 13:11:48,315 - INFO - joeynmt.training - 	Reference:  Elle s&apos; étend en hiver et se contracte en été .
2026-05-14 13:11:48,315 - INFO - joeynmt.training - 	Hypothesis: Elle s&apos; étendre à l&apos; hiver et contrats en été .
2026-05-14 13:11:48,315 - INFO - joeynmt.training - Example #4
2026-05-14 13:11:48,315 - DEBUG - joeynmt.training - 	Tokenized source:     ['The', 'next', 'slide', 'I', 'show', 'you', 'will', 'be', 'a', 'rap@@', 'id', 'fas@@', 't-@@', 'forward', 'of', 'what', '&apos;s', 'happened', 'over', 'the', 'last', '25', 'years', '.']
2026-05-14 13:11:48,315 - DEBUG - joeynmt.training - 	Tokenized reference:  ['La', 'prochaine', 'di@@', 'apos@@', 'itive', 'que', 'je', 'vais', 'vous', 'montrer', 'est', 'une', 'vue', 'en', 'accél@@', 'éré', 'de', 'ce', 'qui', 's&apos;', 'est', 'passé', 'ces', '25', 'dernières', 'années', '.']
2026-05-14 13:11:48,316 - DEBUG - joeynmt.training - 	Tokenized hypothesis: ['La', 'di@@', 'apos@@', 'itive', 'suivante', 'que', 'je', 'vous', 'ser@@', 'ez', 'un', 'rapide', 'rapide', 'de', 'ce', 'qui', 'est', 'arrivé', 'pendant', 'les', '25', 'dernières', 'années', '.', '</s>']
2026-05-14 13:11:48,316 - INFO - joeynmt.training - 	Source:     The next slide I show you will be a rapid fast-forward of what &apos;s happened over the last 25 years .
2026-05-14 13:11:48,316 - INFO - joeynmt.training - 	Reference:  La prochaine diapositive que je vais vous montrer est une vue en accéléré de ce qui s&apos; est passé ces 25 dernières années .
2026-05-14 13:11:48,316 - INFO - joeynmt.training - 	Hypothesis: La diapositive suivante que je vous serez un rapide rapide de ce qui est arrivé pendant les 25 dernières années .
2026-05-14 13:12:05,077 - INFO - joeynmt.training - Epoch   7, Step:    25100, Batch Loss:     1.323859, Batch Acc: 0.631604, Tokens per Sec:     4489, Lr: 0.000300
2026-05-14 13:12:22,365 - INFO - joeynmt.training - Epoch   7, Step:    25200, Batch Loss:     1.441181, Batch Acc: 0.635005, Tokens per Sec:     4187, Lr: 0.000300
2026-05-14 13:12:39,524 - INFO - joeynmt.training - Epoch   7, Step:    25300, Batch Loss:     1.390438, Batch Acc: 0.635301, Tokens per Sec:     4273, Lr: 0.000300
2026-05-14 13:12:52,027 - INFO - joeynmt.training - Epoch   7: total training loss 4679.83
2026-05-14 13:12:52,027 - INFO - joeynmt.training - EPOCH 8
2026-05-14 13:12:56,677 - INFO - joeynmt.training - Epoch   8, Step:    25400, Batch Loss:     1.031181, Batch Acc: 0.656020, Tokens per Sec:     4505, Lr: 0.000300
2026-05-14 13:13:13,573 - INFO - joeynmt.training - Epoch   8, Step:    25500, Batch Loss:     1.261649, Batch Acc: 0.666323, Tokens per Sec:     4423, Lr: 0.000300
2026-05-14 13:13:13,574 - WARNING - joeynmt.helpers - `alpha` option is obsolete. Please use `beam_alpha`, instead.
2026-05-14 13:13:13,574 - INFO - joeynmt.prediction - Predicting 890 example(s)... (Greedy decoding with min_output_length=1, max_output_length=-1, return_prob='none', generate_unk=True, repetition_penalty=-1, no_repeat_ngram_size=-1)
2026-05-14 13:13:53,994 - INFO - joeynmt.prediction - Evaluation result (greedy) loss:   1.68, ppl:   5.38, acc:   0.55, generation: 40.4159[sec], evaluation: 0.0000[sec]
2026-05-14 13:13:54,060 - INFO - joeynmt.helpers - delete models/bpe_8k/22000.ckpt
2026-05-14 13:13:54,060 - INFO - joeynmt.training - Example #0
2026-05-14 13:13:54,061 - DEBUG - joeynmt.training - 	Tokenized source:     ['L@@', 'ast', 'year', 'I', 'showed', 'these', 'two', 'sli@@', 'des', 'so', 'that', 'demonstr@@', 'ate', 'that', 'the', 'ar@@', 'c@@', 'tic', 'ice', 'ca@@', 'p', ',', 'which', 'for', 'most', 'of', 'the', 'last', 'three', 'million', 'years', 'has', 'been', 'the', 'size', 'of', 'the', 'lower', '4@@', '8', 'states', ',', 'has', 'sh@@', 'run@@', 'k', 'by', '40', 'percent', '.']
2026-05-14 13:13:54,061 - DEBUG - joeynmt.training - 	Tokenized reference:  ['L&apos;', 'année', 'dernière', ',', 'je', 'vous', 'ai', 'présent@@', 'é', 'ces', 'deux', 'di@@', 'apos@@', 'iti@@', 'ves', 'qui', 'montr@@', 'aient', 'que', 'la', 'cal@@', 'ot@@', 'te', 'gl@@', 'ac@@', 'ière', 'ar@@', 'c@@', 'tique', ',', 'qui', 'pendant', 'ces', '3', 'derniers', 'millions', 'd&apos;', 'année', 'avait', 'la', 'taille', 'des', 'Etats-Unis', 'sans', 'l&apos;', 'Al@@', 'as@@', 'ka', ',', 'qui', 'pendant', 'ces', '3', 'derniers', 'millions', 'd&apos;', 'année', 'avait', 'la', 'taille', 'des', 'Etats-Unis', 'sans', 'l&apos;', 'Al@@', 'as@@', 'ka', ',', 'avait', 'di@@', 'minu@@', 'é', 'de', '40', '%', '.']
2026-05-14 13:13:54,061 - DEBUG - joeynmt.training - 	Tokenized hypothesis: ['L&apos;', 'année', 'dernière', 'j&apos;', 'ai', 'montré', 'ces', 'deux', 'di@@', 'apos@@', 'iti@@', 'ves', 'pour', 'dé@@', 'montrer', 'que', 'la', 'glace', 'ar@@', 'c@@', 'tique', ',', 'qui', 'depuis', 'la', 'plupart', 'des', 'trois', 'millions', 'd&apos;', 'années', 'a', 'été', 'la', 'taille', 'des', 'trois', 'millions', 'd&apos;', 'années', 'a', 'été', 'la', 'taille', 'des', 'deux', 'dernières', 'années', ',', 'a', 'dé@@', 'mon@@', 'str@@', 'ation', 'de', '40', 'pour', 'cent', '.', '</s>']
2026-05-14 13:13:54,061 - INFO - joeynmt.training - 	Source:     Last year I showed these two slides so that demonstrate that the arctic ice cap , which for most of the last three million years has been the size of the lower 48 states , has shrunk by 40 percent .
2026-05-14 13:13:54,061 - INFO - joeynmt.training - 	Reference:  L&apos; année dernière , je vous ai présenté ces deux diapositives qui montraient que la calotte glacière arctique , qui pendant ces 3 derniers millions d&apos; année avait la taille des Etats-Unis sans l&apos; Alaska , qui pendant ces 3 derniers millions d&apos; année avait la taille des Etats-Unis sans l&apos; Alaska , avait diminué de 40 % .
2026-05-14 13:13:54,061 - INFO - joeynmt.training - 	Hypothesis: L&apos; année dernière j&apos; ai montré ces deux diapositives pour démontrer que la glace arctique , qui depuis la plupart des trois millions d&apos; années a été la taille des trois millions d&apos; années a été la taille des deux dernières années , a démonstration de 40 pour cent .
2026-05-14 13:13:54,061 - INFO - joeynmt.training - Example #1
2026-05-14 13:13:54,061 - DEBUG - joeynmt.training - 	Tokenized source:     ['But', 'this', 'underst@@', 'ates', 'the', 'seri@@', 'ousness', 'of', 'this', 'particular', 'problem', 'because', 'it', 'doesn', '&apos;t', 'show', 'the', 'th@@', 'ick@@', 'ness', 'of', 'the', 'ice', '.']
2026-05-14 13:13:54,061 - DEBUG - joeynmt.training - 	Tokenized reference:  ['Mais', 'ceci', 'tend', 'à', 'a@@', 'mo@@', 'ind@@', 'rir', 'le', 'problème', 'parce', 'qu&apos;', 'on', 'ne', 'voit', 'pas', 'l&apos;', 'ép@@', 'aiss@@', 'eur', 'de', 'la', 'glace', '.']
2026-05-14 13:13:54,061 - DEBUG - joeynmt.training - 	Tokenized hypothesis: ['Mais', 'cela', 'comprend', 'le', 'sérieux', 'du', 'problème', 'particulier', 'parce', 'qu&apos;', 'il', 'ne', 'montre', 'pas', 'la', 'pou@@', 'la', 't@@', 'esse', 'de', 'la', 'glace', '.', '</s>']
2026-05-14 13:13:54,061 - INFO - joeynmt.training - 	Source:     But this understates the seriousness of this particular problem because it doesn &apos;t show the thickness of the ice .
2026-05-14 13:13:54,061 - INFO - joeynmt.training - 	Reference:  Mais ceci tend à amoindrir le problème parce qu&apos; on ne voit pas l&apos; épaisseur de la glace .
2026-05-14 13:13:54,061 - INFO - joeynmt.training - 	Hypothesis: Mais cela comprend le sérieux du problème particulier parce qu&apos; il ne montre pas la poula tesse de la glace .
2026-05-14 13:13:54,061 - INFO - joeynmt.training - Example #2
2026-05-14 13:13:54,061 - DEBUG - joeynmt.training - 	Tokenized source:     ['The', 'ar@@', 'c@@', 'tic', 'ice', 'ca@@', 'p', 'is', ',', 'in', 'a', 'sense', ',', 'the', 'be@@', 'ating', 'heart', 'of', 'the', 'global', 'climate', 'system', '.']
2026-05-14 13:13:54,061 - DEBUG - joeynmt.training - 	Tokenized reference:  ['On', 'peut', 'voir', 'la', 'cal@@', 'ot@@', 'te', 'gl@@', 'ac@@', 'ière', 'ar@@', 'c@@', 'tique', 'comme', 'le', 'coeur', 'du', 'système', 'climatique', 'global', '.', 'On', 'peut', 'voir', 'la', 'cal@@', 'ot@@', 'te', 'gl@@', 'ac@@', 'ière', 'ar@@', 'c@@', 'tique', 'comme', 'le', 'coeur', 'du', 'système', 'climatique', 'global', '.']
2026-05-14 13:13:54,061 - DEBUG - joeynmt.training - 	Tokenized hypothesis: ['La', 'glace', 'ar@@', 'c@@', 'tique', 'ar@@', 'c@@', 'tique', 'est', ',', 'dans', 'un', 'sens', ',', 'le', 'coeur', 'du', 'système', 'climatique', '.', '</s>']
2026-05-14 13:13:54,061 - INFO - joeynmt.training - 	Source:     The arctic ice cap is , in a sense , the beating heart of the global climate system .
2026-05-14 13:13:54,061 - INFO - joeynmt.training - 	Reference:  On peut voir la calotte glacière arctique comme le coeur du système climatique global . On peut voir la calotte glacière arctique comme le coeur du système climatique global .
2026-05-14 13:13:54,061 - INFO - joeynmt.training - 	Hypothesis: La glace arctique arctique est , dans un sens , le coeur du système climatique .
2026-05-14 13:13:54,061 - INFO - joeynmt.training - Example #3
2026-05-14 13:13:54,061 - DEBUG - joeynmt.training - 	Tokenized source:     ['It', 'exp@@', 'ands', 'in', 'w@@', 'int@@', 'er', 'and', 'contr@@', 'acts', 'in', 'summer', '.']
2026-05-14 13:13:54,061 - DEBUG - joeynmt.training - 	Tokenized reference:  ['Elle', 's&apos;', 'ét@@', 'end', 'en', 'hi@@', 'ver', 'et', 'se', 'contr@@', 'acte', 'en', 'été', '.']
2026-05-14 13:13:54,061 - DEBUG - joeynmt.training - 	Tokenized hypothesis: ['Elle', 's&apos;', 'ét@@', 'end', 'en', 'hi@@', 'ver', 'et', 'contr@@', 'airement', 'à', 'l&apos;', 'été', '.', '</s>']
2026-05-14 13:13:54,061 - INFO - joeynmt.training - 	Source:     It expands in winter and contracts in summer .
2026-05-14 13:13:54,061 - INFO - joeynmt.training - 	Reference:  Elle s&apos; étend en hiver et se contracte en été .
2026-05-14 13:13:54,061 - INFO - joeynmt.training - 	Hypothesis: Elle s&apos; étend en hiver et contrairement à l&apos; été .
2026-05-14 13:13:54,061 - INFO - joeynmt.training - Example #4
2026-05-14 13:13:54,061 - DEBUG - joeynmt.training - 	Tokenized source:     ['The', 'next', 'slide', 'I', 'show', 'you', 'will', 'be', 'a', 'rap@@', 'id', 'fas@@', 't-@@', 'forward', 'of', 'what', '&apos;s', 'happened', 'over', 'the', 'last', '25', 'years', '.']
2026-05-14 13:13:54,061 - DEBUG - joeynmt.training - 	Tokenized reference:  ['La', 'prochaine', 'di@@', 'apos@@', 'itive', 'que', 'je', 'vais', 'vous', 'montrer', 'est', 'une', 'vue', 'en', 'accél@@', 'éré', 'de', 'ce', 'qui', 's&apos;', 'est', 'passé', 'ces', '25', 'dernières', 'années', '.']
2026-05-14 13:13:54,061 - DEBUG - joeynmt.training - 	Tokenized hypothesis: ['La', 'di@@', 'apos@@', 'itive', 'que', 'je', 'vous', 'ser@@', 'ez', 'un', 'rapide', 'rapide', 'de', 'ce', 'qui', 'est', 'arrivé', 'pendant', 'les', '25', 'dernières', 'années', '.', '</s>']
2026-05-14 13:13:54,062 - INFO - joeynmt.training - 	Source:     The next slide I show you will be a rapid fast-forward of what &apos;s happened over the last 25 years .
2026-05-14 13:13:54,062 - INFO - joeynmt.training - 	Reference:  La prochaine diapositive que je vais vous montrer est une vue en accéléré de ce qui s&apos; est passé ces 25 dernières années .
2026-05-14 13:13:54,062 - INFO - joeynmt.training - 	Hypothesis: La diapositive que je vous serez un rapide rapide de ce qui est arrivé pendant les 25 dernières années .
2026-05-14 13:14:11,200 - INFO - joeynmt.training - Epoch   8, Step:    25600, Batch Loss:     1.201210, Batch Acc: 0.661093, Tokens per Sec:     4331, Lr: 0.000300
2026-05-14 13:14:28,813 - INFO - joeynmt.training - Epoch   8, Step:    25700, Batch Loss:     1.204721, Batch Acc: 0.663836, Tokens per Sec:     4200, Lr: 0.000300
2026-05-14 13:14:46,653 - INFO - joeynmt.training - Epoch   8, Step:    25800, Batch Loss:     1.112559, Batch Acc: 0.659972, Tokens per Sec:     4273, Lr: 0.000300
2026-05-14 13:15:04,223 - INFO - joeynmt.training - Epoch   8, Step:    25900, Batch Loss:     1.302746, Batch Acc: 0.656415, Tokens per Sec:     4401, Lr: 0.000300
2026-05-14 13:15:21,825 - INFO - joeynmt.training - Epoch   8, Step:    26000, Batch Loss:     1.201649, Batch Acc: 0.654916, Tokens per Sec:     4280, Lr: 0.000300
2026-05-14 13:15:21,826 - WARNING - joeynmt.helpers - `alpha` option is obsolete. Please use `beam_alpha`, instead.
2026-05-14 13:15:21,826 - INFO - joeynmt.prediction - Predicting 890 example(s)... (Greedy decoding with min_output_length=1, max_output_length=-1, return_prob='none', generate_unk=True, repetition_penalty=-1, no_repeat_ngram_size=-1)
2026-05-14 13:16:00,206 - INFO - joeynmt.prediction - Evaluation result (greedy) loss:   1.69, ppl:   5.41, acc:   0.55, generation: 38.3763[sec], evaluation: 0.0000[sec]
2026-05-14 13:16:00,273 - INFO - joeynmt.helpers - delete models/bpe_8k/21500.ckpt
2026-05-14 13:16:00,275 - INFO - joeynmt.training - Example #0
2026-05-14 13:16:00,275 - DEBUG - joeynmt.training - 	Tokenized source:     ['L@@', 'ast', 'year', 'I', 'showed', 'these', 'two', 'sli@@', 'des', 'so', 'that', 'demonstr@@', 'ate', 'that', 'the', 'ar@@', 'c@@', 'tic', 'ice', 'ca@@', 'p', ',', 'which', 'for', 'most', 'of', 'the', 'last', 'three', 'million', 'years', 'has', 'been', 'the', 'size', 'of', 'the', 'lower', '4@@', '8', 'states', ',', 'has', 'sh@@', 'run@@', 'k', 'by', '40', 'percent', '.']
2026-05-14 13:16:00,275 - DEBUG - joeynmt.training - 	Tokenized reference:  ['L&apos;', 'année', 'dernière', ',', 'je', 'vous', 'ai', 'présent@@', 'é', 'ces', 'deux', 'di@@', 'apos@@', 'iti@@', 'ves', 'qui', 'montr@@', 'aient', 'que', 'la', 'cal@@', 'ot@@', 'te', 'gl@@', 'ac@@', 'ière', 'ar@@', 'c@@', 'tique', ',', 'qui', 'pendant', 'ces', '3', 'derniers', 'millions', 'd&apos;', 'année', 'avait', 'la', 'taille', 'des', 'Etats-Unis', 'sans', 'l&apos;', 'Al@@', 'as@@', 'ka', ',', 'qui', 'pendant', 'ces', '3', 'derniers', 'millions', 'd&apos;', 'année', 'avait', 'la', 'taille', 'des', 'Etats-Unis', 'sans', 'l&apos;', 'Al@@', 'as@@', 'ka', ',', 'avait', 'di@@', 'minu@@', 'é', 'de', '40', '%', '.']
2026-05-14 13:16:00,275 - DEBUG - joeynmt.training - 	Tokenized hypothesis: ['L&apos;', 'année', 'dernière', ',', 'j&apos;', 'ai', 'montré', 'ces', 'deux', 'di@@', 'apos@@', 'iti@@', 'ves', 'afin', 'que', 'la', 'plupart', 'des', 'trois', 'millions', 'd&apos;', 'années', 'a', 'été', 'la', 'taille', 'des', 'trois', 'millions', 'd&apos;', 'années', 'a', 'été', 'la', 'taille', 'du', 'bas', 'de', '4@@', '8', ',', 'a', 'dé@@', 'montré', 'de', '40', '%', '.', '</s>']
2026-05-14 13:16:00,276 - INFO - joeynmt.training - 	Source:     Last year I showed these two slides so that demonstrate that the arctic ice cap , which for most of the last three million years has been the size of the lower 48 states , has shrunk by 40 percent .
2026-05-14 13:16:00,276 - INFO - joeynmt.training - 	Reference:  L&apos; année dernière , je vous ai présenté ces deux diapositives qui montraient que la calotte glacière arctique , qui pendant ces 3 derniers millions d&apos; année avait la taille des Etats-Unis sans l&apos; Alaska , qui pendant ces 3 derniers millions d&apos; année avait la taille des Etats-Unis sans l&apos; Alaska , avait diminué de 40 % .
2026-05-14 13:16:00,276 - INFO - joeynmt.training - 	Hypothesis: L&apos; année dernière , j&apos; ai montré ces deux diapositives afin que la plupart des trois millions d&apos; années a été la taille des trois millions d&apos; années a été la taille du bas de 48 , a démontré de 40 % .
2026-05-14 13:16:00,276 - INFO - joeynmt.training - Example #1
2026-05-14 13:16:00,276 - DEBUG - joeynmt.training - 	Tokenized source:     ['But', 'this', 'underst@@', 'ates', 'the', 'seri@@', 'ousness', 'of', 'this', 'particular', 'problem', 'because', 'it', 'doesn', '&apos;t', 'show', 'the', 'th@@', 'ick@@', 'ness', 'of', 'the', 'ice', '.']
2026-05-14 13:16:00,276 - DEBUG - joeynmt.training - 	Tokenized reference:  ['Mais', 'ceci', 'tend', 'à', 'a@@', 'mo@@', 'ind@@', 'rir', 'le', 'problème', 'parce', 'qu&apos;', 'on', 'ne', 'voit', 'pas', 'l&apos;', 'ép@@', 'aiss@@', 'eur', 'de', 'la', 'glace', '.']
2026-05-14 13:16:00,276 - DEBUG - joeynmt.training - 	Tokenized hypothesis: ['Mais', 'ce', 'qui', 'comprend', 'le', 'sérieux', 'sérieux', 'de', 'ce', 'problème', 'particulier', 'parce', 'qu&apos;', 'il', 'ne', 'montre', 'pas', 'la', 'pou@@', 'sse', 'de', 'la', 'glace', '.', '</s>']
2026-05-14 13:16:00,276 - INFO - joeynmt.training - 	Source:     But this understates the seriousness of this particular problem because it doesn &apos;t show the thickness of the ice .
2026-05-14 13:16:00,276 - INFO - joeynmt.training - 	Reference:  Mais ceci tend à amoindrir le problème parce qu&apos; on ne voit pas l&apos; épaisseur de la glace .
2026-05-14 13:16:00,276 - INFO - joeynmt.training - 	Hypothesis: Mais ce qui comprend le sérieux sérieux de ce problème particulier parce qu&apos; il ne montre pas la pousse de la glace .
2026-05-14 13:16:00,276 - INFO - joeynmt.training - Example #2
2026-05-14 13:16:00,276 - DEBUG - joeynmt.training - 	Tokenized source:     ['The', 'ar@@', 'c@@', 'tic', 'ice', 'ca@@', 'p', 'is', ',', 'in', 'a', 'sense', ',', 'the', 'be@@', 'ating', 'heart', 'of', 'the', 'global', 'climate', 'system', '.']
2026-05-14 13:16:00,276 - DEBUG - joeynmt.training - 	Tokenized reference:  ['On', 'peut', 'voir', 'la', 'cal@@', 'ot@@', 'te', 'gl@@', 'ac@@', 'ière', 'ar@@', 'c@@', 'tique', 'comme', 'le', 'coeur', 'du', 'système', 'climatique', 'global', '.', 'On', 'peut', 'voir', 'la', 'cal@@', 'ot@@', 'te', 'gl@@', 'ac@@', 'ière', 'ar@@', 'c@@', 'tique', 'comme', 'le', 'coeur', 'du', 'système', 'climatique', 'global', '.']
2026-05-14 13:16:00,276 - DEBUG - joeynmt.training - 	Tokenized hypothesis: ['La', 'glace', 'ar@@', 'c@@', 'tique', 'est', ',', 'dans', 'un', 'sens', ',', 'le', 'coeur', 'qui', 'frapp@@', 'e', 'le', 'système', 'climatique', '.', '</s>']
2026-05-14 13:16:00,276 - INFO - joeynmt.training - 	Source:     The arctic ice cap is , in a sense , the beating heart of the global climate system .
2026-05-14 13:16:00,276 - INFO - joeynmt.training - 	Reference:  On peut voir la calotte glacière arctique comme le coeur du système climatique global . On peut voir la calotte glacière arctique comme le coeur du système climatique global .
2026-05-14 13:16:00,276 - INFO - joeynmt.training - 	Hypothesis: La glace arctique est , dans un sens , le coeur qui frappe le système climatique .
2026-05-14 13:16:00,276 - INFO - joeynmt.training - Example #3
2026-05-14 13:16:00,276 - DEBUG - joeynmt.training - 	Tokenized source:     ['It', 'exp@@', 'ands', 'in', 'w@@', 'int@@', 'er', 'and', 'contr@@', 'acts', 'in', 'summer', '.']
2026-05-14 13:16:00,276 - DEBUG - joeynmt.training - 	Tokenized reference:  ['Elle', 's&apos;', 'ét@@', 'end', 'en', 'hi@@', 'ver', 'et', 'se', 'contr@@', 'acte', 'en', 'été', '.']
2026-05-14 13:16:00,276 - DEBUG - joeynmt.training - 	Tokenized hypothesis: ['Il', 's&apos;', 'ét@@', 'end', 'en', 'hi@@', 'ver', 'et', 'contr@@', 'ats', 'en', 'été', '.', '</s>']
2026-05-14 13:16:00,276 - INFO - joeynmt.training - 	Source:     It expands in winter and contracts in summer .
2026-05-14 13:16:00,276 - INFO - joeynmt.training - 	Reference:  Elle s&apos; étend en hiver et se contracte en été .
2026-05-14 13:16:00,276 - INFO - joeynmt.training - 	Hypothesis: Il s&apos; étend en hiver et contrats en été .
2026-05-14 13:16:00,276 - INFO - joeynmt.training - Example #4
2026-05-14 13:16:00,276 - DEBUG - joeynmt.training - 	Tokenized source:     ['The', 'next', 'slide', 'I', 'show', 'you', 'will', 'be', 'a', 'rap@@', 'id', 'fas@@', 't-@@', 'forward', 'of', 'what', '&apos;s', 'happened', 'over', 'the', 'last', '25', 'years', '.']
2026-05-14 13:16:00,276 - DEBUG - joeynmt.training - 	Tokenized reference:  ['La', 'prochaine', 'di@@', 'apos@@', 'itive', 'que', 'je', 'vais', 'vous', 'montrer', 'est', 'une', 'vue', 'en', 'accél@@', 'éré', 'de', 'ce', 'qui', 's&apos;', 'est', 'passé', 'ces', '25', 'dernières', 'années', '.']
2026-05-14 13:16:00,276 - DEBUG - joeynmt.training - 	Tokenized hypothesis: ['La', 'di@@', 'apos@@', 'itive', 'que', 'je', 'montre', 'que', 'vous', 'ser@@', 'ez', 'un', 'rapide', 'rapide', 'de', 'ce', 'qui', 'est', 'arrivé', 'pendant', 'les', '25', 'dernières', 'années', '.', '</s>']
2026-05-14 13:16:00,276 - INFO - joeynmt.training - 	Source:     The next slide I show you will be a rapid fast-forward of what &apos;s happened over the last 25 years .
2026-05-14 13:16:00,276 - INFO - joeynmt.training - 	Reference:  La prochaine diapositive que je vais vous montrer est une vue en accéléré de ce qui s&apos; est passé ces 25 dernières années .
2026-05-14 13:16:00,276 - INFO - joeynmt.training - 	Hypothesis: La diapositive que je montre que vous serez un rapide rapide de ce qui est arrivé pendant les 25 dernières années .
2026-05-14 13:16:17,853 - INFO - joeynmt.training - Epoch   8, Step:    26100, Batch Loss:     1.212985, Batch Acc: 0.659353, Tokens per Sec:     4264, Lr: 0.000300
2026-05-14 13:16:35,576 - INFO - joeynmt.training - Epoch   8, Step:    26200, Batch Loss:     1.424298, Batch Acc: 0.653542, Tokens per Sec:     4354, Lr: 0.000300
2026-05-14 13:16:53,128 - INFO - joeynmt.training - Epoch   8, Step:    26300, Batch Loss:     1.145104, Batch Acc: 0.653219, Tokens per Sec:     4289, Lr: 0.000300
2026-05-14 13:17:11,284 - INFO - joeynmt.training - Epoch   8, Step:    26400, Batch Loss:     1.343503, Batch Acc: 0.656319, Tokens per Sec:     4159, Lr: 0.000300
2026-05-14 13:17:28,017 - INFO - joeynmt.training - Epoch   8, Step:    26500, Batch Loss:     1.288833, Batch Acc: 0.653611, Tokens per Sec:     4463, Lr: 0.000300
2026-05-14 13:17:28,017 - WARNING - joeynmt.helpers - `alpha` option is obsolete. Please use `beam_alpha`, instead.
2026-05-14 13:17:28,017 - INFO - joeynmt.prediction - Predicting 890 example(s)... (Greedy decoding with min_output_length=1, max_output_length=-1, return_prob='none', generate_unk=True, repetition_penalty=-1, no_repeat_ngram_size=-1)
2026-05-14 13:18:08,282 - INFO - joeynmt.prediction - Evaluation result (greedy) loss:   1.69, ppl:   5.40, acc:   0.55, generation: 40.2601[sec], evaluation: 0.0000[sec]
2026-05-14 13:18:08,347 - INFO - joeynmt.helpers - delete models/bpe_8k/26000.ckpt
2026-05-14 13:18:08,348 - INFO - joeynmt.helpers - delete /Users/leonieadm/Desktop/mt-exercise-04/models/bpe_8k/26000.ckpt
2026-05-14 13:18:08,348 - WARNING - joeynmt.helpers - Wanted to delete old checkpoint /Users/leonieadm/Desktop/mt-exercise-04/models/bpe_8k/26000.ckpt but file does not exist. ([Errno 2] No such file or directory: '/Users/leonieadm/Desktop/mt-exercise-04/models/bpe_8k/26000.ckpt')
2026-05-14 13:18:08,348 - INFO - joeynmt.training - Example #0
2026-05-14 13:18:08,348 - DEBUG - joeynmt.training - 	Tokenized source:     ['L@@', 'ast', 'year', 'I', 'showed', 'these', 'two', 'sli@@', 'des', 'so', 'that', 'demonstr@@', 'ate', 'that', 'the', 'ar@@', 'c@@', 'tic', 'ice', 'ca@@', 'p', ',', 'which', 'for', 'most', 'of', 'the', 'last', 'three', 'million', 'years', 'has', 'been', 'the', 'size', 'of', 'the', 'lower', '4@@', '8', 'states', ',', 'has', 'sh@@', 'run@@', 'k', 'by', '40', 'percent', '.']
2026-05-14 13:18:08,348 - DEBUG - joeynmt.training - 	Tokenized reference:  ['L&apos;', 'année', 'dernière', ',', 'je', 'vous', 'ai', 'présent@@', 'é', 'ces', 'deux', 'di@@', 'apos@@', 'iti@@', 'ves', 'qui', 'montr@@', 'aient', 'que', 'la', 'cal@@', 'ot@@', 'te', 'gl@@', 'ac@@', 'ière', 'ar@@', 'c@@', 'tique', ',', 'qui', 'pendant', 'ces', '3', 'derniers', 'millions', 'd&apos;', 'année', 'avait', 'la', 'taille', 'des', 'Etats-Unis', 'sans', 'l&apos;', 'Al@@', 'as@@', 'ka', ',', 'qui', 'pendant', 'ces', '3', 'derniers', 'millions', 'd&apos;', 'année', 'avait', 'la', 'taille', 'des', 'Etats-Unis', 'sans', 'l&apos;', 'Al@@', 'as@@', 'ka', ',', 'avait', 'di@@', 'minu@@', 'é', 'de', '40', '%', '.']
2026-05-14 13:18:08,348 - DEBUG - joeynmt.training - 	Tokenized hypothesis: ['L&apos;', 'année', 'dernière', ',', 'j&apos;', 'ai', 'montré', 'ces', 'deux', 'di@@', 'a@@', 'pos', 'pour', 'que', 'la', 'glace', 'ar@@', 'c@@', 'tique', ',', 'qui', 'pour', 'la', 'plupart', 'des', 'trois', 'millions', 'd&apos;', 'années', 'a', 'été', 'la', 'taille', 'des', 'trois', 'millions', 'd&apos;', 'années', 'a', 'été', 'la', 'taille', 'des', 'ét@@', 'ats', 'plus', 'bas', '4@@', '8', ',', 'a', 'dé@@', 'montré', 'de', '40', '%', '.', '</s>']
2026-05-14 13:18:08,348 - INFO - joeynmt.training - 	Source:     Last year I showed these two slides so that demonstrate that the arctic ice cap , which for most of the last three million years has been the size of the lower 48 states , has shrunk by 40 percent .
2026-05-14 13:18:08,348 - INFO - joeynmt.training - 	Reference:  L&apos; année dernière , je vous ai présenté ces deux diapositives qui montraient que la calotte glacière arctique , qui pendant ces 3 derniers millions d&apos; année avait la taille des Etats-Unis sans l&apos; Alaska , qui pendant ces 3 derniers millions d&apos; année avait la taille des Etats-Unis sans l&apos; Alaska , avait diminué de 40 % .
2026-05-14 13:18:08,348 - INFO - joeynmt.training - 	Hypothesis: L&apos; année dernière , j&apos; ai montré ces deux diapos pour que la glace arctique , qui pour la plupart des trois millions d&apos; années a été la taille des trois millions d&apos; années a été la taille des états plus bas 48 , a démontré de 40 % .
2026-05-14 13:18:08,348 - INFO - joeynmt.training - Example #1
2026-05-14 13:18:08,348 - DEBUG - joeynmt.training - 	Tokenized source:     ['But', 'this', 'underst@@', 'ates', 'the', 'seri@@', 'ousness', 'of', 'this', 'particular', 'problem', 'because', 'it', 'doesn', '&apos;t', 'show', 'the', 'th@@', 'ick@@', 'ness', 'of', 'the', 'ice', '.']
2026-05-14 13:18:08,348 - DEBUG - joeynmt.training - 	Tokenized reference:  ['Mais', 'ceci', 'tend', 'à', 'a@@', 'mo@@', 'ind@@', 'rir', 'le', 'problème', 'parce', 'qu&apos;', 'on', 'ne', 'voit', 'pas', 'l&apos;', 'ép@@', 'aiss@@', 'eur', 'de', 'la', 'glace', '.']
2026-05-14 13:18:08,348 - DEBUG - joeynmt.training - 	Tokenized hypothesis: ['Mais', 'cela', 'comprend', 'le', 'sérieux', 'de', 'ce', 'problème', 'particulier', 'parce', 'qu&apos;', 'elle', 'ne', 'montre', 'pas', 'la', 'pou@@', 'la', 'glace', '.', '</s>']
2026-05-14 13:18:08,349 - INFO - joeynmt.training - 	Source:     But this understates the seriousness of this particular problem because it doesn &apos;t show the thickness of the ice .
2026-05-14 13:18:08,349 - INFO - joeynmt.training - 	Reference:  Mais ceci tend à amoindrir le problème parce qu&apos; on ne voit pas l&apos; épaisseur de la glace .
2026-05-14 13:18:08,349 - INFO - joeynmt.training - 	Hypothesis: Mais cela comprend le sérieux de ce problème particulier parce qu&apos; elle ne montre pas la poula glace .
2026-05-14 13:18:08,349 - INFO - joeynmt.training - Example #2
2026-05-14 13:18:08,349 - DEBUG - joeynmt.training - 	Tokenized source:     ['The', 'ar@@', 'c@@', 'tic', 'ice', 'ca@@', 'p', 'is', ',', 'in', 'a', 'sense', ',', 'the', 'be@@', 'ating', 'heart', 'of', 'the', 'global', 'climate', 'system', '.']
2026-05-14 13:18:08,349 - DEBUG - joeynmt.training - 	Tokenized reference:  ['On', 'peut', 'voir', 'la', 'cal@@', 'ot@@', 'te', 'gl@@', 'ac@@', 'ière', 'ar@@', 'c@@', 'tique', 'comme', 'le', 'coeur', 'du', 'système', 'climatique', 'global', '.', 'On', 'peut', 'voir', 'la', 'cal@@', 'ot@@', 'te', 'gl@@', 'ac@@', 'ière', 'ar@@', 'c@@', 'tique', 'comme', 'le', 'coeur', 'du', 'système', 'climatique', 'global', '.']
2026-05-14 13:18:08,349 - DEBUG - joeynmt.training - 	Tokenized hypothesis: ['La', 'glace', 'ar@@', 'c@@', 'tique', 'est', ',', 'dans', 'un', 'sens', ',', 'le', 'coeur', 'de', 'la', 'bat@@', 'aille', 'ar@@', 'c@@', 'tique', 'du', 'système', 'climatique', '.', '</s>']
2026-05-14 13:18:08,349 - INFO - joeynmt.training - 	Source:     The arctic ice cap is , in a sense , the beating heart of the global climate system .
2026-05-14 13:18:08,349 - INFO - joeynmt.training - 	Reference:  On peut voir la calotte glacière arctique comme le coeur du système climatique global . On peut voir la calotte glacière arctique comme le coeur du système climatique global .
2026-05-14 13:18:08,349 - INFO - joeynmt.training - 	Hypothesis: La glace arctique est , dans un sens , le coeur de la bataille arctique du système climatique .
2026-05-14 13:18:08,349 - INFO - joeynmt.training - Example #3
2026-05-14 13:18:08,349 - DEBUG - joeynmt.training - 	Tokenized source:     ['It', 'exp@@', 'ands', 'in', 'w@@', 'int@@', 'er', 'and', 'contr@@', 'acts', 'in', 'summer', '.']
2026-05-14 13:18:08,349 - DEBUG - joeynmt.training - 	Tokenized reference:  ['Elle', 's&apos;', 'ét@@', 'end', 'en', 'hi@@', 'ver', 'et', 'se', 'contr@@', 'acte', 'en', 'été', '.']
2026-05-14 13:18:08,349 - DEBUG - joeynmt.training - 	Tokenized hypothesis: ['Il', 's&apos;', 'ét@@', 'end', 'en', 'hi@@', 'ver', 'et', 'contr@@', 'acter', 'en', 'été', '.', '</s>']
2026-05-14 13:18:08,349 - INFO - joeynmt.training - 	Source:     It expands in winter and contracts in summer .
2026-05-14 13:18:08,349 - INFO - joeynmt.training - 	Reference:  Elle s&apos; étend en hiver et se contracte en été .
2026-05-14 13:18:08,349 - INFO - joeynmt.training - 	Hypothesis: Il s&apos; étend en hiver et contracter en été .
2026-05-14 13:18:08,349 - INFO - joeynmt.training - Example #4
2026-05-14 13:18:08,349 - DEBUG - joeynmt.training - 	Tokenized source:     ['The', 'next', 'slide', 'I', 'show', 'you', 'will', 'be', 'a', 'rap@@', 'id', 'fas@@', 't-@@', 'forward', 'of', 'what', '&apos;s', 'happened', 'over', 'the', 'last', '25', 'years', '.']
2026-05-14 13:18:08,349 - DEBUG - joeynmt.training - 	Tokenized reference:  ['La', 'prochaine', 'di@@', 'apos@@', 'itive', 'que', 'je', 'vais', 'vous', 'montrer', 'est', 'une', 'vue', 'en', 'accél@@', 'éré', 'de', 'ce', 'qui', 's&apos;', 'est', 'passé', 'ces', '25', 'dernières', 'années', '.']
2026-05-14 13:18:08,349 - DEBUG - joeynmt.training - 	Tokenized hypothesis: ['La', 'prochaine', 'di@@', 'ap@@', 'o', 'que', 'vous', 'ser@@', 'ez', 'un', 'rapide', 'rapide', 'de', 'ce', 'qui', 'est', 'arrivé', 'au', 'cours', 'des', '25', 'dernières', 'années', '.', '</s>']
2026-05-14 13:18:08,349 - INFO - joeynmt.training - 	Source:     The next slide I show you will be a rapid fast-forward of what &apos;s happened over the last 25 years .
2026-05-14 13:18:08,349 - INFO - joeynmt.training - 	Reference:  La prochaine diapositive que je vais vous montrer est une vue en accéléré de ce qui s&apos; est passé ces 25 dernières années .
2026-05-14 13:18:08,349 - INFO - joeynmt.training - 	Hypothesis: La prochaine diapo que vous serez un rapide rapide de ce qui est arrivé au cours des 25 dernières années .
2026-05-14 13:18:25,468 - INFO - joeynmt.training - Epoch   8, Step:    26600, Batch Loss:     1.108731, Batch Acc: 0.651416, Tokens per Sec:     4352, Lr: 0.000300
2026-05-14 13:18:42,792 - INFO - joeynmt.training - Epoch   8, Step:    26700, Batch Loss:     1.262392, Batch Acc: 0.650140, Tokens per Sec:     4233, Lr: 0.000300
2026-05-14 13:18:59,815 - INFO - joeynmt.training - Epoch   8, Step:    26800, Batch Loss:     1.299730, Batch Acc: 0.651928, Tokens per Sec:     4403, Lr: 0.000300
2026-05-14 13:19:16,246 - INFO - joeynmt.training - Epoch   8, Step:    26900, Batch Loss:     1.390258, Batch Acc: 0.653905, Tokens per Sec:     4573, Lr: 0.000300
2026-05-14 13:19:32,840 - INFO - joeynmt.training - Epoch   8, Step:    27000, Batch Loss:     1.213225, Batch Acc: 0.647457, Tokens per Sec:     4503, Lr: 0.000300
2026-05-14 13:19:32,840 - WARNING - joeynmt.helpers - `alpha` option is obsolete. Please use `beam_alpha`, instead.
2026-05-14 13:19:32,841 - INFO - joeynmt.prediction - Predicting 890 example(s)... (Greedy decoding with min_output_length=1, max_output_length=-1, return_prob='none', generate_unk=True, repetition_penalty=-1, no_repeat_ngram_size=-1)
2026-05-14 13:20:10,339 - INFO - joeynmt.prediction - Evaluation result (greedy) loss:   1.67, ppl:   5.34, acc:   0.55, generation: 37.4938[sec], evaluation: 0.0000[sec]
2026-05-14 13:20:10,339 - INFO - joeynmt.training - Hooray! New best validation result [ppl]!
2026-05-14 13:20:10,405 - INFO - joeynmt.helpers - delete models/bpe_8k/24000.ckpt
2026-05-14 13:20:10,405 - INFO - joeynmt.training - Example #0
2026-05-14 13:20:10,405 - DEBUG - joeynmt.training - 	Tokenized source:     ['L@@', 'ast', 'year', 'I', 'showed', 'these', 'two', 'sli@@', 'des', 'so', 'that', 'demonstr@@', 'ate', 'that', 'the', 'ar@@', 'c@@', 'tic', 'ice', 'ca@@', 'p', ',', 'which', 'for', 'most', 'of', 'the', 'last', 'three', 'million', 'years', 'has', 'been', 'the', 'size', 'of', 'the', 'lower', '4@@', '8', 'states', ',', 'has', 'sh@@', 'run@@', 'k', 'by', '40', 'percent', '.']
2026-05-14 13:20:10,405 - DEBUG - joeynmt.training - 	Tokenized reference:  ['L&apos;', 'année', 'dernière', ',', 'je', 'vous', 'ai', 'présent@@', 'é', 'ces', 'deux', 'di@@', 'apos@@', 'iti@@', 'ves', 'qui', 'montr@@', 'aient', 'que', 'la', 'cal@@', 'ot@@', 'te', 'gl@@', 'ac@@', 'ière', 'ar@@', 'c@@', 'tique', ',', 'qui', 'pendant', 'ces', '3', 'derniers', 'millions', 'd&apos;', 'année', 'avait', 'la', 'taille', 'des', 'Etats-Unis', 'sans', 'l&apos;', 'Al@@', 'as@@', 'ka', ',', 'qui', 'pendant', 'ces', '3', 'derniers', 'millions', 'd&apos;', 'année', 'avait', 'la', 'taille', 'des', 'Etats-Unis', 'sans', 'l&apos;', 'Al@@', 'as@@', 'ka', ',', 'avait', 'di@@', 'minu@@', 'é', 'de', '40', '%', '.']
2026-05-14 13:20:10,405 - DEBUG - joeynmt.training - 	Tokenized hypothesis: ['L&apos;', 'année', 'dernière', 'j&apos;', 'ai', 'montré', 'ces', 'deux', 'di@@', 'a@@', 'pos', ',', 'donc', 'cette', 'dé@@', 'mon@@', 'str@@', 'ation', 'que', 'la', 'glace', 'ar@@', 'c@@', 'tique', ',', 'qui', 'depuis', 'la', 'plupart', 'des', 'trois', 'millions', 'd&apos;', 'années', 'a', 'été', 'la', 'taille', 'de', '4@@', '8', ',', 'a', 'dé@@', 'montré', 'par', '40', '%', '.', '</s>']
2026-05-14 13:20:10,405 - INFO - joeynmt.training - 	Source:     Last year I showed these two slides so that demonstrate that the arctic ice cap , which for most of the last three million years has been the size of the lower 48 states , has shrunk by 40 percent .
2026-05-14 13:20:10,405 - INFO - joeynmt.training - 	Reference:  L&apos; année dernière , je vous ai présenté ces deux diapositives qui montraient que la calotte glacière arctique , qui pendant ces 3 derniers millions d&apos; année avait la taille des Etats-Unis sans l&apos; Alaska , qui pendant ces 3 derniers millions d&apos; année avait la taille des Etats-Unis sans l&apos; Alaska , avait diminué de 40 % .
2026-05-14 13:20:10,405 - INFO - joeynmt.training - 	Hypothesis: L&apos; année dernière j&apos; ai montré ces deux diapos , donc cette démonstration que la glace arctique , qui depuis la plupart des trois millions d&apos; années a été la taille de 48 , a démontré par 40 % .
2026-05-14 13:20:10,405 - INFO - joeynmt.training - Example #1
2026-05-14 13:20:10,405 - DEBUG - joeynmt.training - 	Tokenized source:     ['But', 'this', 'underst@@', 'ates', 'the', 'seri@@', 'ousness', 'of', 'this', 'particular', 'problem', 'because', 'it', 'doesn', '&apos;t', 'show', 'the', 'th@@', 'ick@@', 'ness', 'of', 'the', 'ice', '.']
2026-05-14 13:20:10,405 - DEBUG - joeynmt.training - 	Tokenized reference:  ['Mais', 'ceci', 'tend', 'à', 'a@@', 'mo@@', 'ind@@', 'rir', 'le', 'problème', 'parce', 'qu&apos;', 'on', 'ne', 'voit', 'pas', 'l&apos;', 'ép@@', 'aiss@@', 'eur', 'de', 'la', 'glace', '.']
2026-05-14 13:20:10,405 - DEBUG - joeynmt.training - 	Tokenized hypothesis: ['Mais', 'cela', 'comprend', 'le', 'sérieux', 'de', 'ce', 'problème', 'en', 'particulier', 'parce', 'qu&apos;', 'il', 'ne', 'montre', 'pas', 'la', 'pou@@', 'e', 'de', 'la', 'glace', '.', '</s>']
2026-05-14 13:20:10,406 - INFO - joeynmt.training - 	Source:     But this understates the seriousness of this particular problem because it doesn &apos;t show the thickness of the ice .
2026-05-14 13:20:10,406 - INFO - joeynmt.training - 	Reference:  Mais ceci tend à amoindrir le problème parce qu&apos; on ne voit pas l&apos; épaisseur de la glace .
2026-05-14 13:20:10,406 - INFO - joeynmt.training - 	Hypothesis: Mais cela comprend le sérieux de ce problème en particulier parce qu&apos; il ne montre pas la poue de la glace .
2026-05-14 13:20:10,406 - INFO - joeynmt.training - Example #2
2026-05-14 13:20:10,406 - DEBUG - joeynmt.training - 	Tokenized source:     ['The', 'ar@@', 'c@@', 'tic', 'ice', 'ca@@', 'p', 'is', ',', 'in', 'a', 'sense', ',', 'the', 'be@@', 'ating', 'heart', 'of', 'the', 'global', 'climate', 'system', '.']
2026-05-14 13:20:10,406 - DEBUG - joeynmt.training - 	Tokenized reference:  ['On', 'peut', 'voir', 'la', 'cal@@', 'ot@@', 'te', 'gl@@', 'ac@@', 'ière', 'ar@@', 'c@@', 'tique', 'comme', 'le', 'coeur', 'du', 'système', 'climatique', 'global', '.', 'On', 'peut', 'voir', 'la', 'cal@@', 'ot@@', 'te', 'gl@@', 'ac@@', 'ière', 'ar@@', 'c@@', 'tique', 'comme', 'le', 'coeur', 'du', 'système', 'climatique', 'global', '.']
2026-05-14 13:20:10,406 - DEBUG - joeynmt.training - 	Tokenized hypothesis: ['La', 'glace', 'ar@@', 'c@@', 'tique', 'est', ',', 'dans', 'un', 'sens', ',', 'le', 'coeur', 'du', 'système', 'climatique', '.', '</s>']
2026-05-14 13:20:10,406 - INFO - joeynmt.training - 	Source:     The arctic ice cap is , in a sense , the beating heart of the global climate system .
2026-05-14 13:20:10,406 - INFO - joeynmt.training - 	Reference:  On peut voir la calotte glacière arctique comme le coeur du système climatique global . On peut voir la calotte glacière arctique comme le coeur du système climatique global .
2026-05-14 13:20:10,406 - INFO - joeynmt.training - 	Hypothesis: La glace arctique est , dans un sens , le coeur du système climatique .
2026-05-14 13:20:10,406 - INFO - joeynmt.training - Example #3
2026-05-14 13:20:10,406 - DEBUG - joeynmt.training - 	Tokenized source:     ['It', 'exp@@', 'ands', 'in', 'w@@', 'int@@', 'er', 'and', 'contr@@', 'acts', 'in', 'summer', '.']
2026-05-14 13:20:10,406 - DEBUG - joeynmt.training - 	Tokenized reference:  ['Elle', 's&apos;', 'ét@@', 'end', 'en', 'hi@@', 'ver', 'et', 'se', 'contr@@', 'acte', 'en', 'été', '.']
2026-05-14 13:20:10,406 - DEBUG - joeynmt.training - 	Tokenized hypothesis: ['Elle', 'est', 'exp@@', 'lication', 'en', 'hi@@', 'ver', 'et', 'contr@@', 'ac@@', 'tif', 'en', 'été', '.', '</s>']
2026-05-14 13:20:10,406 - INFO - joeynmt.training - 	Source:     It expands in winter and contracts in summer .
2026-05-14 13:20:10,406 - INFO - joeynmt.training - 	Reference:  Elle s&apos; étend en hiver et se contracte en été .
2026-05-14 13:20:10,406 - INFO - joeynmt.training - 	Hypothesis: Elle est explication en hiver et contractif en été .
2026-05-14 13:20:10,406 - INFO - joeynmt.training - Example #4
2026-05-14 13:20:10,406 - DEBUG - joeynmt.training - 	Tokenized source:     ['The', 'next', 'slide', 'I', 'show', 'you', 'will', 'be', 'a', 'rap@@', 'id', 'fas@@', 't-@@', 'forward', 'of', 'what', '&apos;s', 'happened', 'over', 'the', 'last', '25', 'years', '.']
2026-05-14 13:20:10,406 - DEBUG - joeynmt.training - 	Tokenized reference:  ['La', 'prochaine', 'di@@', 'apos@@', 'itive', 'que', 'je', 'vais', 'vous', 'montrer', 'est', 'une', 'vue', 'en', 'accél@@', 'éré', 'de', 'ce', 'qui', 's&apos;', 'est', 'passé', 'ces', '25', 'dernières', 'années', '.']
2026-05-14 13:20:10,406 - DEBUG - joeynmt.training - 	Tokenized hypothesis: ['La', 'prochaine', 'di@@', 'ap@@', 'o', 'que', 'vous', 'ser@@', 'ez', 'un', 'rapide', 'rapide', 'de', 'ce', 'qui', 'est', 'arrivé', 'au', 'cours', 'des', '25', 'dernières', 'années', '.', '</s>']
2026-05-14 13:20:10,406 - INFO - joeynmt.training - 	Source:     The next slide I show you will be a rapid fast-forward of what &apos;s happened over the last 25 years .
2026-05-14 13:20:10,406 - INFO - joeynmt.training - 	Reference:  La prochaine diapositive que je vais vous montrer est une vue en accéléré de ce qui s&apos; est passé ces 25 dernières années .
2026-05-14 13:20:10,406 - INFO - joeynmt.training - 	Hypothesis: La prochaine diapo que vous serez un rapide rapide de ce qui est arrivé au cours des 25 dernières années .
2026-05-14 13:20:27,340 - INFO - joeynmt.training - Epoch   8, Step:    27100, Batch Loss:     1.248544, Batch Acc: 0.647488, Tokens per Sec:     4483, Lr: 0.000300
2026-05-14 13:20:44,480 - INFO - joeynmt.training - Epoch   8, Step:    27200, Batch Loss:     1.342797, Batch Acc: 0.646535, Tokens per Sec:     4350, Lr: 0.000300
2026-05-14 13:21:01,798 - INFO - joeynmt.training - Epoch   8, Step:    27300, Batch Loss:     1.278991, Batch Acc: 0.651805, Tokens per Sec:     4399, Lr: 0.000300
2026-05-14 13:21:18,396 - INFO - joeynmt.training - Epoch   8, Step:    27400, Batch Loss:     1.203092, Batch Acc: 0.646441, Tokens per Sec:     4539, Lr: 0.000300
2026-05-14 13:21:35,846 - INFO - joeynmt.training - Epoch   8, Step:    27500, Batch Loss:     1.267708, Batch Acc: 0.648559, Tokens per Sec:     4287, Lr: 0.000300
2026-05-14 13:21:35,846 - WARNING - joeynmt.helpers - `alpha` option is obsolete. Please use `beam_alpha`, instead.
2026-05-14 13:21:35,846 - INFO - joeynmt.prediction - Predicting 890 example(s)... (Greedy decoding with min_output_length=1, max_output_length=-1, return_prob='none', generate_unk=True, repetition_penalty=-1, no_repeat_ngram_size=-1)
2026-05-14 13:22:19,850 - INFO - joeynmt.prediction - Evaluation result (greedy) loss:   1.68, ppl:   5.36, acc:   0.55, generation: 43.9991[sec], evaluation: 0.0000[sec]
2026-05-14 13:22:19,925 - INFO - joeynmt.helpers - delete models/bpe_8k/26500.ckpt
2026-05-14 13:22:19,927 - INFO - joeynmt.training - Example #0
2026-05-14 13:22:19,928 - DEBUG - joeynmt.training - 	Tokenized source:     ['L@@', 'ast', 'year', 'I', 'showed', 'these', 'two', 'sli@@', 'des', 'so', 'that', 'demonstr@@', 'ate', 'that', 'the', 'ar@@', 'c@@', 'tic', 'ice', 'ca@@', 'p', ',', 'which', 'for', 'most', 'of', 'the', 'last', 'three', 'million', 'years', 'has', 'been', 'the', 'size', 'of', 'the', 'lower', '4@@', '8', 'states', ',', 'has', 'sh@@', 'run@@', 'k', 'by', '40', 'percent', '.']
2026-05-14 13:22:19,928 - DEBUG - joeynmt.training - 	Tokenized reference:  ['L&apos;', 'année', 'dernière', ',', 'je', 'vous', 'ai', 'présent@@', 'é', 'ces', 'deux', 'di@@', 'apos@@', 'iti@@', 'ves', 'qui', 'montr@@', 'aient', 'que', 'la', 'cal@@', 'ot@@', 'te', 'gl@@', 'ac@@', 'ière', 'ar@@', 'c@@', 'tique', ',', 'qui', 'pendant', 'ces', '3', 'derniers', 'millions', 'd&apos;', 'année', 'avait', 'la', 'taille', 'des', 'Etats-Unis', 'sans', 'l&apos;', 'Al@@', 'as@@', 'ka', ',', 'qui', 'pendant', 'ces', '3', 'derniers', 'millions', 'd&apos;', 'année', 'avait', 'la', 'taille', 'des', 'Etats-Unis', 'sans', 'l&apos;', 'Al@@', 'as@@', 'ka', ',', 'avait', 'di@@', 'minu@@', 'é', 'de', '40', '%', '.']
2026-05-14 13:22:19,928 - DEBUG - joeynmt.training - 	Tokenized hypothesis: ['L&apos;', 'année', 'dernière', ',', 'j&apos;', 'ai', 'montré', 'ces', 'deux', 'di@@', 'a@@', 'pos', 'qui', 'dé@@', 'mon@@', 'str@@', 'ation', 'de', 'cette', 'glace', ',', 'qui', 'pour', 'la', 'plupart', 'des', 'trois', 'millions', 'd&apos;', 'années', 'a', 'été', 'la', 'taille', 'de', '4@@', '8', 'ét@@', 'ats', ',', 'qui', 'ont', 'été', 'la', 'taille', 'des', '4@@', '8', 'ét@@', 'ats', ',', 'qui', 'dé@@', 'mon@@', 'str@@', 'ent', 'par', '40', 'pour', 'cent', '.', '</s>']
2026-05-14 13:22:19,928 - INFO - joeynmt.training - 	Source:     Last year I showed these two slides so that demonstrate that the arctic ice cap , which for most of the last three million years has been the size of the lower 48 states , has shrunk by 40 percent .
2026-05-14 13:22:19,928 - INFO - joeynmt.training - 	Reference:  L&apos; année dernière , je vous ai présenté ces deux diapositives qui montraient que la calotte glacière arctique , qui pendant ces 3 derniers millions d&apos; année avait la taille des Etats-Unis sans l&apos; Alaska , qui pendant ces 3 derniers millions d&apos; année avait la taille des Etats-Unis sans l&apos; Alaska , avait diminué de 40 % .
2026-05-14 13:22:19,928 - INFO - joeynmt.training - 	Hypothesis: L&apos; année dernière , j&apos; ai montré ces deux diapos qui démonstration de cette glace , qui pour la plupart des trois millions d&apos; années a été la taille de 48 états , qui ont été la taille des 48 états , qui démonstrent par 40 pour cent .
2026-05-14 13:22:19,928 - INFO - joeynmt.training - Example #1
2026-05-14 13:22:19,928 - DEBUG - joeynmt.training - 	Tokenized source:     ['But', 'this', 'underst@@', 'ates', 'the', 'seri@@', 'ousness', 'of', 'this', 'particular', 'problem', 'because', 'it', 'doesn', '&apos;t', 'show', 'the', 'th@@', 'ick@@', 'ness', 'of', 'the', 'ice', '.']
2026-05-14 13:22:19,928 - DEBUG - joeynmt.training - 	Tokenized reference:  ['Mais', 'ceci', 'tend', 'à', 'a@@', 'mo@@', 'ind@@', 'rir', 'le', 'problème', 'parce', 'qu&apos;', 'on', 'ne', 'voit', 'pas', 'l&apos;', 'ép@@', 'aiss@@', 'eur', 'de', 'la', 'glace', '.']
2026-05-14 13:22:19,928 - DEBUG - joeynmt.training - 	Tokenized hypothesis: ['Mais', 'cela', 'comprend', 'la', 'sérieux', 'de', 'ce', 'problème', 'particulier', 'parce', 'qu&apos;', 'il', 'ne', 'montre', 'pas', 'la', 'pou@@', 'la', 't@@', 'è@@', 'vre', '.', '</s>']
2026-05-14 13:22:19,928 - INFO - joeynmt.training - 	Source:     But this understates the seriousness of this particular problem because it doesn &apos;t show the thickness of the ice .
2026-05-14 13:22:19,928 - INFO - joeynmt.training - 	Reference:  Mais ceci tend à amoindrir le problème parce qu&apos; on ne voit pas l&apos; épaisseur de la glace .
2026-05-14 13:22:19,928 - INFO - joeynmt.training - 	Hypothesis: Mais cela comprend la sérieux de ce problème particulier parce qu&apos; il ne montre pas la poula tèvre .
2026-05-14 13:22:19,928 - INFO - joeynmt.training - Example #2
2026-05-14 13:22:19,928 - DEBUG - joeynmt.training - 	Tokenized source:     ['The', 'ar@@', 'c@@', 'tic', 'ice', 'ca@@', 'p', 'is', ',', 'in', 'a', 'sense', ',', 'the', 'be@@', 'ating', 'heart', 'of', 'the', 'global', 'climate', 'system', '.']
2026-05-14 13:22:19,928 - DEBUG - joeynmt.training - 	Tokenized reference:  ['On', 'peut', 'voir', 'la', 'cal@@', 'ot@@', 'te', 'gl@@', 'ac@@', 'ière', 'ar@@', 'c@@', 'tique', 'comme', 'le', 'coeur', 'du', 'système', 'climatique', 'global', '.', 'On', 'peut', 'voir', 'la', 'cal@@', 'ot@@', 'te', 'gl@@', 'ac@@', 'ière', 'ar@@', 'c@@', 'tique', 'comme', 'le', 'coeur', 'du', 'système', 'climatique', 'global', '.']
2026-05-14 13:22:19,928 - DEBUG - joeynmt.training - 	Tokenized hypothesis: ['La', 'glace', 'ar@@', 'tique', 'est', ',', 'dans', 'un', 'sens', ',', 'le', 'coeur', 'du', 'système', 'climatique', 'climatique', '.', '</s>']
2026-05-14 13:22:19,928 - INFO - joeynmt.training - 	Source:     The arctic ice cap is , in a sense , the beating heart of the global climate system .
2026-05-14 13:22:19,928 - INFO - joeynmt.training - 	Reference:  On peut voir la calotte glacière arctique comme le coeur du système climatique global . On peut voir la calotte glacière arctique comme le coeur du système climatique global .
2026-05-14 13:22:19,928 - INFO - joeynmt.training - 	Hypothesis: La glace artique est , dans un sens , le coeur du système climatique climatique .
2026-05-14 13:22:19,928 - INFO - joeynmt.training - Example #3
2026-05-14 13:22:19,928 - DEBUG - joeynmt.training - 	Tokenized source:     ['It', 'exp@@', 'ands', 'in', 'w@@', 'int@@', 'er', 'and', 'contr@@', 'acts', 'in', 'summer', '.']
2026-05-14 13:22:19,928 - DEBUG - joeynmt.training - 	Tokenized reference:  ['Elle', 's&apos;', 'ét@@', 'end', 'en', 'hi@@', 'ver', 'et', 'se', 'contr@@', 'acte', 'en', 'été', '.']
2026-05-14 13:22:19,928 - DEBUG - joeynmt.training - 	Tokenized hypothesis: ['Il', 's&apos;', 'est', 'agr@@', 'an@@', 'dir', 'en', 'hi@@', 'ver', 'et', 'contr@@', 'ac@@', 'ent', 'en', 'été', '.', '</s>']
2026-05-14 13:22:19,928 - INFO - joeynmt.training - 	Source:     It expands in winter and contracts in summer .
2026-05-14 13:22:19,928 - INFO - joeynmt.training - 	Reference:  Elle s&apos; étend en hiver et se contracte en été .
2026-05-14 13:22:19,928 - INFO - joeynmt.training - 	Hypothesis: Il s&apos; est agrandir en hiver et contracent en été .
2026-05-14 13:22:19,929 - INFO - joeynmt.training - Example #4
2026-05-14 13:22:19,929 - DEBUG - joeynmt.training - 	Tokenized source:     ['The', 'next', 'slide', 'I', 'show', 'you', 'will', 'be', 'a', 'rap@@', 'id', 'fas@@', 't-@@', 'forward', 'of', 'what', '&apos;s', 'happened', 'over', 'the', 'last', '25', 'years', '.']
2026-05-14 13:22:19,929 - DEBUG - joeynmt.training - 	Tokenized reference:  ['La', 'prochaine', 'di@@', 'apos@@', 'itive', 'que', 'je', 'vais', 'vous', 'montrer', 'est', 'une', 'vue', 'en', 'accél@@', 'éré', 'de', 'ce', 'qui', 's&apos;', 'est', 'passé', 'ces', '25', 'dernières', 'années', '.']
2026-05-14 13:22:19,929 - DEBUG - joeynmt.training - 	Tokenized hypothesis: ['La', 'prochaine', 'di@@', 'apos@@', 'itive', 'que', 'je', 'vous', 'montre', 'être', 'un', 'rapide', 'rapide', 'de', 'ce', 'qui', 'est', 'passé', 'pendant', 'les', '25', 'dernières', 'années', '.', '</s>']
2026-05-14 13:22:19,929 - INFO - joeynmt.training - 	Source:     The next slide I show you will be a rapid fast-forward of what &apos;s happened over the last 25 years .
2026-05-14 13:22:19,929 - INFO - joeynmt.training - 	Reference:  La prochaine diapositive que je vais vous montrer est une vue en accéléré de ce qui s&apos; est passé ces 25 dernières années .
2026-05-14 13:22:19,929 - INFO - joeynmt.training - 	Hypothesis: La prochaine diapositive que je vous montre être un rapide rapide de ce qui est passé pendant les 25 dernières années .
2026-05-14 13:22:37,496 - INFO - joeynmt.training - Epoch   8, Step:    27600, Batch Loss:     1.223953, Batch Acc: 0.645609, Tokens per Sec:     4204, Lr: 0.000300
2026-05-14 13:22:55,200 - INFO - joeynmt.training - Epoch   8, Step:    27700, Batch Loss:     1.416354, Batch Acc: 0.642526, Tokens per Sec:     4319, Lr: 0.000300
2026-05-14 13:23:12,365 - INFO - joeynmt.training - Epoch   8, Step:    27800, Batch Loss:     1.256602, Batch Acc: 0.649129, Tokens per Sec:     4200, Lr: 0.000300
2026-05-14 13:23:29,461 - INFO - joeynmt.training - Epoch   8, Step:    27900, Batch Loss:     1.525712, Batch Acc: 0.647692, Tokens per Sec:     4351, Lr: 0.000300
2026-05-14 13:23:46,291 - INFO - joeynmt.training - Epoch   8, Step:    28000, Batch Loss:     1.350897, Batch Acc: 0.646571, Tokens per Sec:     4461, Lr: 0.000300
2026-05-14 13:23:46,291 - WARNING - joeynmt.helpers - `alpha` option is obsolete. Please use `beam_alpha`, instead.
2026-05-14 13:23:46,291 - INFO - joeynmt.prediction - Predicting 890 example(s)... (Greedy decoding with min_output_length=1, max_output_length=-1, return_prob='none', generate_unk=True, repetition_penalty=-1, no_repeat_ngram_size=-1)
2026-05-14 13:24:23,766 - INFO - joeynmt.prediction - Evaluation result (greedy) loss:   1.68, ppl:   5.36, acc:   0.55, generation: 37.4700[sec], evaluation: 0.0000[sec]
2026-05-14 13:24:23,835 - INFO - joeynmt.helpers - delete models/bpe_8k/25000.ckpt
2026-05-14 13:24:23,837 - INFO - joeynmt.training - Example #0
2026-05-14 13:24:23,838 - DEBUG - joeynmt.training - 	Tokenized source:     ['L@@', 'ast', 'year', 'I', 'showed', 'these', 'two', 'sli@@', 'des', 'so', 'that', 'demonstr@@', 'ate', 'that', 'the', 'ar@@', 'c@@', 'tic', 'ice', 'ca@@', 'p', ',', 'which', 'for', 'most', 'of', 'the', 'last', 'three', 'million', 'years', 'has', 'been', 'the', 'size', 'of', 'the', 'lower', '4@@', '8', 'states', ',', 'has', 'sh@@', 'run@@', 'k', 'by', '40', 'percent', '.']
2026-05-14 13:24:23,838 - DEBUG - joeynmt.training - 	Tokenized reference:  ['L&apos;', 'année', 'dernière', ',', 'je', 'vous', 'ai', 'présent@@', 'é', 'ces', 'deux', 'di@@', 'apos@@', 'iti@@', 'ves', 'qui', 'montr@@', 'aient', 'que', 'la', 'cal@@', 'ot@@', 'te', 'gl@@', 'ac@@', 'ière', 'ar@@', 'c@@', 'tique', ',', 'qui', 'pendant', 'ces', '3', 'derniers', 'millions', 'd&apos;', 'année', 'avait', 'la', 'taille', 'des', 'Etats-Unis', 'sans', 'l&apos;', 'Al@@', 'as@@', 'ka', ',', 'qui', 'pendant', 'ces', '3', 'derniers', 'millions', 'd&apos;', 'année', 'avait', 'la', 'taille', 'des', 'Etats-Unis', 'sans', 'l&apos;', 'Al@@', 'as@@', 'ka', ',', 'avait', 'di@@', 'minu@@', 'é', 'de', '40', '%', '.']
2026-05-14 13:24:23,838 - DEBUG - joeynmt.training - 	Tokenized hypothesis: ['L&apos;', 'année', 'dernière', 'j&apos;', 'ai', 'montré', 'ces', 'deux', 'di@@', 'a@@', 'pos', 'pour', 'cette', 'dé@@', 'mon@@', 'str@@', 'ation', 'que', 'la', 'glace', 'ar@@', 'c@@', 'tique', ',', 'qui', 'depuis', 'la', 'plupart', 'des', 'trois', 'millions', 'd&apos;', 'années', 'a', 'eu', 'la', 'taille', 'des', 'trois', 'dernières', 'années', ',', 'a', 'dé@@', 'montré', 'par', '40', '%', '.', '</s>']
2026-05-14 13:24:23,838 - INFO - joeynmt.training - 	Source:     Last year I showed these two slides so that demonstrate that the arctic ice cap , which for most of the last three million years has been the size of the lower 48 states , has shrunk by 40 percent .
2026-05-14 13:24:23,838 - INFO - joeynmt.training - 	Reference:  L&apos; année dernière , je vous ai présenté ces deux diapositives qui montraient que la calotte glacière arctique , qui pendant ces 3 derniers millions d&apos; année avait la taille des Etats-Unis sans l&apos; Alaska , qui pendant ces 3 derniers millions d&apos; année avait la taille des Etats-Unis sans l&apos; Alaska , avait diminué de 40 % .
2026-05-14 13:24:23,838 - INFO - joeynmt.training - 	Hypothesis: L&apos; année dernière j&apos; ai montré ces deux diapos pour cette démonstration que la glace arctique , qui depuis la plupart des trois millions d&apos; années a eu la taille des trois dernières années , a démontré par 40 % .
2026-05-14 13:24:23,838 - INFO - joeynmt.training - Example #1
2026-05-14 13:24:23,838 - DEBUG - joeynmt.training - 	Tokenized source:     ['But', 'this', 'underst@@', 'ates', 'the', 'seri@@', 'ousness', 'of', 'this', 'particular', 'problem', 'because', 'it', 'doesn', '&apos;t', 'show', 'the', 'th@@', 'ick@@', 'ness', 'of', 'the', 'ice', '.']
2026-05-14 13:24:23,838 - DEBUG - joeynmt.training - 	Tokenized reference:  ['Mais', 'ceci', 'tend', 'à', 'a@@', 'mo@@', 'ind@@', 'rir', 'le', 'problème', 'parce', 'qu&apos;', 'on', 'ne', 'voit', 'pas', 'l&apos;', 'ép@@', 'aiss@@', 'eur', 'de', 'la', 'glace', '.']
2026-05-14 13:24:23,838 - DEBUG - joeynmt.training - 	Tokenized hypothesis: ['Mais', 'cela', 'comprend', 'le', 'sérieux', 'de', 'la', 'conscience', 'du', 'problème', 'en', 'particulier', 'parce', 'qu&apos;', 'il', 'ne', 'montre', 'pas', 'la', 'pou@@', 'sse', 'de', 'la', 'glace', '.', '</s>']
2026-05-14 13:24:23,838 - INFO - joeynmt.training - 	Source:     But this understates the seriousness of this particular problem because it doesn &apos;t show the thickness of the ice .
2026-05-14 13:24:23,838 - INFO - joeynmt.training - 	Reference:  Mais ceci tend à amoindrir le problème parce qu&apos; on ne voit pas l&apos; épaisseur de la glace .
2026-05-14 13:24:23,838 - INFO - joeynmt.training - 	Hypothesis: Mais cela comprend le sérieux de la conscience du problème en particulier parce qu&apos; il ne montre pas la pousse de la glace .
2026-05-14 13:24:23,838 - INFO - joeynmt.training - Example #2
2026-05-14 13:24:23,838 - DEBUG - joeynmt.training - 	Tokenized source:     ['The', 'ar@@', 'c@@', 'tic', 'ice', 'ca@@', 'p', 'is', ',', 'in', 'a', 'sense', ',', 'the', 'be@@', 'ating', 'heart', 'of', 'the', 'global', 'climate', 'system', '.']
2026-05-14 13:24:23,838 - DEBUG - joeynmt.training - 	Tokenized reference:  ['On', 'peut', 'voir', 'la', 'cal@@', 'ot@@', 'te', 'gl@@', 'ac@@', 'ière', 'ar@@', 'c@@', 'tique', 'comme', 'le', 'coeur', 'du', 'système', 'climatique', 'global', '.', 'On', 'peut', 'voir', 'la', 'cal@@', 'ot@@', 'te', 'gl@@', 'ac@@', 'ière', 'ar@@', 'c@@', 'tique', 'comme', 'le', 'coeur', 'du', 'système', 'climatique', 'global', '.']
2026-05-14 13:24:23,838 - DEBUG - joeynmt.training - 	Tokenized hypothesis: ['La', 'cal@@', 'ot@@', 'te', 'ar@@', 'c@@', 'tique', 'est', ',', 'dans', 'un', 'sens', ',', 'le', 'coeur', 'du', 'système', 'climatique', 'mondial', '.', '</s>']
2026-05-14 13:24:23,838 - INFO - joeynmt.training - 	Source:     The arctic ice cap is , in a sense , the beating heart of the global climate system .
2026-05-14 13:24:23,838 - INFO - joeynmt.training - 	Reference:  On peut voir la calotte glacière arctique comme le coeur du système climatique global . On peut voir la calotte glacière arctique comme le coeur du système climatique global .
2026-05-14 13:24:23,838 - INFO - joeynmt.training - 	Hypothesis: La calotte arctique est , dans un sens , le coeur du système climatique mondial .
2026-05-14 13:24:23,838 - INFO - joeynmt.training - Example #3
2026-05-14 13:24:23,838 - DEBUG - joeynmt.training - 	Tokenized source:     ['It', 'exp@@', 'ands', 'in', 'w@@', 'int@@', 'er', 'and', 'contr@@', 'acts', 'in', 'summer', '.']
2026-05-14 13:24:23,838 - DEBUG - joeynmt.training - 	Tokenized reference:  ['Elle', 's&apos;', 'ét@@', 'end', 'en', 'hi@@', 'ver', 'et', 'se', 'contr@@', 'acte', 'en', 'été', '.']
2026-05-14 13:24:23,838 - DEBUG - joeynmt.training - 	Tokenized hypothesis: ['Il', 's&apos;', 'ét@@', 'end', 'en', 'hi@@', 'ver', 'et', 'contr@@', 'ats', 'en', 'été', '.', '</s>']
2026-05-14 13:24:23,838 - INFO - joeynmt.training - 	Source:     It expands in winter and contracts in summer .
2026-05-14 13:24:23,838 - INFO - joeynmt.training - 	Reference:  Elle s&apos; étend en hiver et se contracte en été .
2026-05-14 13:24:23,838 - INFO - joeynmt.training - 	Hypothesis: Il s&apos; étend en hiver et contrats en été .
2026-05-14 13:24:23,838 - INFO - joeynmt.training - Example #4
2026-05-14 13:24:23,839 - DEBUG - joeynmt.training - 	Tokenized source:     ['The', 'next', 'slide', 'I', 'show', 'you', 'will', 'be', 'a', 'rap@@', 'id', 'fas@@', 't-@@', 'forward', 'of', 'what', '&apos;s', 'happened', 'over', 'the', 'last', '25', 'years', '.']
2026-05-14 13:24:23,839 - DEBUG - joeynmt.training - 	Tokenized reference:  ['La', 'prochaine', 'di@@', 'apos@@', 'itive', 'que', 'je', 'vais', 'vous', 'montrer', 'est', 'une', 'vue', 'en', 'accél@@', 'éré', 'de', 'ce', 'qui', 's&apos;', 'est', 'passé', 'ces', '25', 'dernières', 'années', '.']
2026-05-14 13:24:23,839 - DEBUG - joeynmt.training - 	Tokenized hypothesis: ['La', 'prochaine', 'di@@', 'apos@@', 'itive', 'que', 'je', 'vous', 'montre', 'que', 'vous', 'ser@@', 'ez', 'un', 'rapide', 'de', 'ce', 'qui', 's&apos;', 'est', 'passé', 'les', '25', 'dernières', 'années', '.', '</s>']
2026-05-14 13:24:23,839 - INFO - joeynmt.training - 	Source:     The next slide I show you will be a rapid fast-forward of what &apos;s happened over the last 25 years .
2026-05-14 13:24:23,839 - INFO - joeynmt.training - 	Reference:  La prochaine diapositive que je vais vous montrer est une vue en accéléré de ce qui s&apos; est passé ces 25 dernières années .
2026-05-14 13:24:23,839 - INFO - joeynmt.training - 	Hypothesis: La prochaine diapositive que je vous montre que vous serez un rapide de ce qui s&apos; est passé les 25 dernières années .
2026-05-14 13:24:40,795 - INFO - joeynmt.training - Epoch   8, Step:    28100, Batch Loss:     1.055120, Batch Acc: 0.647721, Tokens per Sec:     4336, Lr: 0.000300
2026-05-14 13:24:57,809 - INFO - joeynmt.training - Epoch   8, Step:    28200, Batch Loss:     1.206236, Batch Acc: 0.647737, Tokens per Sec:     4391, Lr: 0.000300
2026-05-14 13:25:15,152 - INFO - joeynmt.training - Epoch   8, Step:    28300, Batch Loss:     1.513849, Batch Acc: 0.643782, Tokens per Sec:     4351, Lr: 0.000300
2026-05-14 13:25:32,916 - INFO - joeynmt.training - Epoch   8, Step:    28400, Batch Loss:     1.304333, Batch Acc: 0.644688, Tokens per Sec:     4251, Lr: 0.000300
2026-05-14 13:25:50,443 - INFO - joeynmt.training - Epoch   8, Step:    28500, Batch Loss:     1.237190, Batch Acc: 0.646027, Tokens per Sec:     4330, Lr: 0.000300
2026-05-14 13:25:50,443 - WARNING - joeynmt.helpers - `alpha` option is obsolete. Please use `beam_alpha`, instead.
2026-05-14 13:25:50,443 - INFO - joeynmt.prediction - Predicting 890 example(s)... (Greedy decoding with min_output_length=1, max_output_length=-1, return_prob='none', generate_unk=True, repetition_penalty=-1, no_repeat_ngram_size=-1)
2026-05-14 13:26:29,699 - INFO - joeynmt.prediction - Evaluation result (greedy) loss:   1.66, ppl:   5.28, acc:   0.55, generation: 39.2513[sec], evaluation: 0.0000[sec]
2026-05-14 13:26:29,700 - INFO - joeynmt.training - Hooray! New best validation result [ppl]!
2026-05-14 13:26:29,768 - INFO - joeynmt.helpers - delete models/bpe_8k/25500.ckpt
2026-05-14 13:26:29,772 - INFO - joeynmt.training - Example #0
2026-05-14 13:26:29,772 - DEBUG - joeynmt.training - 	Tokenized source:     ['L@@', 'ast', 'year', 'I', 'showed', 'these', 'two', 'sli@@', 'des', 'so', 'that', 'demonstr@@', 'ate', 'that', 'the', 'ar@@', 'c@@', 'tic', 'ice', 'ca@@', 'p', ',', 'which', 'for', 'most', 'of', 'the', 'last', 'three', 'million', 'years', 'has', 'been', 'the', 'size', 'of', 'the', 'lower', '4@@', '8', 'states', ',', 'has', 'sh@@', 'run@@', 'k', 'by', '40', 'percent', '.']
2026-05-14 13:26:29,772 - DEBUG - joeynmt.training - 	Tokenized reference:  ['L&apos;', 'année', 'dernière', ',', 'je', 'vous', 'ai', 'présent@@', 'é', 'ces', 'deux', 'di@@', 'apos@@', 'iti@@', 'ves', 'qui', 'montr@@', 'aient', 'que', 'la', 'cal@@', 'ot@@', 'te', 'gl@@', 'ac@@', 'ière', 'ar@@', 'c@@', 'tique', ',', 'qui', 'pendant', 'ces', '3', 'derniers', 'millions', 'd&apos;', 'année', 'avait', 'la', 'taille', 'des', 'Etats-Unis', 'sans', 'l&apos;', 'Al@@', 'as@@', 'ka', ',', 'qui', 'pendant', 'ces', '3', 'derniers', 'millions', 'd&apos;', 'année', 'avait', 'la', 'taille', 'des', 'Etats-Unis', 'sans', 'l&apos;', 'Al@@', 'as@@', 'ka', ',', 'avait', 'di@@', 'minu@@', 'é', 'de', '40', '%', '.']
2026-05-14 13:26:29,772 - DEBUG - joeynmt.training - 	Tokenized hypothesis: ['L&apos;', 'année', 'dernière', ',', 'j&apos;', 'ai', 'montré', 'ces', 'deux', 'di@@', 'apos@@', 'iti@@', 'ves', 'pour', 'cent', 'de', 'glace', ',', 'qui', 'depuis', 'la', 'plupart', 'des', 'trois', 'millions', 'd&apos;', 'années', 'a', 'été', 'la', 'taille', 'de', 'la', 'taille', 'des', 'trois', 'dernières', 'années', ',', 'a', 'été', 'la', 'taille', 'des', 'ét@@', 'ats', 'plus', 'bas', '4@@', '8', ',', 'a', 'dé@@', 'montré', 'par', '40', '%', '.', '</s>']
2026-05-14 13:26:29,772 - INFO - joeynmt.training - 	Source:     Last year I showed these two slides so that demonstrate that the arctic ice cap , which for most of the last three million years has been the size of the lower 48 states , has shrunk by 40 percent .
2026-05-14 13:26:29,772 - INFO - joeynmt.training - 	Reference:  L&apos; année dernière , je vous ai présenté ces deux diapositives qui montraient que la calotte glacière arctique , qui pendant ces 3 derniers millions d&apos; année avait la taille des Etats-Unis sans l&apos; Alaska , qui pendant ces 3 derniers millions d&apos; année avait la taille des Etats-Unis sans l&apos; Alaska , avait diminué de 40 % .
2026-05-14 13:26:29,773 - INFO - joeynmt.training - 	Hypothesis: L&apos; année dernière , j&apos; ai montré ces deux diapositives pour cent de glace , qui depuis la plupart des trois millions d&apos; années a été la taille de la taille des trois dernières années , a été la taille des états plus bas 48 , a démontré par 40 % .
2026-05-14 13:26:29,773 - INFO - joeynmt.training - Example #1
2026-05-14 13:26:29,773 - DEBUG - joeynmt.training - 	Tokenized source:     ['But', 'this', 'underst@@', 'ates', 'the', 'seri@@', 'ousness', 'of', 'this', 'particular', 'problem', 'because', 'it', 'doesn', '&apos;t', 'show', 'the', 'th@@', 'ick@@', 'ness', 'of', 'the', 'ice', '.']
2026-05-14 13:26:29,773 - DEBUG - joeynmt.training - 	Tokenized reference:  ['Mais', 'ceci', 'tend', 'à', 'a@@', 'mo@@', 'ind@@', 'rir', 'le', 'problème', 'parce', 'qu&apos;', 'on', 'ne', 'voit', 'pas', 'l&apos;', 'ép@@', 'aiss@@', 'eur', 'de', 'la', 'glace', '.']
2026-05-14 13:26:29,773 - DEBUG - joeynmt.training - 	Tokenized hypothesis: ['Mais', 'cela', 'comprend', 'le', 'sérieux', 'de', 'ce', 'problème', 'parce', 'qu&apos;', 'il', 'ne', 'montre', 'pas', 'la', 'pou@@', 'la', 'de', 'la', 'glace', '.', '</s>']
2026-05-14 13:26:29,773 - INFO - joeynmt.training - 	Source:     But this understates the seriousness of this particular problem because it doesn &apos;t show the thickness of the ice .
2026-05-14 13:26:29,773 - INFO - joeynmt.training - 	Reference:  Mais ceci tend à amoindrir le problème parce qu&apos; on ne voit pas l&apos; épaisseur de la glace .
2026-05-14 13:26:29,773 - INFO - joeynmt.training - 	Hypothesis: Mais cela comprend le sérieux de ce problème parce qu&apos; il ne montre pas la poula de la glace .
2026-05-14 13:26:29,773 - INFO - joeynmt.training - Example #2
2026-05-14 13:26:29,773 - DEBUG - joeynmt.training - 	Tokenized source:     ['The', 'ar@@', 'c@@', 'tic', 'ice', 'ca@@', 'p', 'is', ',', 'in', 'a', 'sense', ',', 'the', 'be@@', 'ating', 'heart', 'of', 'the', 'global', 'climate', 'system', '.']
2026-05-14 13:26:29,773 - DEBUG - joeynmt.training - 	Tokenized reference:  ['On', 'peut', 'voir', 'la', 'cal@@', 'ot@@', 'te', 'gl@@', 'ac@@', 'ière', 'ar@@', 'c@@', 'tique', 'comme', 'le', 'coeur', 'du', 'système', 'climatique', 'global', '.', 'On', 'peut', 'voir', 'la', 'cal@@', 'ot@@', 'te', 'gl@@', 'ac@@', 'ière', 'ar@@', 'c@@', 'tique', 'comme', 'le', 'coeur', 'du', 'système', 'climatique', 'global', '.']
2026-05-14 13:26:29,773 - DEBUG - joeynmt.training - 	Tokenized hypothesis: ['La', 'glace', 'ar@@', 'c@@', 'tique', 'est', ',', 'dans', 'un', 'sens', ',', 'le', 'coeur', 'de', 'la', 'battre', 'du', 'système', 'climatique', '.', '</s>']
2026-05-14 13:26:29,773 - INFO - joeynmt.training - 	Source:     The arctic ice cap is , in a sense , the beating heart of the global climate system .
2026-05-14 13:26:29,773 - INFO - joeynmt.training - 	Reference:  On peut voir la calotte glacière arctique comme le coeur du système climatique global . On peut voir la calotte glacière arctique comme le coeur du système climatique global .
2026-05-14 13:26:29,773 - INFO - joeynmt.training - 	Hypothesis: La glace arctique est , dans un sens , le coeur de la battre du système climatique .
2026-05-14 13:26:29,773 - INFO - joeynmt.training - Example #3
2026-05-14 13:26:29,773 - DEBUG - joeynmt.training - 	Tokenized source:     ['It', 'exp@@', 'ands', 'in', 'w@@', 'int@@', 'er', 'and', 'contr@@', 'acts', 'in', 'summer', '.']
2026-05-14 13:26:29,773 - DEBUG - joeynmt.training - 	Tokenized reference:  ['Elle', 's&apos;', 'ét@@', 'end', 'en', 'hi@@', 'ver', 'et', 'se', 'contr@@', 'acte', 'en', 'été', '.']
2026-05-14 13:26:29,773 - DEBUG - joeynmt.training - 	Tokenized hypothesis: ['Il', 's&apos;', 'ét@@', 'end', 'en', 'hi@@', 'ver', 'et', 'contr@@', 'ats', 'en', 'été', '.', '</s>']
2026-05-14 13:26:29,773 - INFO - joeynmt.training - 	Source:     It expands in winter and contracts in summer .
2026-05-14 13:26:29,773 - INFO - joeynmt.training - 	Reference:  Elle s&apos; étend en hiver et se contracte en été .
2026-05-14 13:26:29,773 - INFO - joeynmt.training - 	Hypothesis: Il s&apos; étend en hiver et contrats en été .
2026-05-14 13:26:29,773 - INFO - joeynmt.training - Example #4
2026-05-14 13:26:29,773 - DEBUG - joeynmt.training - 	Tokenized source:     ['The', 'next', 'slide', 'I', 'show', 'you', 'will', 'be', 'a', 'rap@@', 'id', 'fas@@', 't-@@', 'forward', 'of', 'what', '&apos;s', 'happened', 'over', 'the', 'last', '25', 'years', '.']
2026-05-14 13:26:29,773 - DEBUG - joeynmt.training - 	Tokenized reference:  ['La', 'prochaine', 'di@@', 'apos@@', 'itive', 'que', 'je', 'vais', 'vous', 'montrer', 'est', 'une', 'vue', 'en', 'accél@@', 'éré', 'de', 'ce', 'qui', 's&apos;', 'est', 'passé', 'ces', '25', 'dernières', 'années', '.']
2026-05-14 13:26:29,773 - DEBUG - joeynmt.training - 	Tokenized hypothesis: ['La', 'di@@', 'apos@@', 'itive', 'que', 'je', 'vais', 'vous', 'ser@@', 'ez', 'un', 'rapide', 'rapide', 'de', 'ce', 'qui', 'est', 'arrivé', 'pendant', 'les', '25', 'dernières', 'années', '.', '</s>']
2026-05-14 13:26:29,773 - INFO - joeynmt.training - 	Source:     The next slide I show you will be a rapid fast-forward of what &apos;s happened over the last 25 years .
2026-05-14 13:26:29,773 - INFO - joeynmt.training - 	Reference:  La prochaine diapositive que je vais vous montrer est une vue en accéléré de ce qui s&apos; est passé ces 25 dernières années .
2026-05-14 13:26:29,773 - INFO - joeynmt.training - 	Hypothesis: La diapositive que je vais vous serez un rapide rapide de ce qui est arrivé pendant les 25 dernières années .
2026-05-14 13:26:46,473 - INFO - joeynmt.training - Epoch   8, Step:    28600, Batch Loss:     1.240468, Batch Acc: 0.646429, Tokens per Sec:     4406, Lr: 0.000300
2026-05-14 13:27:03,054 - INFO - joeynmt.training - Epoch   8, Step:    28700, Batch Loss:     1.181861, Batch Acc: 0.645113, Tokens per Sec:     4515, Lr: 0.000300
2026-05-14 13:27:19,510 - INFO - joeynmt.training - Epoch   8, Step:    28800, Batch Loss:     1.274893, Batch Acc: 0.643722, Tokens per Sec:     4571, Lr: 0.000300
2026-05-14 13:27:36,938 - INFO - joeynmt.training - Epoch   8, Step:    28900, Batch Loss:     1.208765, Batch Acc: 0.642478, Tokens per Sec:     4274, Lr: 0.000300
2026-05-14 13:27:53,694 - INFO - joeynmt.training - Epoch   8: total training loss 4535.52
2026-05-14 13:27:53,694 - INFO - joeynmt.training - EPOCH 9
2026-05-14 13:27:53,914 - INFO - joeynmt.training - Epoch   9, Step:    29000, Batch Loss:     1.223787, Batch Acc: 0.661491, Tokens per Sec:     2924, Lr: 0.000300
2026-05-14 13:27:53,914 - WARNING - joeynmt.helpers - `alpha` option is obsolete. Please use `beam_alpha`, instead.
2026-05-14 13:27:53,915 - INFO - joeynmt.prediction - Predicting 890 example(s)... (Greedy decoding with min_output_length=1, max_output_length=-1, return_prob='none', generate_unk=True, repetition_penalty=-1, no_repeat_ngram_size=-1)
2026-05-14 13:28:34,922 - INFO - joeynmt.prediction - Evaluation result (greedy) loss:   1.67, ppl:   5.30, acc:   0.55, generation: 41.0030[sec], evaluation: 0.0000[sec]
2026-05-14 13:28:34,991 - INFO - joeynmt.helpers - delete models/bpe_8k/24500.ckpt
2026-05-14 13:28:34,993 - INFO - joeynmt.training - Example #0
2026-05-14 13:28:34,993 - DEBUG - joeynmt.training - 	Tokenized source:     ['L@@', 'ast', 'year', 'I', 'showed', 'these', 'two', 'sli@@', 'des', 'so', 'that', 'demonstr@@', 'ate', 'that', 'the', 'ar@@', 'c@@', 'tic', 'ice', 'ca@@', 'p', ',', 'which', 'for', 'most', 'of', 'the', 'last', 'three', 'million', 'years', 'has', 'been', 'the', 'size', 'of', 'the', 'lower', '4@@', '8', 'states', ',', 'has', 'sh@@', 'run@@', 'k', 'by', '40', 'percent', '.']
2026-05-14 13:28:34,993 - DEBUG - joeynmt.training - 	Tokenized reference:  ['L&apos;', 'année', 'dernière', ',', 'je', 'vous', 'ai', 'présent@@', 'é', 'ces', 'deux', 'di@@', 'apos@@', 'iti@@', 'ves', 'qui', 'montr@@', 'aient', 'que', 'la', 'cal@@', 'ot@@', 'te', 'gl@@', 'ac@@', 'ière', 'ar@@', 'c@@', 'tique', ',', 'qui', 'pendant', 'ces', '3', 'derniers', 'millions', 'd&apos;', 'année', 'avait', 'la', 'taille', 'des', 'Etats-Unis', 'sans', 'l&apos;', 'Al@@', 'as@@', 'ka', ',', 'qui', 'pendant', 'ces', '3', 'derniers', 'millions', 'd&apos;', 'année', 'avait', 'la', 'taille', 'des', 'Etats-Unis', 'sans', 'l&apos;', 'Al@@', 'as@@', 'ka', ',', 'avait', 'di@@', 'minu@@', 'é', 'de', '40', '%', '.']
2026-05-14 13:28:34,993 - DEBUG - joeynmt.training - 	Tokenized hypothesis: ['L&apos;', 'année', 'dernière', ',', 'j&apos;', 'ai', 'montré', 'ces', 'deux', 'di@@', 'a@@', 'pos', 'de', 'cette', 'telle', 'sorte', 'que', 'la', 'glace', ',', 'qui', 'pour', 'la', 'plupart', 'des', 'trois', 'millions', 'd&apos;', 'années', 'a', 'été', 'la', 'taille', 'des', 'trois', 'dernières', 'années', ',', 'a', 'été', 'la', 'taille', 'des', 'ét@@', 'ats', 'inf@@', 'érieure', 'de', '4@@', '8', ',', 'a', 'dé@@', 'montré', 'de', '40', '%', '.', '</s>']
2026-05-14 13:28:34,993 - INFO - joeynmt.training - 	Source:     Last year I showed these two slides so that demonstrate that the arctic ice cap , which for most of the last three million years has been the size of the lower 48 states , has shrunk by 40 percent .
2026-05-14 13:28:34,993 - INFO - joeynmt.training - 	Reference:  L&apos; année dernière , je vous ai présenté ces deux diapositives qui montraient que la calotte glacière arctique , qui pendant ces 3 derniers millions d&apos; année avait la taille des Etats-Unis sans l&apos; Alaska , qui pendant ces 3 derniers millions d&apos; année avait la taille des Etats-Unis sans l&apos; Alaska , avait diminué de 40 % .
2026-05-14 13:28:34,993 - INFO - joeynmt.training - 	Hypothesis: L&apos; année dernière , j&apos; ai montré ces deux diapos de cette telle sorte que la glace , qui pour la plupart des trois millions d&apos; années a été la taille des trois dernières années , a été la taille des états inférieure de 48 , a démontré de 40 % .
2026-05-14 13:28:34,993 - INFO - joeynmt.training - Example #1
2026-05-14 13:28:34,994 - DEBUG - joeynmt.training - 	Tokenized source:     ['But', 'this', 'underst@@', 'ates', 'the', 'seri@@', 'ousness', 'of', 'this', 'particular', 'problem', 'because', 'it', 'doesn', '&apos;t', 'show', 'the', 'th@@', 'ick@@', 'ness', 'of', 'the', 'ice', '.']
2026-05-14 13:28:34,994 - DEBUG - joeynmt.training - 	Tokenized reference:  ['Mais', 'ceci', 'tend', 'à', 'a@@', 'mo@@', 'ind@@', 'rir', 'le', 'problème', 'parce', 'qu&apos;', 'on', 'ne', 'voit', 'pas', 'l&apos;', 'ép@@', 'aiss@@', 'eur', 'de', 'la', 'glace', '.']
2026-05-14 13:28:34,994 - DEBUG - joeynmt.training - 	Tokenized hypothesis: ['Mais', 'cela', 'comprend', 'le', 'sérieux', 'problème', 'en', 'particulier', 'parce', 'qu&apos;', 'il', 'ne', 'montre', 'pas', 'la', 'pou@@', 's@@', 'eur', 'de', 'la', 'glace', '.', '</s>']
2026-05-14 13:28:34,994 - INFO - joeynmt.training - 	Source:     But this understates the seriousness of this particular problem because it doesn &apos;t show the thickness of the ice .
2026-05-14 13:28:34,994 - INFO - joeynmt.training - 	Reference:  Mais ceci tend à amoindrir le problème parce qu&apos; on ne voit pas l&apos; épaisseur de la glace .
2026-05-14 13:28:34,994 - INFO - joeynmt.training - 	Hypothesis: Mais cela comprend le sérieux problème en particulier parce qu&apos; il ne montre pas la pouseur de la glace .
2026-05-14 13:28:34,994 - INFO - joeynmt.training - Example #2
2026-05-14 13:28:34,994 - DEBUG - joeynmt.training - 	Tokenized source:     ['The', 'ar@@', 'c@@', 'tic', 'ice', 'ca@@', 'p', 'is', ',', 'in', 'a', 'sense', ',', 'the', 'be@@', 'ating', 'heart', 'of', 'the', 'global', 'climate', 'system', '.']
2026-05-14 13:28:34,994 - DEBUG - joeynmt.training - 	Tokenized reference:  ['On', 'peut', 'voir', 'la', 'cal@@', 'ot@@', 'te', 'gl@@', 'ac@@', 'ière', 'ar@@', 'c@@', 'tique', 'comme', 'le', 'coeur', 'du', 'système', 'climatique', 'global', '.', 'On', 'peut', 'voir', 'la', 'cal@@', 'ot@@', 'te', 'gl@@', 'ac@@', 'ière', 'ar@@', 'c@@', 'tique', 'comme', 'le', 'coeur', 'du', 'système', 'climatique', 'global', '.']
2026-05-14 13:28:34,994 - DEBUG - joeynmt.training - 	Tokenized hypothesis: ['La', 'glace', 'ar@@', 'c@@', 'tique', 'est', ',', 'dans', 'un', 'sens', ',', 'le', 'coeur', 'qui', 'batt@@', 'ent', 'du', 'système', 'climatique', '.', '</s>']
2026-05-14 13:28:34,994 - INFO - joeynmt.training - 	Source:     The arctic ice cap is , in a sense , the beating heart of the global climate system .
2026-05-14 13:28:34,994 - INFO - joeynmt.training - 	Reference:  On peut voir la calotte glacière arctique comme le coeur du système climatique global . On peut voir la calotte glacière arctique comme le coeur du système climatique global .
2026-05-14 13:28:34,994 - INFO - joeynmt.training - 	Hypothesis: La glace arctique est , dans un sens , le coeur qui battent du système climatique .
2026-05-14 13:28:34,994 - INFO - joeynmt.training - Example #3
2026-05-14 13:28:34,994 - DEBUG - joeynmt.training - 	Tokenized source:     ['It', 'exp@@', 'ands', 'in', 'w@@', 'int@@', 'er', 'and', 'contr@@', 'acts', 'in', 'summer', '.']
2026-05-14 13:28:34,994 - DEBUG - joeynmt.training - 	Tokenized reference:  ['Elle', 's&apos;', 'ét@@', 'end', 'en', 'hi@@', 'ver', 'et', 'se', 'contr@@', 'acte', 'en', 'été', '.']
2026-05-14 13:28:34,994 - DEBUG - joeynmt.training - 	Tokenized hypothesis: ['Il', 's&apos;', 'ét@@', 'end', 'en', 'hi@@', 'ver', 'et', 'contr@@', 'ats', 'en', 'hi@@', 'ver', 'et', 'contr@@', 'ats', 'en', 'été', '.', '</s>']
2026-05-14 13:28:34,994 - INFO - joeynmt.training - 	Source:     It expands in winter and contracts in summer .
2026-05-14 13:28:34,994 - INFO - joeynmt.training - 	Reference:  Elle s&apos; étend en hiver et se contracte en été .
2026-05-14 13:28:34,994 - INFO - joeynmt.training - 	Hypothesis: Il s&apos; étend en hiver et contrats en hiver et contrats en été .
2026-05-14 13:28:34,994 - INFO - joeynmt.training - Example #4
2026-05-14 13:28:34,994 - DEBUG - joeynmt.training - 	Tokenized source:     ['The', 'next', 'slide', 'I', 'show', 'you', 'will', 'be', 'a', 'rap@@', 'id', 'fas@@', 't-@@', 'forward', 'of', 'what', '&apos;s', 'happened', 'over', 'the', 'last', '25', 'years', '.']
2026-05-14 13:28:34,994 - DEBUG - joeynmt.training - 	Tokenized reference:  ['La', 'prochaine', 'di@@', 'apos@@', 'itive', 'que', 'je', 'vais', 'vous', 'montrer', 'est', 'une', 'vue', 'en', 'accél@@', 'éré', 'de', 'ce', 'qui', 's&apos;', 'est', 'passé', 'ces', '25', 'dernières', 'années', '.']
2026-05-14 13:28:34,994 - DEBUG - joeynmt.training - 	Tokenized hypothesis: ['La', 'prochaine', 'di@@', 'apos@@', 'itive', 'que', 'je', 'vais', 'être', 'un', 'rapide', 'rapide', 'de', 'ce', 'qui', 's&apos;', 'est', 'passé', 'pendant', 'les', '25', 'dernières', 'années', '25', 'ans', '.', '</s>']
2026-05-14 13:28:34,994 - INFO - joeynmt.training - 	Source:     The next slide I show you will be a rapid fast-forward of what &apos;s happened over the last 25 years .
2026-05-14 13:28:34,994 - INFO - joeynmt.training - 	Reference:  La prochaine diapositive que je vais vous montrer est une vue en accéléré de ce qui s&apos; est passé ces 25 dernières années .
2026-05-14 13:28:34,994 - INFO - joeynmt.training - 	Hypothesis: La prochaine diapositive que je vais être un rapide rapide de ce qui s&apos; est passé pendant les 25 dernières années 25 ans .
2026-05-14 13:28:52,178 - INFO - joeynmt.training - Epoch   9, Step:    29100, Batch Loss:     1.156657, Batch Acc: 0.668294, Tokens per Sec:     4369, Lr: 0.000300
2026-05-14 13:29:09,435 - INFO - joeynmt.training - Epoch   9, Step:    29200, Batch Loss:     1.200024, Batch Acc: 0.671661, Tokens per Sec:     4278, Lr: 0.000300
2026-05-14 13:29:26,637 - INFO - joeynmt.training - Epoch   9, Step:    29300, Batch Loss:     1.128624, Batch Acc: 0.670367, Tokens per Sec:     4436, Lr: 0.000300
2026-05-14 13:29:43,893 - INFO - joeynmt.training - Epoch   9, Step:    29400, Batch Loss:     1.319424, Batch Acc: 0.670616, Tokens per Sec:     4314, Lr: 0.000300
2026-05-14 13:30:01,595 - INFO - joeynmt.training - Epoch   9, Step:    29500, Batch Loss:     1.194834, Batch Acc: 0.669782, Tokens per Sec:     4268, Lr: 0.000300
2026-05-14 13:30:01,596 - WARNING - joeynmt.helpers - `alpha` option is obsolete. Please use `beam_alpha`, instead.
2026-05-14 13:30:01,596 - INFO - joeynmt.prediction - Predicting 890 example(s)... (Greedy decoding with min_output_length=1, max_output_length=-1, return_prob='none', generate_unk=True, repetition_penalty=-1, no_repeat_ngram_size=-1)
2026-05-14 13:30:41,194 - INFO - joeynmt.prediction - Evaluation result (greedy) loss:   1.68, ppl:   5.36, acc:   0.56, generation: 39.5940[sec], evaluation: 0.0000[sec]
2026-05-14 13:30:41,261 - INFO - joeynmt.helpers - delete models/bpe_8k/28000.ckpt
2026-05-14 13:30:41,263 - INFO - joeynmt.training - Example #0
2026-05-14 13:30:41,263 - DEBUG - joeynmt.training - 	Tokenized source:     ['L@@', 'ast', 'year', 'I', 'showed', 'these', 'two', 'sli@@', 'des', 'so', 'that', 'demonstr@@', 'ate', 'that', 'the', 'ar@@', 'c@@', 'tic', 'ice', 'ca@@', 'p', ',', 'which', 'for', 'most', 'of', 'the', 'last', 'three', 'million', 'years', 'has', 'been', 'the', 'size', 'of', 'the', 'lower', '4@@', '8', 'states', ',', 'has', 'sh@@', 'run@@', 'k', 'by', '40', 'percent', '.']
2026-05-14 13:30:41,263 - DEBUG - joeynmt.training - 	Tokenized reference:  ['L&apos;', 'année', 'dernière', ',', 'je', 'vous', 'ai', 'présent@@', 'é', 'ces', 'deux', 'di@@', 'apos@@', 'iti@@', 'ves', 'qui', 'montr@@', 'aient', 'que', 'la', 'cal@@', 'ot@@', 'te', 'gl@@', 'ac@@', 'ière', 'ar@@', 'c@@', 'tique', ',', 'qui', 'pendant', 'ces', '3', 'derniers', 'millions', 'd&apos;', 'année', 'avait', 'la', 'taille', 'des', 'Etats-Unis', 'sans', 'l&apos;', 'Al@@', 'as@@', 'ka', ',', 'qui', 'pendant', 'ces', '3', 'derniers', 'millions', 'd&apos;', 'année', 'avait', 'la', 'taille', 'des', 'Etats-Unis', 'sans', 'l&apos;', 'Al@@', 'as@@', 'ka', ',', 'avait', 'di@@', 'minu@@', 'é', 'de', '40', '%', '.']
2026-05-14 13:30:41,263 - DEBUG - joeynmt.training - 	Tokenized hypothesis: ['L&apos;', 'année', 'dernière', ',', 'j&apos;', 'ai', 'montré', 'ces', 'deux', 'di@@', 'a@@', 'pos', 'qui', 'dé@@', 'mon@@', 'str@@', 'ation', 'de', 'glace', ',', 'qui', 'depuis', 'la', 'plupart', 'des', 'trois', 'millions', 'd&apos;', 'années', 'a', 'été', 'la', 'taille', 'des', 'trois', 'dernières', 'années', ',', 'a', 'été', 'la', 'taille', 'des', 'ét@@', 'ats', 'plus', 'faible', '4@@', '8', ',', 'a', 'une', 'p@@', 'iste', 'de', '40', '%', '.', '</s>']
2026-05-14 13:30:41,263 - INFO - joeynmt.training - 	Source:     Last year I showed these two slides so that demonstrate that the arctic ice cap , which for most of the last three million years has been the size of the lower 48 states , has shrunk by 40 percent .
2026-05-14 13:30:41,263 - INFO - joeynmt.training - 	Reference:  L&apos; année dernière , je vous ai présenté ces deux diapositives qui montraient que la calotte glacière arctique , qui pendant ces 3 derniers millions d&apos; année avait la taille des Etats-Unis sans l&apos; Alaska , qui pendant ces 3 derniers millions d&apos; année avait la taille des Etats-Unis sans l&apos; Alaska , avait diminué de 40 % .
2026-05-14 13:30:41,263 - INFO - joeynmt.training - 	Hypothesis: L&apos; année dernière , j&apos; ai montré ces deux diapos qui démonstration de glace , qui depuis la plupart des trois millions d&apos; années a été la taille des trois dernières années , a été la taille des états plus faible 48 , a une piste de 40 % .
2026-05-14 13:30:41,263 - INFO - joeynmt.training - Example #1
2026-05-14 13:30:41,263 - DEBUG - joeynmt.training - 	Tokenized source:     ['But', 'this', 'underst@@', 'ates', 'the', 'seri@@', 'ousness', 'of', 'this', 'particular', 'problem', 'because', 'it', 'doesn', '&apos;t', 'show', 'the', 'th@@', 'ick@@', 'ness', 'of', 'the', 'ice', '.']
2026-05-14 13:30:41,264 - DEBUG - joeynmt.training - 	Tokenized reference:  ['Mais', 'ceci', 'tend', 'à', 'a@@', 'mo@@', 'ind@@', 'rir', 'le', 'problème', 'parce', 'qu&apos;', 'on', 'ne', 'voit', 'pas', 'l&apos;', 'ép@@', 'aiss@@', 'eur', 'de', 'la', 'glace', '.']
2026-05-14 13:30:41,264 - DEBUG - joeynmt.training - 	Tokenized hypothesis: ['Mais', 'cela', 'comprend', 'le', 'sérieux', 'de', 'ce', 'problème', 'particulier', 'parce', 'que', 'ça', 'ne', 'montre', 'pas', 'la', 'pou@@', 'let', 'de', 'la', 'glace', '.', '</s>']
2026-05-14 13:30:41,264 - INFO - joeynmt.training - 	Source:     But this understates the seriousness of this particular problem because it doesn &apos;t show the thickness of the ice .
2026-05-14 13:30:41,264 - INFO - joeynmt.training - 	Reference:  Mais ceci tend à amoindrir le problème parce qu&apos; on ne voit pas l&apos; épaisseur de la glace .
2026-05-14 13:30:41,264 - INFO - joeynmt.training - 	Hypothesis: Mais cela comprend le sérieux de ce problème particulier parce que ça ne montre pas la poulet de la glace .
2026-05-14 13:30:41,264 - INFO - joeynmt.training - Example #2
2026-05-14 13:30:41,264 - DEBUG - joeynmt.training - 	Tokenized source:     ['The', 'ar@@', 'c@@', 'tic', 'ice', 'ca@@', 'p', 'is', ',', 'in', 'a', 'sense', ',', 'the', 'be@@', 'ating', 'heart', 'of', 'the', 'global', 'climate', 'system', '.']
2026-05-14 13:30:41,264 - DEBUG - joeynmt.training - 	Tokenized reference:  ['On', 'peut', 'voir', 'la', 'cal@@', 'ot@@', 'te', 'gl@@', 'ac@@', 'ière', 'ar@@', 'c@@', 'tique', 'comme', 'le', 'coeur', 'du', 'système', 'climatique', 'global', '.', 'On', 'peut', 'voir', 'la', 'cal@@', 'ot@@', 'te', 'gl@@', 'ac@@', 'ière', 'ar@@', 'c@@', 'tique', 'comme', 'le', 'coeur', 'du', 'système', 'climatique', 'global', '.']
2026-05-14 13:30:41,264 - DEBUG - joeynmt.training - 	Tokenized hypothesis: ['La', 'glace', 'ar@@', 'c@@', 'tique', 'est', ',', 'dans', 'un', 'sens', ',', 'le', 'cœur', 'qui', 'batt@@', 'ait', 'du', 'système', 'climatique', '.', '</s>']
2026-05-14 13:30:41,264 - INFO - joeynmt.training - 	Source:     The arctic ice cap is , in a sense , the beating heart of the global climate system .
2026-05-14 13:30:41,264 - INFO - joeynmt.training - 	Reference:  On peut voir la calotte glacière arctique comme le coeur du système climatique global . On peut voir la calotte glacière arctique comme le coeur du système climatique global .
2026-05-14 13:30:41,264 - INFO - joeynmt.training - 	Hypothesis: La glace arctique est , dans un sens , le cœur qui battait du système climatique .
2026-05-14 13:30:41,264 - INFO - joeynmt.training - Example #3
2026-05-14 13:30:41,264 - DEBUG - joeynmt.training - 	Tokenized source:     ['It', 'exp@@', 'ands', 'in', 'w@@', 'int@@', 'er', 'and', 'contr@@', 'acts', 'in', 'summer', '.']
2026-05-14 13:30:41,264 - DEBUG - joeynmt.training - 	Tokenized reference:  ['Elle', 's&apos;', 'ét@@', 'end', 'en', 'hi@@', 'ver', 'et', 'se', 'contr@@', 'acte', 'en', 'été', '.']
2026-05-14 13:30:41,264 - DEBUG - joeynmt.training - 	Tokenized hypothesis: ['Elle', 's&apos;', 'ét@@', 'end', 'en', 'hi@@', 'ver', 'et', 'contr@@', 'ats', 'en', 'été', '.', '</s>']
2026-05-14 13:30:41,264 - INFO - joeynmt.training - 	Source:     It expands in winter and contracts in summer .
2026-05-14 13:30:41,264 - INFO - joeynmt.training - 	Reference:  Elle s&apos; étend en hiver et se contracte en été .
2026-05-14 13:30:41,264 - INFO - joeynmt.training - 	Hypothesis: Elle s&apos; étend en hiver et contrats en été .
2026-05-14 13:30:41,264 - INFO - joeynmt.training - Example #4
2026-05-14 13:30:41,264 - DEBUG - joeynmt.training - 	Tokenized source:     ['The', 'next', 'slide', 'I', 'show', 'you', 'will', 'be', 'a', 'rap@@', 'id', 'fas@@', 't-@@', 'forward', 'of', 'what', '&apos;s', 'happened', 'over', 'the', 'last', '25', 'years', '.']
2026-05-14 13:30:41,264 - DEBUG - joeynmt.training - 	Tokenized reference:  ['La', 'prochaine', 'di@@', 'apos@@', 'itive', 'que', 'je', 'vais', 'vous', 'montrer', 'est', 'une', 'vue', 'en', 'accél@@', 'éré', 'de', 'ce', 'qui', 's&apos;', 'est', 'passé', 'ces', '25', 'dernières', 'années', '.']
2026-05-14 13:30:41,264 - DEBUG - joeynmt.training - 	Tokenized hypothesis: ['La', 'di@@', 'ap@@', 'o', 'suivante', 'que', 'vous', 'ser@@', 'ez', 'un', 'rapide', 'rapide', 'de', 'ce', 'qui', 'est', 'arrivé', 'pendant', 'les', '25', 'dernières', 'années', '.', '</s>']
2026-05-14 13:30:41,264 - INFO - joeynmt.training - 	Source:     The next slide I show you will be a rapid fast-forward of what &apos;s happened over the last 25 years .
2026-05-14 13:30:41,264 - INFO - joeynmt.training - 	Reference:  La prochaine diapositive que je vais vous montrer est une vue en accéléré de ce qui s&apos; est passé ces 25 dernières années .
2026-05-14 13:30:41,264 - INFO - joeynmt.training - 	Hypothesis: La diapo suivante que vous serez un rapide rapide de ce qui est arrivé pendant les 25 dernières années .
2026-05-14 13:30:57,781 - INFO - joeynmt.training - Epoch   9, Step:    29600, Batch Loss:     1.084022, Batch Acc: 0.667425, Tokens per Sec:     4610, Lr: 0.000300
2026-05-14 13:31:14,884 - INFO - joeynmt.training - Epoch   9, Step:    29700, Batch Loss:     1.140471, Batch Acc: 0.666303, Tokens per Sec:     4451, Lr: 0.000300
2026-05-14 13:31:31,844 - INFO - joeynmt.training - Epoch   9, Step:    29800, Batch Loss:     1.232389, Batch Acc: 0.666105, Tokens per Sec:     4302, Lr: 0.000300
2026-05-14 13:31:48,690 - INFO - joeynmt.training - Epoch   9, Step:    29900, Batch Loss:     1.196618, Batch Acc: 0.662844, Tokens per Sec:     4519, Lr: 0.000300
2026-05-14 13:32:05,552 - INFO - joeynmt.training - Epoch   9, Step:    30000, Batch Loss:     1.300384, Batch Acc: 0.664615, Tokens per Sec:     4364, Lr: 0.000300
2026-05-14 13:32:05,552 - WARNING - joeynmt.helpers - `alpha` option is obsolete. Please use `beam_alpha`, instead.
2026-05-14 13:32:05,552 - INFO - joeynmt.prediction - Predicting 890 example(s)... (Greedy decoding with min_output_length=1, max_output_length=-1, return_prob='none', generate_unk=True, repetition_penalty=-1, no_repeat_ngram_size=-1)
2026-05-14 13:32:46,558 - INFO - joeynmt.prediction - Evaluation result (greedy) loss:   1.68, ppl:   5.36, acc:   0.55, generation: 41.0012[sec], evaluation: 0.0000[sec]
2026-05-14 13:32:46,559 - INFO - joeynmt.training - Example #0
2026-05-14 13:32:46,559 - DEBUG - joeynmt.training - 	Tokenized source:     ['L@@', 'ast', 'year', 'I', 'showed', 'these', 'two', 'sli@@', 'des', 'so', 'that', 'demonstr@@', 'ate', 'that', 'the', 'ar@@', 'c@@', 'tic', 'ice', 'ca@@', 'p', ',', 'which', 'for', 'most', 'of', 'the', 'last', 'three', 'million', 'years', 'has', 'been', 'the', 'size', 'of', 'the', 'lower', '4@@', '8', 'states', ',', 'has', 'sh@@', 'run@@', 'k', 'by', '40', 'percent', '.']
2026-05-14 13:32:46,559 - DEBUG - joeynmt.training - 	Tokenized reference:  ['L&apos;', 'année', 'dernière', ',', 'je', 'vous', 'ai', 'présent@@', 'é', 'ces', 'deux', 'di@@', 'apos@@', 'iti@@', 'ves', 'qui', 'montr@@', 'aient', 'que', 'la', 'cal@@', 'ot@@', 'te', 'gl@@', 'ac@@', 'ière', 'ar@@', 'c@@', 'tique', ',', 'qui', 'pendant', 'ces', '3', 'derniers', 'millions', 'd&apos;', 'année', 'avait', 'la', 'taille', 'des', 'Etats-Unis', 'sans', 'l&apos;', 'Al@@', 'as@@', 'ka', ',', 'qui', 'pendant', 'ces', '3', 'derniers', 'millions', 'd&apos;', 'année', 'avait', 'la', 'taille', 'des', 'Etats-Unis', 'sans', 'l&apos;', 'Al@@', 'as@@', 'ka', ',', 'avait', 'di@@', 'minu@@', 'é', 'de', '40', '%', '.']
2026-05-14 13:32:46,559 - DEBUG - joeynmt.training - 	Tokenized hypothesis: ['L&apos;', 'année', 'dernière', ',', 'j&apos;', 'ai', 'montré', 'ces', 'deux', 'di@@', 'a@@', 'pos', 'pour', 'cette', 'dé@@', 'mon@@', 'str@@', 'ation', 'que', 'la', 'glace', 'ar@@', 'c@@', 'tique', ',', 'qui', 'depuis', 'la', 'plupart', 'des', 'trois', 'millions', 'd&apos;', 'années', 'a', 'été', 'la', 'taille', 'de', '4@@', '8', 'ét@@', 'ats', ',', 'a', 'une', 'taille', 'de', '4@@', '8', 'ét@@', 'ats', ',', 'a', 'une', 'p@@', 'iste', 'de', '40', '%', '.', '</s>']
2026-05-14 13:32:46,559 - INFO - joeynmt.training - 	Source:     Last year I showed these two slides so that demonstrate that the arctic ice cap , which for most of the last three million years has been the size of the lower 48 states , has shrunk by 40 percent .
2026-05-14 13:32:46,559 - INFO - joeynmt.training - 	Reference:  L&apos; année dernière , je vous ai présenté ces deux diapositives qui montraient que la calotte glacière arctique , qui pendant ces 3 derniers millions d&apos; année avait la taille des Etats-Unis sans l&apos; Alaska , qui pendant ces 3 derniers millions d&apos; année avait la taille des Etats-Unis sans l&apos; Alaska , avait diminué de 40 % .
2026-05-14 13:32:46,559 - INFO - joeynmt.training - 	Hypothesis: L&apos; année dernière , j&apos; ai montré ces deux diapos pour cette démonstration que la glace arctique , qui depuis la plupart des trois millions d&apos; années a été la taille de 48 états , a une taille de 48 états , a une piste de 40 % .
2026-05-14 13:32:46,559 - INFO - joeynmt.training - Example #1
2026-05-14 13:32:46,559 - DEBUG - joeynmt.training - 	Tokenized source:     ['But', 'this', 'underst@@', 'ates', 'the', 'seri@@', 'ousness', 'of', 'this', 'particular', 'problem', 'because', 'it', 'doesn', '&apos;t', 'show', 'the', 'th@@', 'ick@@', 'ness', 'of', 'the', 'ice', '.']
2026-05-14 13:32:46,559 - DEBUG - joeynmt.training - 	Tokenized reference:  ['Mais', 'ceci', 'tend', 'à', 'a@@', 'mo@@', 'ind@@', 'rir', 'le', 'problème', 'parce', 'qu&apos;', 'on', 'ne', 'voit', 'pas', 'l&apos;', 'ép@@', 'aiss@@', 'eur', 'de', 'la', 'glace', '.']
2026-05-14 13:32:46,559 - DEBUG - joeynmt.training - 	Tokenized hypothesis: ['Mais', 'cela', 'comprend', 'le', 'sérieux', 'de', 'ce', 'problème', 'particulier', 'parce', 'qu&apos;', 'il', 'ne', 'montre', 'pas', 'la', 'pou@@', 'sse', 'de', 'la', 'glace', '.', '</s>']
2026-05-14 13:32:46,559 - INFO - joeynmt.training - 	Source:     But this understates the seriousness of this particular problem because it doesn &apos;t show the thickness of the ice .
2026-05-14 13:32:46,559 - INFO - joeynmt.training - 	Reference:  Mais ceci tend à amoindrir le problème parce qu&apos; on ne voit pas l&apos; épaisseur de la glace .
2026-05-14 13:32:46,559 - INFO - joeynmt.training - 	Hypothesis: Mais cela comprend le sérieux de ce problème particulier parce qu&apos; il ne montre pas la pousse de la glace .
2026-05-14 13:32:46,559 - INFO - joeynmt.training - Example #2
2026-05-14 13:32:46,559 - DEBUG - joeynmt.training - 	Tokenized source:     ['The', 'ar@@', 'c@@', 'tic', 'ice', 'ca@@', 'p', 'is', ',', 'in', 'a', 'sense', ',', 'the', 'be@@', 'ating', 'heart', 'of', 'the', 'global', 'climate', 'system', '.']
2026-05-14 13:32:46,559 - DEBUG - joeynmt.training - 	Tokenized reference:  ['On', 'peut', 'voir', 'la', 'cal@@', 'ot@@', 'te', 'gl@@', 'ac@@', 'ière', 'ar@@', 'c@@', 'tique', 'comme', 'le', 'coeur', 'du', 'système', 'climatique', 'global', '.', 'On', 'peut', 'voir', 'la', 'cal@@', 'ot@@', 'te', 'gl@@', 'ac@@', 'ière', 'ar@@', 'c@@', 'tique', 'comme', 'le', 'coeur', 'du', 'système', 'climatique', 'global', '.']
2026-05-14 13:32:46,559 - DEBUG - joeynmt.training - 	Tokenized hypothesis: ['La', 'glace', 'ar@@', 'c@@', 'tique', 'est', ',', 'dans', 'un', 'sens', ',', 'le', 'cœur', 'qui', 'batt@@', 'ent', 'du', 'système', 'climatique', '.', '</s>']
2026-05-14 13:32:46,559 - INFO - joeynmt.training - 	Source:     The arctic ice cap is , in a sense , the beating heart of the global climate system .
2026-05-14 13:32:46,560 - INFO - joeynmt.training - 	Reference:  On peut voir la calotte glacière arctique comme le coeur du système climatique global . On peut voir la calotte glacière arctique comme le coeur du système climatique global .
2026-05-14 13:32:46,560 - INFO - joeynmt.training - 	Hypothesis: La glace arctique est , dans un sens , le cœur qui battent du système climatique .
2026-05-14 13:32:46,560 - INFO - joeynmt.training - Example #3
2026-05-14 13:32:46,560 - DEBUG - joeynmt.training - 	Tokenized source:     ['It', 'exp@@', 'ands', 'in', 'w@@', 'int@@', 'er', 'and', 'contr@@', 'acts', 'in', 'summer', '.']
2026-05-14 13:32:46,560 - DEBUG - joeynmt.training - 	Tokenized reference:  ['Elle', 's&apos;', 'ét@@', 'end', 'en', 'hi@@', 'ver', 'et', 'se', 'contr@@', 'acte', 'en', 'été', '.']
2026-05-14 13:32:46,560 - DEBUG - joeynmt.training - 	Tokenized hypothesis: ['Elle', 's&apos;', 'ét@@', 'end', 'en', 'hi@@', 'ver', 'et', 'contr@@', 'ats', 'en', 'été', '.', '</s>']
2026-05-14 13:32:46,560 - INFO - joeynmt.training - 	Source:     It expands in winter and contracts in summer .
2026-05-14 13:32:46,560 - INFO - joeynmt.training - 	Reference:  Elle s&apos; étend en hiver et se contracte en été .
2026-05-14 13:32:46,560 - INFO - joeynmt.training - 	Hypothesis: Elle s&apos; étend en hiver et contrats en été .
2026-05-14 13:32:46,560 - INFO - joeynmt.training - Example #4
2026-05-14 13:32:46,560 - DEBUG - joeynmt.training - 	Tokenized source:     ['The', 'next', 'slide', 'I', 'show', 'you', 'will', 'be', 'a', 'rap@@', 'id', 'fas@@', 't-@@', 'forward', 'of', 'what', '&apos;s', 'happened', 'over', 'the', 'last', '25', 'years', '.']
2026-05-14 13:32:46,560 - DEBUG - joeynmt.training - 	Tokenized reference:  ['La', 'prochaine', 'di@@', 'apos@@', 'itive', 'que', 'je', 'vais', 'vous', 'montrer', 'est', 'une', 'vue', 'en', 'accél@@', 'éré', 'de', 'ce', 'qui', 's&apos;', 'est', 'passé', 'ces', '25', 'dernières', 'années', '.']
2026-05-14 13:32:46,560 - DEBUG - joeynmt.training - 	Tokenized hypothesis: ['La', 'prochaine', 'di@@', 'apos@@', 'itive', 'que', 'je', 'vais', 'vous', 'ser@@', 'ez', 'un', 'rapide', 'rapide', 'de', 'ce', 'qui', 'est', 'arrivé', 'au', 'cours', 'des', '25', 'dernières', 'années', '.', '</s>']
2026-05-14 13:32:46,560 - INFO - joeynmt.training - 	Source:     The next slide I show you will be a rapid fast-forward of what &apos;s happened over the last 25 years .
2026-05-14 13:32:46,560 - INFO - joeynmt.training - 	Reference:  La prochaine diapositive que je vais vous montrer est une vue en accéléré de ce qui s&apos; est passé ces 25 dernières années .
2026-05-14 13:32:46,560 - INFO - joeynmt.training - 	Hypothesis: La prochaine diapositive que je vais vous serez un rapide rapide de ce qui est arrivé au cours des 25 dernières années .
2026-05-14 13:33:04,662 - INFO - joeynmt.training - Epoch   9, Step:    30100, Batch Loss:     1.384511, Batch Acc: 0.662623, Tokens per Sec:     4176, Lr: 0.000300
2026-05-14 13:33:22,301 - INFO - joeynmt.training - Epoch   9, Step:    30200, Batch Loss:     1.090047, Batch Acc: 0.661503, Tokens per Sec:     4231, Lr: 0.000300
2026-05-14 13:33:40,043 - INFO - joeynmt.training - Epoch   9, Step:    30300, Batch Loss:     1.281962, Batch Acc: 0.662281, Tokens per Sec:     4366, Lr: 0.000300
2026-05-14 13:33:56,936 - INFO - joeynmt.training - Epoch   9, Step:    30400, Batch Loss:     1.286602, Batch Acc: 0.658470, Tokens per Sec:     4398, Lr: 0.000300
2026-05-14 13:34:14,178 - INFO - joeynmt.training - Epoch   9, Step:    30500, Batch Loss:     1.055798, Batch Acc: 0.665219, Tokens per Sec:     4313, Lr: 0.000300
2026-05-14 13:34:14,178 - WARNING - joeynmt.helpers - `alpha` option is obsolete. Please use `beam_alpha`, instead.
2026-05-14 13:34:14,178 - INFO - joeynmt.prediction - Predicting 890 example(s)... (Greedy decoding with min_output_length=1, max_output_length=-1, return_prob='none', generate_unk=True, repetition_penalty=-1, no_repeat_ngram_size=-1)
2026-05-14 13:34:50,541 - INFO - joeynmt.prediction - Evaluation result (greedy) loss:   1.68, ppl:   5.37, acc:   0.55, generation: 36.3584[sec], evaluation: 0.0000[sec]
2026-05-14 13:34:50,543 - INFO - joeynmt.training - Example #0
2026-05-14 13:34:50,543 - DEBUG - joeynmt.training - 	Tokenized source:     ['L@@', 'ast', 'year', 'I', 'showed', 'these', 'two', 'sli@@', 'des', 'so', 'that', 'demonstr@@', 'ate', 'that', 'the', 'ar@@', 'c@@', 'tic', 'ice', 'ca@@', 'p', ',', 'which', 'for', 'most', 'of', 'the', 'last', 'three', 'million', 'years', 'has', 'been', 'the', 'size', 'of', 'the', 'lower', '4@@', '8', 'states', ',', 'has', 'sh@@', 'run@@', 'k', 'by', '40', 'percent', '.']
2026-05-14 13:34:50,543 - DEBUG - joeynmt.training - 	Tokenized reference:  ['L&apos;', 'année', 'dernière', ',', 'je', 'vous', 'ai', 'présent@@', 'é', 'ces', 'deux', 'di@@', 'apos@@', 'iti@@', 'ves', 'qui', 'montr@@', 'aient', 'que', 'la', 'cal@@', 'ot@@', 'te', 'gl@@', 'ac@@', 'ière', 'ar@@', 'c@@', 'tique', ',', 'qui', 'pendant', 'ces', '3', 'derniers', 'millions', 'd&apos;', 'année', 'avait', 'la', 'taille', 'des', 'Etats-Unis', 'sans', 'l&apos;', 'Al@@', 'as@@', 'ka', ',', 'qui', 'pendant', 'ces', '3', 'derniers', 'millions', 'd&apos;', 'année', 'avait', 'la', 'taille', 'des', 'Etats-Unis', 'sans', 'l&apos;', 'Al@@', 'as@@', 'ka', ',', 'avait', 'di@@', 'minu@@', 'é', 'de', '40', '%', '.']
2026-05-14 13:34:50,543 - DEBUG - joeynmt.training - 	Tokenized hypothesis: ['L&apos;', 'année', 'dernière', ',', 'j&apos;', 'ai', 'montré', 'ces', 'deux', 'di@@', 'a@@', 'des', 'pour', 'pour', 'cent', 'de', 'la', 'glace', 'ar@@', 'c@@', 'tique', ',', 'qui', 'depuis', 'la', 'plupart', 'des', 'trois', 'millions', 'd&apos;', 'années', 'a', 'été', 'la', 'taille', 'de', 'l&apos;', 'ét@@', 'ats', 'inf@@', 'éri@@', 'eurs', ',', '4@@', '8', 'ét@@', 'ats', ',', 'a', 'une', 'ép@@', 'au@@', 'les', 'de', '40', '%', '.', '</s>']
2026-05-14 13:34:50,543 - INFO - joeynmt.training - 	Source:     Last year I showed these two slides so that demonstrate that the arctic ice cap , which for most of the last three million years has been the size of the lower 48 states , has shrunk by 40 percent .
2026-05-14 13:34:50,543 - INFO - joeynmt.training - 	Reference:  L&apos; année dernière , je vous ai présenté ces deux diapositives qui montraient que la calotte glacière arctique , qui pendant ces 3 derniers millions d&apos; année avait la taille des Etats-Unis sans l&apos; Alaska , qui pendant ces 3 derniers millions d&apos; année avait la taille des Etats-Unis sans l&apos; Alaska , avait diminué de 40 % .
2026-05-14 13:34:50,543 - INFO - joeynmt.training - 	Hypothesis: L&apos; année dernière , j&apos; ai montré ces deux diades pour pour cent de la glace arctique , qui depuis la plupart des trois millions d&apos; années a été la taille de l&apos; états inférieurs , 48 états , a une épaules de 40 % .
2026-05-14 13:34:50,543 - INFO - joeynmt.training - Example #1
2026-05-14 13:34:50,543 - DEBUG - joeynmt.training - 	Tokenized source:     ['But', 'this', 'underst@@', 'ates', 'the', 'seri@@', 'ousness', 'of', 'this', 'particular', 'problem', 'because', 'it', 'doesn', '&apos;t', 'show', 'the', 'th@@', 'ick@@', 'ness', 'of', 'the', 'ice', '.']
2026-05-14 13:34:50,543 - DEBUG - joeynmt.training - 	Tokenized reference:  ['Mais', 'ceci', 'tend', 'à', 'a@@', 'mo@@', 'ind@@', 'rir', 'le', 'problème', 'parce', 'qu&apos;', 'on', 'ne', 'voit', 'pas', 'l&apos;', 'ép@@', 'aiss@@', 'eur', 'de', 'la', 'glace', '.']
2026-05-14 13:34:50,543 - DEBUG - joeynmt.training - 	Tokenized hypothesis: ['Mais', 'cette', 'compréhension', 'du', 'sérieux', 'de', 'ce', 'problème', ',', 'parce', 'qu&apos;', 'elle', 'ne', 'montre', 'pas', 'la', 'pou@@', 't@@', 'euse', 'de', 'la', 'glace', '.', '</s>']
2026-05-14 13:34:50,544 - INFO - joeynmt.training - 	Source:     But this understates the seriousness of this particular problem because it doesn &apos;t show the thickness of the ice .
2026-05-14 13:34:50,544 - INFO - joeynmt.training - 	Reference:  Mais ceci tend à amoindrir le problème parce qu&apos; on ne voit pas l&apos; épaisseur de la glace .
2026-05-14 13:34:50,544 - INFO - joeynmt.training - 	Hypothesis: Mais cette compréhension du sérieux de ce problème , parce qu&apos; elle ne montre pas la pouteuse de la glace .
2026-05-14 13:34:50,544 - INFO - joeynmt.training - Example #2
2026-05-14 13:34:50,544 - DEBUG - joeynmt.training - 	Tokenized source:     ['The', 'ar@@', 'c@@', 'tic', 'ice', 'ca@@', 'p', 'is', ',', 'in', 'a', 'sense', ',', 'the', 'be@@', 'ating', 'heart', 'of', 'the', 'global', 'climate', 'system', '.']
2026-05-14 13:34:50,544 - DEBUG - joeynmt.training - 	Tokenized reference:  ['On', 'peut', 'voir', 'la', 'cal@@', 'ot@@', 'te', 'gl@@', 'ac@@', 'ière', 'ar@@', 'c@@', 'tique', 'comme', 'le', 'coeur', 'du', 'système', 'climatique', 'global', '.', 'On', 'peut', 'voir', 'la', 'cal@@', 'ot@@', 'te', 'gl@@', 'ac@@', 'ière', 'ar@@', 'c@@', 'tique', 'comme', 'le', 'coeur', 'du', 'système', 'climatique', 'global', '.']
2026-05-14 13:34:50,544 - DEBUG - joeynmt.training - 	Tokenized hypothesis: ['La', 'glace', 'ar@@', 'c@@', 'tique', 'est', ',', 'dans', 'un', 'sens', ',', 'le', 'coeur', 'de', 'la', 'porte', 'du', 'système', 'climatique', 'climatique', '.', '</s>']
2026-05-14 13:34:50,544 - INFO - joeynmt.training - 	Source:     The arctic ice cap is , in a sense , the beating heart of the global climate system .
2026-05-14 13:34:50,544 - INFO - joeynmt.training - 	Reference:  On peut voir la calotte glacière arctique comme le coeur du système climatique global . On peut voir la calotte glacière arctique comme le coeur du système climatique global .
2026-05-14 13:34:50,544 - INFO - joeynmt.training - 	Hypothesis: La glace arctique est , dans un sens , le coeur de la porte du système climatique climatique .
2026-05-14 13:34:50,544 - INFO - joeynmt.training - Example #3
2026-05-14 13:34:50,544 - DEBUG - joeynmt.training - 	Tokenized source:     ['It', 'exp@@', 'ands', 'in', 'w@@', 'int@@', 'er', 'and', 'contr@@', 'acts', 'in', 'summer', '.']
2026-05-14 13:34:50,544 - DEBUG - joeynmt.training - 	Tokenized reference:  ['Elle', 's&apos;', 'ét@@', 'end', 'en', 'hi@@', 'ver', 'et', 'se', 'contr@@', 'acte', 'en', 'été', '.']
2026-05-14 13:34:50,544 - DEBUG - joeynmt.training - 	Tokenized hypothesis: ['Elle', 's&apos;', 'ét@@', 'end', 'à', 'l&apos;', 'hi@@', 'ver', 'et', 'contr@@', 'airement', 'à', 'l&apos;', 'été', '.', '</s>']
2026-05-14 13:34:50,544 - INFO - joeynmt.training - 	Source:     It expands in winter and contracts in summer .
2026-05-14 13:34:50,544 - INFO - joeynmt.training - 	Reference:  Elle s&apos; étend en hiver et se contracte en été .
2026-05-14 13:34:50,544 - INFO - joeynmt.training - 	Hypothesis: Elle s&apos; étend à l&apos; hiver et contrairement à l&apos; été .
2026-05-14 13:34:50,544 - INFO - joeynmt.training - Example #4
2026-05-14 13:34:50,544 - DEBUG - joeynmt.training - 	Tokenized source:     ['The', 'next', 'slide', 'I', 'show', 'you', 'will', 'be', 'a', 'rap@@', 'id', 'fas@@', 't-@@', 'forward', 'of', 'what', '&apos;s', 'happened', 'over', 'the', 'last', '25', 'years', '.']
2026-05-14 13:34:50,544 - DEBUG - joeynmt.training - 	Tokenized reference:  ['La', 'prochaine', 'di@@', 'apos@@', 'itive', 'que', 'je', 'vais', 'vous', 'montrer', 'est', 'une', 'vue', 'en', 'accél@@', 'éré', 'de', 'ce', 'qui', 's&apos;', 'est', 'passé', 'ces', '25', 'dernières', 'années', '.']
2026-05-14 13:34:50,544 - DEBUG - joeynmt.training - 	Tokenized hypothesis: ['La', 'prochaine', 'di@@', 'ap@@', 'o', 'que', 'je', 'vous', 'ser@@', 'ez', 'un', 'rapide', 'rapide', 'rapide', 'de', 'ce', 'qui', 'est', 'arrivé', 'au', 'cours', 'des', '25', 'dernières', 'années', '.', '</s>']
2026-05-14 13:34:50,544 - INFO - joeynmt.training - 	Source:     The next slide I show you will be a rapid fast-forward of what &apos;s happened over the last 25 years .
2026-05-14 13:34:50,544 - INFO - joeynmt.training - 	Reference:  La prochaine diapositive que je vais vous montrer est une vue en accéléré de ce qui s&apos; est passé ces 25 dernières années .
2026-05-14 13:34:50,544 - INFO - joeynmt.training - 	Hypothesis: La prochaine diapo que je vous serez un rapide rapide rapide de ce qui est arrivé au cours des 25 dernières années .
2026-05-14 13:35:07,461 - INFO - joeynmt.training - Epoch   9, Step:    30600, Batch Loss:     1.209347, Batch Acc: 0.660053, Tokens per Sec:     4412, Lr: 0.000300
2026-05-14 13:35:24,407 - INFO - joeynmt.training - Epoch   9, Step:    30700, Batch Loss:     1.192579, Batch Acc: 0.657364, Tokens per Sec:     4487, Lr: 0.000300
2026-05-14 13:35:41,531 - INFO - joeynmt.training - Epoch   9, Step:    30800, Batch Loss:     1.314738, Batch Acc: 0.652477, Tokens per Sec:     4401, Lr: 0.000300
2026-05-14 13:35:59,196 - INFO - joeynmt.training - Epoch   9, Step:    30900, Batch Loss:     1.158166, Batch Acc: 0.657799, Tokens per Sec:     4356, Lr: 0.000300
2026-05-14 13:36:16,949 - INFO - joeynmt.training - Epoch   9, Step:    31000, Batch Loss:     1.204434, Batch Acc: 0.657416, Tokens per Sec:     4291, Lr: 0.000300
2026-05-14 13:36:16,950 - WARNING - joeynmt.helpers - `alpha` option is obsolete. Please use `beam_alpha`, instead.
2026-05-14 13:36:16,950 - INFO - joeynmt.prediction - Predicting 890 example(s)... (Greedy decoding with min_output_length=1, max_output_length=-1, return_prob='none', generate_unk=True, repetition_penalty=-1, no_repeat_ngram_size=-1)
2026-05-14 13:36:58,748 - INFO - joeynmt.prediction - Evaluation result (greedy) loss:   1.67, ppl:   5.32, acc:   0.56, generation: 41.7941[sec], evaluation: 0.0000[sec]
2026-05-14 13:36:58,815 - INFO - joeynmt.helpers - delete models/bpe_8k/27500.ckpt
2026-05-14 13:36:58,816 - INFO - joeynmt.training - Example #0
2026-05-14 13:36:58,816 - DEBUG - joeynmt.training - 	Tokenized source:     ['L@@', 'ast', 'year', 'I', 'showed', 'these', 'two', 'sli@@', 'des', 'so', 'that', 'demonstr@@', 'ate', 'that', 'the', 'ar@@', 'c@@', 'tic', 'ice', 'ca@@', 'p', ',', 'which', 'for', 'most', 'of', 'the', 'last', 'three', 'million', 'years', 'has', 'been', 'the', 'size', 'of', 'the', 'lower', '4@@', '8', 'states', ',', 'has', 'sh@@', 'run@@', 'k', 'by', '40', 'percent', '.']
2026-05-14 13:36:58,816 - DEBUG - joeynmt.training - 	Tokenized reference:  ['L&apos;', 'année', 'dernière', ',', 'je', 'vous', 'ai', 'présent@@', 'é', 'ces', 'deux', 'di@@', 'apos@@', 'iti@@', 'ves', 'qui', 'montr@@', 'aient', 'que', 'la', 'cal@@', 'ot@@', 'te', 'gl@@', 'ac@@', 'ière', 'ar@@', 'c@@', 'tique', ',', 'qui', 'pendant', 'ces', '3', 'derniers', 'millions', 'd&apos;', 'année', 'avait', 'la', 'taille', 'des', 'Etats-Unis', 'sans', 'l&apos;', 'Al@@', 'as@@', 'ka', ',', 'qui', 'pendant', 'ces', '3', 'derniers', 'millions', 'd&apos;', 'année', 'avait', 'la', 'taille', 'des', 'Etats-Unis', 'sans', 'l&apos;', 'Al@@', 'as@@', 'ka', ',', 'avait', 'di@@', 'minu@@', 'é', 'de', '40', '%', '.']
2026-05-14 13:36:58,816 - DEBUG - joeynmt.training - 	Tokenized hypothesis: ['L&apos;', 'année', 'dernière', ',', 'j&apos;', 'ai', 'montré', 'ces', 'deux', 'di@@', 'apos@@', 'iti@@', 'ves', 'pour', 'cent', 'de', 'la', 'glace', 'ar@@', 'c@@', 'tique', ',', 'qui', 'depuis', 'la', 'plupart', 'des', 'trois', 'millions', 'd&apos;', 'années', 'a', 'été', 'la', 'taille', 'du', 'bas', 'de', '4@@', '8', ',', 'a', 'été', 'la', 'taille', 'des', 'ét@@', 'ats', 'plus', 'bas', '4@@', '8', ',', 'a', 'un', 'p@@', 'au@@', 're', 'de', '40', 'pour', 'cent', '.', '</s>']
2026-05-14 13:36:58,816 - INFO - joeynmt.training - 	Source:     Last year I showed these two slides so that demonstrate that the arctic ice cap , which for most of the last three million years has been the size of the lower 48 states , has shrunk by 40 percent .
2026-05-14 13:36:58,816 - INFO - joeynmt.training - 	Reference:  L&apos; année dernière , je vous ai présenté ces deux diapositives qui montraient que la calotte glacière arctique , qui pendant ces 3 derniers millions d&apos; année avait la taille des Etats-Unis sans l&apos; Alaska , qui pendant ces 3 derniers millions d&apos; année avait la taille des Etats-Unis sans l&apos; Alaska , avait diminué de 40 % .
2026-05-14 13:36:58,816 - INFO - joeynmt.training - 	Hypothesis: L&apos; année dernière , j&apos; ai montré ces deux diapositives pour cent de la glace arctique , qui depuis la plupart des trois millions d&apos; années a été la taille du bas de 48 , a été la taille des états plus bas 48 , a un paure de 40 pour cent .
2026-05-14 13:36:58,816 - INFO - joeynmt.training - Example #1
2026-05-14 13:36:58,816 - DEBUG - joeynmt.training - 	Tokenized source:     ['But', 'this', 'underst@@', 'ates', 'the', 'seri@@', 'ousness', 'of', 'this', 'particular', 'problem', 'because', 'it', 'doesn', '&apos;t', 'show', 'the', 'th@@', 'ick@@', 'ness', 'of', 'the', 'ice', '.']
2026-05-14 13:36:58,816 - DEBUG - joeynmt.training - 	Tokenized reference:  ['Mais', 'ceci', 'tend', 'à', 'a@@', 'mo@@', 'ind@@', 'rir', 'le', 'problème', 'parce', 'qu&apos;', 'on', 'ne', 'voit', 'pas', 'l&apos;', 'ép@@', 'aiss@@', 'eur', 'de', 'la', 'glace', '.']
2026-05-14 13:36:58,816 - DEBUG - joeynmt.training - 	Tokenized hypothesis: ['Mais', 'cela', 'comprend', 'le', 'sérieux', 'de', 'ce', 'problème', 'particulier', 'parce', 'qu&apos;', 'il', 'ne', 'montre', 'pas', 'la', 'pou@@', 'sse', 'de', 'la', 'glace', '.', '</s>']
2026-05-14 13:36:58,816 - INFO - joeynmt.training - 	Source:     But this understates the seriousness of this particular problem because it doesn &apos;t show the thickness of the ice .
2026-05-14 13:36:58,816 - INFO - joeynmt.training - 	Reference:  Mais ceci tend à amoindrir le problème parce qu&apos; on ne voit pas l&apos; épaisseur de la glace .
2026-05-14 13:36:58,816 - INFO - joeynmt.training - 	Hypothesis: Mais cela comprend le sérieux de ce problème particulier parce qu&apos; il ne montre pas la pousse de la glace .
2026-05-14 13:36:58,816 - INFO - joeynmt.training - Example #2
2026-05-14 13:36:58,816 - DEBUG - joeynmt.training - 	Tokenized source:     ['The', 'ar@@', 'c@@', 'tic', 'ice', 'ca@@', 'p', 'is', ',', 'in', 'a', 'sense', ',', 'the', 'be@@', 'ating', 'heart', 'of', 'the', 'global', 'climate', 'system', '.']
2026-05-14 13:36:58,816 - DEBUG - joeynmt.training - 	Tokenized reference:  ['On', 'peut', 'voir', 'la', 'cal@@', 'ot@@', 'te', 'gl@@', 'ac@@', 'ière', 'ar@@', 'c@@', 'tique', 'comme', 'le', 'coeur', 'du', 'système', 'climatique', 'global', '.', 'On', 'peut', 'voir', 'la', 'cal@@', 'ot@@', 'te', 'gl@@', 'ac@@', 'ière', 'ar@@', 'c@@', 'tique', 'comme', 'le', 'coeur', 'du', 'système', 'climatique', 'global', '.']
2026-05-14 13:36:58,816 - DEBUG - joeynmt.training - 	Tokenized hypothesis: ['La', 'glace', 'ar@@', 'c@@', 'tique', 'est', ',', 'dans', 'un', 'sens', ',', 'le', 'cœur', 'du', 'système', 'climatique', 'global', '.', '</s>']
2026-05-14 13:36:58,816 - INFO - joeynmt.training - 	Source:     The arctic ice cap is , in a sense , the beating heart of the global climate system .
2026-05-14 13:36:58,816 - INFO - joeynmt.training - 	Reference:  On peut voir la calotte glacière arctique comme le coeur du système climatique global . On peut voir la calotte glacière arctique comme le coeur du système climatique global .
2026-05-14 13:36:58,816 - INFO - joeynmt.training - 	Hypothesis: La glace arctique est , dans un sens , le cœur du système climatique global .
2026-05-14 13:36:58,817 - INFO - joeynmt.training - Example #3
2026-05-14 13:36:58,817 - DEBUG - joeynmt.training - 	Tokenized source:     ['It', 'exp@@', 'ands', 'in', 'w@@', 'int@@', 'er', 'and', 'contr@@', 'acts', 'in', 'summer', '.']
2026-05-14 13:36:58,817 - DEBUG - joeynmt.training - 	Tokenized reference:  ['Elle', 's&apos;', 'ét@@', 'end', 'en', 'hi@@', 'ver', 'et', 'se', 'contr@@', 'acte', 'en', 'été', '.']
2026-05-14 13:36:58,817 - DEBUG - joeynmt.training - 	Tokenized hypothesis: ['Elle', 's&apos;', 'ét@@', 'end', 'en', 'hi@@', 'ver', 'et', 'contr@@', 'at', 'en', 'été', 'en', 'été', '.', '</s>']
2026-05-14 13:36:58,817 - INFO - joeynmt.training - 	Source:     It expands in winter and contracts in summer .
2026-05-14 13:36:58,817 - INFO - joeynmt.training - 	Reference:  Elle s&apos; étend en hiver et se contracte en été .
2026-05-14 13:36:58,817 - INFO - joeynmt.training - 	Hypothesis: Elle s&apos; étend en hiver et contrat en été en été .
2026-05-14 13:36:58,817 - INFO - joeynmt.training - Example #4
2026-05-14 13:36:58,817 - DEBUG - joeynmt.training - 	Tokenized source:     ['The', 'next', 'slide', 'I', 'show', 'you', 'will', 'be', 'a', 'rap@@', 'id', 'fas@@', 't-@@', 'forward', 'of', 'what', '&apos;s', 'happened', 'over', 'the', 'last', '25', 'years', '.']
2026-05-14 13:36:58,817 - DEBUG - joeynmt.training - 	Tokenized reference:  ['La', 'prochaine', 'di@@', 'apos@@', 'itive', 'que', 'je', 'vais', 'vous', 'montrer', 'est', 'une', 'vue', 'en', 'accél@@', 'éré', 'de', 'ce', 'qui', 's&apos;', 'est', 'passé', 'ces', '25', 'dernières', 'années', '.']
2026-05-14 13:36:58,817 - DEBUG - joeynmt.training - 	Tokenized hypothesis: ['La', 'prochaine', 'di@@', 'apos@@', 'itive', 'que', 'je', 'vais', 'vous', 'ser@@', 'ez', 'un', 'rapide', 'rapide', 'de', 'ce', 'qui', 'est', 'passé', 'les', '25', 'dernières', 'années', '.', '</s>']
2026-05-14 13:36:58,817 - INFO - joeynmt.training - 	Source:     The next slide I show you will be a rapid fast-forward of what &apos;s happened over the last 25 years .
2026-05-14 13:36:58,817 - INFO - joeynmt.training - 	Reference:  La prochaine diapositive que je vais vous montrer est une vue en accéléré de ce qui s&apos; est passé ces 25 dernières années .
2026-05-14 13:36:58,817 - INFO - joeynmt.training - 	Hypothesis: La prochaine diapositive que je vais vous serez un rapide rapide de ce qui est passé les 25 dernières années .
2026-05-14 13:37:15,994 - INFO - joeynmt.training - Epoch   9, Step:    31100, Batch Loss:     1.078318, Batch Acc: 0.654522, Tokens per Sec:     4295, Lr: 0.000300
2026-05-14 13:37:33,042 - INFO - joeynmt.training - Epoch   9, Step:    31200, Batch Loss:     1.185660, Batch Acc: 0.653658, Tokens per Sec:     4476, Lr: 0.000300
2026-05-14 13:37:50,405 - INFO - joeynmt.training - Epoch   9, Step:    31300, Batch Loss:     1.325683, Batch Acc: 0.655579, Tokens per Sec:     4440, Lr: 0.000300
2026-05-14 13:38:08,280 - INFO - joeynmt.training - Epoch   9, Step:    31400, Batch Loss:     1.110634, Batch Acc: 0.661804, Tokens per Sec:     4223, Lr: 0.000300
2026-05-14 13:38:25,831 - INFO - joeynmt.training - Epoch   9, Step:    31500, Batch Loss:     1.270395, Batch Acc: 0.654085, Tokens per Sec:     4317, Lr: 0.000300
2026-05-14 13:38:25,831 - WARNING - joeynmt.helpers - `alpha` option is obsolete. Please use `beam_alpha`, instead.
2026-05-14 13:38:25,831 - INFO - joeynmt.prediction - Predicting 890 example(s)... (Greedy decoding with min_output_length=1, max_output_length=-1, return_prob='none', generate_unk=True, repetition_penalty=-1, no_repeat_ngram_size=-1)
2026-05-14 13:39:06,041 - INFO - joeynmt.prediction - Evaluation result (greedy) loss:   1.67, ppl:   5.30, acc:   0.56, generation: 40.2059[sec], evaluation: 0.0000[sec]
2026-05-14 13:39:06,112 - INFO - joeynmt.helpers - delete models/bpe_8k/29500.ckpt
2026-05-14 13:39:06,114 - INFO - joeynmt.training - Example #0
2026-05-14 13:39:06,114 - DEBUG - joeynmt.training - 	Tokenized source:     ['L@@', 'ast', 'year', 'I', 'showed', 'these', 'two', 'sli@@', 'des', 'so', 'that', 'demonstr@@', 'ate', 'that', 'the', 'ar@@', 'c@@', 'tic', 'ice', 'ca@@', 'p', ',', 'which', 'for', 'most', 'of', 'the', 'last', 'three', 'million', 'years', 'has', 'been', 'the', 'size', 'of', 'the', 'lower', '4@@', '8', 'states', ',', 'has', 'sh@@', 'run@@', 'k', 'by', '40', 'percent', '.']
2026-05-14 13:39:06,114 - DEBUG - joeynmt.training - 	Tokenized reference:  ['L&apos;', 'année', 'dernière', ',', 'je', 'vous', 'ai', 'présent@@', 'é', 'ces', 'deux', 'di@@', 'apos@@', 'iti@@', 'ves', 'qui', 'montr@@', 'aient', 'que', 'la', 'cal@@', 'ot@@', 'te', 'gl@@', 'ac@@', 'ière', 'ar@@', 'c@@', 'tique', ',', 'qui', 'pendant', 'ces', '3', 'derniers', 'millions', 'd&apos;', 'année', 'avait', 'la', 'taille', 'des', 'Etats-Unis', 'sans', 'l&apos;', 'Al@@', 'as@@', 'ka', ',', 'qui', 'pendant', 'ces', '3', 'derniers', 'millions', 'd&apos;', 'année', 'avait', 'la', 'taille', 'des', 'Etats-Unis', 'sans', 'l&apos;', 'Al@@', 'as@@', 'ka', ',', 'avait', 'di@@', 'minu@@', 'é', 'de', '40', '%', '.']
2026-05-14 13:39:06,114 - DEBUG - joeynmt.training - 	Tokenized hypothesis: ['L&apos;', 'année', 'dernière', 'j&apos;', 'ai', 'montré', 'ces', 'deux', 'di@@', 'a@@', 'pos', 'pour', 'pour', 'cent', 'de', 'la', 'glace', ',', 'qui', 'depuis', 'la', 'plupart', 'des', 'trois', 'millions', 'd&apos;', 'années', 'qui', 'ont', 'eu', 'la', 'taille', 'de', 'la', 'taille', 'de', '4@@', '8', 'ét@@', 'ats', ',', 'a', 'un', 'p@@', 'ill@@', 'on', 'de', '40', '%', '.', '</s>']
2026-05-14 13:39:06,114 - INFO - joeynmt.training - 	Source:     Last year I showed these two slides so that demonstrate that the arctic ice cap , which for most of the last three million years has been the size of the lower 48 states , has shrunk by 40 percent .
2026-05-14 13:39:06,114 - INFO - joeynmt.training - 	Reference:  L&apos; année dernière , je vous ai présenté ces deux diapositives qui montraient que la calotte glacière arctique , qui pendant ces 3 derniers millions d&apos; année avait la taille des Etats-Unis sans l&apos; Alaska , qui pendant ces 3 derniers millions d&apos; année avait la taille des Etats-Unis sans l&apos; Alaska , avait diminué de 40 % .
2026-05-14 13:39:06,114 - INFO - joeynmt.training - 	Hypothesis: L&apos; année dernière j&apos; ai montré ces deux diapos pour pour cent de la glace , qui depuis la plupart des trois millions d&apos; années qui ont eu la taille de la taille de 48 états , a un pillon de 40 % .
2026-05-14 13:39:06,115 - INFO - joeynmt.training - Example #1
2026-05-14 13:39:06,115 - DEBUG - joeynmt.training - 	Tokenized source:     ['But', 'this', 'underst@@', 'ates', 'the', 'seri@@', 'ousness', 'of', 'this', 'particular', 'problem', 'because', 'it', 'doesn', '&apos;t', 'show', 'the', 'th@@', 'ick@@', 'ness', 'of', 'the', 'ice', '.']
2026-05-14 13:39:06,115 - DEBUG - joeynmt.training - 	Tokenized reference:  ['Mais', 'ceci', 'tend', 'à', 'a@@', 'mo@@', 'ind@@', 'rir', 'le', 'problème', 'parce', 'qu&apos;', 'on', 'ne', 'voit', 'pas', 'l&apos;', 'ép@@', 'aiss@@', 'eur', 'de', 'la', 'glace', '.']
2026-05-14 13:39:06,115 - DEBUG - joeynmt.training - 	Tokenized hypothesis: ['Mais', 'cela', 'comprend', 'le', 'sérieux', 'de', 'ce', 'problème', 'particulier', 'parce', 'qu&apos;', 'il', 'ne', 'montre', 'pas', 'la', 'pou@@', 'sse', 'de', 'la', 'glace', '.', '</s>']
2026-05-14 13:39:06,115 - INFO - joeynmt.training - 	Source:     But this understates the seriousness of this particular problem because it doesn &apos;t show the thickness of the ice .
2026-05-14 13:39:06,115 - INFO - joeynmt.training - 	Reference:  Mais ceci tend à amoindrir le problème parce qu&apos; on ne voit pas l&apos; épaisseur de la glace .
2026-05-14 13:39:06,115 - INFO - joeynmt.training - 	Hypothesis: Mais cela comprend le sérieux de ce problème particulier parce qu&apos; il ne montre pas la pousse de la glace .
2026-05-14 13:39:06,115 - INFO - joeynmt.training - Example #2
2026-05-14 13:39:06,115 - DEBUG - joeynmt.training - 	Tokenized source:     ['The', 'ar@@', 'c@@', 'tic', 'ice', 'ca@@', 'p', 'is', ',', 'in', 'a', 'sense', ',', 'the', 'be@@', 'ating', 'heart', 'of', 'the', 'global', 'climate', 'system', '.']
2026-05-14 13:39:06,115 - DEBUG - joeynmt.training - 	Tokenized reference:  ['On', 'peut', 'voir', 'la', 'cal@@', 'ot@@', 'te', 'gl@@', 'ac@@', 'ière', 'ar@@', 'c@@', 'tique', 'comme', 'le', 'coeur', 'du', 'système', 'climatique', 'global', '.', 'On', 'peut', 'voir', 'la', 'cal@@', 'ot@@', 'te', 'gl@@', 'ac@@', 'ière', 'ar@@', 'c@@', 'tique', 'comme', 'le', 'coeur', 'du', 'système', 'climatique', 'global', '.']
2026-05-14 13:39:06,115 - DEBUG - joeynmt.training - 	Tokenized hypothesis: ['La', 'glace', 'ar@@', 'c@@', 'tique', 'est', ',', 'dans', 'un', 'sens', ',', 'le', 'coeur', 'du', 'système', 'climatique', 'climatique', 'climatique', '.', '</s>']
2026-05-14 13:39:06,115 - INFO - joeynmt.training - 	Source:     The arctic ice cap is , in a sense , the beating heart of the global climate system .
2026-05-14 13:39:06,115 - INFO - joeynmt.training - 	Reference:  On peut voir la calotte glacière arctique comme le coeur du système climatique global . On peut voir la calotte glacière arctique comme le coeur du système climatique global .
2026-05-14 13:39:06,115 - INFO - joeynmt.training - 	Hypothesis: La glace arctique est , dans un sens , le coeur du système climatique climatique climatique .
2026-05-14 13:39:06,115 - INFO - joeynmt.training - Example #3
2026-05-14 13:39:06,115 - DEBUG - joeynmt.training - 	Tokenized source:     ['It', 'exp@@', 'ands', 'in', 'w@@', 'int@@', 'er', 'and', 'contr@@', 'acts', 'in', 'summer', '.']
2026-05-14 13:39:06,115 - DEBUG - joeynmt.training - 	Tokenized reference:  ['Elle', 's&apos;', 'ét@@', 'end', 'en', 'hi@@', 'ver', 'et', 'se', 'contr@@', 'acte', 'en', 'été', '.']
2026-05-14 13:39:06,115 - DEBUG - joeynmt.training - 	Tokenized hypothesis: ['Elle', 's&apos;', 'ét@@', 'end', 'en', 'hi@@', 'ver', 'et', 'contr@@', 'at', 'en', 'été', '.', '</s>']
2026-05-14 13:39:06,115 - INFO - joeynmt.training - 	Source:     It expands in winter and contracts in summer .
2026-05-14 13:39:06,115 - INFO - joeynmt.training - 	Reference:  Elle s&apos; étend en hiver et se contracte en été .
2026-05-14 13:39:06,115 - INFO - joeynmt.training - 	Hypothesis: Elle s&apos; étend en hiver et contrat en été .
2026-05-14 13:39:06,115 - INFO - joeynmt.training - Example #4
2026-05-14 13:39:06,115 - DEBUG - joeynmt.training - 	Tokenized source:     ['The', 'next', 'slide', 'I', 'show', 'you', 'will', 'be', 'a', 'rap@@', 'id', 'fas@@', 't-@@', 'forward', 'of', 'what', '&apos;s', 'happened', 'over', 'the', 'last', '25', 'years', '.']
2026-05-14 13:39:06,115 - DEBUG - joeynmt.training - 	Tokenized reference:  ['La', 'prochaine', 'di@@', 'apos@@', 'itive', 'que', 'je', 'vais', 'vous', 'montrer', 'est', 'une', 'vue', 'en', 'accél@@', 'éré', 'de', 'ce', 'qui', 's&apos;', 'est', 'passé', 'ces', '25', 'dernières', 'années', '.']
2026-05-14 13:39:06,115 - DEBUG - joeynmt.training - 	Tokenized hypothesis: ['La', 'prochaine', 'di@@', 'apos@@', 'itive', 'que', 'je', 'vous', 'montre', 'que', 'ça', 's&apos;', 'est', 'passé', 'pendant', 'les', '25', 'dernières', 'années', '.', '</s>']
2026-05-14 13:39:06,115 - INFO - joeynmt.training - 	Source:     The next slide I show you will be a rapid fast-forward of what &apos;s happened over the last 25 years .
2026-05-14 13:39:06,115 - INFO - joeynmt.training - 	Reference:  La prochaine diapositive que je vais vous montrer est une vue en accéléré de ce qui s&apos; est passé ces 25 dernières années .
2026-05-14 13:39:06,115 - INFO - joeynmt.training - 	Hypothesis: La prochaine diapositive que je vous montre que ça s&apos; est passé pendant les 25 dernières années .
2026-05-14 13:39:24,175 - INFO - joeynmt.training - Epoch   9, Step:    31600, Batch Loss:     1.392576, Batch Acc: 0.654719, Tokens per Sec:     4179, Lr: 0.000300
2026-05-14 13:39:41,492 - INFO - joeynmt.training - Epoch   9, Step:    31700, Batch Loss:     1.242685, Batch Acc: 0.654318, Tokens per Sec:     4262, Lr: 0.000300
2026-05-14 13:39:58,472 - INFO - joeynmt.training - Epoch   9, Step:    31800, Batch Loss:     1.230741, Batch Acc: 0.647821, Tokens per Sec:     4435, Lr: 0.000300
2026-05-14 13:40:15,797 - INFO - joeynmt.training - Epoch   9, Step:    31900, Batch Loss:     1.355097, Batch Acc: 0.657784, Tokens per Sec:     4384, Lr: 0.000300
2026-05-14 13:40:32,803 - INFO - joeynmt.training - Epoch   9, Step:    32000, Batch Loss:     1.093014, Batch Acc: 0.654885, Tokens per Sec:     4329, Lr: 0.000300
2026-05-14 13:40:32,803 - WARNING - joeynmt.helpers - `alpha` option is obsolete. Please use `beam_alpha`, instead.
2026-05-14 13:40:32,803 - INFO - joeynmt.prediction - Predicting 890 example(s)... (Greedy decoding with min_output_length=1, max_output_length=-1, return_prob='none', generate_unk=True, repetition_penalty=-1, no_repeat_ngram_size=-1)
2026-05-14 13:41:14,114 - INFO - joeynmt.prediction - Evaluation result (greedy) loss:   1.68, ppl:   5.35, acc:   0.55, generation: 41.3058[sec], evaluation: 0.0000[sec]
2026-05-14 13:41:14,115 - INFO - joeynmt.training - Example #0
2026-05-14 13:41:14,115 - DEBUG - joeynmt.training - 	Tokenized source:     ['L@@', 'ast', 'year', 'I', 'showed', 'these', 'two', 'sli@@', 'des', 'so', 'that', 'demonstr@@', 'ate', 'that', 'the', 'ar@@', 'c@@', 'tic', 'ice', 'ca@@', 'p', ',', 'which', 'for', 'most', 'of', 'the', 'last', 'three', 'million', 'years', 'has', 'been', 'the', 'size', 'of', 'the', 'lower', '4@@', '8', 'states', ',', 'has', 'sh@@', 'run@@', 'k', 'by', '40', 'percent', '.']
2026-05-14 13:41:14,115 - DEBUG - joeynmt.training - 	Tokenized reference:  ['L&apos;', 'année', 'dernière', ',', 'je', 'vous', 'ai', 'présent@@', 'é', 'ces', 'deux', 'di@@', 'apos@@', 'iti@@', 'ves', 'qui', 'montr@@', 'aient', 'que', 'la', 'cal@@', 'ot@@', 'te', 'gl@@', 'ac@@', 'ière', 'ar@@', 'c@@', 'tique', ',', 'qui', 'pendant', 'ces', '3', 'derniers', 'millions', 'd&apos;', 'année', 'avait', 'la', 'taille', 'des', 'Etats-Unis', 'sans', 'l&apos;', 'Al@@', 'as@@', 'ka', ',', 'qui', 'pendant', 'ces', '3', 'derniers', 'millions', 'd&apos;', 'année', 'avait', 'la', 'taille', 'des', 'Etats-Unis', 'sans', 'l&apos;', 'Al@@', 'as@@', 'ka', ',', 'avait', 'di@@', 'minu@@', 'é', 'de', '40', '%', '.']
2026-05-14 13:41:14,115 - DEBUG - joeynmt.training - 	Tokenized hypothesis: ['L&apos;', 'année', 'dernière', ',', 'j&apos;', 'ai', 'montré', 'ces', 'deux', 'di@@', 'apos@@', 'iti@@', 'ves', 'pour', 'dé@@', 'montrer', 'que', 'la', 'glace', 'de', 'la', 'plupart', 'des', 'trois', 'millions', 'd&apos;', 'années', 'a', 'été', 'la', 'taille', 'de', 'la', '4@@', '8', 'de', 'ét@@', 'ats', ',', 'a', 'un', 'peu', 'de', '4@@', '8', ',', 'a', 'une', 'p@@', 'iste', 'de', '40', 'pour', 'cent', '.', '</s>']
2026-05-14 13:41:14,115 - INFO - joeynmt.training - 	Source:     Last year I showed these two slides so that demonstrate that the arctic ice cap , which for most of the last three million years has been the size of the lower 48 states , has shrunk by 40 percent .
2026-05-14 13:41:14,115 - INFO - joeynmt.training - 	Reference:  L&apos; année dernière , je vous ai présenté ces deux diapositives qui montraient que la calotte glacière arctique , qui pendant ces 3 derniers millions d&apos; année avait la taille des Etats-Unis sans l&apos; Alaska , qui pendant ces 3 derniers millions d&apos; année avait la taille des Etats-Unis sans l&apos; Alaska , avait diminué de 40 % .
2026-05-14 13:41:14,116 - INFO - joeynmt.training - 	Hypothesis: L&apos; année dernière , j&apos; ai montré ces deux diapositives pour démontrer que la glace de la plupart des trois millions d&apos; années a été la taille de la 48 de états , a un peu de 48 , a une piste de 40 pour cent .
2026-05-14 13:41:14,116 - INFO - joeynmt.training - Example #1
2026-05-14 13:41:14,116 - DEBUG - joeynmt.training - 	Tokenized source:     ['But', 'this', 'underst@@', 'ates', 'the', 'seri@@', 'ousness', 'of', 'this', 'particular', 'problem', 'because', 'it', 'doesn', '&apos;t', 'show', 'the', 'th@@', 'ick@@', 'ness', 'of', 'the', 'ice', '.']
2026-05-14 13:41:14,116 - DEBUG - joeynmt.training - 	Tokenized reference:  ['Mais', 'ceci', 'tend', 'à', 'a@@', 'mo@@', 'ind@@', 'rir', 'le', 'problème', 'parce', 'qu&apos;', 'on', 'ne', 'voit', 'pas', 'l&apos;', 'ép@@', 'aiss@@', 'eur', 'de', 'la', 'glace', '.']
2026-05-14 13:41:14,116 - DEBUG - joeynmt.training - 	Tokenized hypothesis: ['Mais', 'cela', 'comprend', 'le', 'sérieux', 'de', 'ce', 'problème', 'particulier', 'parce', 'que', 'ça', 'ne', 'montre', 'pas', 'la', 'pou@@', 'let', 'de', 'la', 'pou@@', 'sse', '.', '</s>']
2026-05-14 13:41:14,116 - INFO - joeynmt.training - 	Source:     But this understates the seriousness of this particular problem because it doesn &apos;t show the thickness of the ice .
2026-05-14 13:41:14,116 - INFO - joeynmt.training - 	Reference:  Mais ceci tend à amoindrir le problème parce qu&apos; on ne voit pas l&apos; épaisseur de la glace .
2026-05-14 13:41:14,116 - INFO - joeynmt.training - 	Hypothesis: Mais cela comprend le sérieux de ce problème particulier parce que ça ne montre pas la poulet de la pousse .
2026-05-14 13:41:14,116 - INFO - joeynmt.training - Example #2
2026-05-14 13:41:14,116 - DEBUG - joeynmt.training - 	Tokenized source:     ['The', 'ar@@', 'c@@', 'tic', 'ice', 'ca@@', 'p', 'is', ',', 'in', 'a', 'sense', ',', 'the', 'be@@', 'ating', 'heart', 'of', 'the', 'global', 'climate', 'system', '.']
2026-05-14 13:41:14,116 - DEBUG - joeynmt.training - 	Tokenized reference:  ['On', 'peut', 'voir', 'la', 'cal@@', 'ot@@', 'te', 'gl@@', 'ac@@', 'ière', 'ar@@', 'c@@', 'tique', 'comme', 'le', 'coeur', 'du', 'système', 'climatique', 'global', '.', 'On', 'peut', 'voir', 'la', 'cal@@', 'ot@@', 'te', 'gl@@', 'ac@@', 'ière', 'ar@@', 'c@@', 'tique', 'comme', 'le', 'coeur', 'du', 'système', 'climatique', 'global', '.']
2026-05-14 13:41:14,116 - DEBUG - joeynmt.training - 	Tokenized hypothesis: ['La', 'glace', 'ar@@', 'c@@', 'tique', 'est', ',', 'dans', 'un', 'sens', ',', 'le', 'coeur', 'du', 'système', 'climatique', 'global', '.', '</s>']
2026-05-14 13:41:14,116 - INFO - joeynmt.training - 	Source:     The arctic ice cap is , in a sense , the beating heart of the global climate system .
2026-05-14 13:41:14,116 - INFO - joeynmt.training - 	Reference:  On peut voir la calotte glacière arctique comme le coeur du système climatique global . On peut voir la calotte glacière arctique comme le coeur du système climatique global .
2026-05-14 13:41:14,116 - INFO - joeynmt.training - 	Hypothesis: La glace arctique est , dans un sens , le coeur du système climatique global .
2026-05-14 13:41:14,116 - INFO - joeynmt.training - Example #3
2026-05-14 13:41:14,116 - DEBUG - joeynmt.training - 	Tokenized source:     ['It', 'exp@@', 'ands', 'in', 'w@@', 'int@@', 'er', 'and', 'contr@@', 'acts', 'in', 'summer', '.']
2026-05-14 13:41:14,116 - DEBUG - joeynmt.training - 	Tokenized reference:  ['Elle', 's&apos;', 'ét@@', 'end', 'en', 'hi@@', 'ver', 'et', 'se', 'contr@@', 'acte', 'en', 'été', '.']
2026-05-14 13:41:14,116 - DEBUG - joeynmt.training - 	Tokenized hypothesis: ['Elle', 's&apos;', 'ét@@', 'end', 'en', 'hi@@', 'ver', 'et', 'contr@@', 'ac@@', 'tif', 'en', 'été', '.', '</s>']
2026-05-14 13:41:14,116 - INFO - joeynmt.training - 	Source:     It expands in winter and contracts in summer .
2026-05-14 13:41:14,116 - INFO - joeynmt.training - 	Reference:  Elle s&apos; étend en hiver et se contracte en été .
2026-05-14 13:41:14,116 - INFO - joeynmt.training - 	Hypothesis: Elle s&apos; étend en hiver et contractif en été .
2026-05-14 13:41:14,116 - INFO - joeynmt.training - Example #4
2026-05-14 13:41:14,116 - DEBUG - joeynmt.training - 	Tokenized source:     ['The', 'next', 'slide', 'I', 'show', 'you', 'will', 'be', 'a', 'rap@@', 'id', 'fas@@', 't-@@', 'forward', 'of', 'what', '&apos;s', 'happened', 'over', 'the', 'last', '25', 'years', '.']
2026-05-14 13:41:14,116 - DEBUG - joeynmt.training - 	Tokenized reference:  ['La', 'prochaine', 'di@@', 'apos@@', 'itive', 'que', 'je', 'vais', 'vous', 'montrer', 'est', 'une', 'vue', 'en', 'accél@@', 'éré', 'de', 'ce', 'qui', 's&apos;', 'est', 'passé', 'ces', '25', 'dernières', 'années', '.']
2026-05-14 13:41:14,116 - DEBUG - joeynmt.training - 	Tokenized hypothesis: ['La', 'di@@', 'apos@@', 'itive', 'que', 'je', 'vous', 'montre', 'que', 'vous', 'ser@@', 'ez', 'un', 'rap@@', 'ides', 'rapide', 'de', 'ce', 'qui', 'est', 'arrivé', 'pendant', 'les', '25', 'dernières', 'années', '.', '</s>']
2026-05-14 13:41:14,116 - INFO - joeynmt.training - 	Source:     The next slide I show you will be a rapid fast-forward of what &apos;s happened over the last 25 years .
2026-05-14 13:41:14,116 - INFO - joeynmt.training - 	Reference:  La prochaine diapositive que je vais vous montrer est une vue en accéléré de ce qui s&apos; est passé ces 25 dernières années .
2026-05-14 13:41:14,116 - INFO - joeynmt.training - 	Hypothesis: La diapositive que je vous montre que vous serez un rapides rapide de ce qui est arrivé pendant les 25 dernières années .
2026-05-14 13:41:31,698 - INFO - joeynmt.training - Epoch   9, Step:    32100, Batch Loss:     1.258895, Batch Acc: 0.650709, Tokens per Sec:     4350, Lr: 0.000300
2026-05-14 13:41:48,939 - INFO - joeynmt.training - Epoch   9, Step:    32200, Batch Loss:     1.308545, Batch Acc: 0.652466, Tokens per Sec:     4293, Lr: 0.000300
2026-05-14 13:42:05,942 - INFO - joeynmt.training - Epoch   9, Step:    32300, Batch Loss:     1.137130, Batch Acc: 0.651683, Tokens per Sec:     4327, Lr: 0.000300
2026-05-14 13:42:23,061 - INFO - joeynmt.training - Epoch   9, Step:    32400, Batch Loss:     1.138754, Batch Acc: 0.652435, Tokens per Sec:     4311, Lr: 0.000300
2026-05-14 13:42:40,624 - INFO - joeynmt.training - Epoch   9, Step:    32500, Batch Loss:     1.317236, Batch Acc: 0.653806, Tokens per Sec:     4365, Lr: 0.000300
2026-05-14 13:42:40,625 - WARNING - joeynmt.helpers - `alpha` option is obsolete. Please use `beam_alpha`, instead.
2026-05-14 13:42:40,625 - INFO - joeynmt.prediction - Predicting 890 example(s)... (Greedy decoding with min_output_length=1, max_output_length=-1, return_prob='none', generate_unk=True, repetition_penalty=-1, no_repeat_ngram_size=-1)
2026-05-14 13:43:22,485 - INFO - joeynmt.prediction - Evaluation result (greedy) loss:   1.67, ppl:   5.30, acc:   0.56, generation: 41.8556[sec], evaluation: 0.0000[sec]
2026-05-14 13:43:22,551 - INFO - joeynmt.helpers - delete models/bpe_8k/27000.ckpt
2026-05-14 13:43:22,557 - INFO - joeynmt.training - Example #0
2026-05-14 13:43:22,557 - DEBUG - joeynmt.training - 	Tokenized source:     ['L@@', 'ast', 'year', 'I', 'showed', 'these', 'two', 'sli@@', 'des', 'so', 'that', 'demonstr@@', 'ate', 'that', 'the', 'ar@@', 'c@@', 'tic', 'ice', 'ca@@', 'p', ',', 'which', 'for', 'most', 'of', 'the', 'last', 'three', 'million', 'years', 'has', 'been', 'the', 'size', 'of', 'the', 'lower', '4@@', '8', 'states', ',', 'has', 'sh@@', 'run@@', 'k', 'by', '40', 'percent', '.']
2026-05-14 13:43:22,557 - DEBUG - joeynmt.training - 	Tokenized reference:  ['L&apos;', 'année', 'dernière', ',', 'je', 'vous', 'ai', 'présent@@', 'é', 'ces', 'deux', 'di@@', 'apos@@', 'iti@@', 'ves', 'qui', 'montr@@', 'aient', 'que', 'la', 'cal@@', 'ot@@', 'te', 'gl@@', 'ac@@', 'ière', 'ar@@', 'c@@', 'tique', ',', 'qui', 'pendant', 'ces', '3', 'derniers', 'millions', 'd&apos;', 'année', 'avait', 'la', 'taille', 'des', 'Etats-Unis', 'sans', 'l&apos;', 'Al@@', 'as@@', 'ka', ',', 'qui', 'pendant', 'ces', '3', 'derniers', 'millions', 'd&apos;', 'année', 'avait', 'la', 'taille', 'des', 'Etats-Unis', 'sans', 'l&apos;', 'Al@@', 'as@@', 'ka', ',', 'avait', 'di@@', 'minu@@', 'é', 'de', '40', '%', '.']
2026-05-14 13:43:22,557 - DEBUG - joeynmt.training - 	Tokenized hypothesis: ['L&apos;', 'année', 'dernière', ',', 'j&apos;', 'ai', 'montré', 'ces', 'deux', 'di@@', 'a@@', 'pos', 'pour', 'que', 'la', 'dé@@', 'mon@@', 'str@@', 'ation', 'ar@@', 'c@@', 'tique', ',', 'qui', 'pour', 'la', 'plupart', 'des', 'trois', 'millions', 'd&apos;', 'années', 'a', 'été', 'la', 'taille', 'de', '4@@', '8', ',', 'a', 'été', 'la', 'taille', 'de', '4@@', '8', 'ét@@', 'ats', ',', 'a', 'une', 'p@@', 'iste', 'de', '40', '%', '.', '</s>']
2026-05-14 13:43:22,557 - INFO - joeynmt.training - 	Source:     Last year I showed these two slides so that demonstrate that the arctic ice cap , which for most of the last three million years has been the size of the lower 48 states , has shrunk by 40 percent .
2026-05-14 13:43:22,557 - INFO - joeynmt.training - 	Reference:  L&apos; année dernière , je vous ai présenté ces deux diapositives qui montraient que la calotte glacière arctique , qui pendant ces 3 derniers millions d&apos; année avait la taille des Etats-Unis sans l&apos; Alaska , qui pendant ces 3 derniers millions d&apos; année avait la taille des Etats-Unis sans l&apos; Alaska , avait diminué de 40 % .
2026-05-14 13:43:22,557 - INFO - joeynmt.training - 	Hypothesis: L&apos; année dernière , j&apos; ai montré ces deux diapos pour que la démonstration arctique , qui pour la plupart des trois millions d&apos; années a été la taille de 48 , a été la taille de 48 états , a une piste de 40 % .
2026-05-14 13:43:22,557 - INFO - joeynmt.training - Example #1
2026-05-14 13:43:22,557 - DEBUG - joeynmt.training - 	Tokenized source:     ['But', 'this', 'underst@@', 'ates', 'the', 'seri@@', 'ousness', 'of', 'this', 'particular', 'problem', 'because', 'it', 'doesn', '&apos;t', 'show', 'the', 'th@@', 'ick@@', 'ness', 'of', 'the', 'ice', '.']
2026-05-14 13:43:22,557 - DEBUG - joeynmt.training - 	Tokenized reference:  ['Mais', 'ceci', 'tend', 'à', 'a@@', 'mo@@', 'ind@@', 'rir', 'le', 'problème', 'parce', 'qu&apos;', 'on', 'ne', 'voit', 'pas', 'l&apos;', 'ép@@', 'aiss@@', 'eur', 'de', 'la', 'glace', '.']
2026-05-14 13:43:22,557 - DEBUG - joeynmt.training - 	Tokenized hypothesis: ['Mais', 'cela', 'comprend', 'le', 'sérieux', 'de', 'ce', 'problème', 'particulier', 'parce', 'qu&apos;', 'il', 'ne', 'montre', 'pas', 'la', 'pou@@', 'sse', 'de', 'la', 'glace', '.', '</s>']
2026-05-14 13:43:22,557 - INFO - joeynmt.training - 	Source:     But this understates the seriousness of this particular problem because it doesn &apos;t show the thickness of the ice .
2026-05-14 13:43:22,557 - INFO - joeynmt.training - 	Reference:  Mais ceci tend à amoindrir le problème parce qu&apos; on ne voit pas l&apos; épaisseur de la glace .
2026-05-14 13:43:22,557 - INFO - joeynmt.training - 	Hypothesis: Mais cela comprend le sérieux de ce problème particulier parce qu&apos; il ne montre pas la pousse de la glace .
2026-05-14 13:43:22,557 - INFO - joeynmt.training - Example #2
2026-05-14 13:43:22,558 - DEBUG - joeynmt.training - 	Tokenized source:     ['The', 'ar@@', 'c@@', 'tic', 'ice', 'ca@@', 'p', 'is', ',', 'in', 'a', 'sense', ',', 'the', 'be@@', 'ating', 'heart', 'of', 'the', 'global', 'climate', 'system', '.']
2026-05-14 13:43:22,558 - DEBUG - joeynmt.training - 	Tokenized reference:  ['On', 'peut', 'voir', 'la', 'cal@@', 'ot@@', 'te', 'gl@@', 'ac@@', 'ière', 'ar@@', 'c@@', 'tique', 'comme', 'le', 'coeur', 'du', 'système', 'climatique', 'global', '.', 'On', 'peut', 'voir', 'la', 'cal@@', 'ot@@', 'te', 'gl@@', 'ac@@', 'ière', 'ar@@', 'c@@', 'tique', 'comme', 'le', 'coeur', 'du', 'système', 'climatique', 'global', '.']
2026-05-14 13:43:22,558 - DEBUG - joeynmt.training - 	Tokenized hypothesis: ['La', 'glace', 'ar@@', 'c@@', 'tique', 'est', ',', 'dans', 'un', 'sens', ',', 'le', 'coeur', 'du', 'système', 'climatique', 'climatique', '.', '</s>']
2026-05-14 13:43:22,558 - INFO - joeynmt.training - 	Source:     The arctic ice cap is , in a sense , the beating heart of the global climate system .
2026-05-14 13:43:22,558 - INFO - joeynmt.training - 	Reference:  On peut voir la calotte glacière arctique comme le coeur du système climatique global . On peut voir la calotte glacière arctique comme le coeur du système climatique global .
2026-05-14 13:43:22,558 - INFO - joeynmt.training - 	Hypothesis: La glace arctique est , dans un sens , le coeur du système climatique climatique .
2026-05-14 13:43:22,558 - INFO - joeynmt.training - Example #3
2026-05-14 13:43:22,558 - DEBUG - joeynmt.training - 	Tokenized source:     ['It', 'exp@@', 'ands', 'in', 'w@@', 'int@@', 'er', 'and', 'contr@@', 'acts', 'in', 'summer', '.']
2026-05-14 13:43:22,558 - DEBUG - joeynmt.training - 	Tokenized reference:  ['Elle', 's&apos;', 'ét@@', 'end', 'en', 'hi@@', 'ver', 'et', 'se', 'contr@@', 'acte', 'en', 'été', '.']
2026-05-14 13:43:22,558 - DEBUG - joeynmt.training - 	Tokenized hypothesis: ['Il', 's&apos;', 'agit', 'de', 'l&apos;', 'hi@@', 'ver', 'et', 'contr@@', 'ac@@', 'acte', 'en', 'été', '.', '</s>']
2026-05-14 13:43:22,558 - INFO - joeynmt.training - 	Source:     It expands in winter and contracts in summer .
2026-05-14 13:43:22,558 - INFO - joeynmt.training - 	Reference:  Elle s&apos; étend en hiver et se contracte en été .
2026-05-14 13:43:22,558 - INFO - joeynmt.training - 	Hypothesis: Il s&apos; agit de l&apos; hiver et contracacte en été .
2026-05-14 13:43:22,558 - INFO - joeynmt.training - Example #4
2026-05-14 13:43:22,558 - DEBUG - joeynmt.training - 	Tokenized source:     ['The', 'next', 'slide', 'I', 'show', 'you', 'will', 'be', 'a', 'rap@@', 'id', 'fas@@', 't-@@', 'forward', 'of', 'what', '&apos;s', 'happened', 'over', 'the', 'last', '25', 'years', '.']
2026-05-14 13:43:22,558 - DEBUG - joeynmt.training - 	Tokenized reference:  ['La', 'prochaine', 'di@@', 'apos@@', 'itive', 'que', 'je', 'vais', 'vous', 'montrer', 'est', 'une', 'vue', 'en', 'accél@@', 'éré', 'de', 'ce', 'qui', 's&apos;', 'est', 'passé', 'ces', '25', 'dernières', 'années', '.']
2026-05-14 13:43:22,558 - DEBUG - joeynmt.training - 	Tokenized hypothesis: ['La', 'di@@', 'apos@@', 'itive', 'que', 'je', 'vous', 'montre', 'qu&apos;', 'il', 'sera', 'un', 'rapide', 'rapide', 'de', 'ce', 'qui', 's&apos;', 'est', 'passé', 'ces', '25', 'dernières', 'années', '.', '</s>']
2026-05-14 13:43:22,558 - INFO - joeynmt.training - 	Source:     The next slide I show you will be a rapid fast-forward of what &apos;s happened over the last 25 years .
2026-05-14 13:43:22,558 - INFO - joeynmt.training - 	Reference:  La prochaine diapositive que je vais vous montrer est une vue en accéléré de ce qui s&apos; est passé ces 25 dernières années .
2026-05-14 13:43:22,558 - INFO - joeynmt.training - 	Hypothesis: La diapositive que je vous montre qu&apos; il sera un rapide rapide de ce qui s&apos; est passé ces 25 dernières années .
2026-05-14 13:43:39,159 - INFO - joeynmt.training - Epoch   9, Step:    32600, Batch Loss:     1.175738, Batch Acc: 0.646954, Tokens per Sec:     4475, Lr: 0.000300
2026-05-14 13:43:41,529 - INFO - joeynmt.training - Epoch   9: total training loss 4396.45
2026-05-14 13:43:41,530 - INFO - joeynmt.training - EPOCH 10
2026-05-14 13:43:56,275 - INFO - joeynmt.training - Epoch  10, Step:    32700, Batch Loss:     1.163597, Batch Acc: 0.678904, Tokens per Sec:     4404, Lr: 0.000300
2026-05-14 13:44:12,976 - INFO - joeynmt.training - Epoch  10, Step:    32800, Batch Loss:     1.207493, Batch Acc: 0.684326, Tokens per Sec:     4437, Lr: 0.000300
2026-05-14 13:44:30,052 - INFO - joeynmt.training - Epoch  10, Step:    32900, Batch Loss:     1.014650, Batch Acc: 0.680499, Tokens per Sec:     4379, Lr: 0.000300
2026-05-14 13:44:47,170 - INFO - joeynmt.training - Epoch  10, Step:    33000, Batch Loss:     1.263752, Batch Acc: 0.677621, Tokens per Sec:     4307, Lr: 0.000300
2026-05-14 13:44:47,170 - WARNING - joeynmt.helpers - `alpha` option is obsolete. Please use `beam_alpha`, instead.
2026-05-14 13:44:47,170 - INFO - joeynmt.prediction - Predicting 890 example(s)... (Greedy decoding with min_output_length=1, max_output_length=-1, return_prob='none', generate_unk=True, repetition_penalty=-1, no_repeat_ngram_size=-1)
2026-05-14 13:45:29,145 - INFO - joeynmt.prediction - Evaluation result (greedy) loss:   1.68, ppl:   5.35, acc:   0.55, generation: 41.9700[sec], evaluation: 0.0000[sec]
2026-05-14 13:45:29,146 - INFO - joeynmt.training - Example #0
2026-05-14 13:45:29,146 - DEBUG - joeynmt.training - 	Tokenized source:     ['L@@', 'ast', 'year', 'I', 'showed', 'these', 'two', 'sli@@', 'des', 'so', 'that', 'demonstr@@', 'ate', 'that', 'the', 'ar@@', 'c@@', 'tic', 'ice', 'ca@@', 'p', ',', 'which', 'for', 'most', 'of', 'the', 'last', 'three', 'million', 'years', 'has', 'been', 'the', 'size', 'of', 'the', 'lower', '4@@', '8', 'states', ',', 'has', 'sh@@', 'run@@', 'k', 'by', '40', 'percent', '.']
2026-05-14 13:45:29,146 - DEBUG - joeynmt.training - 	Tokenized reference:  ['L&apos;', 'année', 'dernière', ',', 'je', 'vous', 'ai', 'présent@@', 'é', 'ces', 'deux', 'di@@', 'apos@@', 'iti@@', 'ves', 'qui', 'montr@@', 'aient', 'que', 'la', 'cal@@', 'ot@@', 'te', 'gl@@', 'ac@@', 'ière', 'ar@@', 'c@@', 'tique', ',', 'qui', 'pendant', 'ces', '3', 'derniers', 'millions', 'd&apos;', 'année', 'avait', 'la', 'taille', 'des', 'Etats-Unis', 'sans', 'l&apos;', 'Al@@', 'as@@', 'ka', ',', 'qui', 'pendant', 'ces', '3', 'derniers', 'millions', 'd&apos;', 'année', 'avait', 'la', 'taille', 'des', 'Etats-Unis', 'sans', 'l&apos;', 'Al@@', 'as@@', 'ka', ',', 'avait', 'di@@', 'minu@@', 'é', 'de', '40', '%', '.']
2026-05-14 13:45:29,146 - DEBUG - joeynmt.training - 	Tokenized hypothesis: ['L&apos;', 'année', 'dernière', 'j&apos;', 'ai', 'montré', 'ces', 'deux', 'di@@', 'apos@@', 'iti@@', 'ves', 'pour', 'que', 'la', 'glace', ',', 'qui', 'depuis', 'la', 'plupart', 'des', 'trois', 'millions', 'd&apos;', 'années', 'a', 'été', 'la', 'taille', 'de', 'la', 'taille', 'de', 'la', '4@@', '8', 'ét@@', 'ats', ',', 'a', 'dé@@', 'mon@@', 'str@@', 'é', 'de', '4@@', '8', '%', '.', '</s>']
2026-05-14 13:45:29,146 - INFO - joeynmt.training - 	Source:     Last year I showed these two slides so that demonstrate that the arctic ice cap , which for most of the last three million years has been the size of the lower 48 states , has shrunk by 40 percent .
2026-05-14 13:45:29,146 - INFO - joeynmt.training - 	Reference:  L&apos; année dernière , je vous ai présenté ces deux diapositives qui montraient que la calotte glacière arctique , qui pendant ces 3 derniers millions d&apos; année avait la taille des Etats-Unis sans l&apos; Alaska , qui pendant ces 3 derniers millions d&apos; année avait la taille des Etats-Unis sans l&apos; Alaska , avait diminué de 40 % .
2026-05-14 13:45:29,146 - INFO - joeynmt.training - 	Hypothesis: L&apos; année dernière j&apos; ai montré ces deux diapositives pour que la glace , qui depuis la plupart des trois millions d&apos; années a été la taille de la taille de la 48 états , a démonstré de 48 % .
2026-05-14 13:45:29,146 - INFO - joeynmt.training - Example #1
2026-05-14 13:45:29,146 - DEBUG - joeynmt.training - 	Tokenized source:     ['But', 'this', 'underst@@', 'ates', 'the', 'seri@@', 'ousness', 'of', 'this', 'particular', 'problem', 'because', 'it', 'doesn', '&apos;t', 'show', 'the', 'th@@', 'ick@@', 'ness', 'of', 'the', 'ice', '.']
2026-05-14 13:45:29,147 - DEBUG - joeynmt.training - 	Tokenized reference:  ['Mais', 'ceci', 'tend', 'à', 'a@@', 'mo@@', 'ind@@', 'rir', 'le', 'problème', 'parce', 'qu&apos;', 'on', 'ne', 'voit', 'pas', 'l&apos;', 'ép@@', 'aiss@@', 'eur', 'de', 'la', 'glace', '.']
2026-05-14 13:45:29,147 - DEBUG - joeynmt.training - 	Tokenized hypothesis: ['Mais', 'cela', 'comprend', 'le', 'sérieux', 'de', 'ce', 'problème', 'particulier', 'parce', 'qu&apos;', 'il', 'ne', 'montre', 'pas', 'la', 'pou@@', 't@@', 'euse', 'de', 'la', 'glace', '.', '</s>']
2026-05-14 13:45:29,147 - INFO - joeynmt.training - 	Source:     But this understates the seriousness of this particular problem because it doesn &apos;t show the thickness of the ice .
2026-05-14 13:45:29,147 - INFO - joeynmt.training - 	Reference:  Mais ceci tend à amoindrir le problème parce qu&apos; on ne voit pas l&apos; épaisseur de la glace .
2026-05-14 13:45:29,147 - INFO - joeynmt.training - 	Hypothesis: Mais cela comprend le sérieux de ce problème particulier parce qu&apos; il ne montre pas la pouteuse de la glace .
2026-05-14 13:45:29,147 - INFO - joeynmt.training - Example #2
2026-05-14 13:45:29,147 - DEBUG - joeynmt.training - 	Tokenized source:     ['The', 'ar@@', 'c@@', 'tic', 'ice', 'ca@@', 'p', 'is', ',', 'in', 'a', 'sense', ',', 'the', 'be@@', 'ating', 'heart', 'of', 'the', 'global', 'climate', 'system', '.']
2026-05-14 13:45:29,147 - DEBUG - joeynmt.training - 	Tokenized reference:  ['On', 'peut', 'voir', 'la', 'cal@@', 'ot@@', 'te', 'gl@@', 'ac@@', 'ière', 'ar@@', 'c@@', 'tique', 'comme', 'le', 'coeur', 'du', 'système', 'climatique', 'global', '.', 'On', 'peut', 'voir', 'la', 'cal@@', 'ot@@', 'te', 'gl@@', 'ac@@', 'ière', 'ar@@', 'c@@', 'tique', 'comme', 'le', 'coeur', 'du', 'système', 'climatique', 'global', '.']
2026-05-14 13:45:29,147 - DEBUG - joeynmt.training - 	Tokenized hypothesis: ['La', 'glace', 'ar@@', 'c@@', 'tique', 'est', ',', 'dans', 'un', 'sens', ',', 'le', 'coeur', 'de', 'la', 'même', 'chose', ',', 'le', 'coeur', 'du', 'système', 'mondial', '.', '</s>']
2026-05-14 13:45:29,147 - INFO - joeynmt.training - 	Source:     The arctic ice cap is , in a sense , the beating heart of the global climate system .
2026-05-14 13:45:29,147 - INFO - joeynmt.training - 	Reference:  On peut voir la calotte glacière arctique comme le coeur du système climatique global . On peut voir la calotte glacière arctique comme le coeur du système climatique global .
2026-05-14 13:45:29,147 - INFO - joeynmt.training - 	Hypothesis: La glace arctique est , dans un sens , le coeur de la même chose , le coeur du système mondial .
2026-05-14 13:45:29,147 - INFO - joeynmt.training - Example #3
2026-05-14 13:45:29,147 - DEBUG - joeynmt.training - 	Tokenized source:     ['It', 'exp@@', 'ands', 'in', 'w@@', 'int@@', 'er', 'and', 'contr@@', 'acts', 'in', 'summer', '.']
2026-05-14 13:45:29,147 - DEBUG - joeynmt.training - 	Tokenized reference:  ['Elle', 's&apos;', 'ét@@', 'end', 'en', 'hi@@', 'ver', 'et', 'se', 'contr@@', 'acte', 'en', 'été', '.']
2026-05-14 13:45:29,147 - DEBUG - joeynmt.training - 	Tokenized hypothesis: ['Elle', 's&apos;', 'ét@@', 'end', 'en', 'hi@@', 'ver', 'et', 'contr@@', 'ac@@', 'acte', 'en', 'été', '.', '</s>']
2026-05-14 13:45:29,147 - INFO - joeynmt.training - 	Source:     It expands in winter and contracts in summer .
2026-05-14 13:45:29,147 - INFO - joeynmt.training - 	Reference:  Elle s&apos; étend en hiver et se contracte en été .
2026-05-14 13:45:29,147 - INFO - joeynmt.training - 	Hypothesis: Elle s&apos; étend en hiver et contracacte en été .
2026-05-14 13:45:29,147 - INFO - joeynmt.training - Example #4
2026-05-14 13:45:29,147 - DEBUG - joeynmt.training - 	Tokenized source:     ['The', 'next', 'slide', 'I', 'show', 'you', 'will', 'be', 'a', 'rap@@', 'id', 'fas@@', 't-@@', 'forward', 'of', 'what', '&apos;s', 'happened', 'over', 'the', 'last', '25', 'years', '.']
2026-05-14 13:45:29,147 - DEBUG - joeynmt.training - 	Tokenized reference:  ['La', 'prochaine', 'di@@', 'apos@@', 'itive', 'que', 'je', 'vais', 'vous', 'montrer', 'est', 'une', 'vue', 'en', 'accél@@', 'éré', 'de', 'ce', 'qui', 's&apos;', 'est', 'passé', 'ces', '25', 'dernières', 'années', '.']
2026-05-14 13:45:29,147 - DEBUG - joeynmt.training - 	Tokenized hypothesis: ['La', 'prochaine', 'di@@', 'apos@@', 'itive', 'que', 'je', 'vous', 'ser@@', 'ai', 'un', 'rapide', 'rapide', 'de', 'ce', 'qui', 'est', 'arrivé', 'ces', '25', 'dernières', 'années', '.', '</s>']
2026-05-14 13:45:29,147 - INFO - joeynmt.training - 	Source:     The next slide I show you will be a rapid fast-forward of what &apos;s happened over the last 25 years .
2026-05-14 13:45:29,147 - INFO - joeynmt.training - 	Reference:  La prochaine diapositive que je vais vous montrer est une vue en accéléré de ce qui s&apos; est passé ces 25 dernières années .
2026-05-14 13:45:29,147 - INFO - joeynmt.training - 	Hypothesis: La prochaine diapositive que je vous serai un rapide rapide de ce qui est arrivé ces 25 dernières années .
2026-05-14 13:45:46,190 - INFO - joeynmt.training - Epoch  10, Step:    33100, Batch Loss:     1.138888, Batch Acc: 0.678861, Tokens per Sec:     4301, Lr: 0.000210
2026-05-14 13:46:03,353 - INFO - joeynmt.training - Epoch  10, Step:    33200, Batch Loss:     1.156003, Batch Acc: 0.680359, Tokens per Sec:     4169, Lr: 0.000210
2026-05-14 13:46:20,456 - INFO - joeynmt.training - Epoch  10, Step:    33300, Batch Loss:     1.160425, Batch Acc: 0.677539, Tokens per Sec:     4403, Lr: 0.000210
2026-05-14 13:46:38,075 - INFO - joeynmt.training - Epoch  10, Step:    33400, Batch Loss:     1.074788, Batch Acc: 0.685485, Tokens per Sec:     4171, Lr: 0.000210
2026-05-14 13:46:55,213 - INFO - joeynmt.training - Epoch  10, Step:    33500, Batch Loss:     1.210621, Batch Acc: 0.681170, Tokens per Sec:     4344, Lr: 0.000210
2026-05-14 13:46:55,213 - WARNING - joeynmt.helpers - `alpha` option is obsolete. Please use `beam_alpha`, instead.
2026-05-14 13:46:55,213 - INFO - joeynmt.prediction - Predicting 890 example(s)... (Greedy decoding with min_output_length=1, max_output_length=-1, return_prob='none', generate_unk=True, repetition_penalty=-1, no_repeat_ngram_size=-1)
2026-05-14 13:47:38,220 - INFO - joeynmt.prediction - Evaluation result (greedy) loss:   1.65, ppl:   5.22, acc:   0.56, generation: 43.0026[sec], evaluation: 0.0000[sec]
2026-05-14 13:47:38,221 - INFO - joeynmt.training - Hooray! New best validation result [ppl]!
2026-05-14 13:47:38,288 - INFO - joeynmt.helpers - delete models/bpe_8k/31000.ckpt
2026-05-14 13:47:38,290 - INFO - joeynmt.training - Example #0
2026-05-14 13:47:38,291 - DEBUG - joeynmt.training - 	Tokenized source:     ['L@@', 'ast', 'year', 'I', 'showed', 'these', 'two', 'sli@@', 'des', 'so', 'that', 'demonstr@@', 'ate', 'that', 'the', 'ar@@', 'c@@', 'tic', 'ice', 'ca@@', 'p', ',', 'which', 'for', 'most', 'of', 'the', 'last', 'three', 'million', 'years', 'has', 'been', 'the', 'size', 'of', 'the', 'lower', '4@@', '8', 'states', ',', 'has', 'sh@@', 'run@@', 'k', 'by', '40', 'percent', '.']
2026-05-14 13:47:38,291 - DEBUG - joeynmt.training - 	Tokenized reference:  ['L&apos;', 'année', 'dernière', ',', 'je', 'vous', 'ai', 'présent@@', 'é', 'ces', 'deux', 'di@@', 'apos@@', 'iti@@', 'ves', 'qui', 'montr@@', 'aient', 'que', 'la', 'cal@@', 'ot@@', 'te', 'gl@@', 'ac@@', 'ière', 'ar@@', 'c@@', 'tique', ',', 'qui', 'pendant', 'ces', '3', 'derniers', 'millions', 'd&apos;', 'année', 'avait', 'la', 'taille', 'des', 'Etats-Unis', 'sans', 'l&apos;', 'Al@@', 'as@@', 'ka', ',', 'qui', 'pendant', 'ces', '3', 'derniers', 'millions', 'd&apos;', 'année', 'avait', 'la', 'taille', 'des', 'Etats-Unis', 'sans', 'l&apos;', 'Al@@', 'as@@', 'ka', ',', 'avait', 'di@@', 'minu@@', 'é', 'de', '40', '%', '.']
2026-05-14 13:47:38,291 - DEBUG - joeynmt.training - 	Tokenized hypothesis: ['L&apos;', 'année', 'dernière', ',', 'j&apos;', 'ai', 'montré', 'ces', 'deux', 'di@@', 'apos@@', 'iti@@', 'ves', 'pour', 'que', 'la', 'plupart', 'des', 'trois', 'millions', 'd&apos;', 'années', 'a', 'été', 'la', 'taille', 'de', 'la', 'taille', 'de', '3', 'millions', 'd&apos;', 'années', 'a', 'été', 'la', 'taille', 'de', '4@@', '8', 'ét@@', 'ats', ',', 'a', 'une', 'p@@', 'iste', 'de', '40', '%', '.', '</s>']
2026-05-14 13:47:38,291 - INFO - joeynmt.training - 	Source:     Last year I showed these two slides so that demonstrate that the arctic ice cap , which for most of the last three million years has been the size of the lower 48 states , has shrunk by 40 percent .
2026-05-14 13:47:38,291 - INFO - joeynmt.training - 	Reference:  L&apos; année dernière , je vous ai présenté ces deux diapositives qui montraient que la calotte glacière arctique , qui pendant ces 3 derniers millions d&apos; année avait la taille des Etats-Unis sans l&apos; Alaska , qui pendant ces 3 derniers millions d&apos; année avait la taille des Etats-Unis sans l&apos; Alaska , avait diminué de 40 % .
2026-05-14 13:47:38,291 - INFO - joeynmt.training - 	Hypothesis: L&apos; année dernière , j&apos; ai montré ces deux diapositives pour que la plupart des trois millions d&apos; années a été la taille de la taille de 3 millions d&apos; années a été la taille de 48 états , a une piste de 40 % .
2026-05-14 13:47:38,291 - INFO - joeynmt.training - Example #1
2026-05-14 13:47:38,291 - DEBUG - joeynmt.training - 	Tokenized source:     ['But', 'this', 'underst@@', 'ates', 'the', 'seri@@', 'ousness', 'of', 'this', 'particular', 'problem', 'because', 'it', 'doesn', '&apos;t', 'show', 'the', 'th@@', 'ick@@', 'ness', 'of', 'the', 'ice', '.']
2026-05-14 13:47:38,291 - DEBUG - joeynmt.training - 	Tokenized reference:  ['Mais', 'ceci', 'tend', 'à', 'a@@', 'mo@@', 'ind@@', 'rir', 'le', 'problème', 'parce', 'qu&apos;', 'on', 'ne', 'voit', 'pas', 'l&apos;', 'ép@@', 'aiss@@', 'eur', 'de', 'la', 'glace', '.']
2026-05-14 13:47:38,291 - DEBUG - joeynmt.training - 	Tokenized hypothesis: ['Mais', 'cela', 'comprend', 'le', 'sérieux', 'de', 'ce', 'problème', 'particulier', 'parce', 'qu&apos;', 'il', 'ne', 'montre', 'pas', 'la', 'pou@@', 'sse', 'de', 'la', 'glace', '.', '</s>']
2026-05-14 13:47:38,291 - INFO - joeynmt.training - 	Source:     But this understates the seriousness of this particular problem because it doesn &apos;t show the thickness of the ice .
2026-05-14 13:47:38,291 - INFO - joeynmt.training - 	Reference:  Mais ceci tend à amoindrir le problème parce qu&apos; on ne voit pas l&apos; épaisseur de la glace .
2026-05-14 13:47:38,291 - INFO - joeynmt.training - 	Hypothesis: Mais cela comprend le sérieux de ce problème particulier parce qu&apos; il ne montre pas la pousse de la glace .
2026-05-14 13:47:38,291 - INFO - joeynmt.training - Example #2
2026-05-14 13:47:38,291 - DEBUG - joeynmt.training - 	Tokenized source:     ['The', 'ar@@', 'c@@', 'tic', 'ice', 'ca@@', 'p', 'is', ',', 'in', 'a', 'sense', ',', 'the', 'be@@', 'ating', 'heart', 'of', 'the', 'global', 'climate', 'system', '.']
2026-05-14 13:47:38,291 - DEBUG - joeynmt.training - 	Tokenized reference:  ['On', 'peut', 'voir', 'la', 'cal@@', 'ot@@', 'te', 'gl@@', 'ac@@', 'ière', 'ar@@', 'c@@', 'tique', 'comme', 'le', 'coeur', 'du', 'système', 'climatique', 'global', '.', 'On', 'peut', 'voir', 'la', 'cal@@', 'ot@@', 'te', 'gl@@', 'ac@@', 'ière', 'ar@@', 'c@@', 'tique', 'comme', 'le', 'coeur', 'du', 'système', 'climatique', 'global', '.']
2026-05-14 13:47:38,291 - DEBUG - joeynmt.training - 	Tokenized hypothesis: ['La', 'glace', 'ar@@', 'c@@', 'tique', 'est', ',', 'dans', 'un', 'sens', ',', 'le', 'coeur', 'de', 'l&apos;', 'é@@', 'par@@', 'g@@', 'ne', 'du', 'système', 'climatique', '.', '</s>']
2026-05-14 13:47:38,291 - INFO - joeynmt.training - 	Source:     The arctic ice cap is , in a sense , the beating heart of the global climate system .
2026-05-14 13:47:38,291 - INFO - joeynmt.training - 	Reference:  On peut voir la calotte glacière arctique comme le coeur du système climatique global . On peut voir la calotte glacière arctique comme le coeur du système climatique global .
2026-05-14 13:47:38,291 - INFO - joeynmt.training - 	Hypothesis: La glace arctique est , dans un sens , le coeur de l&apos; épargne du système climatique .
2026-05-14 13:47:38,291 - INFO - joeynmt.training - Example #3
2026-05-14 13:47:38,291 - DEBUG - joeynmt.training - 	Tokenized source:     ['It', 'exp@@', 'ands', 'in', 'w@@', 'int@@', 'er', 'and', 'contr@@', 'acts', 'in', 'summer', '.']
2026-05-14 13:47:38,291 - DEBUG - joeynmt.training - 	Tokenized reference:  ['Elle', 's&apos;', 'ét@@', 'end', 'en', 'hi@@', 'ver', 'et', 'se', 'contr@@', 'acte', 'en', 'été', '.']
2026-05-14 13:47:38,291 - DEBUG - joeynmt.training - 	Tokenized hypothesis: ['Elle', 's&apos;', 'ét@@', 'end', 'en', 'hi@@', 'ver', 'et', 'contr@@', 'at', 'en', 'été', '.', '</s>']
2026-05-14 13:47:38,291 - INFO - joeynmt.training - 	Source:     It expands in winter and contracts in summer .
2026-05-14 13:47:38,291 - INFO - joeynmt.training - 	Reference:  Elle s&apos; étend en hiver et se contracte en été .
2026-05-14 13:47:38,291 - INFO - joeynmt.training - 	Hypothesis: Elle s&apos; étend en hiver et contrat en été .
2026-05-14 13:47:38,291 - INFO - joeynmt.training - Example #4
2026-05-14 13:47:38,292 - DEBUG - joeynmt.training - 	Tokenized source:     ['The', 'next', 'slide', 'I', 'show', 'you', 'will', 'be', 'a', 'rap@@', 'id', 'fas@@', 't-@@', 'forward', 'of', 'what', '&apos;s', 'happened', 'over', 'the', 'last', '25', 'years', '.']
2026-05-14 13:47:38,292 - DEBUG - joeynmt.training - 	Tokenized reference:  ['La', 'prochaine', 'di@@', 'apos@@', 'itive', 'que', 'je', 'vais', 'vous', 'montrer', 'est', 'une', 'vue', 'en', 'accél@@', 'éré', 'de', 'ce', 'qui', 's&apos;', 'est', 'passé', 'ces', '25', 'dernières', 'années', '.']
2026-05-14 13:47:38,292 - DEBUG - joeynmt.training - 	Tokenized hypothesis: ['La', 'prochaine', 'di@@', 'apos@@', 'itive', 'que', 'je', 'vous', 'ser@@', 'ez', 'un', 'rapide', 'rapide', 'de', 'ce', 'qui', 's&apos;', 'est', 'passé', 'ces', '25', 'dernières', 'années', '.', '</s>']
2026-05-14 13:47:38,292 - INFO - joeynmt.training - 	Source:     The next slide I show you will be a rapid fast-forward of what &apos;s happened over the last 25 years .
2026-05-14 13:47:38,292 - INFO - joeynmt.training - 	Reference:  La prochaine diapositive que je vais vous montrer est une vue en accéléré de ce qui s&apos; est passé ces 25 dernières années .
2026-05-14 13:47:38,292 - INFO - joeynmt.training - 	Hypothesis: La prochaine diapositive que je vous serez un rapide rapide de ce qui s&apos; est passé ces 25 dernières années .
2026-05-14 13:47:56,029 - INFO - joeynmt.training - Epoch  10, Step:    33600, Batch Loss:     1.255203, Batch Acc: 0.676974, Tokens per Sec:     4295, Lr: 0.000210
2026-05-14 13:48:13,075 - INFO - joeynmt.training - Epoch  10, Step:    33700, Batch Loss:     1.113257, Batch Acc: 0.680985, Tokens per Sec:     4365, Lr: 0.000210
2026-05-14 13:48:30,934 - INFO - joeynmt.training - Epoch  10, Step:    33800, Batch Loss:     1.058554, Batch Acc: 0.684860, Tokens per Sec:     4147, Lr: 0.000210
2026-05-14 13:48:48,544 - INFO - joeynmt.training - Epoch  10, Step:    33900, Batch Loss:     1.104336, Batch Acc: 0.678115, Tokens per Sec:     4153, Lr: 0.000210
2026-05-14 13:49:05,981 - INFO - joeynmt.training - Epoch  10, Step:    34000, Batch Loss:     1.072489, Batch Acc: 0.678998, Tokens per Sec:     4333, Lr: 0.000210
2026-05-14 13:49:05,981 - WARNING - joeynmt.helpers - `alpha` option is obsolete. Please use `beam_alpha`, instead.
2026-05-14 13:49:05,981 - INFO - joeynmt.prediction - Predicting 890 example(s)... (Greedy decoding with min_output_length=1, max_output_length=-1, return_prob='none', generate_unk=True, repetition_penalty=-1, no_repeat_ngram_size=-1)
2026-05-14 13:49:44,599 - INFO - joeynmt.prediction - Evaluation result (greedy) loss:   1.65, ppl:   5.22, acc:   0.56, generation: 38.6131[sec], evaluation: 0.0000[sec]
2026-05-14 13:49:44,667 - INFO - joeynmt.helpers - delete models/bpe_8k/31500.ckpt
2026-05-14 13:49:44,668 - INFO - joeynmt.training - Example #0
2026-05-14 13:49:44,668 - DEBUG - joeynmt.training - 	Tokenized source:     ['L@@', 'ast', 'year', 'I', 'showed', 'these', 'two', 'sli@@', 'des', 'so', 'that', 'demonstr@@', 'ate', 'that', 'the', 'ar@@', 'c@@', 'tic', 'ice', 'ca@@', 'p', ',', 'which', 'for', 'most', 'of', 'the', 'last', 'three', 'million', 'years', 'has', 'been', 'the', 'size', 'of', 'the', 'lower', '4@@', '8', 'states', ',', 'has', 'sh@@', 'run@@', 'k', 'by', '40', 'percent', '.']
2026-05-14 13:49:44,668 - DEBUG - joeynmt.training - 	Tokenized reference:  ['L&apos;', 'année', 'dernière', ',', 'je', 'vous', 'ai', 'présent@@', 'é', 'ces', 'deux', 'di@@', 'apos@@', 'iti@@', 'ves', 'qui', 'montr@@', 'aient', 'que', 'la', 'cal@@', 'ot@@', 'te', 'gl@@', 'ac@@', 'ière', 'ar@@', 'c@@', 'tique', ',', 'qui', 'pendant', 'ces', '3', 'derniers', 'millions', 'd&apos;', 'année', 'avait', 'la', 'taille', 'des', 'Etats-Unis', 'sans', 'l&apos;', 'Al@@', 'as@@', 'ka', ',', 'qui', 'pendant', 'ces', '3', 'derniers', 'millions', 'd&apos;', 'année', 'avait', 'la', 'taille', 'des', 'Etats-Unis', 'sans', 'l&apos;', 'Al@@', 'as@@', 'ka', ',', 'avait', 'di@@', 'minu@@', 'é', 'de', '40', '%', '.']
2026-05-14 13:49:44,668 - DEBUG - joeynmt.training - 	Tokenized hypothesis: ['L&apos;', 'année', 'dernière', ',', 'j&apos;', 'ai', 'montré', 'ces', 'deux', 'di@@', 'apos@@', 'iti@@', 'ves', 'pour', 'que', 'la', 'plupart', 'des', 'trois', 'millions', 'de', 'années', 'a', 'été', 'la', 'taille', 'des', 'trois', 'millions', 'd&apos;', 'années', 'a', 'été', 'la', 'taille', 'des', 'ét@@', 'ats', 'plus', 'bas', '4@@', '8', ',', 'a', 'une', 'p@@', 'iste', 'de', '40', '%', '.', '</s>']
2026-05-14 13:49:44,668 - INFO - joeynmt.training - 	Source:     Last year I showed these two slides so that demonstrate that the arctic ice cap , which for most of the last three million years has been the size of the lower 48 states , has shrunk by 40 percent .
2026-05-14 13:49:44,668 - INFO - joeynmt.training - 	Reference:  L&apos; année dernière , je vous ai présenté ces deux diapositives qui montraient que la calotte glacière arctique , qui pendant ces 3 derniers millions d&apos; année avait la taille des Etats-Unis sans l&apos; Alaska , qui pendant ces 3 derniers millions d&apos; année avait la taille des Etats-Unis sans l&apos; Alaska , avait diminué de 40 % .
2026-05-14 13:49:44,668 - INFO - joeynmt.training - 	Hypothesis: L&apos; année dernière , j&apos; ai montré ces deux diapositives pour que la plupart des trois millions de années a été la taille des trois millions d&apos; années a été la taille des états plus bas 48 , a une piste de 40 % .
2026-05-14 13:49:44,668 - INFO - joeynmt.training - Example #1
2026-05-14 13:49:44,668 - DEBUG - joeynmt.training - 	Tokenized source:     ['But', 'this', 'underst@@', 'ates', 'the', 'seri@@', 'ousness', 'of', 'this', 'particular', 'problem', 'because', 'it', 'doesn', '&apos;t', 'show', 'the', 'th@@', 'ick@@', 'ness', 'of', 'the', 'ice', '.']
2026-05-14 13:49:44,668 - DEBUG - joeynmt.training - 	Tokenized reference:  ['Mais', 'ceci', 'tend', 'à', 'a@@', 'mo@@', 'ind@@', 'rir', 'le', 'problème', 'parce', 'qu&apos;', 'on', 'ne', 'voit', 'pas', 'l&apos;', 'ép@@', 'aiss@@', 'eur', 'de', 'la', 'glace', '.']
2026-05-14 13:49:44,668 - DEBUG - joeynmt.training - 	Tokenized hypothesis: ['Mais', 'cela', 'comprend', 'le', 'sérieux', 'de', 'ce', 'problème', 'particulier', 'parce', 'que', 'ça', 'ne', 'montre', 'pas', 'la', 'pou@@', 's@@', 'ée', 'de', 'la', 'glace', '.', '</s>']
2026-05-14 13:49:44,668 - INFO - joeynmt.training - 	Source:     But this understates the seriousness of this particular problem because it doesn &apos;t show the thickness of the ice .
2026-05-14 13:49:44,668 - INFO - joeynmt.training - 	Reference:  Mais ceci tend à amoindrir le problème parce qu&apos; on ne voit pas l&apos; épaisseur de la glace .
2026-05-14 13:49:44,668 - INFO - joeynmt.training - 	Hypothesis: Mais cela comprend le sérieux de ce problème particulier parce que ça ne montre pas la pousée de la glace .
2026-05-14 13:49:44,668 - INFO - joeynmt.training - Example #2
2026-05-14 13:49:44,668 - DEBUG - joeynmt.training - 	Tokenized source:     ['The', 'ar@@', 'c@@', 'tic', 'ice', 'ca@@', 'p', 'is', ',', 'in', 'a', 'sense', ',', 'the', 'be@@', 'ating', 'heart', 'of', 'the', 'global', 'climate', 'system', '.']
2026-05-14 13:49:44,668 - DEBUG - joeynmt.training - 	Tokenized reference:  ['On', 'peut', 'voir', 'la', 'cal@@', 'ot@@', 'te', 'gl@@', 'ac@@', 'ière', 'ar@@', 'c@@', 'tique', 'comme', 'le', 'coeur', 'du', 'système', 'climatique', 'global', '.', 'On', 'peut', 'voir', 'la', 'cal@@', 'ot@@', 'te', 'gl@@', 'ac@@', 'ière', 'ar@@', 'c@@', 'tique', 'comme', 'le', 'coeur', 'du', 'système', 'climatique', 'global', '.']
2026-05-14 13:49:44,668 - DEBUG - joeynmt.training - 	Tokenized hypothesis: ['La', 'glace', 'est', ',', 'dans', 'un', 'sens', ',', 'le', 'coeur', 'de', 'la', 'com@@', 'position', 'ar@@', 'c@@', 'tique', 'est', ',', 'dans', 'le', 'coeur', 'du', 'système', 'climatique', '.', '</s>']
2026-05-14 13:49:44,668 - INFO - joeynmt.training - 	Source:     The arctic ice cap is , in a sense , the beating heart of the global climate system .
2026-05-14 13:49:44,668 - INFO - joeynmt.training - 	Reference:  On peut voir la calotte glacière arctique comme le coeur du système climatique global . On peut voir la calotte glacière arctique comme le coeur du système climatique global .
2026-05-14 13:49:44,668 - INFO - joeynmt.training - 	Hypothesis: La glace est , dans un sens , le coeur de la composition arctique est , dans le coeur du système climatique .
2026-05-14 13:49:44,668 - INFO - joeynmt.training - Example #3
2026-05-14 13:49:44,668 - DEBUG - joeynmt.training - 	Tokenized source:     ['It', 'exp@@', 'ands', 'in', 'w@@', 'int@@', 'er', 'and', 'contr@@', 'acts', 'in', 'summer', '.']
2026-05-14 13:49:44,668 - DEBUG - joeynmt.training - 	Tokenized reference:  ['Elle', 's&apos;', 'ét@@', 'end', 'en', 'hi@@', 'ver', 'et', 'se', 'contr@@', 'acte', 'en', 'été', '.']
2026-05-14 13:49:44,668 - DEBUG - joeynmt.training - 	Tokenized hypothesis: ['Elle', 's&apos;', 'ét@@', 'end', 'en', 'hi@@', 'ver', 'et', 'contr@@', 'ac@@', 'tif', 'en', 'été', '.', '</s>']
2026-05-14 13:49:44,669 - INFO - joeynmt.training - 	Source:     It expands in winter and contracts in summer .
2026-05-14 13:49:44,669 - INFO - joeynmt.training - 	Reference:  Elle s&apos; étend en hiver et se contracte en été .
2026-05-14 13:49:44,669 - INFO - joeynmt.training - 	Hypothesis: Elle s&apos; étend en hiver et contractif en été .
2026-05-14 13:49:44,669 - INFO - joeynmt.training - Example #4
2026-05-14 13:49:44,669 - DEBUG - joeynmt.training - 	Tokenized source:     ['The', 'next', 'slide', 'I', 'show', 'you', 'will', 'be', 'a', 'rap@@', 'id', 'fas@@', 't-@@', 'forward', 'of', 'what', '&apos;s', 'happened', 'over', 'the', 'last', '25', 'years', '.']
2026-05-14 13:49:44,669 - DEBUG - joeynmt.training - 	Tokenized reference:  ['La', 'prochaine', 'di@@', 'apos@@', 'itive', 'que', 'je', 'vais', 'vous', 'montrer', 'est', 'une', 'vue', 'en', 'accél@@', 'éré', 'de', 'ce', 'qui', 's&apos;', 'est', 'passé', 'ces', '25', 'dernières', 'années', '.']
2026-05-14 13:49:44,669 - DEBUG - joeynmt.training - 	Tokenized hypothesis: ['La', 'prochaine', 'di@@', 'apos@@', 'itive', 'que', 'je', 'vous', 'ser@@', 'ez', 'un', 'rapide', 'rapide', 'de', 'ce', 'qui', 'est', 'passé', 'ces', '25', 'dernières', 'années', '.', '</s>']
2026-05-14 13:49:44,669 - INFO - joeynmt.training - 	Source:     The next slide I show you will be a rapid fast-forward of what &apos;s happened over the last 25 years .
2026-05-14 13:49:44,669 - INFO - joeynmt.training - 	Reference:  La prochaine diapositive que je vais vous montrer est une vue en accéléré de ce qui s&apos; est passé ces 25 dernières années .
2026-05-14 13:49:44,669 - INFO - joeynmt.training - 	Hypothesis: La prochaine diapositive que je vous serez un rapide rapide de ce qui est passé ces 25 dernières années .
2026-05-14 13:50:01,642 - INFO - joeynmt.training - Epoch  10, Step:    34100, Batch Loss:     0.989397, Batch Acc: 0.680676, Tokens per Sec:     4531, Lr: 0.000210
2026-05-14 13:50:18,225 - INFO - joeynmt.training - Epoch  10, Step:    34200, Batch Loss:     0.946906, Batch Acc: 0.679928, Tokens per Sec:     4596, Lr: 0.000210
2026-05-14 13:50:35,388 - INFO - joeynmt.training - Epoch  10, Step:    34300, Batch Loss:     1.077358, Batch Acc: 0.682341, Tokens per Sec:     4392, Lr: 0.000210
2026-05-14 13:50:52,331 - INFO - joeynmt.training - Epoch  10, Step:    34400, Batch Loss:     1.119557, Batch Acc: 0.679777, Tokens per Sec:     4456, Lr: 0.000210
2026-05-14 13:51:09,277 - INFO - joeynmt.training - Epoch  10, Step:    34500, Batch Loss:     1.093172, Batch Acc: 0.682362, Tokens per Sec:     4372, Lr: 0.000210
2026-05-14 13:51:09,277 - WARNING - joeynmt.helpers - `alpha` option is obsolete. Please use `beam_alpha`, instead.
2026-05-14 13:51:09,277 - INFO - joeynmt.prediction - Predicting 890 example(s)... (Greedy decoding with min_output_length=1, max_output_length=-1, return_prob='none', generate_unk=True, repetition_penalty=-1, no_repeat_ngram_size=-1)
2026-05-14 13:51:54,648 - INFO - joeynmt.prediction - Evaluation result (greedy) loss:   1.65, ppl:   5.19, acc:   0.56, generation: 45.3663[sec], evaluation: 0.0000[sec]
2026-05-14 13:51:54,649 - INFO - joeynmt.training - Hooray! New best validation result [ppl]!
2026-05-14 13:51:54,718 - INFO - joeynmt.helpers - delete models/bpe_8k/29000.ckpt
2026-05-14 13:51:54,718 - INFO - joeynmt.training - Example #0
2026-05-14 13:51:54,719 - DEBUG - joeynmt.training - 	Tokenized source:     ['L@@', 'ast', 'year', 'I', 'showed', 'these', 'two', 'sli@@', 'des', 'so', 'that', 'demonstr@@', 'ate', 'that', 'the', 'ar@@', 'c@@', 'tic', 'ice', 'ca@@', 'p', ',', 'which', 'for', 'most', 'of', 'the', 'last', 'three', 'million', 'years', 'has', 'been', 'the', 'size', 'of', 'the', 'lower', '4@@', '8', 'states', ',', 'has', 'sh@@', 'run@@', 'k', 'by', '40', 'percent', '.']
2026-05-14 13:51:54,719 - DEBUG - joeynmt.training - 	Tokenized reference:  ['L&apos;', 'année', 'dernière', ',', 'je', 'vous', 'ai', 'présent@@', 'é', 'ces', 'deux', 'di@@', 'apos@@', 'iti@@', 'ves', 'qui', 'montr@@', 'aient', 'que', 'la', 'cal@@', 'ot@@', 'te', 'gl@@', 'ac@@', 'ière', 'ar@@', 'c@@', 'tique', ',', 'qui', 'pendant', 'ces', '3', 'derniers', 'millions', 'd&apos;', 'année', 'avait', 'la', 'taille', 'des', 'Etats-Unis', 'sans', 'l&apos;', 'Al@@', 'as@@', 'ka', ',', 'qui', 'pendant', 'ces', '3', 'derniers', 'millions', 'd&apos;', 'année', 'avait', 'la', 'taille', 'des', 'Etats-Unis', 'sans', 'l&apos;', 'Al@@', 'as@@', 'ka', ',', 'avait', 'di@@', 'minu@@', 'é', 'de', '40', '%', '.']
2026-05-14 13:51:54,719 - DEBUG - joeynmt.training - 	Tokenized hypothesis: ['L&apos;', 'année', 'dernière', ',', 'j&apos;', 'ai', 'montré', 'ces', 'deux', 'di@@', 'a@@', 'pos', 'pour', 'pour', 'que', 'la', 'plupart', 'des', 'trois', 'derniers', 'millions', 'd&apos;', 'années', 'a', 'été', 'la', 'taille', 'des', 'trois', 'derniers', 'millions', 'd&apos;', 'années', 'a', 'été', 'la', 'taille', 'des', 'ét@@', 'ats', 'de', '4@@', '8', ',', 'a', 'une', 'p@@', 'iste', 'de', '40', '%', '.', '</s>']
2026-05-14 13:51:54,719 - INFO - joeynmt.training - 	Source:     Last year I showed these two slides so that demonstrate that the arctic ice cap , which for most of the last three million years has been the size of the lower 48 states , has shrunk by 40 percent .
2026-05-14 13:51:54,719 - INFO - joeynmt.training - 	Reference:  L&apos; année dernière , je vous ai présenté ces deux diapositives qui montraient que la calotte glacière arctique , qui pendant ces 3 derniers millions d&apos; année avait la taille des Etats-Unis sans l&apos; Alaska , qui pendant ces 3 derniers millions d&apos; année avait la taille des Etats-Unis sans l&apos; Alaska , avait diminué de 40 % .
2026-05-14 13:51:54,719 - INFO - joeynmt.training - 	Hypothesis: L&apos; année dernière , j&apos; ai montré ces deux diapos pour pour que la plupart des trois derniers millions d&apos; années a été la taille des trois derniers millions d&apos; années a été la taille des états de 48 , a une piste de 40 % .
2026-05-14 13:51:54,719 - INFO - joeynmt.training - Example #1
2026-05-14 13:51:54,719 - DEBUG - joeynmt.training - 	Tokenized source:     ['But', 'this', 'underst@@', 'ates', 'the', 'seri@@', 'ousness', 'of', 'this', 'particular', 'problem', 'because', 'it', 'doesn', '&apos;t', 'show', 'the', 'th@@', 'ick@@', 'ness', 'of', 'the', 'ice', '.']
2026-05-14 13:51:54,719 - DEBUG - joeynmt.training - 	Tokenized reference:  ['Mais', 'ceci', 'tend', 'à', 'a@@', 'mo@@', 'ind@@', 'rir', 'le', 'problème', 'parce', 'qu&apos;', 'on', 'ne', 'voit', 'pas', 'l&apos;', 'ép@@', 'aiss@@', 'eur', 'de', 'la', 'glace', '.']
2026-05-14 13:51:54,719 - DEBUG - joeynmt.training - 	Tokenized hypothesis: ['Mais', 'cela', 'a', 'compris', 'le', 'sérieux', 'de', 'ce', 'problème', 'en', 'particulier', 'parce', 'qu&apos;', 'il', 'ne', 'montre', 'pas', 'la', 'pou@@', 'sse', 'la', 'glace', '.', '</s>']
2026-05-14 13:51:54,719 - INFO - joeynmt.training - 	Source:     But this understates the seriousness of this particular problem because it doesn &apos;t show the thickness of the ice .
2026-05-14 13:51:54,719 - INFO - joeynmt.training - 	Reference:  Mais ceci tend à amoindrir le problème parce qu&apos; on ne voit pas l&apos; épaisseur de la glace .
2026-05-14 13:51:54,719 - INFO - joeynmt.training - 	Hypothesis: Mais cela a compris le sérieux de ce problème en particulier parce qu&apos; il ne montre pas la pousse la glace .
2026-05-14 13:51:54,719 - INFO - joeynmt.training - Example #2
2026-05-14 13:51:54,719 - DEBUG - joeynmt.training - 	Tokenized source:     ['The', 'ar@@', 'c@@', 'tic', 'ice', 'ca@@', 'p', 'is', ',', 'in', 'a', 'sense', ',', 'the', 'be@@', 'ating', 'heart', 'of', 'the', 'global', 'climate', 'system', '.']
2026-05-14 13:51:54,719 - DEBUG - joeynmt.training - 	Tokenized reference:  ['On', 'peut', 'voir', 'la', 'cal@@', 'ot@@', 'te', 'gl@@', 'ac@@', 'ière', 'ar@@', 'c@@', 'tique', 'comme', 'le', 'coeur', 'du', 'système', 'climatique', 'global', '.', 'On', 'peut', 'voir', 'la', 'cal@@', 'ot@@', 'te', 'gl@@', 'ac@@', 'ière', 'ar@@', 'c@@', 'tique', 'comme', 'le', 'coeur', 'du', 'système', 'climatique', 'global', '.']
2026-05-14 13:51:54,719 - DEBUG - joeynmt.training - 	Tokenized hypothesis: ['La', 'cal@@', 'ot@@', 'te', 'ar@@', 'c@@', 'tique', 'est', ',', 'dans', 'un', 'sens', ',', 'le', 'coeur', 'du', 'système', 'climatique', '.', '</s>']
2026-05-14 13:51:54,719 - INFO - joeynmt.training - 	Source:     The arctic ice cap is , in a sense , the beating heart of the global climate system .
2026-05-14 13:51:54,719 - INFO - joeynmt.training - 	Reference:  On peut voir la calotte glacière arctique comme le coeur du système climatique global . On peut voir la calotte glacière arctique comme le coeur du système climatique global .
2026-05-14 13:51:54,719 - INFO - joeynmt.training - 	Hypothesis: La calotte arctique est , dans un sens , le coeur du système climatique .
2026-05-14 13:51:54,719 - INFO - joeynmt.training - Example #3
2026-05-14 13:51:54,719 - DEBUG - joeynmt.training - 	Tokenized source:     ['It', 'exp@@', 'ands', 'in', 'w@@', 'int@@', 'er', 'and', 'contr@@', 'acts', 'in', 'summer', '.']
2026-05-14 13:51:54,719 - DEBUG - joeynmt.training - 	Tokenized reference:  ['Elle', 's&apos;', 'ét@@', 'end', 'en', 'hi@@', 'ver', 'et', 'se', 'contr@@', 'acte', 'en', 'été', '.']
2026-05-14 13:51:54,719 - DEBUG - joeynmt.training - 	Tokenized hypothesis: ['Elle', 's&apos;', 'ét@@', 'end', 'en', 'hi@@', 'ver', 'et', 'contr@@', 'ac@@', 'u@@', 'le', 'en', 'été', '.', '</s>']
2026-05-14 13:51:54,719 - INFO - joeynmt.training - 	Source:     It expands in winter and contracts in summer .
2026-05-14 13:51:54,719 - INFO - joeynmt.training - 	Reference:  Elle s&apos; étend en hiver et se contracte en été .
2026-05-14 13:51:54,719 - INFO - joeynmt.training - 	Hypothesis: Elle s&apos; étend en hiver et contracule en été .
2026-05-14 13:51:54,720 - INFO - joeynmt.training - Example #4
2026-05-14 13:51:54,720 - DEBUG - joeynmt.training - 	Tokenized source:     ['The', 'next', 'slide', 'I', 'show', 'you', 'will', 'be', 'a', 'rap@@', 'id', 'fas@@', 't-@@', 'forward', 'of', 'what', '&apos;s', 'happened', 'over', 'the', 'last', '25', 'years', '.']
2026-05-14 13:51:54,720 - DEBUG - joeynmt.training - 	Tokenized reference:  ['La', 'prochaine', 'di@@', 'apos@@', 'itive', 'que', 'je', 'vais', 'vous', 'montrer', 'est', 'une', 'vue', 'en', 'accél@@', 'éré', 'de', 'ce', 'qui', 's&apos;', 'est', 'passé', 'ces', '25', 'dernières', 'années', '.']
2026-05-14 13:51:54,720 - DEBUG - joeynmt.training - 	Tokenized hypothesis: ['La', 'prochaine', 'di@@', 'ap@@', 'o', 'que', 'vous', 'ser@@', 'ez', 'un', 'rapide', 'rapide', 'de', 'ce', 'qui', 'est', 'arrivé', 'pendant', 'les', '25', 'dernières', 'années', '.', '</s>']
2026-05-14 13:51:54,720 - INFO - joeynmt.training - 	Source:     The next slide I show you will be a rapid fast-forward of what &apos;s happened over the last 25 years .
2026-05-14 13:51:54,720 - INFO - joeynmt.training - 	Reference:  La prochaine diapositive que je vais vous montrer est une vue en accéléré de ce qui s&apos; est passé ces 25 dernières années .
2026-05-14 13:51:54,720 - INFO - joeynmt.training - 	Hypothesis: La prochaine diapo que vous serez un rapide rapide de ce qui est arrivé pendant les 25 dernières années .
2026-05-14 13:52:11,602 - INFO - joeynmt.training - Epoch  10, Step:    34600, Batch Loss:     1.112801, Batch Acc: 0.680306, Tokens per Sec:     4491, Lr: 0.000210
2026-05-14 13:52:28,580 - INFO - joeynmt.training - Epoch  10, Step:    34700, Batch Loss:     1.218963, Batch Acc: 0.683222, Tokens per Sec:     4572, Lr: 0.000210
2026-05-14 13:52:45,972 - INFO - joeynmt.training - Epoch  10, Step:    34800, Batch Loss:     1.057801, Batch Acc: 0.674115, Tokens per Sec:     4385, Lr: 0.000210
2026-05-14 13:53:02,837 - INFO - joeynmt.training - Epoch  10, Step:    34900, Batch Loss:     1.200847, Batch Acc: 0.673557, Tokens per Sec:     4332, Lr: 0.000210
2026-05-14 13:53:20,204 - INFO - joeynmt.training - Epoch  10, Step:    35000, Batch Loss:     1.033988, Batch Acc: 0.675979, Tokens per Sec:     4246, Lr: 0.000210
2026-05-14 13:53:20,204 - WARNING - joeynmt.helpers - `alpha` option is obsolete. Please use `beam_alpha`, instead.
2026-05-14 13:53:20,204 - INFO - joeynmt.prediction - Predicting 890 example(s)... (Greedy decoding with min_output_length=1, max_output_length=-1, return_prob='none', generate_unk=True, repetition_penalty=-1, no_repeat_ngram_size=-1)
2026-05-14 13:54:00,517 - INFO - joeynmt.prediction - Evaluation result (greedy) loss:   1.64, ppl:   5.15, acc:   0.56, generation: 40.3083[sec], evaluation: 0.0000[sec]
2026-05-14 13:54:00,518 - INFO - joeynmt.training - Hooray! New best validation result [ppl]!
2026-05-14 13:54:00,584 - INFO - joeynmt.helpers - delete models/bpe_8k/32500.ckpt
2026-05-14 13:54:00,586 - INFO - joeynmt.training - Example #0
2026-05-14 13:54:00,586 - DEBUG - joeynmt.training - 	Tokenized source:     ['L@@', 'ast', 'year', 'I', 'showed', 'these', 'two', 'sli@@', 'des', 'so', 'that', 'demonstr@@', 'ate', 'that', 'the', 'ar@@', 'c@@', 'tic', 'ice', 'ca@@', 'p', ',', 'which', 'for', 'most', 'of', 'the', 'last', 'three', 'million', 'years', 'has', 'been', 'the', 'size', 'of', 'the', 'lower', '4@@', '8', 'states', ',', 'has', 'sh@@', 'run@@', 'k', 'by', '40', 'percent', '.']
2026-05-14 13:54:00,586 - DEBUG - joeynmt.training - 	Tokenized reference:  ['L&apos;', 'année', 'dernière', ',', 'je', 'vous', 'ai', 'présent@@', 'é', 'ces', 'deux', 'di@@', 'apos@@', 'iti@@', 'ves', 'qui', 'montr@@', 'aient', 'que', 'la', 'cal@@', 'ot@@', 'te', 'gl@@', 'ac@@', 'ière', 'ar@@', 'c@@', 'tique', ',', 'qui', 'pendant', 'ces', '3', 'derniers', 'millions', 'd&apos;', 'année', 'avait', 'la', 'taille', 'des', 'Etats-Unis', 'sans', 'l&apos;', 'Al@@', 'as@@', 'ka', ',', 'qui', 'pendant', 'ces', '3', 'derniers', 'millions', 'd&apos;', 'année', 'avait', 'la', 'taille', 'des', 'Etats-Unis', 'sans', 'l&apos;', 'Al@@', 'as@@', 'ka', ',', 'avait', 'di@@', 'minu@@', 'é', 'de', '40', '%', '.']
2026-05-14 13:54:00,586 - DEBUG - joeynmt.training - 	Tokenized hypothesis: ['L&apos;', 'année', 'dernière', 'j&apos;', 'ai', 'montré', 'ces', 'deux', 'di@@', 'a@@', 'por@@', 'tes', 'pour', 'que', 'la', 'glace', 'ar@@', 'c@@', 'tique', ',', 'qui', 'depuis', 'la', 'plupart', 'des', 'trois', 'millions', 'd&apos;', 'années', 'a', 'été', 'la', 'taille', 'de', 'la', 'taille', 'de', 'la', '4@@', '8', ',', 'a', 'été', 'la', 'taille', 'de', '4@@', '8', ',', 'a', 'une', 'dé@@', 'mon@@', 'str@@', 'ation', 'de', '40', '%', '.', '</s>']
2026-05-14 13:54:00,586 - INFO - joeynmt.training - 	Source:     Last year I showed these two slides so that demonstrate that the arctic ice cap , which for most of the last three million years has been the size of the lower 48 states , has shrunk by 40 percent .
2026-05-14 13:54:00,586 - INFO - joeynmt.training - 	Reference:  L&apos; année dernière , je vous ai présenté ces deux diapositives qui montraient que la calotte glacière arctique , qui pendant ces 3 derniers millions d&apos; année avait la taille des Etats-Unis sans l&apos; Alaska , qui pendant ces 3 derniers millions d&apos; année avait la taille des Etats-Unis sans l&apos; Alaska , avait diminué de 40 % .
2026-05-14 13:54:00,586 - INFO - joeynmt.training - 	Hypothesis: L&apos; année dernière j&apos; ai montré ces deux diaportes pour que la glace arctique , qui depuis la plupart des trois millions d&apos; années a été la taille de la taille de la 48 , a été la taille de 48 , a une démonstration de 40 % .
2026-05-14 13:54:00,586 - INFO - joeynmt.training - Example #1
2026-05-14 13:54:00,586 - DEBUG - joeynmt.training - 	Tokenized source:     ['But', 'this', 'underst@@', 'ates', 'the', 'seri@@', 'ousness', 'of', 'this', 'particular', 'problem', 'because', 'it', 'doesn', '&apos;t', 'show', 'the', 'th@@', 'ick@@', 'ness', 'of', 'the', 'ice', '.']
2026-05-14 13:54:00,586 - DEBUG - joeynmt.training - 	Tokenized reference:  ['Mais', 'ceci', 'tend', 'à', 'a@@', 'mo@@', 'ind@@', 'rir', 'le', 'problème', 'parce', 'qu&apos;', 'on', 'ne', 'voit', 'pas', 'l&apos;', 'ép@@', 'aiss@@', 'eur', 'de', 'la', 'glace', '.']
2026-05-14 13:54:00,586 - DEBUG - joeynmt.training - 	Tokenized hypothesis: ['Mais', 'cela', 'comprend', 'le', 'sérieux', 'de', 'ce', 'problème', 'particulier', 'parce', 'que', 'ça', 'ne', 'montre', 'pas', 'la', 'pou@@', 'la', 'de', 'la', 'glace', '.', '</s>']
2026-05-14 13:54:00,587 - INFO - joeynmt.training - 	Source:     But this understates the seriousness of this particular problem because it doesn &apos;t show the thickness of the ice .
2026-05-14 13:54:00,587 - INFO - joeynmt.training - 	Reference:  Mais ceci tend à amoindrir le problème parce qu&apos; on ne voit pas l&apos; épaisseur de la glace .
2026-05-14 13:54:00,587 - INFO - joeynmt.training - 	Hypothesis: Mais cela comprend le sérieux de ce problème particulier parce que ça ne montre pas la poula de la glace .
2026-05-14 13:54:00,587 - INFO - joeynmt.training - Example #2
2026-05-14 13:54:00,587 - DEBUG - joeynmt.training - 	Tokenized source:     ['The', 'ar@@', 'c@@', 'tic', 'ice', 'ca@@', 'p', 'is', ',', 'in', 'a', 'sense', ',', 'the', 'be@@', 'ating', 'heart', 'of', 'the', 'global', 'climate', 'system', '.']
2026-05-14 13:54:00,587 - DEBUG - joeynmt.training - 	Tokenized reference:  ['On', 'peut', 'voir', 'la', 'cal@@', 'ot@@', 'te', 'gl@@', 'ac@@', 'ière', 'ar@@', 'c@@', 'tique', 'comme', 'le', 'coeur', 'du', 'système', 'climatique', 'global', '.', 'On', 'peut', 'voir', 'la', 'cal@@', 'ot@@', 'te', 'gl@@', 'ac@@', 'ière', 'ar@@', 'c@@', 'tique', 'comme', 'le', 'coeur', 'du', 'système', 'climatique', 'global', '.']
2026-05-14 13:54:00,587 - DEBUG - joeynmt.training - 	Tokenized hypothesis: ['La', 'cal@@', 'ot@@', 'te', 'ar@@', 'c@@', 'tique', 'est', ',', 'dans', 'un', 'sens', ',', 'le', 'coeur', 'du', 'système', 'du', 'climat', '.', '</s>']
2026-05-14 13:54:00,587 - INFO - joeynmt.training - 	Source:     The arctic ice cap is , in a sense , the beating heart of the global climate system .
2026-05-14 13:54:00,587 - INFO - joeynmt.training - 	Reference:  On peut voir la calotte glacière arctique comme le coeur du système climatique global . On peut voir la calotte glacière arctique comme le coeur du système climatique global .
2026-05-14 13:54:00,587 - INFO - joeynmt.training - 	Hypothesis: La calotte arctique est , dans un sens , le coeur du système du climat .
2026-05-14 13:54:00,587 - INFO - joeynmt.training - Example #3
2026-05-14 13:54:00,587 - DEBUG - joeynmt.training - 	Tokenized source:     ['It', 'exp@@', 'ands', 'in', 'w@@', 'int@@', 'er', 'and', 'contr@@', 'acts', 'in', 'summer', '.']
2026-05-14 13:54:00,587 - DEBUG - joeynmt.training - 	Tokenized reference:  ['Elle', 's&apos;', 'ét@@', 'end', 'en', 'hi@@', 'ver', 'et', 'se', 'contr@@', 'acte', 'en', 'été', '.']
2026-05-14 13:54:00,587 - DEBUG - joeynmt.training - 	Tokenized hypothesis: ['Elle', 'se', 'rép@@', 'ète', 'en', 'hi@@', 'ver', 'et', 'contr@@', 'ac@@', 'tif', 'en', 'été', '.', '</s>']
2026-05-14 13:54:00,587 - INFO - joeynmt.training - 	Source:     It expands in winter and contracts in summer .
2026-05-14 13:54:00,587 - INFO - joeynmt.training - 	Reference:  Elle s&apos; étend en hiver et se contracte en été .
2026-05-14 13:54:00,587 - INFO - joeynmt.training - 	Hypothesis: Elle se répète en hiver et contractif en été .
2026-05-14 13:54:00,587 - INFO - joeynmt.training - Example #4
2026-05-14 13:54:00,587 - DEBUG - joeynmt.training - 	Tokenized source:     ['The', 'next', 'slide', 'I', 'show', 'you', 'will', 'be', 'a', 'rap@@', 'id', 'fas@@', 't-@@', 'forward', 'of', 'what', '&apos;s', 'happened', 'over', 'the', 'last', '25', 'years', '.']
2026-05-14 13:54:00,587 - DEBUG - joeynmt.training - 	Tokenized reference:  ['La', 'prochaine', 'di@@', 'apos@@', 'itive', 'que', 'je', 'vais', 'vous', 'montrer', 'est', 'une', 'vue', 'en', 'accél@@', 'éré', 'de', 'ce', 'qui', 's&apos;', 'est', 'passé', 'ces', '25', 'dernières', 'années', '.']
2026-05-14 13:54:00,587 - DEBUG - joeynmt.training - 	Tokenized hypothesis: ['La', 'di@@', 'apos@@', 'itive', 'suivante', 'que', 'je', 'vais', 'vous', 'ser@@', 'ez', 'un', 'rapide', 'rapide', 'de', 'ce', 'qui', 's&apos;', 'est', 'passé', 'ces', '25', 'dernières', 'années', '.', '</s>']
2026-05-14 13:54:00,587 - INFO - joeynmt.training - 	Source:     The next slide I show you will be a rapid fast-forward of what &apos;s happened over the last 25 years .
2026-05-14 13:54:00,587 - INFO - joeynmt.training - 	Reference:  La prochaine diapositive que je vais vous montrer est une vue en accéléré de ce qui s&apos; est passé ces 25 dernières années .
2026-05-14 13:54:00,587 - INFO - joeynmt.training - 	Hypothesis: La diapositive suivante que je vais vous serez un rapide rapide de ce qui s&apos; est passé ces 25 dernières années .
2026-05-14 13:54:17,357 - INFO - joeynmt.training - Epoch  10, Step:    35100, Batch Loss:     1.185110, Batch Acc: 0.678949, Tokens per Sec:     4306, Lr: 0.000210
2026-05-14 13:54:34,598 - INFO - joeynmt.training - Epoch  10, Step:    35200, Batch Loss:     1.105304, Batch Acc: 0.672797, Tokens per Sec:     4416, Lr: 0.000210
2026-05-14 13:54:51,939 - INFO - joeynmt.training - Epoch  10, Step:    35300, Batch Loss:     1.171976, Batch Acc: 0.676183, Tokens per Sec:     4393, Lr: 0.000210
2026-05-14 13:55:08,879 - INFO - joeynmt.training - Epoch  10, Step:    35400, Batch Loss:     1.252079, Batch Acc: 0.678895, Tokens per Sec:     4406, Lr: 0.000210
2026-05-14 13:55:26,201 - INFO - joeynmt.training - Epoch  10, Step:    35500, Batch Loss:     1.137599, Batch Acc: 0.677981, Tokens per Sec:     4376, Lr: 0.000210
2026-05-14 13:55:26,202 - WARNING - joeynmt.helpers - `alpha` option is obsolete. Please use `beam_alpha`, instead.
2026-05-14 13:55:26,202 - INFO - joeynmt.prediction - Predicting 890 example(s)... (Greedy decoding with min_output_length=1, max_output_length=-1, return_prob='none', generate_unk=True, repetition_penalty=-1, no_repeat_ngram_size=-1)
2026-05-14 13:56:04,933 - INFO - joeynmt.prediction - Evaluation result (greedy) loss:   1.64, ppl:   5.15, acc:   0.56, generation: 38.7263[sec], evaluation: 0.0000[sec]
2026-05-14 13:56:04,933 - INFO - joeynmt.training - Hooray! New best validation result [ppl]!
2026-05-14 13:56:05,004 - INFO - joeynmt.helpers - delete models/bpe_8k/28500.ckpt
2026-05-14 13:56:05,006 - INFO - joeynmt.training - Example #0
2026-05-14 13:56:05,006 - DEBUG - joeynmt.training - 	Tokenized source:     ['L@@', 'ast', 'year', 'I', 'showed', 'these', 'two', 'sli@@', 'des', 'so', 'that', 'demonstr@@', 'ate', 'that', 'the', 'ar@@', 'c@@', 'tic', 'ice', 'ca@@', 'p', ',', 'which', 'for', 'most', 'of', 'the', 'last', 'three', 'million', 'years', 'has', 'been', 'the', 'size', 'of', 'the', 'lower', '4@@', '8', 'states', ',', 'has', 'sh@@', 'run@@', 'k', 'by', '40', 'percent', '.']
2026-05-14 13:56:05,006 - DEBUG - joeynmt.training - 	Tokenized reference:  ['L&apos;', 'année', 'dernière', ',', 'je', 'vous', 'ai', 'présent@@', 'é', 'ces', 'deux', 'di@@', 'apos@@', 'iti@@', 'ves', 'qui', 'montr@@', 'aient', 'que', 'la', 'cal@@', 'ot@@', 'te', 'gl@@', 'ac@@', 'ière', 'ar@@', 'c@@', 'tique', ',', 'qui', 'pendant', 'ces', '3', 'derniers', 'millions', 'd&apos;', 'année', 'avait', 'la', 'taille', 'des', 'Etats-Unis', 'sans', 'l&apos;', 'Al@@', 'as@@', 'ka', ',', 'qui', 'pendant', 'ces', '3', 'derniers', 'millions', 'd&apos;', 'année', 'avait', 'la', 'taille', 'des', 'Etats-Unis', 'sans', 'l&apos;', 'Al@@', 'as@@', 'ka', ',', 'avait', 'di@@', 'minu@@', 'é', 'de', '40', '%', '.']
2026-05-14 13:56:05,006 - DEBUG - joeynmt.training - 	Tokenized hypothesis: ['L&apos;', 'année', 'dernière', 'j&apos;', 'ai', 'montré', 'ces', 'deux', 'di@@', 'a@@', 'pos', 'pour', 'que', 'la', 'glace', 'de', 'l&apos;', 'ar@@', 'c@@', 'tique', ',', 'qui', 'depuis', 'la', 'plupart', 'des', 'trois', 'millions', 'd&apos;', 'années', 'a', 'été', 'la', 'taille', 'de', 'la', '4@@', '8', ',', 'a', 'dé@@', 'mon@@', 'str@@', 'ation', 'de', '40', '%', '.', '</s>']
2026-05-14 13:56:05,006 - INFO - joeynmt.training - 	Source:     Last year I showed these two slides so that demonstrate that the arctic ice cap , which for most of the last three million years has been the size of the lower 48 states , has shrunk by 40 percent .
2026-05-14 13:56:05,006 - INFO - joeynmt.training - 	Reference:  L&apos; année dernière , je vous ai présenté ces deux diapositives qui montraient que la calotte glacière arctique , qui pendant ces 3 derniers millions d&apos; année avait la taille des Etats-Unis sans l&apos; Alaska , qui pendant ces 3 derniers millions d&apos; année avait la taille des Etats-Unis sans l&apos; Alaska , avait diminué de 40 % .
2026-05-14 13:56:05,006 - INFO - joeynmt.training - 	Hypothesis: L&apos; année dernière j&apos; ai montré ces deux diapos pour que la glace de l&apos; arctique , qui depuis la plupart des trois millions d&apos; années a été la taille de la 48 , a démonstration de 40 % .
2026-05-14 13:56:05,006 - INFO - joeynmt.training - Example #1
2026-05-14 13:56:05,006 - DEBUG - joeynmt.training - 	Tokenized source:     ['But', 'this', 'underst@@', 'ates', 'the', 'seri@@', 'ousness', 'of', 'this', 'particular', 'problem', 'because', 'it', 'doesn', '&apos;t', 'show', 'the', 'th@@', 'ick@@', 'ness', 'of', 'the', 'ice', '.']
2026-05-14 13:56:05,006 - DEBUG - joeynmt.training - 	Tokenized reference:  ['Mais', 'ceci', 'tend', 'à', 'a@@', 'mo@@', 'ind@@', 'rir', 'le', 'problème', 'parce', 'qu&apos;', 'on', 'ne', 'voit', 'pas', 'l&apos;', 'ép@@', 'aiss@@', 'eur', 'de', 'la', 'glace', '.']
2026-05-14 13:56:05,006 - DEBUG - joeynmt.training - 	Tokenized hypothesis: ['Mais', 'cela', 'comprend', 'le', 'sérieux', 'de', 'ce', 'problème', ',', 'parce', 'qu&apos;', 'il', 'ne', 'montre', 'pas', 'la', 'pou@@', 'sse', 'de', 'la', 'glace', '.', '</s>']
2026-05-14 13:56:05,007 - INFO - joeynmt.training - 	Source:     But this understates the seriousness of this particular problem because it doesn &apos;t show the thickness of the ice .
2026-05-14 13:56:05,007 - INFO - joeynmt.training - 	Reference:  Mais ceci tend à amoindrir le problème parce qu&apos; on ne voit pas l&apos; épaisseur de la glace .
2026-05-14 13:56:05,007 - INFO - joeynmt.training - 	Hypothesis: Mais cela comprend le sérieux de ce problème , parce qu&apos; il ne montre pas la pousse de la glace .
2026-05-14 13:56:05,007 - INFO - joeynmt.training - Example #2
2026-05-14 13:56:05,007 - DEBUG - joeynmt.training - 	Tokenized source:     ['The', 'ar@@', 'c@@', 'tic', 'ice', 'ca@@', 'p', 'is', ',', 'in', 'a', 'sense', ',', 'the', 'be@@', 'ating', 'heart', 'of', 'the', 'global', 'climate', 'system', '.']
2026-05-14 13:56:05,007 - DEBUG - joeynmt.training - 	Tokenized reference:  ['On', 'peut', 'voir', 'la', 'cal@@', 'ot@@', 'te', 'gl@@', 'ac@@', 'ière', 'ar@@', 'c@@', 'tique', 'comme', 'le', 'coeur', 'du', 'système', 'climatique', 'global', '.', 'On', 'peut', 'voir', 'la', 'cal@@', 'ot@@', 'te', 'gl@@', 'ac@@', 'ière', 'ar@@', 'c@@', 'tique', 'comme', 'le', 'coeur', 'du', 'système', 'climatique', 'global', '.']
2026-05-14 13:56:05,007 - DEBUG - joeynmt.training - 	Tokenized hypothesis: ['La', 'glace', 'ar@@', 'c@@', 'tique', 'est', ',', 'dans', 'un', 'sens', ',', 'le', 'coeur', 'du', 'système', 'climatique', 'climatique', 'climatique', '.', '</s>']
2026-05-14 13:56:05,007 - INFO - joeynmt.training - 	Source:     The arctic ice cap is , in a sense , the beating heart of the global climate system .
2026-05-14 13:56:05,007 - INFO - joeynmt.training - 	Reference:  On peut voir la calotte glacière arctique comme le coeur du système climatique global . On peut voir la calotte glacière arctique comme le coeur du système climatique global .
2026-05-14 13:56:05,007 - INFO - joeynmt.training - 	Hypothesis: La glace arctique est , dans un sens , le coeur du système climatique climatique climatique .
2026-05-14 13:56:05,007 - INFO - joeynmt.training - Example #3
2026-05-14 13:56:05,007 - DEBUG - joeynmt.training - 	Tokenized source:     ['It', 'exp@@', 'ands', 'in', 'w@@', 'int@@', 'er', 'and', 'contr@@', 'acts', 'in', 'summer', '.']
2026-05-14 13:56:05,007 - DEBUG - joeynmt.training - 	Tokenized reference:  ['Elle', 's&apos;', 'ét@@', 'end', 'en', 'hi@@', 'ver', 'et', 'se', 'contr@@', 'acte', 'en', 'été', '.']
2026-05-14 13:56:05,007 - DEBUG - joeynmt.training - 	Tokenized hypothesis: ['Elle', 's&apos;', 'ét@@', 'end', 'à', 'l&apos;', 'hi@@', 'ver', 'et', 'contr@@', 'acter', 'en', 'été', '.', '</s>']
2026-05-14 13:56:05,007 - INFO - joeynmt.training - 	Source:     It expands in winter and contracts in summer .
2026-05-14 13:56:05,007 - INFO - joeynmt.training - 	Reference:  Elle s&apos; étend en hiver et se contracte en été .
2026-05-14 13:56:05,007 - INFO - joeynmt.training - 	Hypothesis: Elle s&apos; étend à l&apos; hiver et contracter en été .
2026-05-14 13:56:05,007 - INFO - joeynmt.training - Example #4
2026-05-14 13:56:05,007 - DEBUG - joeynmt.training - 	Tokenized source:     ['The', 'next', 'slide', 'I', 'show', 'you', 'will', 'be', 'a', 'rap@@', 'id', 'fas@@', 't-@@', 'forward', 'of', 'what', '&apos;s', 'happened', 'over', 'the', 'last', '25', 'years', '.']
2026-05-14 13:56:05,007 - DEBUG - joeynmt.training - 	Tokenized reference:  ['La', 'prochaine', 'di@@', 'apos@@', 'itive', 'que', 'je', 'vais', 'vous', 'montrer', 'est', 'une', 'vue', 'en', 'accél@@', 'éré', 'de', 'ce', 'qui', 's&apos;', 'est', 'passé', 'ces', '25', 'dernières', 'années', '.']
2026-05-14 13:56:05,007 - DEBUG - joeynmt.training - 	Tokenized hypothesis: ['La', 'prochaine', 'di@@', 'apos@@', 'itive', 'que', 'je', 'vous', 'ser@@', 'ai', 'un', 'rapide', 'rapide', 'de', 'ce', 'qui', 'est', 'passé', 'ces', '25', 'dernières', 'années', '.', '</s>']
2026-05-14 13:56:05,007 - INFO - joeynmt.training - 	Source:     The next slide I show you will be a rapid fast-forward of what &apos;s happened over the last 25 years .
2026-05-14 13:56:05,007 - INFO - joeynmt.training - 	Reference:  La prochaine diapositive que je vais vous montrer est une vue en accéléré de ce qui s&apos; est passé ces 25 dernières années .
2026-05-14 13:56:05,007 - INFO - joeynmt.training - 	Hypothesis: La prochaine diapositive que je vous serai un rapide rapide de ce qui est passé ces 25 dernières années .
2026-05-14 13:56:23,251 - INFO - joeynmt.training - Epoch  10, Step:    35600, Batch Loss:     1.020727, Batch Acc: 0.674536, Tokens per Sec:     4096, Lr: 0.000210
2026-05-14 13:56:41,039 - INFO - joeynmt.training - Epoch  10, Step:    35700, Batch Loss:     1.087220, Batch Acc: 0.672168, Tokens per Sec:     4146, Lr: 0.000210
2026-05-14 13:56:58,562 - INFO - joeynmt.training - Epoch  10, Step:    35800, Batch Loss:     1.172890, Batch Acc: 0.676642, Tokens per Sec:     4302, Lr: 0.000210
2026-05-14 13:57:16,158 - INFO - joeynmt.training - Epoch  10, Step:    35900, Batch Loss:     1.222802, Batch Acc: 0.677282, Tokens per Sec:     4219, Lr: 0.000210
2026-05-14 13:57:34,251 - INFO - joeynmt.training - Epoch  10, Step:    36000, Batch Loss:     1.229005, Batch Acc: 0.675750, Tokens per Sec:     4095, Lr: 0.000210
2026-05-14 13:57:34,252 - WARNING - joeynmt.helpers - `alpha` option is obsolete. Please use `beam_alpha`, instead.
2026-05-14 13:57:34,252 - INFO - joeynmt.prediction - Predicting 890 example(s)... (Greedy decoding with min_output_length=1, max_output_length=-1, return_prob='none', generate_unk=True, repetition_penalty=-1, no_repeat_ngram_size=-1)
2026-05-14 13:58:14,883 - INFO - joeynmt.prediction - Evaluation result (greedy) loss:   1.64, ppl:   5.17, acc:   0.56, generation: 40.6269[sec], evaluation: 0.0000[sec]
2026-05-14 13:58:14,954 - INFO - joeynmt.helpers - delete models/bpe_8k/34000.ckpt
2026-05-14 13:58:14,956 - INFO - joeynmt.training - Example #0
2026-05-14 13:58:14,956 - DEBUG - joeynmt.training - 	Tokenized source:     ['L@@', 'ast', 'year', 'I', 'showed', 'these', 'two', 'sli@@', 'des', 'so', 'that', 'demonstr@@', 'ate', 'that', 'the', 'ar@@', 'c@@', 'tic', 'ice', 'ca@@', 'p', ',', 'which', 'for', 'most', 'of', 'the', 'last', 'three', 'million', 'years', 'has', 'been', 'the', 'size', 'of', 'the', 'lower', '4@@', '8', 'states', ',', 'has', 'sh@@', 'run@@', 'k', 'by', '40', 'percent', '.']
2026-05-14 13:58:14,957 - DEBUG - joeynmt.training - 	Tokenized reference:  ['L&apos;', 'année', 'dernière', ',', 'je', 'vous', 'ai', 'présent@@', 'é', 'ces', 'deux', 'di@@', 'apos@@', 'iti@@', 'ves', 'qui', 'montr@@', 'aient', 'que', 'la', 'cal@@', 'ot@@', 'te', 'gl@@', 'ac@@', 'ière', 'ar@@', 'c@@', 'tique', ',', 'qui', 'pendant', 'ces', '3', 'derniers', 'millions', 'd&apos;', 'année', 'avait', 'la', 'taille', 'des', 'Etats-Unis', 'sans', 'l&apos;', 'Al@@', 'as@@', 'ka', ',', 'qui', 'pendant', 'ces', '3', 'derniers', 'millions', 'd&apos;', 'année', 'avait', 'la', 'taille', 'des', 'Etats-Unis', 'sans', 'l&apos;', 'Al@@', 'as@@', 'ka', ',', 'avait', 'di@@', 'minu@@', 'é', 'de', '40', '%', '.']
2026-05-14 13:58:14,957 - DEBUG - joeynmt.training - 	Tokenized hypothesis: ['L&apos;', 'année', 'dernière', 'j&apos;', 'ai', 'montré', 'ces', 'deux', 'di@@', 'a@@', 'pos', 'pour', 'pour', 'cette', 'dé@@', 'mon@@', 'str@@', 'ation', 'que', 'la', 'glace', 'ar@@', 'c@@', 'tique', ',', 'qui', 'pour', 'la', 'plupart', 'des', 'trois', 'millions', 'd&apos;', 'années', 'a', 'eu', 'la', 'taille', 'de', 'la', '4@@', '8', 'ét@@', 'ats', ',', 'qui', 'dé@@', 'mon@@', 'str@@', 'ation', 'de', '40', '%', '.', '</s>']
2026-05-14 13:58:14,957 - INFO - joeynmt.training - 	Source:     Last year I showed these two slides so that demonstrate that the arctic ice cap , which for most of the last three million years has been the size of the lower 48 states , has shrunk by 40 percent .
2026-05-14 13:58:14,957 - INFO - joeynmt.training - 	Reference:  L&apos; année dernière , je vous ai présenté ces deux diapositives qui montraient que la calotte glacière arctique , qui pendant ces 3 derniers millions d&apos; année avait la taille des Etats-Unis sans l&apos; Alaska , qui pendant ces 3 derniers millions d&apos; année avait la taille des Etats-Unis sans l&apos; Alaska , avait diminué de 40 % .
2026-05-14 13:58:14,957 - INFO - joeynmt.training - 	Hypothesis: L&apos; année dernière j&apos; ai montré ces deux diapos pour pour cette démonstration que la glace arctique , qui pour la plupart des trois millions d&apos; années a eu la taille de la 48 états , qui démonstration de 40 % .
2026-05-14 13:58:14,957 - INFO - joeynmt.training - Example #1
2026-05-14 13:58:14,957 - DEBUG - joeynmt.training - 	Tokenized source:     ['But', 'this', 'underst@@', 'ates', 'the', 'seri@@', 'ousness', 'of', 'this', 'particular', 'problem', 'because', 'it', 'doesn', '&apos;t', 'show', 'the', 'th@@', 'ick@@', 'ness', 'of', 'the', 'ice', '.']
2026-05-14 13:58:14,957 - DEBUG - joeynmt.training - 	Tokenized reference:  ['Mais', 'ceci', 'tend', 'à', 'a@@', 'mo@@', 'ind@@', 'rir', 'le', 'problème', 'parce', 'qu&apos;', 'on', 'ne', 'voit', 'pas', 'l&apos;', 'ép@@', 'aiss@@', 'eur', 'de', 'la', 'glace', '.']
2026-05-14 13:58:14,957 - DEBUG - joeynmt.training - 	Tokenized hypothesis: ['Mais', 'cela', 'comprend', 'le', 'sérieux', 'de', 'ce', 'problème', 'particulier', 'parce', 'qu&apos;', 'il', 'ne', 'montre', 'pas', 'la', 'pou@@', 'sse', 'de', 'la', 'glace', '.', '</s>']
2026-05-14 13:58:14,957 - INFO - joeynmt.training - 	Source:     But this understates the seriousness of this particular problem because it doesn &apos;t show the thickness of the ice .
2026-05-14 13:58:14,957 - INFO - joeynmt.training - 	Reference:  Mais ceci tend à amoindrir le problème parce qu&apos; on ne voit pas l&apos; épaisseur de la glace .
2026-05-14 13:58:14,957 - INFO - joeynmt.training - 	Hypothesis: Mais cela comprend le sérieux de ce problème particulier parce qu&apos; il ne montre pas la pousse de la glace .
2026-05-14 13:58:14,957 - INFO - joeynmt.training - Example #2
2026-05-14 13:58:14,957 - DEBUG - joeynmt.training - 	Tokenized source:     ['The', 'ar@@', 'c@@', 'tic', 'ice', 'ca@@', 'p', 'is', ',', 'in', 'a', 'sense', ',', 'the', 'be@@', 'ating', 'heart', 'of', 'the', 'global', 'climate', 'system', '.']
2026-05-14 13:58:14,957 - DEBUG - joeynmt.training - 	Tokenized reference:  ['On', 'peut', 'voir', 'la', 'cal@@', 'ot@@', 'te', 'gl@@', 'ac@@', 'ière', 'ar@@', 'c@@', 'tique', 'comme', 'le', 'coeur', 'du', 'système', 'climatique', 'global', '.', 'On', 'peut', 'voir', 'la', 'cal@@', 'ot@@', 'te', 'gl@@', 'ac@@', 'ière', 'ar@@', 'c@@', 'tique', 'comme', 'le', 'coeur', 'du', 'système', 'climatique', 'global', '.']
2026-05-14 13:58:14,957 - DEBUG - joeynmt.training - 	Tokenized hypothesis: ['La', 'cal@@', 'cule', 'ar@@', 'c@@', 'tique', 'est', ',', 'dans', 'un', 'sens', ',', 'le', 'coeur', 'de', 'la', 'batt@@', 'age', 'du', 'système', 'climatique', 'mondial', '.', '</s>']
2026-05-14 13:58:14,957 - INFO - joeynmt.training - 	Source:     The arctic ice cap is , in a sense , the beating heart of the global climate system .
2026-05-14 13:58:14,957 - INFO - joeynmt.training - 	Reference:  On peut voir la calotte glacière arctique comme le coeur du système climatique global . On peut voir la calotte glacière arctique comme le coeur du système climatique global .
2026-05-14 13:58:14,957 - INFO - joeynmt.training - 	Hypothesis: La calcule arctique est , dans un sens , le coeur de la battage du système climatique mondial .
2026-05-14 13:58:14,957 - INFO - joeynmt.training - Example #3
2026-05-14 13:58:14,957 - DEBUG - joeynmt.training - 	Tokenized source:     ['It', 'exp@@', 'ands', 'in', 'w@@', 'int@@', 'er', 'and', 'contr@@', 'acts', 'in', 'summer', '.']
2026-05-14 13:58:14,957 - DEBUG - joeynmt.training - 	Tokenized reference:  ['Elle', 's&apos;', 'ét@@', 'end', 'en', 'hi@@', 'ver', 'et', 'se', 'contr@@', 'acte', 'en', 'été', '.']
2026-05-14 13:58:14,957 - DEBUG - joeynmt.training - 	Tokenized hypothesis: ['Elle', 's&apos;', 'ét@@', 'end', 'en', 'hi@@', 'ver', 'et', 'contr@@', 'at', 'en', 'été', '.', '</s>']
2026-05-14 13:58:14,957 - INFO - joeynmt.training - 	Source:     It expands in winter and contracts in summer .
2026-05-14 13:58:14,957 - INFO - joeynmt.training - 	Reference:  Elle s&apos; étend en hiver et se contracte en été .
2026-05-14 13:58:14,957 - INFO - joeynmt.training - 	Hypothesis: Elle s&apos; étend en hiver et contrat en été .
2026-05-14 13:58:14,957 - INFO - joeynmt.training - Example #4
2026-05-14 13:58:14,958 - DEBUG - joeynmt.training - 	Tokenized source:     ['The', 'next', 'slide', 'I', 'show', 'you', 'will', 'be', 'a', 'rap@@', 'id', 'fas@@', 't-@@', 'forward', 'of', 'what', '&apos;s', 'happened', 'over', 'the', 'last', '25', 'years', '.']
2026-05-14 13:58:14,958 - DEBUG - joeynmt.training - 	Tokenized reference:  ['La', 'prochaine', 'di@@', 'apos@@', 'itive', 'que', 'je', 'vais', 'vous', 'montrer', 'est', 'une', 'vue', 'en', 'accél@@', 'éré', 'de', 'ce', 'qui', 's&apos;', 'est', 'passé', 'ces', '25', 'dernières', 'années', '.']
2026-05-14 13:58:14,958 - DEBUG - joeynmt.training - 	Tokenized hypothesis: ['La', 'prochaine', 'di@@', 'ap@@', 'o', 'que', 'vous', 'ser@@', 'ez', 'un', 'rapide', 'rapide', 'rapide', 'de', 'ce', 'qui', 'est', 'arrivé', 'ces', '25', 'dernières', 'années', '.', '</s>']
2026-05-14 13:58:14,958 - INFO - joeynmt.training - 	Source:     The next slide I show you will be a rapid fast-forward of what &apos;s happened over the last 25 years .
2026-05-14 13:58:14,958 - INFO - joeynmt.training - 	Reference:  La prochaine diapositive que je vais vous montrer est une vue en accéléré de ce qui s&apos; est passé ces 25 dernières années .
2026-05-14 13:58:14,958 - INFO - joeynmt.training - 	Hypothesis: La prochaine diapo que vous serez un rapide rapide rapide de ce qui est arrivé ces 25 dernières années .
2026-05-14 13:58:32,204 - INFO - joeynmt.training - Epoch  10, Step:    36100, Batch Loss:     1.184701, Batch Acc: 0.675541, Tokens per Sec:     4364, Lr: 0.000210
2026-05-14 13:58:49,919 - INFO - joeynmt.training - Epoch  10, Step:    36200, Batch Loss:     1.282742, Batch Acc: 0.672312, Tokens per Sec:     4223, Lr: 0.000210
2026-05-14 13:58:58,198 - INFO - joeynmt.training - Epoch  10: total training loss 4158.50
2026-05-14 13:58:58,198 - INFO - joeynmt.training - Training ended after  10 epochs.
2026-05-14 13:58:58,198 - INFO - joeynmt.training - Best validation result (greedy) at step    35500:   5.15 ppl.
2026-05-14 13:58:58,205 - INFO - joeynmt.model - Building an encoder-decoder model...
2026-05-14 13:58:58,237 - INFO - joeynmt.model - Enc-dec model built.
2026-05-14 13:58:58,277 - INFO - joeynmt.helpers - Load model from /Users/leonieadm/Desktop/mt-exercise-04/models/bpe_8k/35500.ckpt.
2026-05-14 13:58:58,279 - INFO - joeynmt.prediction - Model(
	encoder=TransformerEncoder(num_layers=4, num_heads=2, alpha=1.0, layer_norm="pre", activation=ReLU()),
	decoder=TransformerDecoder(num_layers=1, num_heads=2, alpha=1.0, layer_norm="post", activation=ReLU()),
	src_embed=Embeddings(embedding_dim=256, vocab_size=7962),
	trg_embed=Embeddings(embedding_dim=256, vocab_size=7962),
	loss_function=None)
2026-05-14 13:58:58,281 - INFO - joeynmt.prediction - Decoding on dev set...
2026-05-14 13:58:58,281 - WARNING - joeynmt.helpers - `alpha` option is obsolete. Please use `beam_alpha`, instead.
2026-05-14 13:58:58,281 - INFO - joeynmt.prediction - Predicting 890 example(s)... (Beam search with beam_size=5, beam_alpha=1.0, n_best=1, min_output_length=1, max_output_length=-1, return_prob='none', generate_unk=True, repetition_penalty=-1, no_repeat_ngram_size=-1)
2026-05-14 13:59:51,398 - INFO - joeynmt.prediction - Evaluation result (beam search) , generation: 53.1125[sec], evaluation: 0.0000[sec]
2026-05-14 13:59:51,398 - INFO - joeynmt.prediction - Translations saved to: /Users/leonieadm/Desktop/mt-exercise-04/models/bpe_8k/00035500.hyps.dev.
2026-05-14 13:59:51,398 - INFO - joeynmt.prediction - Decoding on test set...
2026-05-14 13:59:51,398 - WARNING - joeynmt.helpers - `alpha` option is obsolete. Please use `beam_alpha`, instead.
2026-05-14 13:59:51,399 - INFO - joeynmt.prediction - Predicting 8597 example(s)... (Beam search with beam_size=5, beam_alpha=1.0, n_best=1, min_output_length=1, max_output_length=-1, return_prob='none', generate_unk=True, repetition_penalty=-1, no_repeat_ngram_size=-1)
2026-05-14 14:06:12,333 - INFO - joeynmt.prediction - Evaluation result (beam search) , generation: 380.8992[sec], evaluation: 0.0000[sec]
2026-05-14 14:06:12,336 - INFO - joeynmt.prediction - Translations saved to: /Users/leonieadm/Desktop/mt-exercise-04/models/bpe_8k/00035500.hyps.test.
