2026-05-16 11:47:58,509 - INFO - root - Hello! This is Joey-NMT (version 2.2.0).
2026-05-16 11:47:58,510 - INFO - joeynmt.helpers -                           cfg.name : word_2k
2026-05-16 11:47:58,510 - INFO - joeynmt.helpers -                cfg.joeynmt_version : 2.0.0
2026-05-16 11:47:58,510 - INFO - joeynmt.helpers -                     cfg.data.train : prep/train
2026-05-16 11:47:58,510 - INFO - joeynmt.helpers -                       cfg.data.dev : prep/dev
2026-05-16 11:47:58,510 - INFO - joeynmt.helpers -                      cfg.data.test : prep/test
2026-05-16 11:47:58,510 - INFO - joeynmt.helpers -              cfg.data.dataset_type : plain
2026-05-16 11:47:58,510 - INFO - joeynmt.helpers -                  cfg.data.src.lang : en
2026-05-16 11:47:58,510 - INFO - joeynmt.helpers -                 cfg.data.src.level : word
2026-05-16 11:47:58,510 - INFO - joeynmt.helpers -             cfg.data.src.lowercase : False
2026-05-16 11:47:58,510 - INFO - joeynmt.helpers -       cfg.data.src.max_sent_length : 100
2026-05-16 11:47:58,510 - INFO - joeynmt.helpers -             cfg.data.src.voc_limit : 2000
2026-05-16 11:47:58,510 - INFO - joeynmt.helpers -                  cfg.data.trg.lang : fr
2026-05-16 11:47:58,510 - INFO - joeynmt.helpers -                 cfg.data.trg.level : word
2026-05-16 11:47:58,510 - INFO - joeynmt.helpers -             cfg.data.trg.lowercase : False
2026-05-16 11:47:58,510 - INFO - joeynmt.helpers -       cfg.data.trg.max_sent_length : 100
2026-05-16 11:47:58,510 - INFO - joeynmt.helpers -             cfg.data.trg.voc_limit : 2000
2026-05-16 11:47:58,510 - INFO - joeynmt.helpers -              cfg.testing.beam_size : 5
2026-05-16 11:47:58,510 - INFO - joeynmt.helpers -                  cfg.testing.alpha : 1.0
2026-05-16 11:47:58,510 - INFO - joeynmt.helpers -           cfg.training.random_seed : 42
2026-05-16 11:47:58,510 - INFO - joeynmt.helpers -             cfg.training.optimizer : adam
2026-05-16 11:47:58,510 - INFO - joeynmt.helpers -         cfg.training.normalization : tokens
2026-05-16 11:47:58,510 - INFO - joeynmt.helpers -         cfg.training.learning_rate : 0.0003
2026-05-16 11:47:58,510 - INFO - joeynmt.helpers -            cfg.training.batch_size : 2048
2026-05-16 11:47:58,510 - INFO - joeynmt.helpers -            cfg.training.batch_type : token
2026-05-16 11:47:58,510 - INFO - joeynmt.helpers -       cfg.training.eval_batch_size : 1024
2026-05-16 11:47:58,510 - INFO - joeynmt.helpers -       cfg.training.eval_batch_type : token
2026-05-16 11:47:58,510 - INFO - joeynmt.helpers -            cfg.training.scheduling : plateau
2026-05-16 11:47:58,510 - INFO - joeynmt.helpers -              cfg.training.patience : 8
2026-05-16 11:47:58,510 - INFO - joeynmt.helpers -          cfg.training.weight_decay : 0.0
2026-05-16 11:47:58,510 - INFO - joeynmt.helpers -       cfg.training.decrease_factor : 0.7
2026-05-16 11:47:58,510 - INFO - joeynmt.helpers - cfg.training.early_stopping_metric : ppl
2026-05-16 11:47:58,510 - INFO - joeynmt.helpers -                cfg.training.epochs : 10
2026-05-16 11:47:58,510 - INFO - joeynmt.helpers -       cfg.training.validation_freq : 500
2026-05-16 11:47:58,510 - INFO - joeynmt.helpers -          cfg.training.logging_freq : 100
2026-05-16 11:47:58,510 - INFO - joeynmt.helpers -           cfg.training.eval_metric : bleu
2026-05-16 11:47:58,510 - INFO - joeynmt.helpers -             cfg.training.model_dir : models/word_2k
2026-05-16 11:47:58,510 - INFO - joeynmt.helpers -             cfg.training.overwrite : False
2026-05-16 11:47:58,510 - INFO - joeynmt.helpers -               cfg.training.shuffle : True
2026-05-16 11:47:58,510 - INFO - joeynmt.helpers -              cfg.training.use_cuda : False
2026-05-16 11:47:58,510 - INFO - joeynmt.helpers -     cfg.training.max_output_length : 100
2026-05-16 11:47:58,510 - INFO - joeynmt.helpers -     cfg.training.print_valid_sents : [0, 1, 2, 3, 4]
2026-05-16 11:47:58,510 - INFO - joeynmt.helpers -       cfg.training.label_smoothing : 0.3
2026-05-16 11:47:58,510 - INFO - joeynmt.helpers -              cfg.model.initializer : xavier_uniform
2026-05-16 11:47:58,510 - INFO - joeynmt.helpers -         cfg.model.bias_initializer : zeros
2026-05-16 11:47:58,510 - INFO - joeynmt.helpers -                cfg.model.init_gain : 1.0
2026-05-16 11:47:58,510 - INFO - joeynmt.helpers -        cfg.model.embed_initializer : xavier_uniform
2026-05-16 11:47:58,510 - INFO - joeynmt.helpers -          cfg.model.embed_init_gain : 1.0
2026-05-16 11:47:58,510 - INFO - joeynmt.helpers -          cfg.model.tied_embeddings : False
2026-05-16 11:47:58,510 - INFO - joeynmt.helpers -             cfg.model.tied_softmax : True
2026-05-16 11:47:58,510 - INFO - joeynmt.helpers -             cfg.model.encoder.type : transformer
2026-05-16 11:47:58,510 - INFO - joeynmt.helpers -       cfg.model.encoder.num_layers : 4
2026-05-16 11:47:58,510 - INFO - joeynmt.helpers -        cfg.model.encoder.num_heads : 2
2026-05-16 11:47:58,510 - INFO - joeynmt.helpers - cfg.model.encoder.embeddings.embedding_dim : 256
2026-05-16 11:47:58,510 - INFO - joeynmt.helpers - cfg.model.encoder.embeddings.scale : True
2026-05-16 11:47:58,510 - INFO - joeynmt.helpers - cfg.model.encoder.embeddings.dropout : 0
2026-05-16 11:47:58,510 - INFO - joeynmt.helpers -      cfg.model.encoder.hidden_size : 256
2026-05-16 11:47:58,510 - INFO - joeynmt.helpers -          cfg.model.encoder.ff_size : 512
2026-05-16 11:47:58,510 - INFO - joeynmt.helpers -          cfg.model.encoder.dropout : 0
2026-05-16 11:47:58,510 - INFO - joeynmt.helpers -             cfg.model.decoder.type : transformer
2026-05-16 11:47:58,510 - INFO - joeynmt.helpers -       cfg.model.decoder.num_layers : 1
2026-05-16 11:47:58,511 - INFO - joeynmt.helpers -        cfg.model.decoder.num_heads : 2
2026-05-16 11:47:58,511 - INFO - joeynmt.helpers - cfg.model.decoder.embeddings.embedding_dim : 256
2026-05-16 11:47:58,511 - INFO - joeynmt.helpers - cfg.model.decoder.embeddings.scale : True
2026-05-16 11:47:58,511 - INFO - joeynmt.helpers - cfg.model.decoder.embeddings.dropout : 0
2026-05-16 11:47:58,511 - INFO - joeynmt.helpers -      cfg.model.decoder.hidden_size : 256
2026-05-16 11:47:58,511 - INFO - joeynmt.helpers -          cfg.model.decoder.ff_size : 512
2026-05-16 11:47:58,511 - INFO - joeynmt.helpers -          cfg.model.decoder.dropout : 0
2026-05-16 11:47:58,512 - INFO - joeynmt.data - Building tokenizer...
2026-05-16 11:47:58,512 - INFO - joeynmt.tokenizers - en tokenizer: BasicTokenizer(level=word, lowercase=False, normalize=False, filter_by_length=(-1, -1), pretokenizer=none)
2026-05-16 11:47:58,512 - INFO - joeynmt.tokenizers - fr tokenizer: BasicTokenizer(level=word, lowercase=False, normalize=False, filter_by_length=(-1, -1), pretokenizer=none)
2026-05-16 11:47:58,512 - INFO - joeynmt.data - Loading train set...
2026-05-16 11:47:58,578 - INFO - joeynmt.data - Building vocabulary...
2026-05-16 11:47:59,149 - INFO - joeynmt.data - Loading dev set...
2026-05-16 11:47:59,150 - INFO - joeynmt.data - Loading test set...
2026-05-16 11:47:59,155 - INFO - joeynmt.data - Data loaded.
2026-05-16 11:47:59,155 - INFO - joeynmt.data - Train dataset: PlaintextDataset(split=train, len=100000, src_lang=en, trg_lang=fr, has_trg=True, random_subset=-1)
2026-05-16 11:47:59,155 - INFO - joeynmt.data - Valid dataset: PlaintextDataset(split=dev, len=890, src_lang=en, trg_lang=fr, has_trg=True, random_subset=-1)
2026-05-16 11:47:59,156 - INFO - joeynmt.data -  Test dataset: PlaintextDataset(split=test, len=8597, src_lang=en, trg_lang=fr, has_trg=True, random_subset=-1)
2026-05-16 11:47:59,156 - INFO - joeynmt.data - First training example:
	[SRC] Thank you so much , Chris . And it &apos;s truly a great honor to have the opportunity to come to this stage twice ; I &apos;m extremely grateful .
	[TRG] Merci beaucoup , Chris . C&apos; est vraiment un honneur de pouvoir venir sur cette scène une deuxième fois . Je suis très reconnaissant .
2026-05-16 11:47:59,156 - INFO - joeynmt.data - First 10 Src tokens: (0) <unk> (1) <pad> (2) <s> (3) </s> (4) , (5) . (6) the (7) to (8) of (9) a
2026-05-16 11:47:59,156 - INFO - joeynmt.data - First 10 Trg tokens: (0) <unk> (1) <pad> (2) <s> (3) </s> (4) , (5) . (6) de (7) la (8) et (9) est
2026-05-16 11:47:59,156 - INFO - joeynmt.data - Number of unique Src tokens (vocab_size): 2004
2026-05-16 11:47:59,156 - INFO - joeynmt.data - Number of unique Trg tokens (vocab_size): 2004
2026-05-16 11:47:59,156 - INFO - joeynmt.model - Building an encoder-decoder model...
2026-05-16 11:47:59,189 - INFO - joeynmt.model - Enc-dec model built.
2026-05-16 11:47:59,191 - INFO - joeynmt.model - Total params: 3925248
2026-05-16 11:47:59,191 - DEBUG - joeynmt.model - Trainable parameters: ['decoder.layers.0.dec_layer_norm.bias', 'decoder.layers.0.dec_layer_norm.weight', 'decoder.layers.0.feed_forward.layer_norm.bias', 'decoder.layers.0.feed_forward.layer_norm.weight', 'decoder.layers.0.feed_forward.pwff_layer.0.bias', 'decoder.layers.0.feed_forward.pwff_layer.0.weight', 'decoder.layers.0.feed_forward.pwff_layer.3.bias', 'decoder.layers.0.feed_forward.pwff_layer.3.weight', 'decoder.layers.0.src_trg_att.k_layer.bias', 'decoder.layers.0.src_trg_att.k_layer.weight', 'decoder.layers.0.src_trg_att.output_layer.bias', 'decoder.layers.0.src_trg_att.output_layer.weight', 'decoder.layers.0.src_trg_att.q_layer.bias', 'decoder.layers.0.src_trg_att.q_layer.weight', 'decoder.layers.0.src_trg_att.v_layer.bias', 'decoder.layers.0.src_trg_att.v_layer.weight', 'decoder.layers.0.trg_trg_att.k_layer.bias', 'decoder.layers.0.trg_trg_att.k_layer.weight', 'decoder.layers.0.trg_trg_att.output_layer.bias', 'decoder.layers.0.trg_trg_att.output_layer.weight', 'decoder.layers.0.trg_trg_att.q_layer.bias', 'decoder.layers.0.trg_trg_att.q_layer.weight', 'decoder.layers.0.trg_trg_att.v_layer.bias', 'decoder.layers.0.trg_trg_att.v_layer.weight', 'decoder.layers.0.x_layer_norm.bias', 'decoder.layers.0.x_layer_norm.weight', 'encoder.layers.0.feed_forward.layer_norm.bias', 'encoder.layers.0.feed_forward.layer_norm.weight', 'encoder.layers.0.feed_forward.pwff_layer.0.bias', 'encoder.layers.0.feed_forward.pwff_layer.0.weight', 'encoder.layers.0.feed_forward.pwff_layer.3.bias', 'encoder.layers.0.feed_forward.pwff_layer.3.weight', 'encoder.layers.0.layer_norm.bias', 'encoder.layers.0.layer_norm.weight', 'encoder.layers.0.src_src_att.k_layer.bias', 'encoder.layers.0.src_src_att.k_layer.weight', 'encoder.layers.0.src_src_att.output_layer.bias', 'encoder.layers.0.src_src_att.output_layer.weight', 'encoder.layers.0.src_src_att.q_layer.bias', 'encoder.layers.0.src_src_att.q_layer.weight', 'encoder.layers.0.src_src_att.v_layer.bias', 'encoder.layers.0.src_src_att.v_layer.weight', 'encoder.layers.1.feed_forward.layer_norm.bias', 'encoder.layers.1.feed_forward.layer_norm.weight', 'encoder.layers.1.feed_forward.pwff_layer.0.bias', 'encoder.layers.1.feed_forward.pwff_layer.0.weight', 'encoder.layers.1.feed_forward.pwff_layer.3.bias', 'encoder.layers.1.feed_forward.pwff_layer.3.weight', 'encoder.layers.1.layer_norm.bias', 'encoder.layers.1.layer_norm.weight', 'encoder.layers.1.src_src_att.k_layer.bias', 'encoder.layers.1.src_src_att.k_layer.weight', 'encoder.layers.1.src_src_att.output_layer.bias', 'encoder.layers.1.src_src_att.output_layer.weight', 'encoder.layers.1.src_src_att.q_layer.bias', 'encoder.layers.1.src_src_att.q_layer.weight', 'encoder.layers.1.src_src_att.v_layer.bias', 'encoder.layers.1.src_src_att.v_layer.weight', 'encoder.layers.2.feed_forward.layer_norm.bias', 'encoder.layers.2.feed_forward.layer_norm.weight', 'encoder.layers.2.feed_forward.pwff_layer.0.bias', 'encoder.layers.2.feed_forward.pwff_layer.0.weight', 'encoder.layers.2.feed_forward.pwff_layer.3.bias', 'encoder.layers.2.feed_forward.pwff_layer.3.weight', 'encoder.layers.2.layer_norm.bias', 'encoder.layers.2.layer_norm.weight', 'encoder.layers.2.src_src_att.k_layer.bias', 'encoder.layers.2.src_src_att.k_layer.weight', 'encoder.layers.2.src_src_att.output_layer.bias', 'encoder.layers.2.src_src_att.output_layer.weight', 'encoder.layers.2.src_src_att.q_layer.bias', 'encoder.layers.2.src_src_att.q_layer.weight', 'encoder.layers.2.src_src_att.v_layer.bias', 'encoder.layers.2.src_src_att.v_layer.weight', 'encoder.layers.3.feed_forward.layer_norm.bias', 'encoder.layers.3.feed_forward.layer_norm.weight', 'encoder.layers.3.feed_forward.pwff_layer.0.bias', 'encoder.layers.3.feed_forward.pwff_layer.0.weight', 'encoder.layers.3.feed_forward.pwff_layer.3.bias', 'encoder.layers.3.feed_forward.pwff_layer.3.weight', 'encoder.layers.3.layer_norm.bias', 'encoder.layers.3.layer_norm.weight', 'encoder.layers.3.src_src_att.k_layer.bias', 'encoder.layers.3.src_src_att.k_layer.weight', 'encoder.layers.3.src_src_att.output_layer.bias', 'encoder.layers.3.src_src_att.output_layer.weight', 'encoder.layers.3.src_src_att.q_layer.bias', 'encoder.layers.3.src_src_att.q_layer.weight', 'encoder.layers.3.src_src_att.v_layer.bias', 'encoder.layers.3.src_src_att.v_layer.weight', 'src_embed.lut.weight', 'trg_embed.lut.weight']
2026-05-16 11:47:59,191 - INFO - joeynmt.training - Model(
	encoder=TransformerEncoder(num_layers=4, num_heads=2, alpha=1.0, layer_norm="pre", activation=ReLU()),
	decoder=TransformerDecoder(num_layers=1, num_heads=2, alpha=1.0, layer_norm="post", activation=ReLU()),
	src_embed=Embeddings(embedding_dim=256, vocab_size=2004),
	trg_embed=Embeddings(embedding_dim=256, vocab_size=2004),
	loss_function=XentLoss(criterion=KLDivLoss(), smoothing=0.3))
2026-05-16 11:47:59,191 - INFO - joeynmt.builders - Adam(lr=0.0003, weight_decay=0.0, betas=(0.9, 0.999))
2026-05-16 11:47:59,191 - INFO - joeynmt.builders - ReduceLROnPlateau(mode=min, verbose=False, threshold_mode=abs, eps=0.0, factor=0.7, patience=8)
2026-05-16 11:47:59,191 - INFO - joeynmt.training - Train stats:
	device: cpu
	n_gpu: 0
	16-bits training: False
	gradient accumulation: 1
	batch size per device: 2048
	effective batch size (w. parallel & accumulation): 2048
2026-05-16 11:47:59,191 - INFO - joeynmt.training - EPOCH 1
2026-05-16 11:48:09,827 - INFO - joeynmt.training - Epoch   1, Step:      100, Batch Loss:     3.062702, Batch Acc: 0.171713, Tokens per Sec:     6959, Lr: 0.000300
2026-05-16 11:48:21,545 - INFO - joeynmt.training - Epoch   1, Step:      200, Batch Loss:     2.784245, Batch Acc: 0.227313, Tokens per Sec:     6140, Lr: 0.000300
2026-05-16 11:48:32,861 - INFO - joeynmt.training - Epoch   1, Step:      300, Batch Loss:     2.707869, Batch Acc: 0.265149, Tokens per Sec:     6387, Lr: 0.000300
2026-05-16 11:48:43,402 - INFO - joeynmt.training - Epoch   1, Step:      400, Batch Loss:     2.482710, Batch Acc: 0.290136, Tokens per Sec:     7047, Lr: 0.000300
2026-05-16 11:48:53,719 - INFO - joeynmt.training - Epoch   1, Step:      500, Batch Loss:     2.600752, Batch Acc: 0.304577, Tokens per Sec:     6938, Lr: 0.000300
2026-05-16 11:48:53,719 - WARNING - joeynmt.helpers - `alpha` option is obsolete. Please use `beam_alpha`, instead.
2026-05-16 11:48:53,719 - INFO - joeynmt.prediction - Predicting 890 example(s)... (Greedy decoding with min_output_length=1, max_output_length=-1, return_prob='none', generate_unk=True, repetition_penalty=-1, no_repeat_ngram_size=-1)
2026-05-16 11:49:13,394 - INFO - joeynmt.prediction - Evaluation result (greedy) loss:   2.49, ppl:  12.12, acc:   0.30, generation: 19.6717[sec], evaluation: 0.0000[sec]
2026-05-16 11:49:13,395 - INFO - joeynmt.training - Hooray! New best validation result [ppl]!
2026-05-16 11:49:13,452 - INFO - joeynmt.training - Example #0
2026-05-16 11:49:13,452 - DEBUG - joeynmt.training - 	Tokenized source:     ['Last', 'year', 'I', 'showed', 'these', 'two', 'slides', 'so', 'that', 'demonstrate', 'that', 'the', 'arctic', 'ice', 'cap', ',', 'which', 'for', 'most', 'of', 'the', 'last', 'three', 'million', 'years', 'has', 'been', 'the', 'size', 'of', 'the', 'lower', '48', 'states', ',', 'has', 'shrunk', 'by', '40', 'percent', '.']
2026-05-16 11:49:13,452 - DEBUG - joeynmt.training - 	Tokenized reference:  ['L&apos;', 'année', 'dernière', ',', 'je', 'vous', 'ai', 'présenté', 'ces', 'deux', 'diapositives', 'qui', 'montraient', 'que', 'la', 'calotte', 'glacière', 'arctique', ',', 'qui', 'pendant', 'ces', '3', 'derniers', 'millions', 'd&apos;', 'année', 'avait', 'la', 'taille', 'des', 'Etats-Unis', 'sans', 'l&apos;', 'Alaska', ',', 'qui', 'pendant', 'ces', '3', 'derniers', 'millions', 'd&apos;', 'année', 'avait', 'la', 'taille', 'des', 'Etats-Unis', 'sans', 'l&apos;', 'Alaska', ',', 'avait', 'diminué', 'de', '40', '%', '.']
2026-05-16 11:49:13,452 - DEBUG - joeynmt.training - 	Tokenized hypothesis: ['<unk>', '<unk>', '<unk>', '<unk>', '<unk>', '<unk>', '<unk>', 'de', '<unk>', 'de', '<unk>', 'de', 'la', '<unk>', 'de', '<unk>', 'de', 'la', '<unk>', 'de', 'la', '<unk>', 'de', 'la', '<unk>', 'de', 'la', '<unk>', 'de', '<unk>', 'de', '<unk>', 'de', '<unk>', 'de', '<unk>', 'de', '<unk>', 'de', '<unk>', 'de', '<unk>', '.', '</s>']
2026-05-16 11:49:13,452 - INFO - joeynmt.training - 	Source:     Last year I showed these two slides so that demonstrate that the arctic ice cap , which for most of the last three million years has been the size of the lower 48 states , has shrunk by 40 percent .
2026-05-16 11:49:13,452 - INFO - joeynmt.training - 	Reference:  L&apos; année dernière , je vous ai présenté ces deux diapositives qui montraient que la calotte glacière arctique , qui pendant ces 3 derniers millions d&apos; année avait la taille des Etats-Unis sans l&apos; Alaska , qui pendant ces 3 derniers millions d&apos; année avait la taille des Etats-Unis sans l&apos; Alaska , avait diminué de 40 % .
2026-05-16 11:49:13,452 - INFO - joeynmt.training - 	Hypothesis: <unk> <unk> <unk> <unk> <unk> <unk> <unk> de <unk> de <unk> de la <unk> de <unk> de la <unk> de la <unk> de la <unk> de la <unk> de <unk> de <unk> de <unk> de <unk> de <unk> de <unk> de <unk> .
2026-05-16 11:49:13,452 - INFO - joeynmt.training - Example #1
2026-05-16 11:49:13,452 - DEBUG - joeynmt.training - 	Tokenized source:     ['But', 'this', 'understates', 'the', 'seriousness', 'of', 'this', 'particular', 'problem', 'because', 'it', 'doesn', '&apos;t', 'show', 'the', 'thickness', 'of', 'the', 'ice', '.']
2026-05-16 11:49:13,452 - DEBUG - joeynmt.training - 	Tokenized reference:  ['Mais', 'ceci', 'tend', 'à', 'amoindrir', 'le', 'problème', 'parce', 'qu&apos;', 'on', 'ne', 'voit', 'pas', 'l&apos;', 'épaisseur', 'de', 'la', 'glace', '.']
2026-05-16 11:49:13,452 - DEBUG - joeynmt.training - 	Tokenized hypothesis: ['Mais', 'le', '<unk>', '<unk>', 'de', 'la', '<unk>', 'de', 'la', '<unk>', 'de', 'la', '<unk>', 'de', 'la', '<unk>', '.', '</s>']
2026-05-16 11:49:13,452 - INFO - joeynmt.training - 	Source:     But this understates the seriousness of this particular problem because it doesn &apos;t show the thickness of the ice .
2026-05-16 11:49:13,452 - INFO - joeynmt.training - 	Reference:  Mais ceci tend à amoindrir le problème parce qu&apos; on ne voit pas l&apos; épaisseur de la glace .
2026-05-16 11:49:13,452 - INFO - joeynmt.training - 	Hypothesis: Mais le <unk> <unk> de la <unk> de la <unk> de la <unk> de la <unk> .
2026-05-16 11:49:13,452 - INFO - joeynmt.training - Example #2
2026-05-16 11:49:13,452 - DEBUG - joeynmt.training - 	Tokenized source:     ['The', 'arctic', 'ice', 'cap', 'is', ',', 'in', 'a', 'sense', ',', 'the', 'beating', 'heart', 'of', 'the', 'global', 'climate', 'system', '.']
2026-05-16 11:49:13,452 - DEBUG - joeynmt.training - 	Tokenized reference:  ['On', 'peut', 'voir', 'la', 'calotte', 'glacière', 'arctique', 'comme', 'le', 'coeur', 'du', 'système', 'climatique', 'global', '.', 'On', 'peut', 'voir', 'la', 'calotte', 'glacière', 'arctique', 'comme', 'le', 'coeur', 'du', 'système', 'climatique', 'global', '.']
2026-05-16 11:49:13,452 - DEBUG - joeynmt.training - 	Tokenized hypothesis: ['La', '<unk>', '<unk>', ',', 'c&apos;', 'est', 'un', '<unk>', ',', 'le', '<unk>', '<unk>', 'de', 'la', '<unk>', '.', '</s>']
2026-05-16 11:49:13,452 - INFO - joeynmt.training - 	Source:     The arctic ice cap is , in a sense , the beating heart of the global climate system .
2026-05-16 11:49:13,452 - INFO - joeynmt.training - 	Reference:  On peut voir la calotte glacière arctique comme le coeur du système climatique global . On peut voir la calotte glacière arctique comme le coeur du système climatique global .
2026-05-16 11:49:13,452 - INFO - joeynmt.training - 	Hypothesis: La <unk> <unk> , c&apos; est un <unk> , le <unk> <unk> de la <unk> .
2026-05-16 11:49:13,452 - INFO - joeynmt.training - Example #3
2026-05-16 11:49:13,453 - DEBUG - joeynmt.training - 	Tokenized source:     ['It', 'expands', 'in', 'winter', 'and', 'contracts', 'in', 'summer', '.']
2026-05-16 11:49:13,453 - DEBUG - joeynmt.training - 	Tokenized reference:  ['Elle', 's&apos;', 'étend', 'en', 'hiver', 'et', 'se', 'contracte', 'en', 'été', '.']
2026-05-16 11:49:13,453 - DEBUG - joeynmt.training - 	Tokenized hypothesis: ['Il', '<unk>', '<unk>', 'et', '<unk>', '<unk>', '<unk>', '<unk>', '<unk>', '.', '</s>']
2026-05-16 11:49:13,453 - INFO - joeynmt.training - 	Source:     It expands in winter and contracts in summer .
2026-05-16 11:49:13,453 - INFO - joeynmt.training - 	Reference:  Elle s&apos; étend en hiver et se contracte en été .
2026-05-16 11:49:13,453 - INFO - joeynmt.training - 	Hypothesis: Il <unk> <unk> et <unk> <unk> <unk> <unk> <unk> .
2026-05-16 11:49:13,453 - INFO - joeynmt.training - Example #4
2026-05-16 11:49:13,453 - DEBUG - joeynmt.training - 	Tokenized source:     ['The', 'next', 'slide', 'I', 'show', 'you', 'will', 'be', 'a', 'rapid', 'fast-forward', 'of', 'what', '&apos;s', 'happened', 'over', 'the', 'last', '25', 'years', '.']
2026-05-16 11:49:13,453 - DEBUG - joeynmt.training - 	Tokenized reference:  ['La', 'prochaine', 'diapositive', 'que', 'je', 'vais', 'vous', 'montrer', 'est', 'une', 'vue', 'en', 'accéléré', 'de', 'ce', 'qui', 's&apos;', 'est', 'passé', 'ces', '25', 'dernières', 'années', '.']
2026-05-16 11:49:13,453 - DEBUG - joeynmt.training - 	Tokenized hypothesis: ['La', '<unk>', 'que', 'je', 'suis', '<unk>', 'de', '<unk>', 'de', '<unk>', 'de', 'la', '<unk>', 'de', 'la', '<unk>', '.', '</s>']
2026-05-16 11:49:13,453 - INFO - joeynmt.training - 	Source:     The next slide I show you will be a rapid fast-forward of what &apos;s happened over the last 25 years .
2026-05-16 11:49:13,453 - INFO - joeynmt.training - 	Reference:  La prochaine diapositive que je vais vous montrer est une vue en accéléré de ce qui s&apos; est passé ces 25 dernières années .
2026-05-16 11:49:13,453 - INFO - joeynmt.training - 	Hypothesis: La <unk> que je suis <unk> de <unk> de <unk> de la <unk> de la <unk> .
2026-05-16 11:49:23,895 - INFO - joeynmt.training - Epoch   1, Step:      600, Batch Loss:     2.350660, Batch Acc: 0.324634, Tokens per Sec:     6871, Lr: 0.000300
2026-05-16 11:49:34,212 - INFO - joeynmt.training - Epoch   1, Step:      700, Batch Loss:     2.262116, Batch Acc: 0.342790, Tokens per Sec:     7124, Lr: 0.000300
2026-05-16 11:49:44,359 - INFO - joeynmt.training - Epoch   1, Step:      800, Batch Loss:     2.205790, Batch Acc: 0.360487, Tokens per Sec:     7111, Lr: 0.000300
2026-05-16 11:49:54,446 - INFO - joeynmt.training - Epoch   1, Step:      900, Batch Loss:     2.140350, Batch Acc: 0.369865, Tokens per Sec:     7142, Lr: 0.000300
2026-05-16 11:50:04,742 - INFO - joeynmt.training - Epoch   1, Step:     1000, Batch Loss:     2.048859, Batch Acc: 0.389794, Tokens per Sec:     7107, Lr: 0.000300
2026-05-16 11:50:04,742 - WARNING - joeynmt.helpers - `alpha` option is obsolete. Please use `beam_alpha`, instead.
2026-05-16 11:50:04,742 - INFO - joeynmt.prediction - Predicting 890 example(s)... (Greedy decoding with min_output_length=1, max_output_length=-1, return_prob='none', generate_unk=True, repetition_penalty=-1, no_repeat_ngram_size=-1)
2026-05-16 11:50:21,342 - INFO - joeynmt.prediction - Evaluation result (greedy) loss:   2.19, ppl:   8.93, acc:   0.36, generation: 16.5960[sec], evaluation: 0.0000[sec]
2026-05-16 11:50:21,343 - INFO - joeynmt.training - Hooray! New best validation result [ppl]!
2026-05-16 11:50:21,397 - INFO - joeynmt.training - Example #0
2026-05-16 11:50:21,397 - DEBUG - joeynmt.training - 	Tokenized source:     ['Last', 'year', 'I', 'showed', 'these', 'two', 'slides', 'so', 'that', 'demonstrate', 'that', 'the', 'arctic', 'ice', 'cap', ',', 'which', 'for', 'most', 'of', 'the', 'last', 'three', 'million', 'years', 'has', 'been', 'the', 'size', 'of', 'the', 'lower', '48', 'states', ',', 'has', 'shrunk', 'by', '40', 'percent', '.']
2026-05-16 11:50:21,397 - DEBUG - joeynmt.training - 	Tokenized reference:  ['L&apos;', 'année', 'dernière', ',', 'je', 'vous', 'ai', 'présenté', 'ces', 'deux', 'diapositives', 'qui', 'montraient', 'que', 'la', 'calotte', 'glacière', 'arctique', ',', 'qui', 'pendant', 'ces', '3', 'derniers', 'millions', 'd&apos;', 'année', 'avait', 'la', 'taille', 'des', 'Etats-Unis', 'sans', 'l&apos;', 'Alaska', ',', 'qui', 'pendant', 'ces', '3', 'derniers', 'millions', 'd&apos;', 'année', 'avait', 'la', 'taille', 'des', 'Etats-Unis', 'sans', 'l&apos;', 'Alaska', ',', 'avait', 'diminué', 'de', '40', '%', '.']
2026-05-16 11:50:21,397 - DEBUG - joeynmt.training - 	Tokenized hypothesis: ['<unk>', ',', 'j&apos;', 'ai', '<unk>', 'ces', '<unk>', '<unk>', ',', '<unk>', 'les', '<unk>', '<unk>', ',', 'qui', '<unk>', 'les', '<unk>', ',', 'qui', 'a', '<unk>', 'les', 'années', 'de', 'la', '<unk>', 'de', 'la', '<unk>', 'de', 'la', '<unk>', 'de', 'la', '<unk>', '.', '</s>']
2026-05-16 11:50:21,397 - INFO - joeynmt.training - 	Source:     Last year I showed these two slides so that demonstrate that the arctic ice cap , which for most of the last three million years has been the size of the lower 48 states , has shrunk by 40 percent .
2026-05-16 11:50:21,397 - INFO - joeynmt.training - 	Reference:  L&apos; année dernière , je vous ai présenté ces deux diapositives qui montraient que la calotte glacière arctique , qui pendant ces 3 derniers millions d&apos; année avait la taille des Etats-Unis sans l&apos; Alaska , qui pendant ces 3 derniers millions d&apos; année avait la taille des Etats-Unis sans l&apos; Alaska , avait diminué de 40 % .
2026-05-16 11:50:21,397 - INFO - joeynmt.training - 	Hypothesis: <unk> , j&apos; ai <unk> ces <unk> <unk> , <unk> les <unk> <unk> , qui <unk> les <unk> , qui a <unk> les années de la <unk> de la <unk> de la <unk> de la <unk> .
2026-05-16 11:50:21,397 - INFO - joeynmt.training - Example #1
2026-05-16 11:50:21,397 - DEBUG - joeynmt.training - 	Tokenized source:     ['But', 'this', 'understates', 'the', 'seriousness', 'of', 'this', 'particular', 'problem', 'because', 'it', 'doesn', '&apos;t', 'show', 'the', 'thickness', 'of', 'the', 'ice', '.']
2026-05-16 11:50:21,397 - DEBUG - joeynmt.training - 	Tokenized reference:  ['Mais', 'ceci', 'tend', 'à', 'amoindrir', 'le', 'problème', 'parce', 'qu&apos;', 'on', 'ne', 'voit', 'pas', 'l&apos;', 'épaisseur', 'de', 'la', 'glace', '.']
2026-05-16 11:50:21,398 - DEBUG - joeynmt.training - 	Tokenized hypothesis: ['Mais', 'ce', '<unk>', 'la', '<unk>', 'de', 'cette', 'idée', 'parce', 'que', 'ce', 'problème', 'parce', 'que', 'ça', 'ne', '<unk>', 'pas', 'la', 'la', 'la', 'la', 'la', 'la', 'la', 'la', 'vie', '.', '</s>']
2026-05-16 11:50:21,398 - INFO - joeynmt.training - 	Source:     But this understates the seriousness of this particular problem because it doesn &apos;t show the thickness of the ice .
2026-05-16 11:50:21,398 - INFO - joeynmt.training - 	Reference:  Mais ceci tend à amoindrir le problème parce qu&apos; on ne voit pas l&apos; épaisseur de la glace .
2026-05-16 11:50:21,398 - INFO - joeynmt.training - 	Hypothesis: Mais ce <unk> la <unk> de cette idée parce que ce problème parce que ça ne <unk> pas la la la la la la la la vie .
2026-05-16 11:50:21,398 - INFO - joeynmt.training - Example #2
2026-05-16 11:50:21,398 - DEBUG - joeynmt.training - 	Tokenized source:     ['The', 'arctic', 'ice', 'cap', 'is', ',', 'in', 'a', 'sense', ',', 'the', 'beating', 'heart', 'of', 'the', 'global', 'climate', 'system', '.']
2026-05-16 11:50:21,398 - DEBUG - joeynmt.training - 	Tokenized reference:  ['On', 'peut', 'voir', 'la', 'calotte', 'glacière', 'arctique', 'comme', 'le', 'coeur', 'du', 'système', 'climatique', 'global', '.', 'On', 'peut', 'voir', 'la', 'calotte', 'glacière', 'arctique', 'comme', 'le', 'coeur', 'du', 'système', 'climatique', 'global', '.']
2026-05-16 11:50:21,398 - DEBUG - joeynmt.training - 	Tokenized hypothesis: ['La', '<unk>', '<unk>', ',', 'est', ',', 'dans', 'un', '<unk>', ',', 'la', '<unk>', 'de', 'la', '<unk>', 'de', 'la', '<unk>', '.', '</s>']
2026-05-16 11:50:21,398 - INFO - joeynmt.training - 	Source:     The arctic ice cap is , in a sense , the beating heart of the global climate system .
2026-05-16 11:50:21,398 - INFO - joeynmt.training - 	Reference:  On peut voir la calotte glacière arctique comme le coeur du système climatique global . On peut voir la calotte glacière arctique comme le coeur du système climatique global .
2026-05-16 11:50:21,398 - INFO - joeynmt.training - 	Hypothesis: La <unk> <unk> , est , dans un <unk> , la <unk> de la <unk> de la <unk> .
2026-05-16 11:50:21,398 - INFO - joeynmt.training - Example #3
2026-05-16 11:50:21,398 - DEBUG - joeynmt.training - 	Tokenized source:     ['It', 'expands', 'in', 'winter', 'and', 'contracts', 'in', 'summer', '.']
2026-05-16 11:50:21,398 - DEBUG - joeynmt.training - 	Tokenized reference:  ['Elle', 's&apos;', 'étend', 'en', 'hiver', 'et', 'se', 'contracte', 'en', 'été', '.']
2026-05-16 11:50:21,398 - DEBUG - joeynmt.training - 	Tokenized hypothesis: ['Il', '<unk>', 'en', '<unk>', 'et', '<unk>', 'en', '<unk>', '.', '</s>']
2026-05-16 11:50:21,398 - INFO - joeynmt.training - 	Source:     It expands in winter and contracts in summer .
2026-05-16 11:50:21,398 - INFO - joeynmt.training - 	Reference:  Elle s&apos; étend en hiver et se contracte en été .
2026-05-16 11:50:21,398 - INFO - joeynmt.training - 	Hypothesis: Il <unk> en <unk> et <unk> en <unk> .
2026-05-16 11:50:21,398 - INFO - joeynmt.training - Example #4
2026-05-16 11:50:21,398 - DEBUG - joeynmt.training - 	Tokenized source:     ['The', 'next', 'slide', 'I', 'show', 'you', 'will', 'be', 'a', 'rapid', 'fast-forward', 'of', 'what', '&apos;s', 'happened', 'over', 'the', 'last', '25', 'years', '.']
2026-05-16 11:50:21,398 - DEBUG - joeynmt.training - 	Tokenized reference:  ['La', 'prochaine', 'diapositive', 'que', 'je', 'vais', 'vous', 'montrer', 'est', 'une', 'vue', 'en', 'accéléré', 'de', 'ce', 'qui', 's&apos;', 'est', 'passé', 'ces', '25', 'dernières', 'années', '.']
2026-05-16 11:50:21,398 - DEBUG - joeynmt.training - 	Tokenized hypothesis: ['La', '<unk>', '<unk>', ',', 'je', 'vous', '<unk>', 'un', '<unk>', 'de', 'ce', 'que', 'vous', '<unk>', 'de', 'ce', 'qui', 'est', 'la', '<unk>', 'de', 'la', '<unk>', '.', '</s>']
2026-05-16 11:50:21,398 - INFO - joeynmt.training - 	Source:     The next slide I show you will be a rapid fast-forward of what &apos;s happened over the last 25 years .
2026-05-16 11:50:21,398 - INFO - joeynmt.training - 	Reference:  La prochaine diapositive que je vais vous montrer est une vue en accéléré de ce qui s&apos; est passé ces 25 dernières années .
2026-05-16 11:50:21,398 - INFO - joeynmt.training - 	Hypothesis: La <unk> <unk> , je vous <unk> un <unk> de ce que vous <unk> de ce qui est la <unk> de la <unk> .
2026-05-16 11:50:31,716 - INFO - joeynmt.training - Epoch   1, Step:     1100, Batch Loss:     2.000328, Batch Acc: 0.400287, Tokens per Sec:     7185, Lr: 0.000300
2026-05-16 11:50:42,275 - INFO - joeynmt.training - Epoch   1, Step:     1200, Batch Loss:     1.894264, Batch Acc: 0.405983, Tokens per Sec:     6553, Lr: 0.000300
2026-05-16 11:50:52,449 - INFO - joeynmt.training - Epoch   1, Step:     1300, Batch Loss:     1.891365, Batch Acc: 0.415098, Tokens per Sec:     7054, Lr: 0.000300
2026-05-16 11:51:02,979 - INFO - joeynmt.training - Epoch   1, Step:     1400, Batch Loss:     1.844395, Batch Acc: 0.437752, Tokens per Sec:     6964, Lr: 0.000300
2026-05-16 11:51:13,313 - INFO - joeynmt.training - Epoch   1, Step:     1500, Batch Loss:     1.825147, Batch Acc: 0.441462, Tokens per Sec:     6874, Lr: 0.000300
2026-05-16 11:51:13,313 - WARNING - joeynmt.helpers - `alpha` option is obsolete. Please use `beam_alpha`, instead.
2026-05-16 11:51:13,313 - INFO - joeynmt.prediction - Predicting 890 example(s)... (Greedy decoding with min_output_length=1, max_output_length=-1, return_prob='none', generate_unk=True, repetition_penalty=-1, no_repeat_ngram_size=-1)
2026-05-16 11:51:30,758 - INFO - joeynmt.prediction - Evaluation result (greedy) loss:   1.98, ppl:   7.26, acc:   0.41, generation: 17.4418[sec], evaluation: 0.0000[sec]
2026-05-16 11:51:30,759 - INFO - joeynmt.training - Hooray! New best validation result [ppl]!
2026-05-16 11:51:30,815 - INFO - joeynmt.training - Example #0
2026-05-16 11:51:30,815 - DEBUG - joeynmt.training - 	Tokenized source:     ['Last', 'year', 'I', 'showed', 'these', 'two', 'slides', 'so', 'that', 'demonstrate', 'that', 'the', 'arctic', 'ice', 'cap', ',', 'which', 'for', 'most', 'of', 'the', 'last', 'three', 'million', 'years', 'has', 'been', 'the', 'size', 'of', 'the', 'lower', '48', 'states', ',', 'has', 'shrunk', 'by', '40', 'percent', '.']
2026-05-16 11:51:30,815 - DEBUG - joeynmt.training - 	Tokenized reference:  ['L&apos;', 'année', 'dernière', ',', 'je', 'vous', 'ai', 'présenté', 'ces', 'deux', 'diapositives', 'qui', 'montraient', 'que', 'la', 'calotte', 'glacière', 'arctique', ',', 'qui', 'pendant', 'ces', '3', 'derniers', 'millions', 'd&apos;', 'année', 'avait', 'la', 'taille', 'des', 'Etats-Unis', 'sans', 'l&apos;', 'Alaska', ',', 'qui', 'pendant', 'ces', '3', 'derniers', 'millions', 'd&apos;', 'année', 'avait', 'la', 'taille', 'des', 'Etats-Unis', 'sans', 'l&apos;', 'Alaska', ',', 'avait', 'diminué', 'de', '40', '%', '.']
2026-05-16 11:51:30,815 - DEBUG - joeynmt.training - 	Tokenized hypothesis: ['<unk>', ',', 'j&apos;', 'ai', '<unk>', 'ces', 'deux', '<unk>', 'qui', '<unk>', 'que', 'les', '<unk>', '<unk>', 'que', 'les', '<unk>', '<unk>', '<unk>', ',', 'qui', 'a', 'été', '<unk>', 'le', '<unk>', 'de', 'la', '<unk>', 'de', 'la', '<unk>', '<unk>', ',', 'qui', 'a', '<unk>', 'par', 'cent', 'cent', 'cent', '%', '.', '</s>']
2026-05-16 11:51:30,815 - INFO - joeynmt.training - 	Source:     Last year I showed these two slides so that demonstrate that the arctic ice cap , which for most of the last three million years has been the size of the lower 48 states , has shrunk by 40 percent .
2026-05-16 11:51:30,815 - INFO - joeynmt.training - 	Reference:  L&apos; année dernière , je vous ai présenté ces deux diapositives qui montraient que la calotte glacière arctique , qui pendant ces 3 derniers millions d&apos; année avait la taille des Etats-Unis sans l&apos; Alaska , qui pendant ces 3 derniers millions d&apos; année avait la taille des Etats-Unis sans l&apos; Alaska , avait diminué de 40 % .
2026-05-16 11:51:30,815 - INFO - joeynmt.training - 	Hypothesis: <unk> , j&apos; ai <unk> ces deux <unk> qui <unk> que les <unk> <unk> que les <unk> <unk> <unk> , qui a été <unk> le <unk> de la <unk> de la <unk> <unk> , qui a <unk> par cent cent cent % .
2026-05-16 11:51:30,815 - INFO - joeynmt.training - Example #1
2026-05-16 11:51:30,815 - DEBUG - joeynmt.training - 	Tokenized source:     ['But', 'this', 'understates', 'the', 'seriousness', 'of', 'this', 'particular', 'problem', 'because', 'it', 'doesn', '&apos;t', 'show', 'the', 'thickness', 'of', 'the', 'ice', '.']
2026-05-16 11:51:30,815 - DEBUG - joeynmt.training - 	Tokenized reference:  ['Mais', 'ceci', 'tend', 'à', 'amoindrir', 'le', 'problème', 'parce', 'qu&apos;', 'on', 'ne', 'voit', 'pas', 'l&apos;', 'épaisseur', 'de', 'la', 'glace', '.']
2026-05-16 11:51:30,815 - DEBUG - joeynmt.training - 	Tokenized hypothesis: ['Mais', 'cette', '<unk>', '<unk>', ',', 'parce', 'que', 'ça', 'ne', '<unk>', 'pas', 'la', '<unk>', ',', 'parce', 'qu&apos;', 'il', 'n&apos;', 'est', 'pas', 'la', '<unk>', 'de', 'la', '<unk>', '.', '</s>']
2026-05-16 11:51:30,815 - INFO - joeynmt.training - 	Source:     But this understates the seriousness of this particular problem because it doesn &apos;t show the thickness of the ice .
2026-05-16 11:51:30,815 - INFO - joeynmt.training - 	Reference:  Mais ceci tend à amoindrir le problème parce qu&apos; on ne voit pas l&apos; épaisseur de la glace .
2026-05-16 11:51:30,816 - INFO - joeynmt.training - 	Hypothesis: Mais cette <unk> <unk> , parce que ça ne <unk> pas la <unk> , parce qu&apos; il n&apos; est pas la <unk> de la <unk> .
2026-05-16 11:51:30,816 - INFO - joeynmt.training - Example #2
2026-05-16 11:51:30,816 - DEBUG - joeynmt.training - 	Tokenized source:     ['The', 'arctic', 'ice', 'cap', 'is', ',', 'in', 'a', 'sense', ',', 'the', 'beating', 'heart', 'of', 'the', 'global', 'climate', 'system', '.']
2026-05-16 11:51:30,816 - DEBUG - joeynmt.training - 	Tokenized reference:  ['On', 'peut', 'voir', 'la', 'calotte', 'glacière', 'arctique', 'comme', 'le', 'coeur', 'du', 'système', 'climatique', 'global', '.', 'On', 'peut', 'voir', 'la', 'calotte', 'glacière', 'arctique', 'comme', 'le', 'coeur', 'du', 'système', 'climatique', 'global', '.']
2026-05-16 11:51:30,816 - DEBUG - joeynmt.training - 	Tokenized hypothesis: ['Les', '<unk>', '<unk>', 'est', ',', 'dans', 'un', '<unk>', ',', 'la', '<unk>', 'de', 'la', '<unk>', 'de', 'la', '<unk>', 'de', 'la', '<unk>', '.', '</s>']
2026-05-16 11:51:30,816 - INFO - joeynmt.training - 	Source:     The arctic ice cap is , in a sense , the beating heart of the global climate system .
2026-05-16 11:51:30,816 - INFO - joeynmt.training - 	Reference:  On peut voir la calotte glacière arctique comme le coeur du système climatique global . On peut voir la calotte glacière arctique comme le coeur du système climatique global .
2026-05-16 11:51:30,816 - INFO - joeynmt.training - 	Hypothesis: Les <unk> <unk> est , dans un <unk> , la <unk> de la <unk> de la <unk> de la <unk> .
2026-05-16 11:51:30,816 - INFO - joeynmt.training - Example #3
2026-05-16 11:51:30,816 - DEBUG - joeynmt.training - 	Tokenized source:     ['It', 'expands', 'in', 'winter', 'and', 'contracts', 'in', 'summer', '.']
2026-05-16 11:51:30,816 - DEBUG - joeynmt.training - 	Tokenized reference:  ['Elle', 's&apos;', 'étend', 'en', 'hiver', 'et', 'se', 'contracte', 'en', 'été', '.']
2026-05-16 11:51:30,816 - DEBUG - joeynmt.training - 	Tokenized hypothesis: ['Il', '<unk>', 'dans', 'les', '<unk>', 'et', '<unk>', 'dans', 'les', '<unk>', '.', '</s>']
2026-05-16 11:51:30,816 - INFO - joeynmt.training - 	Source:     It expands in winter and contracts in summer .
2026-05-16 11:51:30,816 - INFO - joeynmt.training - 	Reference:  Elle s&apos; étend en hiver et se contracte en été .
2026-05-16 11:51:30,816 - INFO - joeynmt.training - 	Hypothesis: Il <unk> dans les <unk> et <unk> dans les <unk> .
2026-05-16 11:51:30,816 - INFO - joeynmt.training - Example #4
2026-05-16 11:51:30,816 - DEBUG - joeynmt.training - 	Tokenized source:     ['The', 'next', 'slide', 'I', 'show', 'you', 'will', 'be', 'a', 'rapid', 'fast-forward', 'of', 'what', '&apos;s', 'happened', 'over', 'the', 'last', '25', 'years', '.']
2026-05-16 11:51:30,816 - DEBUG - joeynmt.training - 	Tokenized reference:  ['La', 'prochaine', 'diapositive', 'que', 'je', 'vais', 'vous', 'montrer', 'est', 'une', 'vue', 'en', 'accéléré', 'de', 'ce', 'qui', 's&apos;', 'est', 'passé', 'ces', '25', 'dernières', 'années', '.']
2026-05-16 11:51:30,816 - DEBUG - joeynmt.training - 	Tokenized hypothesis: ['Le', '<unk>', 'que', 'je', 'vous', 'montrer', 'un', '<unk>', '<unk>', 'de', 'ce', 'qui', 'est', '<unk>', 'de', 'ce', 'qui', 'est', '<unk>', 'de', 'ce', 'qui', 'est', '<unk>', 'un', '<unk>', '<unk>', '<unk>', '<unk>', 'de', 'ce', 'qui', 'est', '<unk>', 'un', '<unk>', '<unk>', '<unk>', '<unk>', '<unk>', 'de', 'ce', 'qui', 'est', '<unk>', 'un', '<unk>', '<unk>', '<unk>', '<unk>', '<unk>', 'de', 'ce', 'qui', 'est', '<unk>', '<unk>', '<unk>', 'de', '<unk>', 'de', 'ce', 'qui']
2026-05-16 11:51:30,816 - INFO - joeynmt.training - 	Source:     The next slide I show you will be a rapid fast-forward of what &apos;s happened over the last 25 years .
2026-05-16 11:51:30,816 - INFO - joeynmt.training - 	Reference:  La prochaine diapositive que je vais vous montrer est une vue en accéléré de ce qui s&apos; est passé ces 25 dernières années .
2026-05-16 11:51:30,816 - INFO - joeynmt.training - 	Hypothesis: Le <unk> que je vous montrer un <unk> <unk> de ce qui est <unk> de ce qui est <unk> de ce qui est <unk> un <unk> <unk> <unk> <unk> de ce qui est <unk> un <unk> <unk> <unk> <unk> <unk> de ce qui est <unk> un <unk> <unk> <unk> <unk> <unk> de ce qui est <unk> <unk> <unk> de <unk> de ce qui
2026-05-16 11:51:41,573 - INFO - joeynmt.training - Epoch   1, Step:     1600, Batch Loss:     1.827073, Batch Acc: 0.444805, Tokens per Sec:     6661, Lr: 0.000300
2026-05-16 11:51:51,925 - INFO - joeynmt.training - Epoch   1, Step:     1700, Batch Loss:     1.719826, Batch Acc: 0.460115, Tokens per Sec:     6925, Lr: 0.000300
2026-05-16 11:52:02,440 - INFO - joeynmt.training - Epoch   1, Step:     1800, Batch Loss:     1.500604, Batch Acc: 0.465910, Tokens per Sec:     7018, Lr: 0.000300
2026-05-16 11:52:12,905 - INFO - joeynmt.training - Epoch   1, Step:     1900, Batch Loss:     1.883231, Batch Acc: 0.475732, Tokens per Sec:     6982, Lr: 0.000300
2026-05-16 11:52:23,413 - INFO - joeynmt.training - Epoch   1, Step:     2000, Batch Loss:     1.710651, Batch Acc: 0.483547, Tokens per Sec:     6900, Lr: 0.000300
2026-05-16 11:52:23,413 - WARNING - joeynmt.helpers - `alpha` option is obsolete. Please use `beam_alpha`, instead.
2026-05-16 11:52:23,413 - INFO - joeynmt.prediction - Predicting 890 example(s)... (Greedy decoding with min_output_length=1, max_output_length=-1, return_prob='none', generate_unk=True, repetition_penalty=-1, no_repeat_ngram_size=-1)
2026-05-16 11:52:37,855 - INFO - joeynmt.prediction - Evaluation result (greedy) loss:   1.84, ppl:   6.30, acc:   0.44, generation: 14.4389[sec], evaluation: 0.0000[sec]
2026-05-16 11:52:37,856 - INFO - joeynmt.training - Hooray! New best validation result [ppl]!
2026-05-16 11:52:37,911 - INFO - joeynmt.training - Example #0
2026-05-16 11:52:37,911 - DEBUG - joeynmt.training - 	Tokenized source:     ['Last', 'year', 'I', 'showed', 'these', 'two', 'slides', 'so', 'that', 'demonstrate', 'that', 'the', 'arctic', 'ice', 'cap', ',', 'which', 'for', 'most', 'of', 'the', 'last', 'three', 'million', 'years', 'has', 'been', 'the', 'size', 'of', 'the', 'lower', '48', 'states', ',', 'has', 'shrunk', 'by', '40', 'percent', '.']
2026-05-16 11:52:37,911 - DEBUG - joeynmt.training - 	Tokenized reference:  ['L&apos;', 'année', 'dernière', ',', 'je', 'vous', 'ai', 'présenté', 'ces', 'deux', 'diapositives', 'qui', 'montraient', 'que', 'la', 'calotte', 'glacière', 'arctique', ',', 'qui', 'pendant', 'ces', '3', 'derniers', 'millions', 'd&apos;', 'année', 'avait', 'la', 'taille', 'des', 'Etats-Unis', 'sans', 'l&apos;', 'Alaska', ',', 'qui', 'pendant', 'ces', '3', 'derniers', 'millions', 'd&apos;', 'année', 'avait', 'la', 'taille', 'des', 'Etats-Unis', 'sans', 'l&apos;', 'Alaska', ',', 'avait', 'diminué', 'de', '40', '%', '.']
2026-05-16 11:52:37,911 - DEBUG - joeynmt.training - 	Tokenized hypothesis: ['<unk>', ',', 'j&apos;', 'ai', 'pris', 'ces', 'deux', '<unk>', '<unk>', 'qui', '<unk>', 'la', 'glace', ',', 'qui', '<unk>', 'la', 'glace', 'de', 'la', '<unk>', ',', 'qui', 'a', 'été', 'la', 'taille', 'de', 'la', 'taille', 'de', 'la', 'taille', 'de', 'la', 'taille', 'de', 'la', 'taille', 'de', 'la', 'taille', ',', '<unk>', '.', '</s>']
2026-05-16 11:52:37,911 - INFO - joeynmt.training - 	Source:     Last year I showed these two slides so that demonstrate that the arctic ice cap , which for most of the last three million years has been the size of the lower 48 states , has shrunk by 40 percent .
2026-05-16 11:52:37,911 - INFO - joeynmt.training - 	Reference:  L&apos; année dernière , je vous ai présenté ces deux diapositives qui montraient que la calotte glacière arctique , qui pendant ces 3 derniers millions d&apos; année avait la taille des Etats-Unis sans l&apos; Alaska , qui pendant ces 3 derniers millions d&apos; année avait la taille des Etats-Unis sans l&apos; Alaska , avait diminué de 40 % .
2026-05-16 11:52:37,911 - INFO - joeynmt.training - 	Hypothesis: <unk> , j&apos; ai pris ces deux <unk> <unk> qui <unk> la glace , qui <unk> la glace de la <unk> , qui a été la taille de la taille de la taille de la taille de la taille de la taille , <unk> .
2026-05-16 11:52:37,911 - INFO - joeynmt.training - Example #1
2026-05-16 11:52:37,911 - DEBUG - joeynmt.training - 	Tokenized source:     ['But', 'this', 'understates', 'the', 'seriousness', 'of', 'this', 'particular', 'problem', 'because', 'it', 'doesn', '&apos;t', 'show', 'the', 'thickness', 'of', 'the', 'ice', '.']
2026-05-16 11:52:37,911 - DEBUG - joeynmt.training - 	Tokenized reference:  ['Mais', 'ceci', 'tend', 'à', 'amoindrir', 'le', 'problème', 'parce', 'qu&apos;', 'on', 'ne', 'voit', 'pas', 'l&apos;', 'épaisseur', 'de', 'la', 'glace', '.']
2026-05-16 11:52:37,911 - DEBUG - joeynmt.training - 	Tokenized hypothesis: ['Mais', 'cette', '<unk>', '<unk>', 'de', 'cette', 'problème', '<unk>', 'parce', 'qu&apos;', 'il', 'ne', 'l&apos;', '<unk>', 'pas', 'de', 'la', 'glace', '.', '</s>']
2026-05-16 11:52:37,911 - INFO - joeynmt.training - 	Source:     But this understates the seriousness of this particular problem because it doesn &apos;t show the thickness of the ice .
2026-05-16 11:52:37,911 - INFO - joeynmt.training - 	Reference:  Mais ceci tend à amoindrir le problème parce qu&apos; on ne voit pas l&apos; épaisseur de la glace .
2026-05-16 11:52:37,911 - INFO - joeynmt.training - 	Hypothesis: Mais cette <unk> <unk> de cette problème <unk> parce qu&apos; il ne l&apos; <unk> pas de la glace .
2026-05-16 11:52:37,911 - INFO - joeynmt.training - Example #2
2026-05-16 11:52:37,911 - DEBUG - joeynmt.training - 	Tokenized source:     ['The', 'arctic', 'ice', 'cap', 'is', ',', 'in', 'a', 'sense', ',', 'the', 'beating', 'heart', 'of', 'the', 'global', 'climate', 'system', '.']
2026-05-16 11:52:37,912 - DEBUG - joeynmt.training - 	Tokenized reference:  ['On', 'peut', 'voir', 'la', 'calotte', 'glacière', 'arctique', 'comme', 'le', 'coeur', 'du', 'système', 'climatique', 'global', '.', 'On', 'peut', 'voir', 'la', 'calotte', 'glacière', 'arctique', 'comme', 'le', 'coeur', 'du', 'système', 'climatique', 'global', '.']
2026-05-16 11:52:37,912 - DEBUG - joeynmt.training - 	Tokenized hypothesis: ['La', 'glace', 'est', ',', 'en', '<unk>', 'est', ',', 'le', '<unk>', 'du', '<unk>', 'du', 'système', '<unk>', 'du', 'système', '<unk>', '.', '</s>']
2026-05-16 11:52:37,912 - INFO - joeynmt.training - 	Source:     The arctic ice cap is , in a sense , the beating heart of the global climate system .
2026-05-16 11:52:37,912 - INFO - joeynmt.training - 	Reference:  On peut voir la calotte glacière arctique comme le coeur du système climatique global . On peut voir la calotte glacière arctique comme le coeur du système climatique global .
2026-05-16 11:52:37,912 - INFO - joeynmt.training - 	Hypothesis: La glace est , en <unk> est , le <unk> du <unk> du système <unk> du système <unk> .
2026-05-16 11:52:37,912 - INFO - joeynmt.training - Example #3
2026-05-16 11:52:37,912 - DEBUG - joeynmt.training - 	Tokenized source:     ['It', 'expands', 'in', 'winter', 'and', 'contracts', 'in', 'summer', '.']
2026-05-16 11:52:37,912 - DEBUG - joeynmt.training - 	Tokenized reference:  ['Elle', 's&apos;', 'étend', 'en', 'hiver', 'et', 'se', 'contracte', 'en', 'été', '.']
2026-05-16 11:52:37,912 - DEBUG - joeynmt.training - 	Tokenized hypothesis: ['Il', '<unk>', 'dans', 'les', '<unk>', 'et', '<unk>', 'dans', 'l&apos;', '<unk>', '.', '</s>']
2026-05-16 11:52:37,912 - INFO - joeynmt.training - 	Source:     It expands in winter and contracts in summer .
2026-05-16 11:52:37,912 - INFO - joeynmt.training - 	Reference:  Elle s&apos; étend en hiver et se contracte en été .
2026-05-16 11:52:37,912 - INFO - joeynmt.training - 	Hypothesis: Il <unk> dans les <unk> et <unk> dans l&apos; <unk> .
2026-05-16 11:52:37,912 - INFO - joeynmt.training - Example #4
2026-05-16 11:52:37,912 - DEBUG - joeynmt.training - 	Tokenized source:     ['The', 'next', 'slide', 'I', 'show', 'you', 'will', 'be', 'a', 'rapid', 'fast-forward', 'of', 'what', '&apos;s', 'happened', 'over', 'the', 'last', '25', 'years', '.']
2026-05-16 11:52:37,912 - DEBUG - joeynmt.training - 	Tokenized reference:  ['La', 'prochaine', 'diapositive', 'que', 'je', 'vais', 'vous', 'montrer', 'est', 'une', 'vue', 'en', 'accéléré', 'de', 'ce', 'qui', 's&apos;', 'est', 'passé', 'ces', '25', 'dernières', 'années', '.']
2026-05-16 11:52:37,912 - DEBUG - joeynmt.training - 	Tokenized hypothesis: ['La', '<unk>', '<unk>', 'que', 'vous', '<unk>', 'être', 'un', '<unk>', 'de', 'ce', 'qui', 'est', 'passé', 'à', 'la', 'dernière', '<unk>', 'de', 'la', 'dernière', 'ans', '.', '</s>']
2026-05-16 11:52:37,912 - INFO - joeynmt.training - 	Source:     The next slide I show you will be a rapid fast-forward of what &apos;s happened over the last 25 years .
2026-05-16 11:52:37,912 - INFO - joeynmt.training - 	Reference:  La prochaine diapositive que je vais vous montrer est une vue en accéléré de ce qui s&apos; est passé ces 25 dernières années .
2026-05-16 11:52:37,912 - INFO - joeynmt.training - 	Hypothesis: La <unk> <unk> que vous <unk> être un <unk> de ce qui est passé à la dernière <unk> de la dernière ans .
2026-05-16 11:52:48,282 - INFO - joeynmt.training - Epoch   1, Step:     2100, Batch Loss:     1.680528, Batch Acc: 0.486991, Tokens per Sec:     7129, Lr: 0.000300
2026-05-16 11:52:58,621 - INFO - joeynmt.training - Epoch   1, Step:     2200, Batch Loss:     1.712172, Batch Acc: 0.486329, Tokens per Sec:     7171, Lr: 0.000300
2026-05-16 11:53:08,978 - INFO - joeynmt.training - Epoch   1, Step:     2300, Batch Loss:     1.694911, Batch Acc: 0.499057, Tokens per Sec:     7067, Lr: 0.000300
2026-05-16 11:53:19,701 - INFO - joeynmt.training - Epoch   1, Step:     2400, Batch Loss:     1.721138, Batch Acc: 0.505105, Tokens per Sec:     6668, Lr: 0.000300
2026-05-16 11:53:30,503 - INFO - joeynmt.training - Epoch   1, Step:     2500, Batch Loss:     1.566083, Batch Acc: 0.509156, Tokens per Sec:     6855, Lr: 0.000300
2026-05-16 11:53:30,503 - WARNING - joeynmt.helpers - `alpha` option is obsolete. Please use `beam_alpha`, instead.
2026-05-16 11:53:30,503 - INFO - joeynmt.prediction - Predicting 890 example(s)... (Greedy decoding with min_output_length=1, max_output_length=-1, return_prob='none', generate_unk=True, repetition_penalty=-1, no_repeat_ngram_size=-1)
2026-05-16 11:53:49,357 - INFO - joeynmt.prediction - Evaluation result (greedy) loss:   1.75, ppl:   5.74, acc:   0.47, generation: 18.8508[sec], evaluation: 0.0000[sec]
2026-05-16 11:53:49,358 - INFO - joeynmt.training - Hooray! New best validation result [ppl]!
2026-05-16 11:53:49,414 - INFO - joeynmt.training - Example #0
2026-05-16 11:53:49,414 - DEBUG - joeynmt.training - 	Tokenized source:     ['Last', 'year', 'I', 'showed', 'these', 'two', 'slides', 'so', 'that', 'demonstrate', 'that', 'the', 'arctic', 'ice', 'cap', ',', 'which', 'for', 'most', 'of', 'the', 'last', 'three', 'million', 'years', 'has', 'been', 'the', 'size', 'of', 'the', 'lower', '48', 'states', ',', 'has', 'shrunk', 'by', '40', 'percent', '.']
2026-05-16 11:53:49,414 - DEBUG - joeynmt.training - 	Tokenized reference:  ['L&apos;', 'année', 'dernière', ',', 'je', 'vous', 'ai', 'présenté', 'ces', 'deux', 'diapositives', 'qui', 'montraient', 'que', 'la', 'calotte', 'glacière', 'arctique', ',', 'qui', 'pendant', 'ces', '3', 'derniers', 'millions', 'd&apos;', 'année', 'avait', 'la', 'taille', 'des', 'Etats-Unis', 'sans', 'l&apos;', 'Alaska', ',', 'qui', 'pendant', 'ces', '3', 'derniers', 'millions', 'd&apos;', 'année', 'avait', 'la', 'taille', 'des', 'Etats-Unis', 'sans', 'l&apos;', 'Alaska', ',', 'avait', 'diminué', 'de', '40', '%', '.']
2026-05-16 11:53:49,414 - DEBUG - joeynmt.training - 	Tokenized hypothesis: ['<unk>', 'an', ',', 'j&apos;', 'ai', 'montré', 'ces', 'deux', '<unk>', '<unk>', ',', 'qui', '<unk>', 'les', '<unk>', '<unk>', ',', 'qui', '<unk>', 'les', 'plus', '<unk>', 'de', 'la', 'taille', 'de', 'la', 'taille', 'de', 'la', 'taille', 'de', 'la', 'taille', 'de', 'la', 'taille', 'de', 'la', 'taille', '<unk>', ',', 'a', '40', '%', '.', '</s>']
2026-05-16 11:53:49,414 - INFO - joeynmt.training - 	Source:     Last year I showed these two slides so that demonstrate that the arctic ice cap , which for most of the last three million years has been the size of the lower 48 states , has shrunk by 40 percent .
2026-05-16 11:53:49,414 - INFO - joeynmt.training - 	Reference:  L&apos; année dernière , je vous ai présenté ces deux diapositives qui montraient que la calotte glacière arctique , qui pendant ces 3 derniers millions d&apos; année avait la taille des Etats-Unis sans l&apos; Alaska , qui pendant ces 3 derniers millions d&apos; année avait la taille des Etats-Unis sans l&apos; Alaska , avait diminué de 40 % .
2026-05-16 11:53:49,414 - INFO - joeynmt.training - 	Hypothesis: <unk> an , j&apos; ai montré ces deux <unk> <unk> , qui <unk> les <unk> <unk> , qui <unk> les plus <unk> de la taille de la taille de la taille de la taille de la taille de la taille <unk> , a 40 % .
2026-05-16 11:53:49,414 - INFO - joeynmt.training - Example #1
2026-05-16 11:53:49,415 - DEBUG - joeynmt.training - 	Tokenized source:     ['But', 'this', 'understates', 'the', 'seriousness', 'of', 'this', 'particular', 'problem', 'because', 'it', 'doesn', '&apos;t', 'show', 'the', 'thickness', 'of', 'the', 'ice', '.']
2026-05-16 11:53:49,415 - DEBUG - joeynmt.training - 	Tokenized reference:  ['Mais', 'ceci', 'tend', 'à', 'amoindrir', 'le', 'problème', 'parce', 'qu&apos;', 'on', 'ne', 'voit', 'pas', 'l&apos;', 'épaisseur', 'de', 'la', 'glace', '.']
2026-05-16 11:53:49,415 - DEBUG - joeynmt.training - 	Tokenized hypothesis: ['Mais', 'ce', '<unk>', 'le', '<unk>', 'de', 'ce', 'problème', ',', 'parce', 'que', 'ça', 'ne', '<unk>', 'pas', 'les', '<unk>', 'de', 'la', 'glace', '.', '</s>']
2026-05-16 11:53:49,415 - INFO - joeynmt.training - 	Source:     But this understates the seriousness of this particular problem because it doesn &apos;t show the thickness of the ice .
2026-05-16 11:53:49,415 - INFO - joeynmt.training - 	Reference:  Mais ceci tend à amoindrir le problème parce qu&apos; on ne voit pas l&apos; épaisseur de la glace .
2026-05-16 11:53:49,415 - INFO - joeynmt.training - 	Hypothesis: Mais ce <unk> le <unk> de ce problème , parce que ça ne <unk> pas les <unk> de la glace .
2026-05-16 11:53:49,415 - INFO - joeynmt.training - Example #2
2026-05-16 11:53:49,415 - DEBUG - joeynmt.training - 	Tokenized source:     ['The', 'arctic', 'ice', 'cap', 'is', ',', 'in', 'a', 'sense', ',', 'the', 'beating', 'heart', 'of', 'the', 'global', 'climate', 'system', '.']
2026-05-16 11:53:49,415 - DEBUG - joeynmt.training - 	Tokenized reference:  ['On', 'peut', 'voir', 'la', 'calotte', 'glacière', 'arctique', 'comme', 'le', 'coeur', 'du', 'système', 'climatique', 'global', '.', 'On', 'peut', 'voir', 'la', 'calotte', 'glacière', 'arctique', 'comme', 'le', 'coeur', 'du', 'système', 'climatique', 'global', '.']
2026-05-16 11:53:49,415 - DEBUG - joeynmt.training - 	Tokenized hypothesis: ['Les', '<unk>', '<unk>', 'est', ',', 'dans', 'un', 'sens', 'sens', ',', 'le', '<unk>', 'du', 'système', 'du', 'système', 'du', 'système', 'du', 'système', 'du', 'système', 'du', 'système', '.', '</s>']
2026-05-16 11:53:49,415 - INFO - joeynmt.training - 	Source:     The arctic ice cap is , in a sense , the beating heart of the global climate system .
2026-05-16 11:53:49,415 - INFO - joeynmt.training - 	Reference:  On peut voir la calotte glacière arctique comme le coeur du système climatique global . On peut voir la calotte glacière arctique comme le coeur du système climatique global .
2026-05-16 11:53:49,415 - INFO - joeynmt.training - 	Hypothesis: Les <unk> <unk> est , dans un sens sens , le <unk> du système du système du système du système du système du système .
2026-05-16 11:53:49,415 - INFO - joeynmt.training - Example #3
2026-05-16 11:53:49,415 - DEBUG - joeynmt.training - 	Tokenized source:     ['It', 'expands', 'in', 'winter', 'and', 'contracts', 'in', 'summer', '.']
2026-05-16 11:53:49,415 - DEBUG - joeynmt.training - 	Tokenized reference:  ['Elle', 's&apos;', 'étend', 'en', 'hiver', 'et', 'se', 'contracte', 'en', 'été', '.']
2026-05-16 11:53:49,415 - DEBUG - joeynmt.training - 	Tokenized hypothesis: ['Elle', '<unk>', 'dans', 'les', '<unk>', 'et', '<unk>', 'dans', 'l&apos;', 'été', '.', '</s>']
2026-05-16 11:53:49,415 - INFO - joeynmt.training - 	Source:     It expands in winter and contracts in summer .
2026-05-16 11:53:49,415 - INFO - joeynmt.training - 	Reference:  Elle s&apos; étend en hiver et se contracte en été .
2026-05-16 11:53:49,415 - INFO - joeynmt.training - 	Hypothesis: Elle <unk> dans les <unk> et <unk> dans l&apos; été .
2026-05-16 11:53:49,415 - INFO - joeynmt.training - Example #4
2026-05-16 11:53:49,415 - DEBUG - joeynmt.training - 	Tokenized source:     ['The', 'next', 'slide', 'I', 'show', 'you', 'will', 'be', 'a', 'rapid', 'fast-forward', 'of', 'what', '&apos;s', 'happened', 'over', 'the', 'last', '25', 'years', '.']
2026-05-16 11:53:49,415 - DEBUG - joeynmt.training - 	Tokenized reference:  ['La', 'prochaine', 'diapositive', 'que', 'je', 'vais', 'vous', 'montrer', 'est', 'une', 'vue', 'en', 'accéléré', 'de', 'ce', 'qui', 's&apos;', 'est', 'passé', 'ces', '25', 'dernières', 'années', '.']
2026-05-16 11:53:49,415 - DEBUG - joeynmt.training - 	Tokenized hypothesis: ['La', 'prochaine', 'prochaine', '<unk>', 'que', 'je', 'vous', '<unk>', 'un', '<unk>', 'de', 'ce', 'qui', 's&apos;', 'est', 'passé', 'au', '<unk>', 'de', 'ce', 'qui', 'est', 'passé', 'au', '<unk>', '.', '</s>']
2026-05-16 11:53:49,415 - INFO - joeynmt.training - 	Source:     The next slide I show you will be a rapid fast-forward of what &apos;s happened over the last 25 years .
2026-05-16 11:53:49,415 - INFO - joeynmt.training - 	Reference:  La prochaine diapositive que je vais vous montrer est une vue en accéléré de ce qui s&apos; est passé ces 25 dernières années .
2026-05-16 11:53:49,415 - INFO - joeynmt.training - 	Hypothesis: La prochaine prochaine <unk> que je vous <unk> un <unk> de ce qui s&apos; est passé au <unk> de ce qui est passé au <unk> .
2026-05-16 11:53:59,709 - INFO - joeynmt.training - Epoch   1, Step:     2600, Batch Loss:     1.651332, Batch Acc: 0.510985, Tokens per Sec:     7093, Lr: 0.000300
2026-05-16 11:54:10,047 - INFO - joeynmt.training - Epoch   1, Step:     2700, Batch Loss:     1.505069, Batch Acc: 0.517571, Tokens per Sec:     7022, Lr: 0.000300
2026-05-16 11:54:20,393 - INFO - joeynmt.training - Epoch   1, Step:     2800, Batch Loss:     1.487023, Batch Acc: 0.521211, Tokens per Sec:     7121, Lr: 0.000300
2026-05-16 11:54:30,714 - INFO - joeynmt.training - Epoch   1, Step:     2900, Batch Loss:     1.535519, Batch Acc: 0.526482, Tokens per Sec:     6975, Lr: 0.000300
2026-05-16 11:54:41,107 - INFO - joeynmt.training - Epoch   1, Step:     3000, Batch Loss:     1.591650, Batch Acc: 0.526963, Tokens per Sec:     6921, Lr: 0.000300
2026-05-16 11:54:41,108 - WARNING - joeynmt.helpers - `alpha` option is obsolete. Please use `beam_alpha`, instead.
2026-05-16 11:54:41,108 - INFO - joeynmt.prediction - Predicting 890 example(s)... (Greedy decoding with min_output_length=1, max_output_length=-1, return_prob='none', generate_unk=True, repetition_penalty=-1, no_repeat_ngram_size=-1)
2026-05-16 11:54:57,380 - INFO - joeynmt.prediction - Evaluation result (greedy) loss:   1.68, ppl:   5.39, acc:   0.48, generation: 16.2695[sec], evaluation: 0.0000[sec]
2026-05-16 11:54:57,381 - INFO - joeynmt.training - Hooray! New best validation result [ppl]!
2026-05-16 11:54:57,437 - INFO - joeynmt.helpers - delete models/word_2k/500.ckpt
2026-05-16 11:54:57,437 - INFO - joeynmt.training - Example #0
2026-05-16 11:54:57,437 - DEBUG - joeynmt.training - 	Tokenized source:     ['Last', 'year', 'I', 'showed', 'these', 'two', 'slides', 'so', 'that', 'demonstrate', 'that', 'the', 'arctic', 'ice', 'cap', ',', 'which', 'for', 'most', 'of', 'the', 'last', 'three', 'million', 'years', 'has', 'been', 'the', 'size', 'of', 'the', 'lower', '48', 'states', ',', 'has', 'shrunk', 'by', '40', 'percent', '.']
2026-05-16 11:54:57,437 - DEBUG - joeynmt.training - 	Tokenized reference:  ['L&apos;', 'année', 'dernière', ',', 'je', 'vous', 'ai', 'présenté', 'ces', 'deux', 'diapositives', 'qui', 'montraient', 'que', 'la', 'calotte', 'glacière', 'arctique', ',', 'qui', 'pendant', 'ces', '3', 'derniers', 'millions', 'd&apos;', 'année', 'avait', 'la', 'taille', 'des', 'Etats-Unis', 'sans', 'l&apos;', 'Alaska', ',', 'qui', 'pendant', 'ces', '3', 'derniers', 'millions', 'd&apos;', 'année', 'avait', 'la', 'taille', 'des', 'Etats-Unis', 'sans', 'l&apos;', 'Alaska', ',', 'avait', 'diminué', 'de', '40', '%', '.']
2026-05-16 11:54:57,437 - DEBUG - joeynmt.training - 	Tokenized hypothesis: ['<unk>', 'an', 'que', 'j&apos;', 'ai', 'montré', 'ces', 'deux', '<unk>', 'si', '<unk>', 'que', 'la', 'glace', '<unk>', '<unk>', ',', 'qui', 'pour', 'la', 'plupart', 'des', '<unk>', 'de', 'ces', 'trois', 'millions', 'de', '<unk>', '<unk>', ',', 'a', 'été', '<unk>', 'par', '40', 'pour', 'cent', '.', '</s>']
2026-05-16 11:54:57,437 - INFO - joeynmt.training - 	Source:     Last year I showed these two slides so that demonstrate that the arctic ice cap , which for most of the last three million years has been the size of the lower 48 states , has shrunk by 40 percent .
2026-05-16 11:54:57,437 - INFO - joeynmt.training - 	Reference:  L&apos; année dernière , je vous ai présenté ces deux diapositives qui montraient que la calotte glacière arctique , qui pendant ces 3 derniers millions d&apos; année avait la taille des Etats-Unis sans l&apos; Alaska , qui pendant ces 3 derniers millions d&apos; année avait la taille des Etats-Unis sans l&apos; Alaska , avait diminué de 40 % .
2026-05-16 11:54:57,438 - INFO - joeynmt.training - 	Hypothesis: <unk> an que j&apos; ai montré ces deux <unk> si <unk> que la glace <unk> <unk> , qui pour la plupart des <unk> de ces trois millions de <unk> <unk> , a été <unk> par 40 pour cent .
2026-05-16 11:54:57,438 - INFO - joeynmt.training - Example #1
2026-05-16 11:54:57,438 - DEBUG - joeynmt.training - 	Tokenized source:     ['But', 'this', 'understates', 'the', 'seriousness', 'of', 'this', 'particular', 'problem', 'because', 'it', 'doesn', '&apos;t', 'show', 'the', 'thickness', 'of', 'the', 'ice', '.']
2026-05-16 11:54:57,438 - DEBUG - joeynmt.training - 	Tokenized reference:  ['Mais', 'ceci', 'tend', 'à', 'amoindrir', 'le', 'problème', 'parce', 'qu&apos;', 'on', 'ne', 'voit', 'pas', 'l&apos;', 'épaisseur', 'de', 'la', 'glace', '.']
2026-05-16 11:54:57,438 - DEBUG - joeynmt.training - 	Tokenized hypothesis: ['Mais', 'ce', '<unk>', 'le', '<unk>', 'de', 'ce', 'problème', ',', 'parce', 'que', 'ça', 'ne', '<unk>', 'pas', 'la', '<unk>', 'de', 'la', 'glace', '.', '</s>']
2026-05-16 11:54:57,438 - INFO - joeynmt.training - 	Source:     But this understates the seriousness of this particular problem because it doesn &apos;t show the thickness of the ice .
2026-05-16 11:54:57,438 - INFO - joeynmt.training - 	Reference:  Mais ceci tend à amoindrir le problème parce qu&apos; on ne voit pas l&apos; épaisseur de la glace .
2026-05-16 11:54:57,438 - INFO - joeynmt.training - 	Hypothesis: Mais ce <unk> le <unk> de ce problème , parce que ça ne <unk> pas la <unk> de la glace .
2026-05-16 11:54:57,438 - INFO - joeynmt.training - Example #2
2026-05-16 11:54:57,438 - DEBUG - joeynmt.training - 	Tokenized source:     ['The', 'arctic', 'ice', 'cap', 'is', ',', 'in', 'a', 'sense', ',', 'the', 'beating', 'heart', 'of', 'the', 'global', 'climate', 'system', '.']
2026-05-16 11:54:57,438 - DEBUG - joeynmt.training - 	Tokenized reference:  ['On', 'peut', 'voir', 'la', 'calotte', 'glacière', 'arctique', 'comme', 'le', 'coeur', 'du', 'système', 'climatique', 'global', '.', 'On', 'peut', 'voir', 'la', 'calotte', 'glacière', 'arctique', 'comme', 'le', 'coeur', 'du', 'système', 'climatique', 'global', '.']
2026-05-16 11:54:57,438 - DEBUG - joeynmt.training - 	Tokenized hypothesis: ['La', 'glace', '<unk>', 'est', ',', 'dans', 'un', 'sens', ',', 'le', '<unk>', 'du', 'système', '<unk>', '<unk>', '.', '</s>']
2026-05-16 11:54:57,438 - INFO - joeynmt.training - 	Source:     The arctic ice cap is , in a sense , the beating heart of the global climate system .
2026-05-16 11:54:57,438 - INFO - joeynmt.training - 	Reference:  On peut voir la calotte glacière arctique comme le coeur du système climatique global . On peut voir la calotte glacière arctique comme le coeur du système climatique global .
2026-05-16 11:54:57,438 - INFO - joeynmt.training - 	Hypothesis: La glace <unk> est , dans un sens , le <unk> du système <unk> <unk> .
2026-05-16 11:54:57,438 - INFO - joeynmt.training - Example #3
2026-05-16 11:54:57,438 - DEBUG - joeynmt.training - 	Tokenized source:     ['It', 'expands', 'in', 'winter', 'and', 'contracts', 'in', 'summer', '.']
2026-05-16 11:54:57,438 - DEBUG - joeynmt.training - 	Tokenized reference:  ['Elle', 's&apos;', 'étend', 'en', 'hiver', 'et', 'se', 'contracte', 'en', 'été', '.']
2026-05-16 11:54:57,438 - DEBUG - joeynmt.training - 	Tokenized hypothesis: ['Il', '<unk>', 'dans', 'les', '<unk>', 'et', '<unk>', 'en', 'été', '.', '</s>']
2026-05-16 11:54:57,438 - INFO - joeynmt.training - 	Source:     It expands in winter and contracts in summer .
2026-05-16 11:54:57,438 - INFO - joeynmt.training - 	Reference:  Elle s&apos; étend en hiver et se contracte en été .
2026-05-16 11:54:57,438 - INFO - joeynmt.training - 	Hypothesis: Il <unk> dans les <unk> et <unk> en été .
2026-05-16 11:54:57,438 - INFO - joeynmt.training - Example #4
2026-05-16 11:54:57,438 - DEBUG - joeynmt.training - 	Tokenized source:     ['The', 'next', 'slide', 'I', 'show', 'you', 'will', 'be', 'a', 'rapid', 'fast-forward', 'of', 'what', '&apos;s', 'happened', 'over', 'the', 'last', '25', 'years', '.']
2026-05-16 11:54:57,438 - DEBUG - joeynmt.training - 	Tokenized reference:  ['La', 'prochaine', 'diapositive', 'que', 'je', 'vais', 'vous', 'montrer', 'est', 'une', 'vue', 'en', 'accéléré', 'de', 'ce', 'qui', 's&apos;', 'est', 'passé', 'ces', '25', 'dernières', 'années', '.']
2026-05-16 11:54:57,438 - DEBUG - joeynmt.training - 	Tokenized hypothesis: ['La', 'prochaine', '<unk>', 'que', 'vous', '<unk>', 'un', '<unk>', 'de', 'ce', 'qui', 'est', 'passé', 'au', '<unk>', 'de', 'ce', 'qui', 'est', 'passé', 'au', '<unk>', '.', '</s>']
2026-05-16 11:54:57,438 - INFO - joeynmt.training - 	Source:     The next slide I show you will be a rapid fast-forward of what &apos;s happened over the last 25 years .
2026-05-16 11:54:57,438 - INFO - joeynmt.training - 	Reference:  La prochaine diapositive que je vais vous montrer est une vue en accéléré de ce qui s&apos; est passé ces 25 dernières années .
2026-05-16 11:54:57,438 - INFO - joeynmt.training - 	Hypothesis: La prochaine <unk> que vous <unk> un <unk> de ce qui est passé au <unk> de ce qui est passé au <unk> .
2026-05-16 11:55:07,323 - INFO - joeynmt.training - Epoch   1: total training loss 6150.31
2026-05-16 11:55:07,323 - INFO - joeynmt.training - EPOCH 2
2026-05-16 11:55:07,778 - INFO - joeynmt.training - Epoch   2, Step:     3100, Batch Loss:     1.460581, Batch Acc: 0.545716, Tokens per Sec:     6113, Lr: 0.000300
2026-05-16 11:55:17,990 - INFO - joeynmt.training - Epoch   2, Step:     3200, Batch Loss:     1.357619, Batch Acc: 0.541368, Tokens per Sec:     7169, Lr: 0.000300
2026-05-16 11:55:28,815 - INFO - joeynmt.training - Epoch   2, Step:     3300, Batch Loss:     1.545529, Batch Acc: 0.545207, Tokens per Sec:     6765, Lr: 0.000300
2026-05-16 11:55:38,910 - INFO - joeynmt.training - Epoch   2, Step:     3400, Batch Loss:     1.642948, Batch Acc: 0.546253, Tokens per Sec:     7252, Lr: 0.000300
2026-05-16 11:55:49,367 - INFO - joeynmt.training - Epoch   2, Step:     3500, Batch Loss:     1.571952, Batch Acc: 0.545834, Tokens per Sec:     6880, Lr: 0.000300
2026-05-16 11:55:49,367 - WARNING - joeynmt.helpers - `alpha` option is obsolete. Please use `beam_alpha`, instead.
2026-05-16 11:55:49,367 - INFO - joeynmt.prediction - Predicting 890 example(s)... (Greedy decoding with min_output_length=1, max_output_length=-1, return_prob='none', generate_unk=True, repetition_penalty=-1, no_repeat_ngram_size=-1)
2026-05-16 11:56:05,702 - INFO - joeynmt.prediction - Evaluation result (greedy) loss:   1.64, ppl:   5.18, acc:   0.49, generation: 16.3306[sec], evaluation: 0.0000[sec]
2026-05-16 11:56:05,702 - INFO - joeynmt.training - Hooray! New best validation result [ppl]!
2026-05-16 11:56:05,758 - INFO - joeynmt.helpers - delete models/word_2k/1000.ckpt
2026-05-16 11:56:05,759 - INFO - joeynmt.training - Example #0
2026-05-16 11:56:05,759 - DEBUG - joeynmt.training - 	Tokenized source:     ['Last', 'year', 'I', 'showed', 'these', 'two', 'slides', 'so', 'that', 'demonstrate', 'that', 'the', 'arctic', 'ice', 'cap', ',', 'which', 'for', 'most', 'of', 'the', 'last', 'three', 'million', 'years', 'has', 'been', 'the', 'size', 'of', 'the', 'lower', '48', 'states', ',', 'has', 'shrunk', 'by', '40', 'percent', '.']
2026-05-16 11:56:05,759 - DEBUG - joeynmt.training - 	Tokenized reference:  ['L&apos;', 'année', 'dernière', ',', 'je', 'vous', 'ai', 'présenté', 'ces', 'deux', 'diapositives', 'qui', 'montraient', 'que', 'la', 'calotte', 'glacière', 'arctique', ',', 'qui', 'pendant', 'ces', '3', 'derniers', 'millions', 'd&apos;', 'année', 'avait', 'la', 'taille', 'des', 'Etats-Unis', 'sans', 'l&apos;', 'Alaska', ',', 'qui', 'pendant', 'ces', '3', 'derniers', 'millions', 'd&apos;', 'année', 'avait', 'la', 'taille', 'des', 'Etats-Unis', 'sans', 'l&apos;', 'Alaska', ',', 'avait', 'diminué', 'de', '40', '%', '.']
2026-05-16 11:56:05,759 - DEBUG - joeynmt.training - 	Tokenized hypothesis: ['<unk>', 'année', ',', 'j&apos;', 'ai', 'montré', 'ces', 'deux', '<unk>', 'de', '<unk>', ',', 'qui', '<unk>', 'la', 'glace', '<unk>', ',', 'qui', '<unk>', 'la', 'plupart', 'des', '<unk>', 'de', 'ces', 'trois', 'millions', 'de', 'dernières', 'années', 'a', 'été', 'la', 'taille', 'de', 'la', '<unk>', '<unk>', ',', 'a', '<unk>', 'par', 'cent', '.', '</s>']
2026-05-16 11:56:05,759 - INFO - joeynmt.training - 	Source:     Last year I showed these two slides so that demonstrate that the arctic ice cap , which for most of the last three million years has been the size of the lower 48 states , has shrunk by 40 percent .
2026-05-16 11:56:05,759 - INFO - joeynmt.training - 	Reference:  L&apos; année dernière , je vous ai présenté ces deux diapositives qui montraient que la calotte glacière arctique , qui pendant ces 3 derniers millions d&apos; année avait la taille des Etats-Unis sans l&apos; Alaska , qui pendant ces 3 derniers millions d&apos; année avait la taille des Etats-Unis sans l&apos; Alaska , avait diminué de 40 % .
2026-05-16 11:56:05,759 - INFO - joeynmt.training - 	Hypothesis: <unk> année , j&apos; ai montré ces deux <unk> de <unk> , qui <unk> la glace <unk> , qui <unk> la plupart des <unk> de ces trois millions de dernières années a été la taille de la <unk> <unk> , a <unk> par cent .
2026-05-16 11:56:05,759 - INFO - joeynmt.training - Example #1
2026-05-16 11:56:05,759 - DEBUG - joeynmt.training - 	Tokenized source:     ['But', 'this', 'understates', 'the', 'seriousness', 'of', 'this', 'particular', 'problem', 'because', 'it', 'doesn', '&apos;t', 'show', 'the', 'thickness', 'of', 'the', 'ice', '.']
2026-05-16 11:56:05,759 - DEBUG - joeynmt.training - 	Tokenized reference:  ['Mais', 'ceci', 'tend', 'à', 'amoindrir', 'le', 'problème', 'parce', 'qu&apos;', 'on', 'ne', 'voit', 'pas', 'l&apos;', 'épaisseur', 'de', 'la', 'glace', '.']
2026-05-16 11:56:05,759 - DEBUG - joeynmt.training - 	Tokenized hypothesis: ['Mais', 'cette', '<unk>', '<unk>', 'le', '<unk>', 'de', 'ce', 'problème', 'parce', 'qu&apos;', 'il', 'ne', '<unk>', 'pas', 'la', '<unk>', 'de', 'glace', '.', '</s>']
2026-05-16 11:56:05,759 - INFO - joeynmt.training - 	Source:     But this understates the seriousness of this particular problem because it doesn &apos;t show the thickness of the ice .
2026-05-16 11:56:05,759 - INFO - joeynmt.training - 	Reference:  Mais ceci tend à amoindrir le problème parce qu&apos; on ne voit pas l&apos; épaisseur de la glace .
2026-05-16 11:56:05,759 - INFO - joeynmt.training - 	Hypothesis: Mais cette <unk> <unk> le <unk> de ce problème parce qu&apos; il ne <unk> pas la <unk> de glace .
2026-05-16 11:56:05,759 - INFO - joeynmt.training - Example #2
2026-05-16 11:56:05,759 - DEBUG - joeynmt.training - 	Tokenized source:     ['The', 'arctic', 'ice', 'cap', 'is', ',', 'in', 'a', 'sense', ',', 'the', 'beating', 'heart', 'of', 'the', 'global', 'climate', 'system', '.']
2026-05-16 11:56:05,760 - DEBUG - joeynmt.training - 	Tokenized reference:  ['On', 'peut', 'voir', 'la', 'calotte', 'glacière', 'arctique', 'comme', 'le', 'coeur', 'du', 'système', 'climatique', 'global', '.', 'On', 'peut', 'voir', 'la', 'calotte', 'glacière', 'arctique', 'comme', 'le', 'coeur', 'du', 'système', 'climatique', 'global', '.']
2026-05-16 11:56:05,760 - DEBUG - joeynmt.training - 	Tokenized hypothesis: ['La', 'glace', '<unk>', 'est', ',', 'dans', 'un', 'sens', ',', 'le', '<unk>', '<unk>', 'du', 'système', 'climatique', 'climatique', '.', '</s>']
2026-05-16 11:56:05,760 - INFO - joeynmt.training - 	Source:     The arctic ice cap is , in a sense , the beating heart of the global climate system .
2026-05-16 11:56:05,760 - INFO - joeynmt.training - 	Reference:  On peut voir la calotte glacière arctique comme le coeur du système climatique global . On peut voir la calotte glacière arctique comme le coeur du système climatique global .
2026-05-16 11:56:05,760 - INFO - joeynmt.training - 	Hypothesis: La glace <unk> est , dans un sens , le <unk> <unk> du système climatique climatique .
2026-05-16 11:56:05,760 - INFO - joeynmt.training - Example #3
2026-05-16 11:56:05,760 - DEBUG - joeynmt.training - 	Tokenized source:     ['It', 'expands', 'in', 'winter', 'and', 'contracts', 'in', 'summer', '.']
2026-05-16 11:56:05,760 - DEBUG - joeynmt.training - 	Tokenized reference:  ['Elle', 's&apos;', 'étend', 'en', 'hiver', 'et', 'se', 'contracte', 'en', 'été', '.']
2026-05-16 11:56:05,760 - DEBUG - joeynmt.training - 	Tokenized hypothesis: ['Il', '<unk>', 'en', '<unk>', 'et', '<unk>', 'en', 'été', '.', '</s>']
2026-05-16 11:56:05,760 - INFO - joeynmt.training - 	Source:     It expands in winter and contracts in summer .
2026-05-16 11:56:05,760 - INFO - joeynmt.training - 	Reference:  Elle s&apos; étend en hiver et se contracte en été .
2026-05-16 11:56:05,760 - INFO - joeynmt.training - 	Hypothesis: Il <unk> en <unk> et <unk> en été .
2026-05-16 11:56:05,760 - INFO - joeynmt.training - Example #4
2026-05-16 11:56:05,760 - DEBUG - joeynmt.training - 	Tokenized source:     ['The', 'next', 'slide', 'I', 'show', 'you', 'will', 'be', 'a', 'rapid', 'fast-forward', 'of', 'what', '&apos;s', 'happened', 'over', 'the', 'last', '25', 'years', '.']
2026-05-16 11:56:05,760 - DEBUG - joeynmt.training - 	Tokenized reference:  ['La', 'prochaine', 'diapositive', 'que', 'je', 'vais', 'vous', 'montrer', 'est', 'une', 'vue', 'en', 'accéléré', 'de', 'ce', 'qui', 's&apos;', 'est', 'passé', 'ces', '25', 'dernières', 'années', '.']
2026-05-16 11:56:05,760 - DEBUG - joeynmt.training - 	Tokenized hypothesis: ['La', '<unk>', '<unk>', 'que', 'je', 'vous', '<unk>', 'une', '<unk>', '<unk>', 'de', 'ce', 'qui', 's&apos;', 'est', 'passé', 'sur', 'les', '25', 'dernières', 'années', '.', '</s>']
2026-05-16 11:56:05,760 - INFO - joeynmt.training - 	Source:     The next slide I show you will be a rapid fast-forward of what &apos;s happened over the last 25 years .
2026-05-16 11:56:05,760 - INFO - joeynmt.training - 	Reference:  La prochaine diapositive que je vais vous montrer est une vue en accéléré de ce qui s&apos; est passé ces 25 dernières années .
2026-05-16 11:56:05,760 - INFO - joeynmt.training - 	Hypothesis: La <unk> <unk> que je vous <unk> une <unk> <unk> de ce qui s&apos; est passé sur les 25 dernières années .
2026-05-16 11:56:16,326 - INFO - joeynmt.training - Epoch   2, Step:     3600, Batch Loss:     1.489253, Batch Acc: 0.550037, Tokens per Sec:     6949, Lr: 0.000300
2026-05-16 11:56:26,825 - INFO - joeynmt.training - Epoch   2, Step:     3700, Batch Loss:     1.363244, Batch Acc: 0.547682, Tokens per Sec:     6814, Lr: 0.000300
2026-05-16 11:56:37,348 - INFO - joeynmt.training - Epoch   2, Step:     3800, Batch Loss:     1.395784, Batch Acc: 0.546898, Tokens per Sec:     6747, Lr: 0.000300
2026-05-16 11:56:47,908 - INFO - joeynmt.training - Epoch   2, Step:     3900, Batch Loss:     1.507194, Batch Acc: 0.553796, Tokens per Sec:     6998, Lr: 0.000300
2026-05-16 11:56:58,218 - INFO - joeynmt.training - Epoch   2, Step:     4000, Batch Loss:     1.285547, Batch Acc: 0.551455, Tokens per Sec:     6918, Lr: 0.000300
2026-05-16 11:56:58,218 - WARNING - joeynmt.helpers - `alpha` option is obsolete. Please use `beam_alpha`, instead.
2026-05-16 11:56:58,218 - INFO - joeynmt.prediction - Predicting 890 example(s)... (Greedy decoding with min_output_length=1, max_output_length=-1, return_prob='none', generate_unk=True, repetition_penalty=-1, no_repeat_ngram_size=-1)
2026-05-16 11:57:14,704 - INFO - joeynmt.prediction - Evaluation result (greedy) loss:   1.61, ppl:   5.01, acc:   0.50, generation: 16.4821[sec], evaluation: 0.0000[sec]
2026-05-16 11:57:14,704 - INFO - joeynmt.training - Hooray! New best validation result [ppl]!
2026-05-16 11:57:14,758 - INFO - joeynmt.helpers - delete models/word_2k/1500.ckpt
2026-05-16 11:57:14,759 - INFO - joeynmt.training - Example #0
2026-05-16 11:57:14,759 - DEBUG - joeynmt.training - 	Tokenized source:     ['Last', 'year', 'I', 'showed', 'these', 'two', 'slides', 'so', 'that', 'demonstrate', 'that', 'the', 'arctic', 'ice', 'cap', ',', 'which', 'for', 'most', 'of', 'the', 'last', 'three', 'million', 'years', 'has', 'been', 'the', 'size', 'of', 'the', 'lower', '48', 'states', ',', 'has', 'shrunk', 'by', '40', 'percent', '.']
2026-05-16 11:57:14,759 - DEBUG - joeynmt.training - 	Tokenized reference:  ['L&apos;', 'année', 'dernière', ',', 'je', 'vous', 'ai', 'présenté', 'ces', 'deux', 'diapositives', 'qui', 'montraient', 'que', 'la', 'calotte', 'glacière', 'arctique', ',', 'qui', 'pendant', 'ces', '3', 'derniers', 'millions', 'd&apos;', 'année', 'avait', 'la', 'taille', 'des', 'Etats-Unis', 'sans', 'l&apos;', 'Alaska', ',', 'qui', 'pendant', 'ces', '3', 'derniers', 'millions', 'd&apos;', 'année', 'avait', 'la', 'taille', 'des', 'Etats-Unis', 'sans', 'l&apos;', 'Alaska', ',', 'avait', 'diminué', 'de', '40', '%', '.']
2026-05-16 11:57:14,759 - DEBUG - joeynmt.training - 	Tokenized hypothesis: ['<unk>', 'an', ',', 'j&apos;', 'ai', 'montré', 'ces', 'deux', '<unk>', 'pour', 'que', 'la', 'glace', '<unk>', ',', 'qui', '<unk>', 'pour', 'la', '<unk>', '<unk>', ',', 'qui', 'a', 'été', '<unk>', 'la', 'taille', 'de', 'la', '<unk>', '<unk>', ',', 'a', '<unk>', 'par', 'cent', '.', '</s>']
2026-05-16 11:57:14,759 - INFO - joeynmt.training - 	Source:     Last year I showed these two slides so that demonstrate that the arctic ice cap , which for most of the last three million years has been the size of the lower 48 states , has shrunk by 40 percent .
2026-05-16 11:57:14,759 - INFO - joeynmt.training - 	Reference:  L&apos; année dernière , je vous ai présenté ces deux diapositives qui montraient que la calotte glacière arctique , qui pendant ces 3 derniers millions d&apos; année avait la taille des Etats-Unis sans l&apos; Alaska , qui pendant ces 3 derniers millions d&apos; année avait la taille des Etats-Unis sans l&apos; Alaska , avait diminué de 40 % .
2026-05-16 11:57:14,759 - INFO - joeynmt.training - 	Hypothesis: <unk> an , j&apos; ai montré ces deux <unk> pour que la glace <unk> , qui <unk> pour la <unk> <unk> , qui a été <unk> la taille de la <unk> <unk> , a <unk> par cent .
2026-05-16 11:57:14,759 - INFO - joeynmt.training - Example #1
2026-05-16 11:57:14,759 - DEBUG - joeynmt.training - 	Tokenized source:     ['But', 'this', 'understates', 'the', 'seriousness', 'of', 'this', 'particular', 'problem', 'because', 'it', 'doesn', '&apos;t', 'show', 'the', 'thickness', 'of', 'the', 'ice', '.']
2026-05-16 11:57:14,759 - DEBUG - joeynmt.training - 	Tokenized reference:  ['Mais', 'ceci', 'tend', 'à', 'amoindrir', 'le', 'problème', 'parce', 'qu&apos;', 'on', 'ne', 'voit', 'pas', 'l&apos;', 'épaisseur', 'de', 'la', 'glace', '.']
2026-05-16 11:57:14,759 - DEBUG - joeynmt.training - 	Tokenized hypothesis: ['Mais', 'cette', '<unk>', '<unk>', 'de', 'ce', 'problème', 'parce', 'que', 'ça', 'ne', '<unk>', 'pas', 'la', 'glace', 'de', 'la', 'glace', '.', '</s>']
2026-05-16 11:57:14,760 - INFO - joeynmt.training - 	Source:     But this understates the seriousness of this particular problem because it doesn &apos;t show the thickness of the ice .
2026-05-16 11:57:14,760 - INFO - joeynmt.training - 	Reference:  Mais ceci tend à amoindrir le problème parce qu&apos; on ne voit pas l&apos; épaisseur de la glace .
2026-05-16 11:57:14,760 - INFO - joeynmt.training - 	Hypothesis: Mais cette <unk> <unk> de ce problème parce que ça ne <unk> pas la glace de la glace .
2026-05-16 11:57:14,760 - INFO - joeynmt.training - Example #2
2026-05-16 11:57:14,760 - DEBUG - joeynmt.training - 	Tokenized source:     ['The', 'arctic', 'ice', 'cap', 'is', ',', 'in', 'a', 'sense', ',', 'the', 'beating', 'heart', 'of', 'the', 'global', 'climate', 'system', '.']
2026-05-16 11:57:14,760 - DEBUG - joeynmt.training - 	Tokenized reference:  ['On', 'peut', 'voir', 'la', 'calotte', 'glacière', 'arctique', 'comme', 'le', 'coeur', 'du', 'système', 'climatique', 'global', '.', 'On', 'peut', 'voir', 'la', 'calotte', 'glacière', 'arctique', 'comme', 'le', 'coeur', 'du', 'système', 'climatique', 'global', '.']
2026-05-16 11:57:14,760 - DEBUG - joeynmt.training - 	Tokenized hypothesis: ['La', 'glace', '<unk>', 'est', ',', 'dans', 'un', 'sens', ',', 'le', '<unk>', 'du', 'système', 'du', '<unk>', 'du', 'système', 'du', 'climat', '.', '</s>']
2026-05-16 11:57:14,760 - INFO - joeynmt.training - 	Source:     The arctic ice cap is , in a sense , the beating heart of the global climate system .
2026-05-16 11:57:14,760 - INFO - joeynmt.training - 	Reference:  On peut voir la calotte glacière arctique comme le coeur du système climatique global . On peut voir la calotte glacière arctique comme le coeur du système climatique global .
2026-05-16 11:57:14,760 - INFO - joeynmt.training - 	Hypothesis: La glace <unk> est , dans un sens , le <unk> du système du <unk> du système du climat .
2026-05-16 11:57:14,760 - INFO - joeynmt.training - Example #3
2026-05-16 11:57:14,760 - DEBUG - joeynmt.training - 	Tokenized source:     ['It', 'expands', 'in', 'winter', 'and', 'contracts', 'in', 'summer', '.']
2026-05-16 11:57:14,760 - DEBUG - joeynmt.training - 	Tokenized reference:  ['Elle', 's&apos;', 'étend', 'en', 'hiver', 'et', 'se', 'contracte', 'en', 'été', '.']
2026-05-16 11:57:14,760 - DEBUG - joeynmt.training - 	Tokenized hypothesis: ['Il', '<unk>', 'en', '<unk>', 'et', '<unk>', 'en', 'été', '.', '</s>']
2026-05-16 11:57:14,760 - INFO - joeynmt.training - 	Source:     It expands in winter and contracts in summer .
2026-05-16 11:57:14,760 - INFO - joeynmt.training - 	Reference:  Elle s&apos; étend en hiver et se contracte en été .
2026-05-16 11:57:14,760 - INFO - joeynmt.training - 	Hypothesis: Il <unk> en <unk> et <unk> en été .
2026-05-16 11:57:14,760 - INFO - joeynmt.training - Example #4
2026-05-16 11:57:14,760 - DEBUG - joeynmt.training - 	Tokenized source:     ['The', 'next', 'slide', 'I', 'show', 'you', 'will', 'be', 'a', 'rapid', 'fast-forward', 'of', 'what', '&apos;s', 'happened', 'over', 'the', 'last', '25', 'years', '.']
2026-05-16 11:57:14,760 - DEBUG - joeynmt.training - 	Tokenized reference:  ['La', 'prochaine', 'diapositive', 'que', 'je', 'vais', 'vous', 'montrer', 'est', 'une', 'vue', 'en', 'accéléré', 'de', 'ce', 'qui', 's&apos;', 'est', 'passé', 'ces', '25', 'dernières', 'années', '.']
2026-05-16 11:57:14,760 - DEBUG - joeynmt.training - 	Tokenized hypothesis: ['La', '<unk>', '<unk>', 'que', 'je', 'vous', '<unk>', '<unk>', 'de', 'ce', 'qui', 'est', 'arrivé', 'à', 'l&apos;', '25', 'dernières', 'années', '.', '</s>']
2026-05-16 11:57:14,760 - INFO - joeynmt.training - 	Source:     The next slide I show you will be a rapid fast-forward of what &apos;s happened over the last 25 years .
2026-05-16 11:57:14,760 - INFO - joeynmt.training - 	Reference:  La prochaine diapositive que je vais vous montrer est une vue en accéléré de ce qui s&apos; est passé ces 25 dernières années .
2026-05-16 11:57:14,760 - INFO - joeynmt.training - 	Hypothesis: La <unk> <unk> que je vous <unk> <unk> de ce qui est arrivé à l&apos; 25 dernières années .
2026-05-16 11:57:25,008 - INFO - joeynmt.training - Epoch   2, Step:     4100, Batch Loss:     1.505039, Batch Acc: 0.549743, Tokens per Sec:     6974, Lr: 0.000300
2026-05-16 11:57:35,345 - INFO - joeynmt.training - Epoch   2, Step:     4200, Batch Loss:     1.445472, Batch Acc: 0.559258, Tokens per Sec:     7008, Lr: 0.000300
2026-05-16 11:57:45,599 - INFO - joeynmt.training - Epoch   2, Step:     4300, Batch Loss:     1.416971, Batch Acc: 0.557474, Tokens per Sec:     7117, Lr: 0.000300
2026-05-16 11:57:56,041 - INFO - joeynmt.training - Epoch   2, Step:     4400, Batch Loss:     1.367960, Batch Acc: 0.562930, Tokens per Sec:     7125, Lr: 0.000300
2026-05-16 11:58:06,511 - INFO - joeynmt.training - Epoch   2, Step:     4500, Batch Loss:     1.369866, Batch Acc: 0.560322, Tokens per Sec:     6808, Lr: 0.000300
2026-05-16 11:58:06,511 - WARNING - joeynmt.helpers - `alpha` option is obsolete. Please use `beam_alpha`, instead.
2026-05-16 11:58:06,512 - INFO - joeynmt.prediction - Predicting 890 example(s)... (Greedy decoding with min_output_length=1, max_output_length=-1, return_prob='none', generate_unk=True, repetition_penalty=-1, no_repeat_ngram_size=-1)
2026-05-16 11:58:22,291 - INFO - joeynmt.prediction - Evaluation result (greedy) loss:   1.57, ppl:   4.83, acc:   0.51, generation: 15.7756[sec], evaluation: 0.0000[sec]
2026-05-16 11:58:22,291 - INFO - joeynmt.training - Hooray! New best validation result [ppl]!
2026-05-16 11:58:22,344 - INFO - joeynmt.helpers - delete models/word_2k/2000.ckpt
2026-05-16 11:58:22,345 - INFO - joeynmt.training - Example #0
2026-05-16 11:58:22,345 - DEBUG - joeynmt.training - 	Tokenized source:     ['Last', 'year', 'I', 'showed', 'these', 'two', 'slides', 'so', 'that', 'demonstrate', 'that', 'the', 'arctic', 'ice', 'cap', ',', 'which', 'for', 'most', 'of', 'the', 'last', 'three', 'million', 'years', 'has', 'been', 'the', 'size', 'of', 'the', 'lower', '48', 'states', ',', 'has', 'shrunk', 'by', '40', 'percent', '.']
2026-05-16 11:58:22,345 - DEBUG - joeynmt.training - 	Tokenized reference:  ['L&apos;', 'année', 'dernière', ',', 'je', 'vous', 'ai', 'présenté', 'ces', 'deux', 'diapositives', 'qui', 'montraient', 'que', 'la', 'calotte', 'glacière', 'arctique', ',', 'qui', 'pendant', 'ces', '3', 'derniers', 'millions', 'd&apos;', 'année', 'avait', 'la', 'taille', 'des', 'Etats-Unis', 'sans', 'l&apos;', 'Alaska', ',', 'qui', 'pendant', 'ces', '3', 'derniers', 'millions', 'd&apos;', 'année', 'avait', 'la', 'taille', 'des', 'Etats-Unis', 'sans', 'l&apos;', 'Alaska', ',', 'avait', 'diminué', 'de', '40', '%', '.']
2026-05-16 11:58:22,345 - DEBUG - joeynmt.training - 	Tokenized hypothesis: ['L&apos;', 'année', 'année', ',', 'j&apos;', 'ai', 'montré', 'ces', 'deux', '<unk>', 'pour', 'la', 'glace', ',', 'qui', '<unk>', 'pour', 'la', 'plupart', 'des', 'trois', 'millions', 'd&apos;', 'années', 'a', 'été', 'la', 'taille', 'de', 'la', '<unk>', '<unk>', ',', 'a', '<unk>', 'par', '40', 'ans', '.', '</s>']
2026-05-16 11:58:22,345 - INFO - joeynmt.training - 	Source:     Last year I showed these two slides so that demonstrate that the arctic ice cap , which for most of the last three million years has been the size of the lower 48 states , has shrunk by 40 percent .
2026-05-16 11:58:22,345 - INFO - joeynmt.training - 	Reference:  L&apos; année dernière , je vous ai présenté ces deux diapositives qui montraient que la calotte glacière arctique , qui pendant ces 3 derniers millions d&apos; année avait la taille des Etats-Unis sans l&apos; Alaska , qui pendant ces 3 derniers millions d&apos; année avait la taille des Etats-Unis sans l&apos; Alaska , avait diminué de 40 % .
2026-05-16 11:58:22,345 - INFO - joeynmt.training - 	Hypothesis: L&apos; année année , j&apos; ai montré ces deux <unk> pour la glace , qui <unk> pour la plupart des trois millions d&apos; années a été la taille de la <unk> <unk> , a <unk> par 40 ans .
2026-05-16 11:58:22,345 - INFO - joeynmt.training - Example #1
2026-05-16 11:58:22,345 - DEBUG - joeynmt.training - 	Tokenized source:     ['But', 'this', 'understates', 'the', 'seriousness', 'of', 'this', 'particular', 'problem', 'because', 'it', 'doesn', '&apos;t', 'show', 'the', 'thickness', 'of', 'the', 'ice', '.']
2026-05-16 11:58:22,345 - DEBUG - joeynmt.training - 	Tokenized reference:  ['Mais', 'ceci', 'tend', 'à', 'amoindrir', 'le', 'problème', 'parce', 'qu&apos;', 'on', 'ne', 'voit', 'pas', 'l&apos;', 'épaisseur', 'de', 'la', 'glace', '.']
2026-05-16 11:58:22,345 - DEBUG - joeynmt.training - 	Tokenized hypothesis: ['Mais', 'cette', '<unk>', 'le', '<unk>', 'de', 'ce', 'problème', '<unk>', 'parce', 'qu&apos;', 'il', 'ne', '<unk>', 'pas', 'la', '<unk>', 'de', 'la', 'glace', '.', '</s>']
2026-05-16 11:58:22,345 - INFO - joeynmt.training - 	Source:     But this understates the seriousness of this particular problem because it doesn &apos;t show the thickness of the ice .
2026-05-16 11:58:22,345 - INFO - joeynmt.training - 	Reference:  Mais ceci tend à amoindrir le problème parce qu&apos; on ne voit pas l&apos; épaisseur de la glace .
2026-05-16 11:58:22,345 - INFO - joeynmt.training - 	Hypothesis: Mais cette <unk> le <unk> de ce problème <unk> parce qu&apos; il ne <unk> pas la <unk> de la glace .
2026-05-16 11:58:22,345 - INFO - joeynmt.training - Example #2
2026-05-16 11:58:22,345 - DEBUG - joeynmt.training - 	Tokenized source:     ['The', 'arctic', 'ice', 'cap', 'is', ',', 'in', 'a', 'sense', ',', 'the', 'beating', 'heart', 'of', 'the', 'global', 'climate', 'system', '.']
2026-05-16 11:58:22,345 - DEBUG - joeynmt.training - 	Tokenized reference:  ['On', 'peut', 'voir', 'la', 'calotte', 'glacière', 'arctique', 'comme', 'le', 'coeur', 'du', 'système', 'climatique', 'global', '.', 'On', 'peut', 'voir', 'la', 'calotte', 'glacière', 'arctique', 'comme', 'le', 'coeur', 'du', 'système', 'climatique', 'global', '.']
2026-05-16 11:58:22,345 - DEBUG - joeynmt.training - 	Tokenized hypothesis: ['La', 'glace', '<unk>', 'est', ',', 'dans', 'un', 'sens', ',', 'le', '<unk>', '<unk>', 'du', 'système', '<unk>', 'du', '<unk>', 'du', '<unk>', 'du', 'système', 'climatique', '.', '</s>']
2026-05-16 11:58:22,345 - INFO - joeynmt.training - 	Source:     The arctic ice cap is , in a sense , the beating heart of the global climate system .
2026-05-16 11:58:22,345 - INFO - joeynmt.training - 	Reference:  On peut voir la calotte glacière arctique comme le coeur du système climatique global . On peut voir la calotte glacière arctique comme le coeur du système climatique global .
2026-05-16 11:58:22,345 - INFO - joeynmt.training - 	Hypothesis: La glace <unk> est , dans un sens , le <unk> <unk> du système <unk> du <unk> du <unk> du système climatique .
2026-05-16 11:58:22,345 - INFO - joeynmt.training - Example #3
2026-05-16 11:58:22,345 - DEBUG - joeynmt.training - 	Tokenized source:     ['It', 'expands', 'in', 'winter', 'and', 'contracts', 'in', 'summer', '.']
2026-05-16 11:58:22,345 - DEBUG - joeynmt.training - 	Tokenized reference:  ['Elle', 's&apos;', 'étend', 'en', 'hiver', 'et', 'se', 'contracte', 'en', 'été', '.']
2026-05-16 11:58:22,345 - DEBUG - joeynmt.training - 	Tokenized hypothesis: ['Il', '<unk>', 'en', '<unk>', 'et', '<unk>', 'en', 'été', '.', '</s>']
2026-05-16 11:58:22,345 - INFO - joeynmt.training - 	Source:     It expands in winter and contracts in summer .
2026-05-16 11:58:22,345 - INFO - joeynmt.training - 	Reference:  Elle s&apos; étend en hiver et se contracte en été .
2026-05-16 11:58:22,345 - INFO - joeynmt.training - 	Hypothesis: Il <unk> en <unk> et <unk> en été .
2026-05-16 11:58:22,345 - INFO - joeynmt.training - Example #4
2026-05-16 11:58:22,346 - DEBUG - joeynmt.training - 	Tokenized source:     ['The', 'next', 'slide', 'I', 'show', 'you', 'will', 'be', 'a', 'rapid', 'fast-forward', 'of', 'what', '&apos;s', 'happened', 'over', 'the', 'last', '25', 'years', '.']
2026-05-16 11:58:22,346 - DEBUG - joeynmt.training - 	Tokenized reference:  ['La', 'prochaine', 'diapositive', 'que', 'je', 'vais', 'vous', 'montrer', 'est', 'une', 'vue', 'en', 'accéléré', 'de', 'ce', 'qui', 's&apos;', 'est', 'passé', 'ces', '25', 'dernières', 'années', '.']
2026-05-16 11:58:22,346 - DEBUG - joeynmt.training - 	Tokenized hypothesis: ['La', 'prochaine', 'prochaine', 'que', 'je', 'vous', '<unk>', 'une', '<unk>', '<unk>', 'de', 'ce', 'qui', 's&apos;', 'est', 'passé', 'sur', 'les', 'dernières', 'années', '.', '</s>']
2026-05-16 11:58:22,346 - INFO - joeynmt.training - 	Source:     The next slide I show you will be a rapid fast-forward of what &apos;s happened over the last 25 years .
2026-05-16 11:58:22,346 - INFO - joeynmt.training - 	Reference:  La prochaine diapositive que je vais vous montrer est une vue en accéléré de ce qui s&apos; est passé ces 25 dernières années .
2026-05-16 11:58:22,346 - INFO - joeynmt.training - 	Hypothesis: La prochaine prochaine que je vous <unk> une <unk> <unk> de ce qui s&apos; est passé sur les dernières années .
2026-05-16 11:58:32,780 - INFO - joeynmt.training - Epoch   2, Step:     4600, Batch Loss:     1.305446, Batch Acc: 0.565316, Tokens per Sec:     6952, Lr: 0.000300
2026-05-16 11:58:43,112 - INFO - joeynmt.training - Epoch   2, Step:     4700, Batch Loss:     1.339216, Batch Acc: 0.565302, Tokens per Sec:     6994, Lr: 0.000300
2026-05-16 11:58:53,470 - INFO - joeynmt.training - Epoch   2, Step:     4800, Batch Loss:     1.405343, Batch Acc: 0.566647, Tokens per Sec:     6986, Lr: 0.000300
2026-05-16 11:59:03,870 - INFO - joeynmt.training - Epoch   2, Step:     4900, Batch Loss:     1.245186, Batch Acc: 0.567114, Tokens per Sec:     6905, Lr: 0.000300
2026-05-16 11:59:14,209 - INFO - joeynmt.training - Epoch   2, Step:     5000, Batch Loss:     1.310781, Batch Acc: 0.565849, Tokens per Sec:     7009, Lr: 0.000300
2026-05-16 11:59:14,209 - WARNING - joeynmt.helpers - `alpha` option is obsolete. Please use `beam_alpha`, instead.
2026-05-16 11:59:14,209 - INFO - joeynmt.prediction - Predicting 890 example(s)... (Greedy decoding with min_output_length=1, max_output_length=-1, return_prob='none', generate_unk=True, repetition_penalty=-1, no_repeat_ngram_size=-1)
2026-05-16 11:59:32,995 - INFO - joeynmt.prediction - Evaluation result (greedy) loss:   1.56, ppl:   4.75, acc:   0.52, generation: 18.7822[sec], evaluation: 0.0000[sec]
2026-05-16 11:59:32,995 - INFO - joeynmt.training - Hooray! New best validation result [ppl]!
2026-05-16 11:59:33,049 - INFO - joeynmt.helpers - delete models/word_2k/2500.ckpt
2026-05-16 11:59:33,049 - INFO - joeynmt.training - Example #0
2026-05-16 11:59:33,049 - DEBUG - joeynmt.training - 	Tokenized source:     ['Last', 'year', 'I', 'showed', 'these', 'two', 'slides', 'so', 'that', 'demonstrate', 'that', 'the', 'arctic', 'ice', 'cap', ',', 'which', 'for', 'most', 'of', 'the', 'last', 'three', 'million', 'years', 'has', 'been', 'the', 'size', 'of', 'the', 'lower', '48', 'states', ',', 'has', 'shrunk', 'by', '40', 'percent', '.']
2026-05-16 11:59:33,049 - DEBUG - joeynmt.training - 	Tokenized reference:  ['L&apos;', 'année', 'dernière', ',', 'je', 'vous', 'ai', 'présenté', 'ces', 'deux', 'diapositives', 'qui', 'montraient', 'que', 'la', 'calotte', 'glacière', 'arctique', ',', 'qui', 'pendant', 'ces', '3', 'derniers', 'millions', 'd&apos;', 'année', 'avait', 'la', 'taille', 'des', 'Etats-Unis', 'sans', 'l&apos;', 'Alaska', ',', 'qui', 'pendant', 'ces', '3', 'derniers', 'millions', 'd&apos;', 'année', 'avait', 'la', 'taille', 'des', 'Etats-Unis', 'sans', 'l&apos;', 'Alaska', ',', 'avait', 'diminué', 'de', '40', '%', '.']
2026-05-16 11:59:33,049 - DEBUG - joeynmt.training - 	Tokenized hypothesis: ['L&apos;', 'année', '<unk>', ',', 'j&apos;', 'ai', 'montré', 'deux', '<unk>', 'pour', 'que', 'la', 'glace', '<unk>', 'qui', '<unk>', 'la', 'glace', '<unk>', ',', 'qui', 'pendant', 'la', 'plupart', 'des', 'trois', 'millions', 'd&apos;', 'années', 'ont', 'été', 'la', 'taille', 'de', '<unk>', '<unk>', ',', 'a', '<unk>', 'par', '40', '%', '.', '</s>']
2026-05-16 11:59:33,049 - INFO - joeynmt.training - 	Source:     Last year I showed these two slides so that demonstrate that the arctic ice cap , which for most of the last three million years has been the size of the lower 48 states , has shrunk by 40 percent .
2026-05-16 11:59:33,049 - INFO - joeynmt.training - 	Reference:  L&apos; année dernière , je vous ai présenté ces deux diapositives qui montraient que la calotte glacière arctique , qui pendant ces 3 derniers millions d&apos; année avait la taille des Etats-Unis sans l&apos; Alaska , qui pendant ces 3 derniers millions d&apos; année avait la taille des Etats-Unis sans l&apos; Alaska , avait diminué de 40 % .
2026-05-16 11:59:33,049 - INFO - joeynmt.training - 	Hypothesis: L&apos; année <unk> , j&apos; ai montré deux <unk> pour que la glace <unk> qui <unk> la glace <unk> , qui pendant la plupart des trois millions d&apos; années ont été la taille de <unk> <unk> , a <unk> par 40 % .
2026-05-16 11:59:33,049 - INFO - joeynmt.training - Example #1
2026-05-16 11:59:33,049 - DEBUG - joeynmt.training - 	Tokenized source:     ['But', 'this', 'understates', 'the', 'seriousness', 'of', 'this', 'particular', 'problem', 'because', 'it', 'doesn', '&apos;t', 'show', 'the', 'thickness', 'of', 'the', 'ice', '.']
2026-05-16 11:59:33,049 - DEBUG - joeynmt.training - 	Tokenized reference:  ['Mais', 'ceci', 'tend', 'à', 'amoindrir', 'le', 'problème', 'parce', 'qu&apos;', 'on', 'ne', 'voit', 'pas', 'l&apos;', 'épaisseur', 'de', 'la', 'glace', '.']
2026-05-16 11:59:33,049 - DEBUG - joeynmt.training - 	Tokenized hypothesis: ['Mais', 'cette', '<unk>', 'la', '<unk>', 'de', 'ce', 'problème', ',', 'parce', 'que', 'ça', 'ne', '<unk>', 'pas', 'la', '<unk>', 'de', 'la', 'glace', '.', '</s>']
2026-05-16 11:59:33,049 - INFO - joeynmt.training - 	Source:     But this understates the seriousness of this particular problem because it doesn &apos;t show the thickness of the ice .
2026-05-16 11:59:33,049 - INFO - joeynmt.training - 	Reference:  Mais ceci tend à amoindrir le problème parce qu&apos; on ne voit pas l&apos; épaisseur de la glace .
2026-05-16 11:59:33,049 - INFO - joeynmt.training - 	Hypothesis: Mais cette <unk> la <unk> de ce problème , parce que ça ne <unk> pas la <unk> de la glace .
2026-05-16 11:59:33,049 - INFO - joeynmt.training - Example #2
2026-05-16 11:59:33,049 - DEBUG - joeynmt.training - 	Tokenized source:     ['The', 'arctic', 'ice', 'cap', 'is', ',', 'in', 'a', 'sense', ',', 'the', 'beating', 'heart', 'of', 'the', 'global', 'climate', 'system', '.']
2026-05-16 11:59:33,049 - DEBUG - joeynmt.training - 	Tokenized reference:  ['On', 'peut', 'voir', 'la', 'calotte', 'glacière', 'arctique', 'comme', 'le', 'coeur', 'du', 'système', 'climatique', 'global', '.', 'On', 'peut', 'voir', 'la', 'calotte', 'glacière', 'arctique', 'comme', 'le', 'coeur', 'du', 'système', 'climatique', 'global', '.']
2026-05-16 11:59:33,049 - DEBUG - joeynmt.training - 	Tokenized hypothesis: ['La', '<unk>', '<unk>', 'est', ',', 'dans', 'un', 'sens', ',', 'le', 'coeur', 'du', 'système', 'mondiale', 'mondiale', '.', '</s>']
2026-05-16 11:59:33,050 - INFO - joeynmt.training - 	Source:     The arctic ice cap is , in a sense , the beating heart of the global climate system .
2026-05-16 11:59:33,050 - INFO - joeynmt.training - 	Reference:  On peut voir la calotte glacière arctique comme le coeur du système climatique global . On peut voir la calotte glacière arctique comme le coeur du système climatique global .
2026-05-16 11:59:33,050 - INFO - joeynmt.training - 	Hypothesis: La <unk> <unk> est , dans un sens , le coeur du système mondiale mondiale .
2026-05-16 11:59:33,050 - INFO - joeynmt.training - Example #3
2026-05-16 11:59:33,050 - DEBUG - joeynmt.training - 	Tokenized source:     ['It', 'expands', 'in', 'winter', 'and', 'contracts', 'in', 'summer', '.']
2026-05-16 11:59:33,050 - DEBUG - joeynmt.training - 	Tokenized reference:  ['Elle', 's&apos;', 'étend', 'en', 'hiver', 'et', 'se', 'contracte', 'en', 'été', '.']
2026-05-16 11:59:33,050 - DEBUG - joeynmt.training - 	Tokenized hypothesis: ['Il', 's&apos;', '<unk>', 'en', 'été', '<unk>', 'et', '<unk>', 'en', 'été', '.', '</s>']
2026-05-16 11:59:33,050 - INFO - joeynmt.training - 	Source:     It expands in winter and contracts in summer .
2026-05-16 11:59:33,050 - INFO - joeynmt.training - 	Reference:  Elle s&apos; étend en hiver et se contracte en été .
2026-05-16 11:59:33,050 - INFO - joeynmt.training - 	Hypothesis: Il s&apos; <unk> en été <unk> et <unk> en été .
2026-05-16 11:59:33,050 - INFO - joeynmt.training - Example #4
2026-05-16 11:59:33,050 - DEBUG - joeynmt.training - 	Tokenized source:     ['The', 'next', 'slide', 'I', 'show', 'you', 'will', 'be', 'a', 'rapid', 'fast-forward', 'of', 'what', '&apos;s', 'happened', 'over', 'the', 'last', '25', 'years', '.']
2026-05-16 11:59:33,050 - DEBUG - joeynmt.training - 	Tokenized reference:  ['La', 'prochaine', 'diapositive', 'que', 'je', 'vais', 'vous', 'montrer', 'est', 'une', 'vue', 'en', 'accéléré', 'de', 'ce', 'qui', 's&apos;', 'est', 'passé', 'ces', '25', 'dernières', 'années', '.']
2026-05-16 11:59:33,050 - DEBUG - joeynmt.training - 	Tokenized hypothesis: ['La', 'prochaine', '<unk>', 'que', 'je', 'vous', '<unk>', 'un', '<unk>', 'de', 'ce', 'qui', 'est', 'arrivé', 'à', 'plus', 'de', 'ces', '25', 'dernières', 'années', '.', '</s>']
2026-05-16 11:59:33,050 - INFO - joeynmt.training - 	Source:     The next slide I show you will be a rapid fast-forward of what &apos;s happened over the last 25 years .
2026-05-16 11:59:33,050 - INFO - joeynmt.training - 	Reference:  La prochaine diapositive que je vais vous montrer est une vue en accéléré de ce qui s&apos; est passé ces 25 dernières années .
2026-05-16 11:59:33,050 - INFO - joeynmt.training - 	Hypothesis: La prochaine <unk> que je vous <unk> un <unk> de ce qui est arrivé à plus de ces 25 dernières années .
2026-05-16 11:59:43,153 - INFO - joeynmt.training - Epoch   2, Step:     5100, Batch Loss:     1.287102, Batch Acc: 0.566995, Tokens per Sec:     7109, Lr: 0.000300
2026-05-16 11:59:53,394 - INFO - joeynmt.training - Epoch   2, Step:     5200, Batch Loss:     1.341514, Batch Acc: 0.564584, Tokens per Sec:     6987, Lr: 0.000300
2026-05-16 12:00:04,153 - INFO - joeynmt.training - Epoch   2, Step:     5300, Batch Loss:     1.298253, Batch Acc: 0.567773, Tokens per Sec:     6895, Lr: 0.000300
2026-05-16 12:00:14,468 - INFO - joeynmt.training - Epoch   2, Step:     5400, Batch Loss:     1.414662, Batch Acc: 0.564692, Tokens per Sec:     7066, Lr: 0.000300
2026-05-16 12:00:24,847 - INFO - joeynmt.training - Epoch   2, Step:     5500, Batch Loss:     1.331314, Batch Acc: 0.567359, Tokens per Sec:     7083, Lr: 0.000300
2026-05-16 12:00:24,847 - WARNING - joeynmt.helpers - `alpha` option is obsolete. Please use `beam_alpha`, instead.
2026-05-16 12:00:24,847 - INFO - joeynmt.prediction - Predicting 890 example(s)... (Greedy decoding with min_output_length=1, max_output_length=-1, return_prob='none', generate_unk=True, repetition_penalty=-1, no_repeat_ngram_size=-1)
2026-05-16 12:00:42,311 - INFO - joeynmt.prediction - Evaluation result (greedy) loss:   1.53, ppl:   4.62, acc:   0.52, generation: 17.4602[sec], evaluation: 0.0000[sec]
2026-05-16 12:00:42,311 - INFO - joeynmt.training - Hooray! New best validation result [ppl]!
2026-05-16 12:00:42,366 - INFO - joeynmt.helpers - delete models/word_2k/3000.ckpt
2026-05-16 12:00:42,366 - INFO - joeynmt.training - Example #0
2026-05-16 12:00:42,366 - DEBUG - joeynmt.training - 	Tokenized source:     ['Last', 'year', 'I', 'showed', 'these', 'two', 'slides', 'so', 'that', 'demonstrate', 'that', 'the', 'arctic', 'ice', 'cap', ',', 'which', 'for', 'most', 'of', 'the', 'last', 'three', 'million', 'years', 'has', 'been', 'the', 'size', 'of', 'the', 'lower', '48', 'states', ',', 'has', 'shrunk', 'by', '40', 'percent', '.']
2026-05-16 12:00:42,366 - DEBUG - joeynmt.training - 	Tokenized reference:  ['L&apos;', 'année', 'dernière', ',', 'je', 'vous', 'ai', 'présenté', 'ces', 'deux', 'diapositives', 'qui', 'montraient', 'que', 'la', 'calotte', 'glacière', 'arctique', ',', 'qui', 'pendant', 'ces', '3', 'derniers', 'millions', 'd&apos;', 'année', 'avait', 'la', 'taille', 'des', 'Etats-Unis', 'sans', 'l&apos;', 'Alaska', ',', 'qui', 'pendant', 'ces', '3', 'derniers', 'millions', 'd&apos;', 'année', 'avait', 'la', 'taille', 'des', 'Etats-Unis', 'sans', 'l&apos;', 'Alaska', ',', 'avait', 'diminué', 'de', '40', '%', '.']
2026-05-16 12:00:42,366 - DEBUG - joeynmt.training - 	Tokenized hypothesis: ['L&apos;', 'année', '<unk>', 'que', 'j&apos;', 'ai', 'montré', 'ces', 'deux', '<unk>', 'si', '<unk>', 'que', 'la', 'glace', '<unk>', ',', 'qui', '<unk>', 'la', 'plupart', 'des', 'trois', 'millions', 'd&apos;', 'années', 'a', 'été', 'la', 'taille', 'de', 'la', '<unk>', '<unk>', ',', 'a', '<unk>', 'par', '40', '%', '.', '</s>']
2026-05-16 12:00:42,366 - INFO - joeynmt.training - 	Source:     Last year I showed these two slides so that demonstrate that the arctic ice cap , which for most of the last three million years has been the size of the lower 48 states , has shrunk by 40 percent .
2026-05-16 12:00:42,366 - INFO - joeynmt.training - 	Reference:  L&apos; année dernière , je vous ai présenté ces deux diapositives qui montraient que la calotte glacière arctique , qui pendant ces 3 derniers millions d&apos; année avait la taille des Etats-Unis sans l&apos; Alaska , qui pendant ces 3 derniers millions d&apos; année avait la taille des Etats-Unis sans l&apos; Alaska , avait diminué de 40 % .
2026-05-16 12:00:42,366 - INFO - joeynmt.training - 	Hypothesis: L&apos; année <unk> que j&apos; ai montré ces deux <unk> si <unk> que la glace <unk> , qui <unk> la plupart des trois millions d&apos; années a été la taille de la <unk> <unk> , a <unk> par 40 % .
2026-05-16 12:00:42,366 - INFO - joeynmt.training - Example #1
2026-05-16 12:00:42,366 - DEBUG - joeynmt.training - 	Tokenized source:     ['But', 'this', 'understates', 'the', 'seriousness', 'of', 'this', 'particular', 'problem', 'because', 'it', 'doesn', '&apos;t', 'show', 'the', 'thickness', 'of', 'the', 'ice', '.']
2026-05-16 12:00:42,366 - DEBUG - joeynmt.training - 	Tokenized reference:  ['Mais', 'ceci', 'tend', 'à', 'amoindrir', 'le', 'problème', 'parce', 'qu&apos;', 'on', 'ne', 'voit', 'pas', 'l&apos;', 'épaisseur', 'de', 'la', 'glace', '.']
2026-05-16 12:00:42,366 - DEBUG - joeynmt.training - 	Tokenized hypothesis: ['Mais', 'cette', '<unk>', 'le', '<unk>', 'de', 'ce', 'problème', 'parce', 'que', 'ça', 'ne', '<unk>', 'pas', 'la', '<unk>', 'de', 'la', 'glace', '.', '</s>']
2026-05-16 12:00:42,366 - INFO - joeynmt.training - 	Source:     But this understates the seriousness of this particular problem because it doesn &apos;t show the thickness of the ice .
2026-05-16 12:00:42,366 - INFO - joeynmt.training - 	Reference:  Mais ceci tend à amoindrir le problème parce qu&apos; on ne voit pas l&apos; épaisseur de la glace .
2026-05-16 12:00:42,366 - INFO - joeynmt.training - 	Hypothesis: Mais cette <unk> le <unk> de ce problème parce que ça ne <unk> pas la <unk> de la glace .
2026-05-16 12:00:42,366 - INFO - joeynmt.training - Example #2
2026-05-16 12:00:42,366 - DEBUG - joeynmt.training - 	Tokenized source:     ['The', 'arctic', 'ice', 'cap', 'is', ',', 'in', 'a', 'sense', ',', 'the', 'beating', 'heart', 'of', 'the', 'global', 'climate', 'system', '.']
2026-05-16 12:00:42,366 - DEBUG - joeynmt.training - 	Tokenized reference:  ['On', 'peut', 'voir', 'la', 'calotte', 'glacière', 'arctique', 'comme', 'le', 'coeur', 'du', 'système', 'climatique', 'global', '.', 'On', 'peut', 'voir', 'la', 'calotte', 'glacière', 'arctique', 'comme', 'le', 'coeur', 'du', 'système', 'climatique', 'global', '.']
2026-05-16 12:00:42,366 - DEBUG - joeynmt.training - 	Tokenized hypothesis: ['La', 'glace', '<unk>', 'est', ',', 'dans', 'un', 'sens', ',', 'le', '<unk>', '<unk>', 'du', 'système', 'mondiale', 'mondiale', '.', '</s>']
2026-05-16 12:00:42,366 - INFO - joeynmt.training - 	Source:     The arctic ice cap is , in a sense , the beating heart of the global climate system .
2026-05-16 12:00:42,366 - INFO - joeynmt.training - 	Reference:  On peut voir la calotte glacière arctique comme le coeur du système climatique global . On peut voir la calotte glacière arctique comme le coeur du système climatique global .
2026-05-16 12:00:42,366 - INFO - joeynmt.training - 	Hypothesis: La glace <unk> est , dans un sens , le <unk> <unk> du système mondiale mondiale .
2026-05-16 12:00:42,366 - INFO - joeynmt.training - Example #3
2026-05-16 12:00:42,366 - DEBUG - joeynmt.training - 	Tokenized source:     ['It', 'expands', 'in', 'winter', 'and', 'contracts', 'in', 'summer', '.']
2026-05-16 12:00:42,366 - DEBUG - joeynmt.training - 	Tokenized reference:  ['Elle', 's&apos;', 'étend', 'en', 'hiver', 'et', 'se', 'contracte', 'en', 'été', '.']
2026-05-16 12:00:42,367 - DEBUG - joeynmt.training - 	Tokenized hypothesis: ['Elle', '<unk>', 'en', '<unk>', 'et', '<unk>', 'en', 'été', '.', '</s>']
2026-05-16 12:00:42,367 - INFO - joeynmt.training - 	Source:     It expands in winter and contracts in summer .
2026-05-16 12:00:42,367 - INFO - joeynmt.training - 	Reference:  Elle s&apos; étend en hiver et se contracte en été .
2026-05-16 12:00:42,367 - INFO - joeynmt.training - 	Hypothesis: Elle <unk> en <unk> et <unk> en été .
2026-05-16 12:00:42,367 - INFO - joeynmt.training - Example #4
2026-05-16 12:00:42,367 - DEBUG - joeynmt.training - 	Tokenized source:     ['The', 'next', 'slide', 'I', 'show', 'you', 'will', 'be', 'a', 'rapid', 'fast-forward', 'of', 'what', '&apos;s', 'happened', 'over', 'the', 'last', '25', 'years', '.']
2026-05-16 12:00:42,367 - DEBUG - joeynmt.training - 	Tokenized reference:  ['La', 'prochaine', 'diapositive', 'que', 'je', 'vais', 'vous', 'montrer', 'est', 'une', 'vue', 'en', 'accéléré', 'de', 'ce', 'qui', 's&apos;', 'est', 'passé', 'ces', '25', 'dernières', 'années', '.']
2026-05-16 12:00:42,367 - DEBUG - joeynmt.training - 	Tokenized hypothesis: ['La', 'prochaine', '<unk>', 'que', 'je', 'vous', '<unk>', 'une', '<unk>', 'de', 'ce', 'qui', 's&apos;', 'est', 'passé', 'plus', 'arrivé', 'au', 'cours', 'de', 'ces', '25', 'dernières', 'années', '.', '</s>']
2026-05-16 12:00:42,367 - INFO - joeynmt.training - 	Source:     The next slide I show you will be a rapid fast-forward of what &apos;s happened over the last 25 years .
2026-05-16 12:00:42,367 - INFO - joeynmt.training - 	Reference:  La prochaine diapositive que je vais vous montrer est une vue en accéléré de ce qui s&apos; est passé ces 25 dernières années .
2026-05-16 12:00:42,367 - INFO - joeynmt.training - 	Hypothesis: La prochaine <unk> que je vous <unk> une <unk> de ce qui s&apos; est passé plus arrivé au cours de ces 25 dernières années .
2026-05-16 12:00:52,744 - INFO - joeynmt.training - Epoch   2, Step:     5600, Batch Loss:     1.343460, Batch Acc: 0.570704, Tokens per Sec:     6897, Lr: 0.000300
2026-05-16 12:01:02,975 - INFO - joeynmt.training - Epoch   2, Step:     5700, Batch Loss:     1.385523, Batch Acc: 0.568282, Tokens per Sec:     7115, Lr: 0.000300
2026-05-16 12:01:13,291 - INFO - joeynmt.training - Epoch   2, Step:     5800, Batch Loss:     1.332421, Batch Acc: 0.577552, Tokens per Sec:     7214, Lr: 0.000300
2026-05-16 12:01:23,741 - INFO - joeynmt.training - Epoch   2, Step:     5900, Batch Loss:     1.214914, Batch Acc: 0.566646, Tokens per Sec:     6724, Lr: 0.000300
2026-05-16 12:01:34,415 - INFO - joeynmt.training - Epoch   2, Step:     6000, Batch Loss:     1.334283, Batch Acc: 0.577818, Tokens per Sec:     6750, Lr: 0.000300
2026-05-16 12:01:34,415 - WARNING - joeynmt.helpers - `alpha` option is obsolete. Please use `beam_alpha`, instead.
2026-05-16 12:01:34,415 - INFO - joeynmt.prediction - Predicting 890 example(s)... (Greedy decoding with min_output_length=1, max_output_length=-1, return_prob='none', generate_unk=True, repetition_penalty=-1, no_repeat_ngram_size=-1)
2026-05-16 12:01:51,627 - INFO - joeynmt.prediction - Evaluation result (greedy) loss:   1.51, ppl:   4.54, acc:   0.53, generation: 17.2087[sec], evaluation: 0.0000[sec]
2026-05-16 12:01:51,628 - INFO - joeynmt.training - Hooray! New best validation result [ppl]!
2026-05-16 12:01:51,681 - INFO - joeynmt.helpers - delete models/word_2k/3500.ckpt
2026-05-16 12:01:51,682 - INFO - joeynmt.training - Example #0
2026-05-16 12:01:51,682 - DEBUG - joeynmt.training - 	Tokenized source:     ['Last', 'year', 'I', 'showed', 'these', 'two', 'slides', 'so', 'that', 'demonstrate', 'that', 'the', 'arctic', 'ice', 'cap', ',', 'which', 'for', 'most', 'of', 'the', 'last', 'three', 'million', 'years', 'has', 'been', 'the', 'size', 'of', 'the', 'lower', '48', 'states', ',', 'has', 'shrunk', 'by', '40', 'percent', '.']
2026-05-16 12:01:51,682 - DEBUG - joeynmt.training - 	Tokenized reference:  ['L&apos;', 'année', 'dernière', ',', 'je', 'vous', 'ai', 'présenté', 'ces', 'deux', 'diapositives', 'qui', 'montraient', 'que', 'la', 'calotte', 'glacière', 'arctique', ',', 'qui', 'pendant', 'ces', '3', 'derniers', 'millions', 'd&apos;', 'année', 'avait', 'la', 'taille', 'des', 'Etats-Unis', 'sans', 'l&apos;', 'Alaska', ',', 'qui', 'pendant', 'ces', '3', 'derniers', 'millions', 'd&apos;', 'année', 'avait', 'la', 'taille', 'des', 'Etats-Unis', 'sans', 'l&apos;', 'Alaska', ',', 'avait', 'diminué', 'de', '40', '%', '.']
2026-05-16 12:01:51,682 - DEBUG - joeynmt.training - 	Tokenized hypothesis: ['L&apos;', 'année', '<unk>', ',', 'j&apos;', 'ai', 'montré', 'ces', 'deux', '<unk>', 'pour', 'cent', 'de', '<unk>', 'qui', '<unk>', 'la', 'glace', ',', 'qui', 'depuis', 'la', 'plupart', 'des', 'trois', 'millions', 'd&apos;', 'années', 'a', 'été', 'la', 'taille', 'de', 'la', '<unk>', '<unk>', ',', 'a', '<unk>', 'par', '40', '%', '.', '</s>']
2026-05-16 12:01:51,682 - INFO - joeynmt.training - 	Source:     Last year I showed these two slides so that demonstrate that the arctic ice cap , which for most of the last three million years has been the size of the lower 48 states , has shrunk by 40 percent .
2026-05-16 12:01:51,682 - INFO - joeynmt.training - 	Reference:  L&apos; année dernière , je vous ai présenté ces deux diapositives qui montraient que la calotte glacière arctique , qui pendant ces 3 derniers millions d&apos; année avait la taille des Etats-Unis sans l&apos; Alaska , qui pendant ces 3 derniers millions d&apos; année avait la taille des Etats-Unis sans l&apos; Alaska , avait diminué de 40 % .
2026-05-16 12:01:51,682 - INFO - joeynmt.training - 	Hypothesis: L&apos; année <unk> , j&apos; ai montré ces deux <unk> pour cent de <unk> qui <unk> la glace , qui depuis la plupart des trois millions d&apos; années a été la taille de la <unk> <unk> , a <unk> par 40 % .
2026-05-16 12:01:51,682 - INFO - joeynmt.training - Example #1
2026-05-16 12:01:51,682 - DEBUG - joeynmt.training - 	Tokenized source:     ['But', 'this', 'understates', 'the', 'seriousness', 'of', 'this', 'particular', 'problem', 'because', 'it', 'doesn', '&apos;t', 'show', 'the', 'thickness', 'of', 'the', 'ice', '.']
2026-05-16 12:01:51,682 - DEBUG - joeynmt.training - 	Tokenized reference:  ['Mais', 'ceci', 'tend', 'à', 'amoindrir', 'le', 'problème', 'parce', 'qu&apos;', 'on', 'ne', 'voit', 'pas', 'l&apos;', 'épaisseur', 'de', 'la', 'glace', '.']
2026-05-16 12:01:51,682 - DEBUG - joeynmt.training - 	Tokenized hypothesis: ['Mais', 'cette', '<unk>', 'la', '<unk>', 'de', 'ce', 'problème', 'parce', 'que', 'ça', 'ne', '<unk>', 'pas', 'de', '<unk>', 'de', 'la', 'glace', '.', '</s>']
2026-05-16 12:01:51,682 - INFO - joeynmt.training - 	Source:     But this understates the seriousness of this particular problem because it doesn &apos;t show the thickness of the ice .
2026-05-16 12:01:51,682 - INFO - joeynmt.training - 	Reference:  Mais ceci tend à amoindrir le problème parce qu&apos; on ne voit pas l&apos; épaisseur de la glace .
2026-05-16 12:01:51,682 - INFO - joeynmt.training - 	Hypothesis: Mais cette <unk> la <unk> de ce problème parce que ça ne <unk> pas de <unk> de la glace .
2026-05-16 12:01:51,682 - INFO - joeynmt.training - Example #2
2026-05-16 12:01:51,682 - DEBUG - joeynmt.training - 	Tokenized source:     ['The', 'arctic', 'ice', 'cap', 'is', ',', 'in', 'a', 'sense', ',', 'the', 'beating', 'heart', 'of', 'the', 'global', 'climate', 'system', '.']
2026-05-16 12:01:51,682 - DEBUG - joeynmt.training - 	Tokenized reference:  ['On', 'peut', 'voir', 'la', 'calotte', 'glacière', 'arctique', 'comme', 'le', 'coeur', 'du', 'système', 'climatique', 'global', '.', 'On', 'peut', 'voir', 'la', 'calotte', 'glacière', 'arctique', 'comme', 'le', 'coeur', 'du', 'système', 'climatique', 'global', '.']
2026-05-16 12:01:51,682 - DEBUG - joeynmt.training - 	Tokenized hypothesis: ['La', 'glace', '<unk>', '<unk>', 'est', ',', 'dans', 'un', 'sens', ',', 'le', '<unk>', 'de', 'la', '<unk>', 'du', 'système', 'climatique', '.', '</s>']
2026-05-16 12:01:51,682 - INFO - joeynmt.training - 	Source:     The arctic ice cap is , in a sense , the beating heart of the global climate system .
2026-05-16 12:01:51,682 - INFO - joeynmt.training - 	Reference:  On peut voir la calotte glacière arctique comme le coeur du système climatique global . On peut voir la calotte glacière arctique comme le coeur du système climatique global .
2026-05-16 12:01:51,682 - INFO - joeynmt.training - 	Hypothesis: La glace <unk> <unk> est , dans un sens , le <unk> de la <unk> du système climatique .
2026-05-16 12:01:51,682 - INFO - joeynmt.training - Example #3
2026-05-16 12:01:51,682 - DEBUG - joeynmt.training - 	Tokenized source:     ['It', 'expands', 'in', 'winter', 'and', 'contracts', 'in', 'summer', '.']
2026-05-16 12:01:51,682 - DEBUG - joeynmt.training - 	Tokenized reference:  ['Elle', 's&apos;', 'étend', 'en', 'hiver', 'et', 'se', 'contracte', 'en', 'été', '.']
2026-05-16 12:01:51,682 - DEBUG - joeynmt.training - 	Tokenized hypothesis: ['Elle', '<unk>', 'en', 'été', '<unk>', 'et', '<unk>', 'en', 'été', '.', '</s>']
2026-05-16 12:01:51,682 - INFO - joeynmt.training - 	Source:     It expands in winter and contracts in summer .
2026-05-16 12:01:51,682 - INFO - joeynmt.training - 	Reference:  Elle s&apos; étend en hiver et se contracte en été .
2026-05-16 12:01:51,682 - INFO - joeynmt.training - 	Hypothesis: Elle <unk> en été <unk> et <unk> en été .
2026-05-16 12:01:51,682 - INFO - joeynmt.training - Example #4
2026-05-16 12:01:51,682 - DEBUG - joeynmt.training - 	Tokenized source:     ['The', 'next', 'slide', 'I', 'show', 'you', 'will', 'be', 'a', 'rapid', 'fast-forward', 'of', 'what', '&apos;s', 'happened', 'over', 'the', 'last', '25', 'years', '.']
2026-05-16 12:01:51,683 - DEBUG - joeynmt.training - 	Tokenized reference:  ['La', 'prochaine', 'diapositive', 'que', 'je', 'vais', 'vous', 'montrer', 'est', 'une', 'vue', 'en', 'accéléré', 'de', 'ce', 'qui', 's&apos;', 'est', 'passé', 'ces', '25', 'dernières', 'années', '.']
2026-05-16 12:01:51,683 - DEBUG - joeynmt.training - 	Tokenized hypothesis: ['La', 'prochaine', '<unk>', 'que', 'je', 'vous', '<unk>', 'une', '<unk>', 'de', 'ce', 'qui', 's&apos;', 'est', 'passé', 'depuis', 'les', '25', 'dernières', 'années', '.', '</s>']
2026-05-16 12:01:51,683 - INFO - joeynmt.training - 	Source:     The next slide I show you will be a rapid fast-forward of what &apos;s happened over the last 25 years .
2026-05-16 12:01:51,683 - INFO - joeynmt.training - 	Reference:  La prochaine diapositive que je vais vous montrer est une vue en accéléré de ce qui s&apos; est passé ces 25 dernières années .
2026-05-16 12:01:51,683 - INFO - joeynmt.training - 	Hypothesis: La prochaine <unk> que je vous <unk> une <unk> de ce qui s&apos; est passé depuis les 25 dernières années .
2026-05-16 12:02:01,772 - INFO - joeynmt.training - Epoch   2, Step:     6100, Batch Loss:     1.446631, Batch Acc: 0.571709, Tokens per Sec:     7181, Lr: 0.000300
2026-05-16 12:02:11,547 - INFO - joeynmt.training - Epoch   2: total training loss 4360.07
2026-05-16 12:02:11,547 - INFO - joeynmt.training - EPOCH 3
2026-05-16 12:02:11,657 - INFO - joeynmt.training - Epoch   3, Step:     6200, Batch Loss:     1.347829, Batch Acc: 0.591014, Tokens per Sec:     7911, Lr: 0.000300
2026-05-16 12:02:21,946 - INFO - joeynmt.training - Epoch   3, Step:     6300, Batch Loss:     1.365894, Batch Acc: 0.593002, Tokens per Sec:     7086, Lr: 0.000300
2026-05-16 12:02:32,380 - INFO - joeynmt.training - Epoch   3, Step:     6400, Batch Loss:     1.142029, Batch Acc: 0.588023, Tokens per Sec:     7047, Lr: 0.000300
2026-05-16 12:02:42,621 - INFO - joeynmt.training - Epoch   3, Step:     6500, Batch Loss:     1.141306, Batch Acc: 0.594007, Tokens per Sec:     6980, Lr: 0.000300
2026-05-16 12:02:42,623 - WARNING - joeynmt.helpers - `alpha` option is obsolete. Please use `beam_alpha`, instead.
2026-05-16 12:02:42,623 - INFO - joeynmt.prediction - Predicting 890 example(s)... (Greedy decoding with min_output_length=1, max_output_length=-1, return_prob='none', generate_unk=True, repetition_penalty=-1, no_repeat_ngram_size=-1)
2026-05-16 12:02:58,671 - INFO - joeynmt.prediction - Evaluation result (greedy) loss:   1.52, ppl:   4.55, acc:   0.53, generation: 16.0441[sec], evaluation: 0.0000[sec]
2026-05-16 12:02:58,726 - INFO - joeynmt.helpers - delete models/word_2k/4000.ckpt
2026-05-16 12:02:58,726 - INFO - joeynmt.training - Example #0
2026-05-16 12:02:58,727 - DEBUG - joeynmt.training - 	Tokenized source:     ['Last', 'year', 'I', 'showed', 'these', 'two', 'slides', 'so', 'that', 'demonstrate', 'that', 'the', 'arctic', 'ice', 'cap', ',', 'which', 'for', 'most', 'of', 'the', 'last', 'three', 'million', 'years', 'has', 'been', 'the', 'size', 'of', 'the', 'lower', '48', 'states', ',', 'has', 'shrunk', 'by', '40', 'percent', '.']
2026-05-16 12:02:58,727 - DEBUG - joeynmt.training - 	Tokenized reference:  ['L&apos;', 'année', 'dernière', ',', 'je', 'vous', 'ai', 'présenté', 'ces', 'deux', 'diapositives', 'qui', 'montraient', 'que', 'la', 'calotte', 'glacière', 'arctique', ',', 'qui', 'pendant', 'ces', '3', 'derniers', 'millions', 'd&apos;', 'année', 'avait', 'la', 'taille', 'des', 'Etats-Unis', 'sans', 'l&apos;', 'Alaska', ',', 'qui', 'pendant', 'ces', '3', 'derniers', 'millions', 'd&apos;', 'année', 'avait', 'la', 'taille', 'des', 'Etats-Unis', 'sans', 'l&apos;', 'Alaska', ',', 'avait', 'diminué', 'de', '40', '%', '.']
2026-05-16 12:02:58,727 - DEBUG - joeynmt.training - 	Tokenized hypothesis: ['L&apos;', 'année', '<unk>', ',', 'j&apos;', 'ai', 'montré', 'ces', 'deux', '<unk>', 'pour', 'que', 'la', 'glace', '<unk>', ',', 'qui', 'pendant', 'la', 'plupart', 'des', 'trois', 'dernières', 'années', 'ont', 'été', 'la', 'taille', 'de', 'la', '<unk>', '<unk>', '<unk>', ',', 'a', '<unk>', 'par', '40', '%', '.', '</s>']
2026-05-16 12:02:58,727 - INFO - joeynmt.training - 	Source:     Last year I showed these two slides so that demonstrate that the arctic ice cap , which for most of the last three million years has been the size of the lower 48 states , has shrunk by 40 percent .
2026-05-16 12:02:58,727 - INFO - joeynmt.training - 	Reference:  L&apos; année dernière , je vous ai présenté ces deux diapositives qui montraient que la calotte glacière arctique , qui pendant ces 3 derniers millions d&apos; année avait la taille des Etats-Unis sans l&apos; Alaska , qui pendant ces 3 derniers millions d&apos; année avait la taille des Etats-Unis sans l&apos; Alaska , avait diminué de 40 % .
2026-05-16 12:02:58,727 - INFO - joeynmt.training - 	Hypothesis: L&apos; année <unk> , j&apos; ai montré ces deux <unk> pour que la glace <unk> , qui pendant la plupart des trois dernières années ont été la taille de la <unk> <unk> <unk> , a <unk> par 40 % .
2026-05-16 12:02:58,727 - INFO - joeynmt.training - Example #1
2026-05-16 12:02:58,727 - DEBUG - joeynmt.training - 	Tokenized source:     ['But', 'this', 'understates', 'the', 'seriousness', 'of', 'this', 'particular', 'problem', 'because', 'it', 'doesn', '&apos;t', 'show', 'the', 'thickness', 'of', 'the', 'ice', '.']
2026-05-16 12:02:58,727 - DEBUG - joeynmt.training - 	Tokenized reference:  ['Mais', 'ceci', 'tend', 'à', 'amoindrir', 'le', 'problème', 'parce', 'qu&apos;', 'on', 'ne', 'voit', 'pas', 'l&apos;', 'épaisseur', 'de', 'la', 'glace', '.']
2026-05-16 12:02:58,727 - DEBUG - joeynmt.training - 	Tokenized hypothesis: ['Mais', 'cette', '<unk>', 'la', '<unk>', 'de', 'ce', 'problème', 'en', 'particulier', 'parce', 'qu&apos;', 'il', 'ne', '<unk>', 'pas', 'la', '<unk>', 'de', 'la', 'glace', '.', '</s>']
2026-05-16 12:02:58,727 - INFO - joeynmt.training - 	Source:     But this understates the seriousness of this particular problem because it doesn &apos;t show the thickness of the ice .
2026-05-16 12:02:58,727 - INFO - joeynmt.training - 	Reference:  Mais ceci tend à amoindrir le problème parce qu&apos; on ne voit pas l&apos; épaisseur de la glace .
2026-05-16 12:02:58,727 - INFO - joeynmt.training - 	Hypothesis: Mais cette <unk> la <unk> de ce problème en particulier parce qu&apos; il ne <unk> pas la <unk> de la glace .
2026-05-16 12:02:58,727 - INFO - joeynmt.training - Example #2
2026-05-16 12:02:58,727 - DEBUG - joeynmt.training - 	Tokenized source:     ['The', 'arctic', 'ice', 'cap', 'is', ',', 'in', 'a', 'sense', ',', 'the', 'beating', 'heart', 'of', 'the', 'global', 'climate', 'system', '.']
2026-05-16 12:02:58,727 - DEBUG - joeynmt.training - 	Tokenized reference:  ['On', 'peut', 'voir', 'la', 'calotte', 'glacière', 'arctique', 'comme', 'le', 'coeur', 'du', 'système', 'climatique', 'global', '.', 'On', 'peut', 'voir', 'la', 'calotte', 'glacière', 'arctique', 'comme', 'le', 'coeur', 'du', 'système', 'climatique', 'global', '.']
2026-05-16 12:02:58,727 - DEBUG - joeynmt.training - 	Tokenized hypothesis: ['La', 'glace', '<unk>', 'est', ',', 'dans', 'un', 'sens', ',', 'le', 'cœur', 'du', 'système', '<unk>', 'du', 'climat', '.', '</s>']
2026-05-16 12:02:58,727 - INFO - joeynmt.training - 	Source:     The arctic ice cap is , in a sense , the beating heart of the global climate system .
2026-05-16 12:02:58,727 - INFO - joeynmt.training - 	Reference:  On peut voir la calotte glacière arctique comme le coeur du système climatique global . On peut voir la calotte glacière arctique comme le coeur du système climatique global .
2026-05-16 12:02:58,727 - INFO - joeynmt.training - 	Hypothesis: La glace <unk> est , dans un sens , le cœur du système <unk> du climat .
2026-05-16 12:02:58,727 - INFO - joeynmt.training - Example #3
2026-05-16 12:02:58,727 - DEBUG - joeynmt.training - 	Tokenized source:     ['It', 'expands', 'in', 'winter', 'and', 'contracts', 'in', 'summer', '.']
2026-05-16 12:02:58,727 - DEBUG - joeynmt.training - 	Tokenized reference:  ['Elle', 's&apos;', 'étend', 'en', 'hiver', 'et', 'se', 'contracte', 'en', 'été', '.']
2026-05-16 12:02:58,727 - DEBUG - joeynmt.training - 	Tokenized hypothesis: ['Il', '<unk>', 'en', '<unk>', 'et', '<unk>', 'en', 'été', '.', '</s>']
2026-05-16 12:02:58,727 - INFO - joeynmt.training - 	Source:     It expands in winter and contracts in summer .
2026-05-16 12:02:58,727 - INFO - joeynmt.training - 	Reference:  Elle s&apos; étend en hiver et se contracte en été .
2026-05-16 12:02:58,727 - INFO - joeynmt.training - 	Hypothesis: Il <unk> en <unk> et <unk> en été .
2026-05-16 12:02:58,727 - INFO - joeynmt.training - Example #4
2026-05-16 12:02:58,727 - DEBUG - joeynmt.training - 	Tokenized source:     ['The', 'next', 'slide', 'I', 'show', 'you', 'will', 'be', 'a', 'rapid', 'fast-forward', 'of', 'what', '&apos;s', 'happened', 'over', 'the', 'last', '25', 'years', '.']
2026-05-16 12:02:58,727 - DEBUG - joeynmt.training - 	Tokenized reference:  ['La', 'prochaine', 'diapositive', 'que', 'je', 'vais', 'vous', 'montrer', 'est', 'une', 'vue', 'en', 'accéléré', 'de', 'ce', 'qui', 's&apos;', 'est', 'passé', 'ces', '25', 'dernières', 'années', '.']
2026-05-16 12:02:58,727 - DEBUG - joeynmt.training - 	Tokenized hypothesis: ['L&apos;', '<unk>', 'suivante', 'je', 'vous', 'montrer', 'un', '<unk>', '<unk>', 'de', 'ce', 'qui', 's&apos;', 'est', 'passé', 'depuis', 'les', '25', 'dernières', 'années', '.', '</s>']
2026-05-16 12:02:58,728 - INFO - joeynmt.training - 	Source:     The next slide I show you will be a rapid fast-forward of what &apos;s happened over the last 25 years .
2026-05-16 12:02:58,728 - INFO - joeynmt.training - 	Reference:  La prochaine diapositive que je vais vous montrer est une vue en accéléré de ce qui s&apos; est passé ces 25 dernières années .
2026-05-16 12:02:58,728 - INFO - joeynmt.training - 	Hypothesis: L&apos; <unk> suivante je vous montrer un <unk> <unk> de ce qui s&apos; est passé depuis les 25 dernières années .
2026-05-16 12:03:09,186 - INFO - joeynmt.training - Epoch   3, Step:     6600, Batch Loss:     1.235425, Batch Acc: 0.600575, Tokens per Sec:     7084, Lr: 0.000300
2026-05-16 12:03:19,907 - INFO - joeynmt.training - Epoch   3, Step:     6700, Batch Loss:     1.408405, Batch Acc: 0.591693, Tokens per Sec:     6726, Lr: 0.000300
2026-05-16 12:03:31,327 - INFO - joeynmt.training - Epoch   3, Step:     6800, Batch Loss:     1.154689, Batch Acc: 0.591089, Tokens per Sec:     6272, Lr: 0.000300
2026-05-16 12:03:42,630 - INFO - joeynmt.training - Epoch   3, Step:     6900, Batch Loss:     1.240487, Batch Acc: 0.592168, Tokens per Sec:     6467, Lr: 0.000300
2026-05-16 12:03:54,055 - INFO - joeynmt.training - Epoch   3, Step:     7000, Batch Loss:     1.238309, Batch Acc: 0.588740, Tokens per Sec:     6216, Lr: 0.000300
2026-05-16 12:03:54,055 - WARNING - joeynmt.helpers - `alpha` option is obsolete. Please use `beam_alpha`, instead.
2026-05-16 12:03:54,056 - INFO - joeynmt.prediction - Predicting 890 example(s)... (Greedy decoding with min_output_length=1, max_output_length=-1, return_prob='none', generate_unk=True, repetition_penalty=-1, no_repeat_ngram_size=-1)
2026-05-16 12:04:12,659 - INFO - joeynmt.prediction - Evaluation result (greedy) loss:   1.50, ppl:   4.48, acc:   0.53, generation: 18.6002[sec], evaluation: 0.0000[sec]
2026-05-16 12:04:12,660 - INFO - joeynmt.training - Hooray! New best validation result [ppl]!
2026-05-16 12:04:12,718 - INFO - joeynmt.helpers - delete models/word_2k/4500.ckpt
2026-05-16 12:04:12,721 - INFO - joeynmt.training - Example #0
2026-05-16 12:04:12,721 - DEBUG - joeynmt.training - 	Tokenized source:     ['Last', 'year', 'I', 'showed', 'these', 'two', 'slides', 'so', 'that', 'demonstrate', 'that', 'the', 'arctic', 'ice', 'cap', ',', 'which', 'for', 'most', 'of', 'the', 'last', 'three', 'million', 'years', 'has', 'been', 'the', 'size', 'of', 'the', 'lower', '48', 'states', ',', 'has', 'shrunk', 'by', '40', 'percent', '.']
2026-05-16 12:04:12,721 - DEBUG - joeynmt.training - 	Tokenized reference:  ['L&apos;', 'année', 'dernière', ',', 'je', 'vous', 'ai', 'présenté', 'ces', 'deux', 'diapositives', 'qui', 'montraient', 'que', 'la', 'calotte', 'glacière', 'arctique', ',', 'qui', 'pendant', 'ces', '3', 'derniers', 'millions', 'd&apos;', 'année', 'avait', 'la', 'taille', 'des', 'Etats-Unis', 'sans', 'l&apos;', 'Alaska', ',', 'qui', 'pendant', 'ces', '3', 'derniers', 'millions', 'd&apos;', 'année', 'avait', 'la', 'taille', 'des', 'Etats-Unis', 'sans', 'l&apos;', 'Alaska', ',', 'avait', 'diminué', 'de', '40', '%', '.']
2026-05-16 12:04:12,721 - DEBUG - joeynmt.training - 	Tokenized hypothesis: ['<unk>', 'année', 'j&apos;', 'ai', 'montré', 'ces', 'deux', '<unk>', '<unk>', 'pour', 'que', 'les', '<unk>', 'de', 'glace', '<unk>', ',', 'qui', '<unk>', 'la', 'glace', '<unk>', ',', 'qui', '<unk>', 'la', 'plupart', 'des', '<unk>', '<unk>', ',', 'qui', 'a', 'été', '<unk>', 'par', '40', '%', '.', '</s>']
2026-05-16 12:04:12,721 - INFO - joeynmt.training - 	Source:     Last year I showed these two slides so that demonstrate that the arctic ice cap , which for most of the last three million years has been the size of the lower 48 states , has shrunk by 40 percent .
2026-05-16 12:04:12,721 - INFO - joeynmt.training - 	Reference:  L&apos; année dernière , je vous ai présenté ces deux diapositives qui montraient que la calotte glacière arctique , qui pendant ces 3 derniers millions d&apos; année avait la taille des Etats-Unis sans l&apos; Alaska , qui pendant ces 3 derniers millions d&apos; année avait la taille des Etats-Unis sans l&apos; Alaska , avait diminué de 40 % .
2026-05-16 12:04:12,721 - INFO - joeynmt.training - 	Hypothesis: <unk> année j&apos; ai montré ces deux <unk> <unk> pour que les <unk> de glace <unk> , qui <unk> la glace <unk> , qui <unk> la plupart des <unk> <unk> , qui a été <unk> par 40 % .
2026-05-16 12:04:12,721 - INFO - joeynmt.training - Example #1
2026-05-16 12:04:12,721 - DEBUG - joeynmt.training - 	Tokenized source:     ['But', 'this', 'understates', 'the', 'seriousness', 'of', 'this', 'particular', 'problem', 'because', 'it', 'doesn', '&apos;t', 'show', 'the', 'thickness', 'of', 'the', 'ice', '.']
2026-05-16 12:04:12,721 - DEBUG - joeynmt.training - 	Tokenized reference:  ['Mais', 'ceci', 'tend', 'à', 'amoindrir', 'le', 'problème', 'parce', 'qu&apos;', 'on', 'ne', 'voit', 'pas', 'l&apos;', 'épaisseur', 'de', 'la', 'glace', '.']
2026-05-16 12:04:12,721 - DEBUG - joeynmt.training - 	Tokenized hypothesis: ['Mais', 'ce', '<unk>', 'le', '<unk>', 'de', 'ce', 'problème', ',', 'parce', 'que', 'ça', 'ne', '<unk>', 'pas', 'la', 'glace', 'de', 'la', 'glace', '.', '</s>']
2026-05-16 12:04:12,721 - INFO - joeynmt.training - 	Source:     But this understates the seriousness of this particular problem because it doesn &apos;t show the thickness of the ice .
2026-05-16 12:04:12,721 - INFO - joeynmt.training - 	Reference:  Mais ceci tend à amoindrir le problème parce qu&apos; on ne voit pas l&apos; épaisseur de la glace .
2026-05-16 12:04:12,721 - INFO - joeynmt.training - 	Hypothesis: Mais ce <unk> le <unk> de ce problème , parce que ça ne <unk> pas la glace de la glace .
2026-05-16 12:04:12,721 - INFO - joeynmt.training - Example #2
2026-05-16 12:04:12,721 - DEBUG - joeynmt.training - 	Tokenized source:     ['The', 'arctic', 'ice', 'cap', 'is', ',', 'in', 'a', 'sense', ',', 'the', 'beating', 'heart', 'of', 'the', 'global', 'climate', 'system', '.']
2026-05-16 12:04:12,721 - DEBUG - joeynmt.training - 	Tokenized reference:  ['On', 'peut', 'voir', 'la', 'calotte', 'glacière', 'arctique', 'comme', 'le', 'coeur', 'du', 'système', 'climatique', 'global', '.', 'On', 'peut', 'voir', 'la', 'calotte', 'glacière', 'arctique', 'comme', 'le', 'coeur', 'du', 'système', 'climatique', 'global', '.']
2026-05-16 12:04:12,721 - DEBUG - joeynmt.training - 	Tokenized hypothesis: ['La', 'glace', '<unk>', 'est', ',', 'dans', 'un', 'sens', ',', 'le', 'coeur', 'du', '<unk>', 'du', 'système', 'climatique', '.', '</s>']
2026-05-16 12:04:12,721 - INFO - joeynmt.training - 	Source:     The arctic ice cap is , in a sense , the beating heart of the global climate system .
2026-05-16 12:04:12,721 - INFO - joeynmt.training - 	Reference:  On peut voir la calotte glacière arctique comme le coeur du système climatique global . On peut voir la calotte glacière arctique comme le coeur du système climatique global .
2026-05-16 12:04:12,721 - INFO - joeynmt.training - 	Hypothesis: La glace <unk> est , dans un sens , le coeur du <unk> du système climatique .
2026-05-16 12:04:12,721 - INFO - joeynmt.training - Example #3
2026-05-16 12:04:12,721 - DEBUG - joeynmt.training - 	Tokenized source:     ['It', 'expands', 'in', 'winter', 'and', 'contracts', 'in', 'summer', '.']
2026-05-16 12:04:12,721 - DEBUG - joeynmt.training - 	Tokenized reference:  ['Elle', 's&apos;', 'étend', 'en', 'hiver', 'et', 'se', 'contracte', 'en', 'été', '.']
2026-05-16 12:04:12,721 - DEBUG - joeynmt.training - 	Tokenized hypothesis: ['Il', 's&apos;', '<unk>', 'dans', 'les', '<unk>', 'et', '<unk>', 'en', 'été', '.', '</s>']
2026-05-16 12:04:12,721 - INFO - joeynmt.training - 	Source:     It expands in winter and contracts in summer .
2026-05-16 12:04:12,721 - INFO - joeynmt.training - 	Reference:  Elle s&apos; étend en hiver et se contracte en été .
2026-05-16 12:04:12,721 - INFO - joeynmt.training - 	Hypothesis: Il s&apos; <unk> dans les <unk> et <unk> en été .
2026-05-16 12:04:12,721 - INFO - joeynmt.training - Example #4
2026-05-16 12:04:12,721 - DEBUG - joeynmt.training - 	Tokenized source:     ['The', 'next', 'slide', 'I', 'show', 'you', 'will', 'be', 'a', 'rapid', 'fast-forward', 'of', 'what', '&apos;s', 'happened', 'over', 'the', 'last', '25', 'years', '.']
2026-05-16 12:04:12,721 - DEBUG - joeynmt.training - 	Tokenized reference:  ['La', 'prochaine', 'diapositive', 'que', 'je', 'vais', 'vous', 'montrer', 'est', 'une', 'vue', 'en', 'accéléré', 'de', 'ce', 'qui', 's&apos;', 'est', 'passé', 'ces', '25', 'dernières', 'années', '.']
2026-05-16 12:04:12,721 - DEBUG - joeynmt.training - 	Tokenized hypothesis: ['La', 'prochaine', '<unk>', 'que', 'je', 'vous', '<unk>', 'un', '<unk>', '<unk>', 'de', 'ce', 'qui', 's&apos;', 'est', 'passé', 'depuis', 'les', '25', 'dernières', 'années', '.', '</s>']
2026-05-16 12:04:12,722 - INFO - joeynmt.training - 	Source:     The next slide I show you will be a rapid fast-forward of what &apos;s happened over the last 25 years .
2026-05-16 12:04:12,722 - INFO - joeynmt.training - 	Reference:  La prochaine diapositive que je vais vous montrer est une vue en accéléré de ce qui s&apos; est passé ces 25 dernières années .
2026-05-16 12:04:12,722 - INFO - joeynmt.training - 	Hypothesis: La prochaine <unk> que je vous <unk> un <unk> <unk> de ce qui s&apos; est passé depuis les 25 dernières années .
2026-05-16 12:04:23,852 - INFO - joeynmt.training - Epoch   3, Step:     7100, Batch Loss:     1.351929, Batch Acc: 0.587162, Tokens per Sec:     6461, Lr: 0.000300
2026-05-16 12:04:35,137 - INFO - joeynmt.training - Epoch   3, Step:     7200, Batch Loss:     1.250724, Batch Acc: 0.590651, Tokens per Sec:     6360, Lr: 0.000300
2026-05-16 12:04:46,628 - INFO - joeynmt.training - Epoch   3, Step:     7300, Batch Loss:     1.232550, Batch Acc: 0.587582, Tokens per Sec:     6343, Lr: 0.000300
2026-05-16 12:04:57,819 - INFO - joeynmt.training - Epoch   3, Step:     7400, Batch Loss:     1.383062, Batch Acc: 0.590879, Tokens per Sec:     6558, Lr: 0.000300
2026-05-16 12:05:08,108 - INFO - joeynmt.training - Epoch   3, Step:     7500, Batch Loss:     1.311895, Batch Acc: 0.594917, Tokens per Sec:     7032, Lr: 0.000300
2026-05-16 12:05:08,108 - WARNING - joeynmt.helpers - `alpha` option is obsolete. Please use `beam_alpha`, instead.
2026-05-16 12:05:08,108 - INFO - joeynmt.prediction - Predicting 890 example(s)... (Greedy decoding with min_output_length=1, max_output_length=-1, return_prob='none', generate_unk=True, repetition_penalty=-1, no_repeat_ngram_size=-1)
2026-05-16 12:05:24,171 - INFO - joeynmt.prediction - Evaluation result (greedy) loss:   1.49, ppl:   4.43, acc:   0.53, generation: 16.0589[sec], evaluation: 0.0000[sec]
2026-05-16 12:05:24,171 - INFO - joeynmt.training - Hooray! New best validation result [ppl]!
2026-05-16 12:05:24,228 - INFO - joeynmt.helpers - delete models/word_2k/5000.ckpt
2026-05-16 12:05:24,235 - INFO - joeynmt.training - Example #0
2026-05-16 12:05:24,235 - DEBUG - joeynmt.training - 	Tokenized source:     ['Last', 'year', 'I', 'showed', 'these', 'two', 'slides', 'so', 'that', 'demonstrate', 'that', 'the', 'arctic', 'ice', 'cap', ',', 'which', 'for', 'most', 'of', 'the', 'last', 'three', 'million', 'years', 'has', 'been', 'the', 'size', 'of', 'the', 'lower', '48', 'states', ',', 'has', 'shrunk', 'by', '40', 'percent', '.']
2026-05-16 12:05:24,235 - DEBUG - joeynmt.training - 	Tokenized reference:  ['L&apos;', 'année', 'dernière', ',', 'je', 'vous', 'ai', 'présenté', 'ces', 'deux', 'diapositives', 'qui', 'montraient', 'que', 'la', 'calotte', 'glacière', 'arctique', ',', 'qui', 'pendant', 'ces', '3', 'derniers', 'millions', 'd&apos;', 'année', 'avait', 'la', 'taille', 'des', 'Etats-Unis', 'sans', 'l&apos;', 'Alaska', ',', 'qui', 'pendant', 'ces', '3', 'derniers', 'millions', 'd&apos;', 'année', 'avait', 'la', 'taille', 'des', 'Etats-Unis', 'sans', 'l&apos;', 'Alaska', ',', 'avait', 'diminué', 'de', '40', '%', '.']
2026-05-16 12:05:24,235 - DEBUG - joeynmt.training - 	Tokenized hypothesis: ['L&apos;', 'année', '<unk>', ',', 'j&apos;', 'ai', 'montré', 'ces', 'deux', '<unk>', 'pour', '<unk>', 'que', 'la', 'glace', '<unk>', '<unk>', ',', 'qui', 'pour', 'la', 'plupart', 'des', '<unk>', '<unk>', '<unk>', ',', 'qui', 'a', '<unk>', 'de', 'la', 'taille', 'des', '<unk>', '<unk>', ',', 'les', '<unk>', '<unk>', 'par', '40', '%', '.', '</s>']
2026-05-16 12:05:24,235 - INFO - joeynmt.training - 	Source:     Last year I showed these two slides so that demonstrate that the arctic ice cap , which for most of the last three million years has been the size of the lower 48 states , has shrunk by 40 percent .
2026-05-16 12:05:24,235 - INFO - joeynmt.training - 	Reference:  L&apos; année dernière , je vous ai présenté ces deux diapositives qui montraient que la calotte glacière arctique , qui pendant ces 3 derniers millions d&apos; année avait la taille des Etats-Unis sans l&apos; Alaska , qui pendant ces 3 derniers millions d&apos; année avait la taille des Etats-Unis sans l&apos; Alaska , avait diminué de 40 % .
2026-05-16 12:05:24,235 - INFO - joeynmt.training - 	Hypothesis: L&apos; année <unk> , j&apos; ai montré ces deux <unk> pour <unk> que la glace <unk> <unk> , qui pour la plupart des <unk> <unk> <unk> , qui a <unk> de la taille des <unk> <unk> , les <unk> <unk> par 40 % .
2026-05-16 12:05:24,235 - INFO - joeynmt.training - Example #1
2026-05-16 12:05:24,235 - DEBUG - joeynmt.training - 	Tokenized source:     ['But', 'this', 'understates', 'the', 'seriousness', 'of', 'this', 'particular', 'problem', 'because', 'it', 'doesn', '&apos;t', 'show', 'the', 'thickness', 'of', 'the', 'ice', '.']
2026-05-16 12:05:24,235 - DEBUG - joeynmt.training - 	Tokenized reference:  ['Mais', 'ceci', 'tend', 'à', 'amoindrir', 'le', 'problème', 'parce', 'qu&apos;', 'on', 'ne', 'voit', 'pas', 'l&apos;', 'épaisseur', 'de', 'la', 'glace', '.']
2026-05-16 12:05:24,235 - DEBUG - joeynmt.training - 	Tokenized hypothesis: ['Mais', 'cette', '<unk>', 'le', '<unk>', 'de', 'ce', 'problème', 'parce', 'que', 'ça', 'ne', '<unk>', 'pas', 'la', '<unk>', 'de', 'la', 'glace', '.', '</s>']
2026-05-16 12:05:24,235 - INFO - joeynmt.training - 	Source:     But this understates the seriousness of this particular problem because it doesn &apos;t show the thickness of the ice .
2026-05-16 12:05:24,235 - INFO - joeynmt.training - 	Reference:  Mais ceci tend à amoindrir le problème parce qu&apos; on ne voit pas l&apos; épaisseur de la glace .
2026-05-16 12:05:24,235 - INFO - joeynmt.training - 	Hypothesis: Mais cette <unk> le <unk> de ce problème parce que ça ne <unk> pas la <unk> de la glace .
2026-05-16 12:05:24,235 - INFO - joeynmt.training - Example #2
2026-05-16 12:05:24,235 - DEBUG - joeynmt.training - 	Tokenized source:     ['The', 'arctic', 'ice', 'cap', 'is', ',', 'in', 'a', 'sense', ',', 'the', 'beating', 'heart', 'of', 'the', 'global', 'climate', 'system', '.']
2026-05-16 12:05:24,235 - DEBUG - joeynmt.training - 	Tokenized reference:  ['On', 'peut', 'voir', 'la', 'calotte', 'glacière', 'arctique', 'comme', 'le', 'coeur', 'du', 'système', 'climatique', 'global', '.', 'On', 'peut', 'voir', 'la', 'calotte', 'glacière', 'arctique', 'comme', 'le', 'coeur', 'du', 'système', 'climatique', 'global', '.']
2026-05-16 12:05:24,235 - DEBUG - joeynmt.training - 	Tokenized hypothesis: ['La', 'glace', '<unk>', 'est', ',', 'dans', 'un', 'sens', ',', 'le', '<unk>', '<unk>', 'du', 'système', 'climatique', '.', '</s>']
2026-05-16 12:05:24,235 - INFO - joeynmt.training - 	Source:     The arctic ice cap is , in a sense , the beating heart of the global climate system .
2026-05-16 12:05:24,235 - INFO - joeynmt.training - 	Reference:  On peut voir la calotte glacière arctique comme le coeur du système climatique global . On peut voir la calotte glacière arctique comme le coeur du système climatique global .
2026-05-16 12:05:24,235 - INFO - joeynmt.training - 	Hypothesis: La glace <unk> est , dans un sens , le <unk> <unk> du système climatique .
2026-05-16 12:05:24,235 - INFO - joeynmt.training - Example #3
2026-05-16 12:05:24,235 - DEBUG - joeynmt.training - 	Tokenized source:     ['It', 'expands', 'in', 'winter', 'and', 'contracts', 'in', 'summer', '.']
2026-05-16 12:05:24,235 - DEBUG - joeynmt.training - 	Tokenized reference:  ['Elle', 's&apos;', 'étend', 'en', 'hiver', 'et', 'se', 'contracte', 'en', 'été', '.']
2026-05-16 12:05:24,236 - DEBUG - joeynmt.training - 	Tokenized hypothesis: ['Elle', '<unk>', 'en', 'été', '.', '</s>']
2026-05-16 12:05:24,236 - INFO - joeynmt.training - 	Source:     It expands in winter and contracts in summer .
2026-05-16 12:05:24,236 - INFO - joeynmt.training - 	Reference:  Elle s&apos; étend en hiver et se contracte en été .
2026-05-16 12:05:24,236 - INFO - joeynmt.training - 	Hypothesis: Elle <unk> en été .
2026-05-16 12:05:24,236 - INFO - joeynmt.training - Example #4
2026-05-16 12:05:24,236 - DEBUG - joeynmt.training - 	Tokenized source:     ['The', 'next', 'slide', 'I', 'show', 'you', 'will', 'be', 'a', 'rapid', 'fast-forward', 'of', 'what', '&apos;s', 'happened', 'over', 'the', 'last', '25', 'years', '.']
2026-05-16 12:05:24,236 - DEBUG - joeynmt.training - 	Tokenized reference:  ['La', 'prochaine', 'diapositive', 'que', 'je', 'vais', 'vous', 'montrer', 'est', 'une', 'vue', 'en', 'accéléré', 'de', 'ce', 'qui', 's&apos;', 'est', 'passé', 'ces', '25', 'dernières', 'années', '.']
2026-05-16 12:05:24,236 - DEBUG - joeynmt.training - 	Tokenized hypothesis: ['La', '<unk>', 'suivante', 'que', 'je', 'vous', 'montre', 'un', '<unk>', '<unk>', 'de', 'ce', 'qui', 'est', 'arrivé', 'au', 'cours', 'de', '25', 'dernières', 'années', '.', '</s>']
2026-05-16 12:05:24,236 - INFO - joeynmt.training - 	Source:     The next slide I show you will be a rapid fast-forward of what &apos;s happened over the last 25 years .
2026-05-16 12:05:24,236 - INFO - joeynmt.training - 	Reference:  La prochaine diapositive que je vais vous montrer est une vue en accéléré de ce qui s&apos; est passé ces 25 dernières années .
2026-05-16 12:05:24,236 - INFO - joeynmt.training - 	Hypothesis: La <unk> suivante que je vous montre un <unk> <unk> de ce qui est arrivé au cours de 25 dernières années .
2026-05-16 12:05:34,854 - INFO - joeynmt.training - Epoch   3, Step:     7600, Batch Loss:     1.275972, Batch Acc: 0.590170, Tokens per Sec:     6727, Lr: 0.000300
2026-05-16 12:05:45,318 - INFO - joeynmt.training - Epoch   3, Step:     7700, Batch Loss:     1.256484, Batch Acc: 0.594331, Tokens per Sec:     7196, Lr: 0.000300
2026-05-16 12:05:55,205 - INFO - joeynmt.training - Epoch   3, Step:     7800, Batch Loss:     1.431412, Batch Acc: 0.590421, Tokens per Sec:     7236, Lr: 0.000300
2026-05-16 12:06:05,057 - INFO - joeynmt.training - Epoch   3, Step:     7900, Batch Loss:     1.296000, Batch Acc: 0.600440, Tokens per Sec:     7424, Lr: 0.000300
2026-05-16 12:06:15,337 - INFO - joeynmt.training - Epoch   3, Step:     8000, Batch Loss:     1.363690, Batch Acc: 0.595298, Tokens per Sec:     7000, Lr: 0.000300
2026-05-16 12:06:15,338 - WARNING - joeynmt.helpers - `alpha` option is obsolete. Please use `beam_alpha`, instead.
2026-05-16 12:06:15,338 - INFO - joeynmt.prediction - Predicting 890 example(s)... (Greedy decoding with min_output_length=1, max_output_length=-1, return_prob='none', generate_unk=True, repetition_penalty=-1, no_repeat_ngram_size=-1)
2026-05-16 12:06:30,915 - INFO - joeynmt.prediction - Evaluation result (greedy) loss:   1.48, ppl:   4.38, acc:   0.53, generation: 15.5741[sec], evaluation: 0.0000[sec]
2026-05-16 12:06:30,916 - INFO - joeynmt.training - Hooray! New best validation result [ppl]!
2026-05-16 12:06:30,974 - INFO - joeynmt.helpers - delete models/word_2k/5500.ckpt
2026-05-16 12:06:30,982 - INFO - joeynmt.training - Example #0
2026-05-16 12:06:30,982 - DEBUG - joeynmt.training - 	Tokenized source:     ['Last', 'year', 'I', 'showed', 'these', 'two', 'slides', 'so', 'that', 'demonstrate', 'that', 'the', 'arctic', 'ice', 'cap', ',', 'which', 'for', 'most', 'of', 'the', 'last', 'three', 'million', 'years', 'has', 'been', 'the', 'size', 'of', 'the', 'lower', '48', 'states', ',', 'has', 'shrunk', 'by', '40', 'percent', '.']
2026-05-16 12:06:30,982 - DEBUG - joeynmt.training - 	Tokenized reference:  ['L&apos;', 'année', 'dernière', ',', 'je', 'vous', 'ai', 'présenté', 'ces', 'deux', 'diapositives', 'qui', 'montraient', 'que', 'la', 'calotte', 'glacière', 'arctique', ',', 'qui', 'pendant', 'ces', '3', 'derniers', 'millions', 'd&apos;', 'année', 'avait', 'la', 'taille', 'des', 'Etats-Unis', 'sans', 'l&apos;', 'Alaska', ',', 'qui', 'pendant', 'ces', '3', 'derniers', 'millions', 'd&apos;', 'année', 'avait', 'la', 'taille', 'des', 'Etats-Unis', 'sans', 'l&apos;', 'Alaska', ',', 'avait', 'diminué', 'de', '40', '%', '.']
2026-05-16 12:06:30,982 - DEBUG - joeynmt.training - 	Tokenized hypothesis: ['L&apos;', 'année', 'dernière', ',', 'j&apos;', 'ai', 'montré', 'ces', 'deux', '<unk>', 'pour', 'que', 'la', 'glace', '<unk>', ',', 'qui', 'pendant', 'la', 'plupart', 'des', 'trois', 'millions', 'd&apos;', 'années', 'ont', 'été', 'la', 'taille', 'des', '<unk>', '<unk>', ',', 'a', '<unk>', 'par', '40', '%', '.', '</s>']
2026-05-16 12:06:30,982 - INFO - joeynmt.training - 	Source:     Last year I showed these two slides so that demonstrate that the arctic ice cap , which for most of the last three million years has been the size of the lower 48 states , has shrunk by 40 percent .
2026-05-16 12:06:30,983 - INFO - joeynmt.training - 	Reference:  L&apos; année dernière , je vous ai présenté ces deux diapositives qui montraient que la calotte glacière arctique , qui pendant ces 3 derniers millions d&apos; année avait la taille des Etats-Unis sans l&apos; Alaska , qui pendant ces 3 derniers millions d&apos; année avait la taille des Etats-Unis sans l&apos; Alaska , avait diminué de 40 % .
2026-05-16 12:06:30,983 - INFO - joeynmt.training - 	Hypothesis: L&apos; année dernière , j&apos; ai montré ces deux <unk> pour que la glace <unk> , qui pendant la plupart des trois millions d&apos; années ont été la taille des <unk> <unk> , a <unk> par 40 % .
2026-05-16 12:06:30,983 - INFO - joeynmt.training - Example #1
2026-05-16 12:06:30,983 - DEBUG - joeynmt.training - 	Tokenized source:     ['But', 'this', 'understates', 'the', 'seriousness', 'of', 'this', 'particular', 'problem', 'because', 'it', 'doesn', '&apos;t', 'show', 'the', 'thickness', 'of', 'the', 'ice', '.']
2026-05-16 12:06:30,983 - DEBUG - joeynmt.training - 	Tokenized reference:  ['Mais', 'ceci', 'tend', 'à', 'amoindrir', 'le', 'problème', 'parce', 'qu&apos;', 'on', 'ne', 'voit', 'pas', 'l&apos;', 'épaisseur', 'de', 'la', 'glace', '.']
2026-05-16 12:06:30,983 - DEBUG - joeynmt.training - 	Tokenized hypothesis: ['Mais', 'cette', '<unk>', 'le', '<unk>', 'de', 'ce', 'problème', ',', 'parce', 'qu&apos;', 'il', 'ne', '<unk>', 'pas', 'la', '<unk>', 'de', 'la', 'glace', '.', '</s>']
2026-05-16 12:06:30,983 - INFO - joeynmt.training - 	Source:     But this understates the seriousness of this particular problem because it doesn &apos;t show the thickness of the ice .
2026-05-16 12:06:30,983 - INFO - joeynmt.training - 	Reference:  Mais ceci tend à amoindrir le problème parce qu&apos; on ne voit pas l&apos; épaisseur de la glace .
2026-05-16 12:06:30,983 - INFO - joeynmt.training - 	Hypothesis: Mais cette <unk> le <unk> de ce problème , parce qu&apos; il ne <unk> pas la <unk> de la glace .
2026-05-16 12:06:30,983 - INFO - joeynmt.training - Example #2
2026-05-16 12:06:30,983 - DEBUG - joeynmt.training - 	Tokenized source:     ['The', 'arctic', 'ice', 'cap', 'is', ',', 'in', 'a', 'sense', ',', 'the', 'beating', 'heart', 'of', 'the', 'global', 'climate', 'system', '.']
2026-05-16 12:06:30,983 - DEBUG - joeynmt.training - 	Tokenized reference:  ['On', 'peut', 'voir', 'la', 'calotte', 'glacière', 'arctique', 'comme', 'le', 'coeur', 'du', 'système', 'climatique', 'global', '.', 'On', 'peut', 'voir', 'la', 'calotte', 'glacière', 'arctique', 'comme', 'le', 'coeur', 'du', 'système', 'climatique', 'global', '.']
2026-05-16 12:06:30,983 - DEBUG - joeynmt.training - 	Tokenized hypothesis: ['La', 'glace', '<unk>', 'est', ',', 'dans', 'un', 'sens', ',', 'le', '<unk>', '<unk>', 'du', 'système', 'climatique', '.', '</s>']
2026-05-16 12:06:30,983 - INFO - joeynmt.training - 	Source:     The arctic ice cap is , in a sense , the beating heart of the global climate system .
2026-05-16 12:06:30,983 - INFO - joeynmt.training - 	Reference:  On peut voir la calotte glacière arctique comme le coeur du système climatique global . On peut voir la calotte glacière arctique comme le coeur du système climatique global .
2026-05-16 12:06:30,983 - INFO - joeynmt.training - 	Hypothesis: La glace <unk> est , dans un sens , le <unk> <unk> du système climatique .
2026-05-16 12:06:30,983 - INFO - joeynmt.training - Example #3
2026-05-16 12:06:30,983 - DEBUG - joeynmt.training - 	Tokenized source:     ['It', 'expands', 'in', 'winter', 'and', 'contracts', 'in', 'summer', '.']
2026-05-16 12:06:30,983 - DEBUG - joeynmt.training - 	Tokenized reference:  ['Elle', 's&apos;', 'étend', 'en', 'hiver', 'et', 'se', 'contracte', 'en', 'été', '.']
2026-05-16 12:06:30,983 - DEBUG - joeynmt.training - 	Tokenized hypothesis: ['Il', '<unk>', 'en', '<unk>', 'et', '<unk>', 'en', 'été', '.', '</s>']
2026-05-16 12:06:30,983 - INFO - joeynmt.training - 	Source:     It expands in winter and contracts in summer .
2026-05-16 12:06:30,983 - INFO - joeynmt.training - 	Reference:  Elle s&apos; étend en hiver et se contracte en été .
2026-05-16 12:06:30,983 - INFO - joeynmt.training - 	Hypothesis: Il <unk> en <unk> et <unk> en été .
2026-05-16 12:06:30,983 - INFO - joeynmt.training - Example #4
2026-05-16 12:06:30,983 - DEBUG - joeynmt.training - 	Tokenized source:     ['The', 'next', 'slide', 'I', 'show', 'you', 'will', 'be', 'a', 'rapid', 'fast-forward', 'of', 'what', '&apos;s', 'happened', 'over', 'the', 'last', '25', 'years', '.']
2026-05-16 12:06:30,983 - DEBUG - joeynmt.training - 	Tokenized reference:  ['La', 'prochaine', 'diapositive', 'que', 'je', 'vais', 'vous', 'montrer', 'est', 'une', 'vue', 'en', 'accéléré', 'de', 'ce', 'qui', 's&apos;', 'est', 'passé', 'ces', '25', 'dernières', 'années', '.']
2026-05-16 12:06:30,983 - DEBUG - joeynmt.training - 	Tokenized hypothesis: ['La', '<unk>', 'suivante', 'que', 'je', 'vous', '<unk>', 'une', '<unk>', '<unk>', 'de', 'ce', 'qui', 'est', 'arrivé', 'au', 'cours', 'des', '25', 'dernières', 'années', '.', '</s>']
2026-05-16 12:06:30,983 - INFO - joeynmt.training - 	Source:     The next slide I show you will be a rapid fast-forward of what &apos;s happened over the last 25 years .
2026-05-16 12:06:30,983 - INFO - joeynmt.training - 	Reference:  La prochaine diapositive que je vais vous montrer est une vue en accéléré de ce qui s&apos; est passé ces 25 dernières années .
2026-05-16 12:06:30,983 - INFO - joeynmt.training - 	Hypothesis: La <unk> suivante que je vous <unk> une <unk> <unk> de ce qui est arrivé au cours des 25 dernières années .
2026-05-16 12:06:41,171 - INFO - joeynmt.training - Epoch   3, Step:     8100, Batch Loss:     1.132679, Batch Acc: 0.594252, Tokens per Sec:     7257, Lr: 0.000300
2026-05-16 12:06:51,313 - INFO - joeynmt.training - Epoch   3, Step:     8200, Batch Loss:     1.204115, Batch Acc: 0.592057, Tokens per Sec:     7280, Lr: 0.000300
2026-05-16 12:07:01,486 - INFO - joeynmt.training - Epoch   3, Step:     8300, Batch Loss:     1.277627, Batch Acc: 0.591021, Tokens per Sec:     7215, Lr: 0.000300
2026-05-16 12:07:11,520 - INFO - joeynmt.training - Epoch   3, Step:     8400, Batch Loss:     1.358018, Batch Acc: 0.592175, Tokens per Sec:     7145, Lr: 0.000300
2026-05-16 12:07:21,492 - INFO - joeynmt.training - Epoch   3, Step:     8500, Batch Loss:     1.151265, Batch Acc: 0.593622, Tokens per Sec:     7377, Lr: 0.000300
2026-05-16 12:07:21,493 - WARNING - joeynmt.helpers - `alpha` option is obsolete. Please use `beam_alpha`, instead.
2026-05-16 12:07:21,493 - INFO - joeynmt.prediction - Predicting 890 example(s)... (Greedy decoding with min_output_length=1, max_output_length=-1, return_prob='none', generate_unk=True, repetition_penalty=-1, no_repeat_ngram_size=-1)
2026-05-16 12:07:37,283 - INFO - joeynmt.prediction - Evaluation result (greedy) loss:   1.46, ppl:   4.31, acc:   0.54, generation: 15.7860[sec], evaluation: 0.0000[sec]
2026-05-16 12:07:37,284 - INFO - joeynmt.training - Hooray! New best validation result [ppl]!
2026-05-16 12:07:37,339 - INFO - joeynmt.helpers - delete models/word_2k/6500.ckpt
2026-05-16 12:07:37,347 - INFO - joeynmt.training - Example #0
2026-05-16 12:07:37,347 - DEBUG - joeynmt.training - 	Tokenized source:     ['Last', 'year', 'I', 'showed', 'these', 'two', 'slides', 'so', 'that', 'demonstrate', 'that', 'the', 'arctic', 'ice', 'cap', ',', 'which', 'for', 'most', 'of', 'the', 'last', 'three', 'million', 'years', 'has', 'been', 'the', 'size', 'of', 'the', 'lower', '48', 'states', ',', 'has', 'shrunk', 'by', '40', 'percent', '.']
2026-05-16 12:07:37,347 - DEBUG - joeynmt.training - 	Tokenized reference:  ['L&apos;', 'année', 'dernière', ',', 'je', 'vous', 'ai', 'présenté', 'ces', 'deux', 'diapositives', 'qui', 'montraient', 'que', 'la', 'calotte', 'glacière', 'arctique', ',', 'qui', 'pendant', 'ces', '3', 'derniers', 'millions', 'd&apos;', 'année', 'avait', 'la', 'taille', 'des', 'Etats-Unis', 'sans', 'l&apos;', 'Alaska', ',', 'qui', 'pendant', 'ces', '3', 'derniers', 'millions', 'd&apos;', 'année', 'avait', 'la', 'taille', 'des', 'Etats-Unis', 'sans', 'l&apos;', 'Alaska', ',', 'avait', 'diminué', 'de', '40', '%', '.']
2026-05-16 12:07:37,347 - DEBUG - joeynmt.training - 	Tokenized hypothesis: ['L&apos;', 'année', '<unk>', 'que', 'j&apos;', 'ai', 'montré', 'deux', '<unk>', 'pour', 'que', 'la', 'glace', '<unk>', ',', 'qui', 'pendant', 'la', 'plupart', 'des', 'trois', 'millions', 'd&apos;', 'années', 'ont', 'été', 'la', 'taille', 'des', '<unk>', '<unk>', ',', 'a', '<unk>', 'par', '40', '%', '.', '</s>']
2026-05-16 12:07:37,347 - INFO - joeynmt.training - 	Source:     Last year I showed these two slides so that demonstrate that the arctic ice cap , which for most of the last three million years has been the size of the lower 48 states , has shrunk by 40 percent .
2026-05-16 12:07:37,347 - INFO - joeynmt.training - 	Reference:  L&apos; année dernière , je vous ai présenté ces deux diapositives qui montraient que la calotte glacière arctique , qui pendant ces 3 derniers millions d&apos; année avait la taille des Etats-Unis sans l&apos; Alaska , qui pendant ces 3 derniers millions d&apos; année avait la taille des Etats-Unis sans l&apos; Alaska , avait diminué de 40 % .
2026-05-16 12:07:37,347 - INFO - joeynmt.training - 	Hypothesis: L&apos; année <unk> que j&apos; ai montré deux <unk> pour que la glace <unk> , qui pendant la plupart des trois millions d&apos; années ont été la taille des <unk> <unk> , a <unk> par 40 % .
2026-05-16 12:07:37,347 - INFO - joeynmt.training - Example #1
2026-05-16 12:07:37,347 - DEBUG - joeynmt.training - 	Tokenized source:     ['But', 'this', 'understates', 'the', 'seriousness', 'of', 'this', 'particular', 'problem', 'because', 'it', 'doesn', '&apos;t', 'show', 'the', 'thickness', 'of', 'the', 'ice', '.']
2026-05-16 12:07:37,347 - DEBUG - joeynmt.training - 	Tokenized reference:  ['Mais', 'ceci', 'tend', 'à', 'amoindrir', 'le', 'problème', 'parce', 'qu&apos;', 'on', 'ne', 'voit', 'pas', 'l&apos;', 'épaisseur', 'de', 'la', 'glace', '.']
2026-05-16 12:07:37,347 - DEBUG - joeynmt.training - 	Tokenized hypothesis: ['Mais', 'cette', '<unk>', 'la', '<unk>', 'de', 'ce', 'problème', 'parce', 'qu&apos;', 'il', 'ne', 'montre', 'pas', 'les', '<unk>', 'de', 'la', 'glace', '.', '</s>']
2026-05-16 12:07:37,347 - INFO - joeynmt.training - 	Source:     But this understates the seriousness of this particular problem because it doesn &apos;t show the thickness of the ice .
2026-05-16 12:07:37,347 - INFO - joeynmt.training - 	Reference:  Mais ceci tend à amoindrir le problème parce qu&apos; on ne voit pas l&apos; épaisseur de la glace .
2026-05-16 12:07:37,347 - INFO - joeynmt.training - 	Hypothesis: Mais cette <unk> la <unk> de ce problème parce qu&apos; il ne montre pas les <unk> de la glace .
2026-05-16 12:07:37,347 - INFO - joeynmt.training - Example #2
2026-05-16 12:07:37,347 - DEBUG - joeynmt.training - 	Tokenized source:     ['The', 'arctic', 'ice', 'cap', 'is', ',', 'in', 'a', 'sense', ',', 'the', 'beating', 'heart', 'of', 'the', 'global', 'climate', 'system', '.']
2026-05-16 12:07:37,347 - DEBUG - joeynmt.training - 	Tokenized reference:  ['On', 'peut', 'voir', 'la', 'calotte', 'glacière', 'arctique', 'comme', 'le', 'coeur', 'du', 'système', 'climatique', 'global', '.', 'On', 'peut', 'voir', 'la', 'calotte', 'glacière', 'arctique', 'comme', 'le', 'coeur', 'du', 'système', 'climatique', 'global', '.']
2026-05-16 12:07:37,347 - DEBUG - joeynmt.training - 	Tokenized hypothesis: ['La', 'glace', '<unk>', 'est', ',', 'dans', 'un', 'sens', ',', 'le', 'coeur', 'du', 'système', 'climatique', '.', '</s>']
2026-05-16 12:07:37,347 - INFO - joeynmt.training - 	Source:     The arctic ice cap is , in a sense , the beating heart of the global climate system .
2026-05-16 12:07:37,347 - INFO - joeynmt.training - 	Reference:  On peut voir la calotte glacière arctique comme le coeur du système climatique global . On peut voir la calotte glacière arctique comme le coeur du système climatique global .
2026-05-16 12:07:37,347 - INFO - joeynmt.training - 	Hypothesis: La glace <unk> est , dans un sens , le coeur du système climatique .
2026-05-16 12:07:37,347 - INFO - joeynmt.training - Example #3
2026-05-16 12:07:37,347 - DEBUG - joeynmt.training - 	Tokenized source:     ['It', 'expands', 'in', 'winter', 'and', 'contracts', 'in', 'summer', '.']
2026-05-16 12:07:37,347 - DEBUG - joeynmt.training - 	Tokenized reference:  ['Elle', 's&apos;', 'étend', 'en', 'hiver', 'et', 'se', 'contracte', 'en', 'été', '.']
2026-05-16 12:07:37,347 - DEBUG - joeynmt.training - 	Tokenized hypothesis: ['Il', '<unk>', 'dans', 'la', '<unk>', 'et', '<unk>', 'en', 'été', '.', '</s>']
2026-05-16 12:07:37,347 - INFO - joeynmt.training - 	Source:     It expands in winter and contracts in summer .
2026-05-16 12:07:37,348 - INFO - joeynmt.training - 	Reference:  Elle s&apos; étend en hiver et se contracte en été .
2026-05-16 12:07:37,348 - INFO - joeynmt.training - 	Hypothesis: Il <unk> dans la <unk> et <unk> en été .
2026-05-16 12:07:37,348 - INFO - joeynmt.training - Example #4
2026-05-16 12:07:37,348 - DEBUG - joeynmt.training - 	Tokenized source:     ['The', 'next', 'slide', 'I', 'show', 'you', 'will', 'be', 'a', 'rapid', 'fast-forward', 'of', 'what', '&apos;s', 'happened', 'over', 'the', 'last', '25', 'years', '.']
2026-05-16 12:07:37,348 - DEBUG - joeynmt.training - 	Tokenized reference:  ['La', 'prochaine', 'diapositive', 'que', 'je', 'vais', 'vous', 'montrer', 'est', 'une', 'vue', 'en', 'accéléré', 'de', 'ce', 'qui', 's&apos;', 'est', 'passé', 'ces', '25', 'dernières', 'années', '.']
2026-05-16 12:07:37,348 - DEBUG - joeynmt.training - 	Tokenized hypothesis: ['La', 'prochaine', '<unk>', 'que', 'je', 'vous', '<unk>', 'un', '<unk>', '<unk>', 'de', 'ce', 'qui', 's&apos;', 'est', 'passé', 'depuis', '25', 'dernières', 'années', '.', '</s>']
2026-05-16 12:07:37,348 - INFO - joeynmt.training - 	Source:     The next slide I show you will be a rapid fast-forward of what &apos;s happened over the last 25 years .
2026-05-16 12:07:37,348 - INFO - joeynmt.training - 	Reference:  La prochaine diapositive que je vais vous montrer est une vue en accéléré de ce qui s&apos; est passé ces 25 dernières années .
2026-05-16 12:07:37,348 - INFO - joeynmt.training - 	Hypothesis: La prochaine <unk> que je vous <unk> un <unk> <unk> de ce qui s&apos; est passé depuis 25 dernières années .
2026-05-16 12:07:47,357 - INFO - joeynmt.training - Epoch   3, Step:     8600, Batch Loss:     1.287751, Batch Acc: 0.589250, Tokens per Sec:     7111, Lr: 0.000300
2026-05-16 12:07:57,225 - INFO - joeynmt.training - Epoch   3, Step:     8700, Batch Loss:     1.237544, Batch Acc: 0.592753, Tokens per Sec:     7384, Lr: 0.000300
2026-05-16 12:08:07,073 - INFO - joeynmt.training - Epoch   3, Step:     8800, Batch Loss:     1.347674, Batch Acc: 0.599673, Tokens per Sec:     7389, Lr: 0.000300
2026-05-16 12:08:17,103 - INFO - joeynmt.training - Epoch   3, Step:     8900, Batch Loss:     1.271990, Batch Acc: 0.591757, Tokens per Sec:     7177, Lr: 0.000300
2026-05-16 12:08:27,099 - INFO - joeynmt.training - Epoch   3, Step:     9000, Batch Loss:     1.205403, Batch Acc: 0.595853, Tokens per Sec:     7102, Lr: 0.000300
2026-05-16 12:08:27,099 - WARNING - joeynmt.helpers - `alpha` option is obsolete. Please use `beam_alpha`, instead.
2026-05-16 12:08:27,099 - INFO - joeynmt.prediction - Predicting 890 example(s)... (Greedy decoding with min_output_length=1, max_output_length=-1, return_prob='none', generate_unk=True, repetition_penalty=-1, no_repeat_ngram_size=-1)
2026-05-16 12:08:43,392 - INFO - joeynmt.prediction - Evaluation result (greedy) loss:   1.46, ppl:   4.30, acc:   0.54, generation: 16.2895[sec], evaluation: 0.0000[sec]
2026-05-16 12:08:43,393 - INFO - joeynmt.training - Hooray! New best validation result [ppl]!
2026-05-16 12:08:43,447 - INFO - joeynmt.helpers - delete models/word_2k/6000.ckpt
2026-05-16 12:08:43,450 - INFO - joeynmt.training - Example #0
2026-05-16 12:08:43,450 - DEBUG - joeynmt.training - 	Tokenized source:     ['Last', 'year', 'I', 'showed', 'these', 'two', 'slides', 'so', 'that', 'demonstrate', 'that', 'the', 'arctic', 'ice', 'cap', ',', 'which', 'for', 'most', 'of', 'the', 'last', 'three', 'million', 'years', 'has', 'been', 'the', 'size', 'of', 'the', 'lower', '48', 'states', ',', 'has', 'shrunk', 'by', '40', 'percent', '.']
2026-05-16 12:08:43,450 - DEBUG - joeynmt.training - 	Tokenized reference:  ['L&apos;', 'année', 'dernière', ',', 'je', 'vous', 'ai', 'présenté', 'ces', 'deux', 'diapositives', 'qui', 'montraient', 'que', 'la', 'calotte', 'glacière', 'arctique', ',', 'qui', 'pendant', 'ces', '3', 'derniers', 'millions', 'd&apos;', 'année', 'avait', 'la', 'taille', 'des', 'Etats-Unis', 'sans', 'l&apos;', 'Alaska', ',', 'qui', 'pendant', 'ces', '3', 'derniers', 'millions', 'd&apos;', 'année', 'avait', 'la', 'taille', 'des', 'Etats-Unis', 'sans', 'l&apos;', 'Alaska', ',', 'avait', 'diminué', 'de', '40', '%', '.']
2026-05-16 12:08:43,450 - DEBUG - joeynmt.training - 	Tokenized hypothesis: ['<unk>', 'année', 'que', 'j&apos;', 'ai', 'montré', 'ces', 'deux', '<unk>', 'si', '<unk>', 'que', 'la', 'glace', '<unk>', '<unk>', ',', 'qui', 'pour', 'la', 'plupart', 'des', 'trois', 'millions', 'd&apos;', 'années', 'ont', 'été', 'la', 'taille', 'des', '<unk>', '<unk>', ',', 'a', '<unk>', 'par', '40', '%', '.', '</s>']
2026-05-16 12:08:43,451 - INFO - joeynmt.training - 	Source:     Last year I showed these two slides so that demonstrate that the arctic ice cap , which for most of the last three million years has been the size of the lower 48 states , has shrunk by 40 percent .
2026-05-16 12:08:43,451 - INFO - joeynmt.training - 	Reference:  L&apos; année dernière , je vous ai présenté ces deux diapositives qui montraient que la calotte glacière arctique , qui pendant ces 3 derniers millions d&apos; année avait la taille des Etats-Unis sans l&apos; Alaska , qui pendant ces 3 derniers millions d&apos; année avait la taille des Etats-Unis sans l&apos; Alaska , avait diminué de 40 % .
2026-05-16 12:08:43,451 - INFO - joeynmt.training - 	Hypothesis: <unk> année que j&apos; ai montré ces deux <unk> si <unk> que la glace <unk> <unk> , qui pour la plupart des trois millions d&apos; années ont été la taille des <unk> <unk> , a <unk> par 40 % .
2026-05-16 12:08:43,451 - INFO - joeynmt.training - Example #1
2026-05-16 12:08:43,451 - DEBUG - joeynmt.training - 	Tokenized source:     ['But', 'this', 'understates', 'the', 'seriousness', 'of', 'this', 'particular', 'problem', 'because', 'it', 'doesn', '&apos;t', 'show', 'the', 'thickness', 'of', 'the', 'ice', '.']
2026-05-16 12:08:43,451 - DEBUG - joeynmt.training - 	Tokenized reference:  ['Mais', 'ceci', 'tend', 'à', 'amoindrir', 'le', 'problème', 'parce', 'qu&apos;', 'on', 'ne', 'voit', 'pas', 'l&apos;', 'épaisseur', 'de', 'la', 'glace', '.']
2026-05-16 12:08:43,451 - DEBUG - joeynmt.training - 	Tokenized hypothesis: ['Mais', 'ce', 'problème', 'le', '<unk>', 'de', 'ce', 'problème', 'parce', 'qu&apos;', 'il', 'ne', 'montre', 'pas', 'la', '<unk>', 'de', 'la', 'glace', '.', '</s>']
2026-05-16 12:08:43,451 - INFO - joeynmt.training - 	Source:     But this understates the seriousness of this particular problem because it doesn &apos;t show the thickness of the ice .
2026-05-16 12:08:43,451 - INFO - joeynmt.training - 	Reference:  Mais ceci tend à amoindrir le problème parce qu&apos; on ne voit pas l&apos; épaisseur de la glace .
2026-05-16 12:08:43,451 - INFO - joeynmt.training - 	Hypothesis: Mais ce problème le <unk> de ce problème parce qu&apos; il ne montre pas la <unk> de la glace .
2026-05-16 12:08:43,451 - INFO - joeynmt.training - Example #2
2026-05-16 12:08:43,451 - DEBUG - joeynmt.training - 	Tokenized source:     ['The', 'arctic', 'ice', 'cap', 'is', ',', 'in', 'a', 'sense', ',', 'the', 'beating', 'heart', 'of', 'the', 'global', 'climate', 'system', '.']
2026-05-16 12:08:43,451 - DEBUG - joeynmt.training - 	Tokenized reference:  ['On', 'peut', 'voir', 'la', 'calotte', 'glacière', 'arctique', 'comme', 'le', 'coeur', 'du', 'système', 'climatique', 'global', '.', 'On', 'peut', 'voir', 'la', 'calotte', 'glacière', 'arctique', 'comme', 'le', 'coeur', 'du', 'système', 'climatique', 'global', '.']
2026-05-16 12:08:43,451 - DEBUG - joeynmt.training - 	Tokenized hypothesis: ['La', 'glace', '<unk>', '<unk>', 'est', ',', 'dans', 'un', 'sens', ',', 'le', 'coeur', '<unk>', 'du', 'système', 'mondiale', 'du', 'climat', '.', '</s>']
2026-05-16 12:08:43,451 - INFO - joeynmt.training - 	Source:     The arctic ice cap is , in a sense , the beating heart of the global climate system .
2026-05-16 12:08:43,451 - INFO - joeynmt.training - 	Reference:  On peut voir la calotte glacière arctique comme le coeur du système climatique global . On peut voir la calotte glacière arctique comme le coeur du système climatique global .
2026-05-16 12:08:43,451 - INFO - joeynmt.training - 	Hypothesis: La glace <unk> <unk> est , dans un sens , le coeur <unk> du système mondiale du climat .
2026-05-16 12:08:43,451 - INFO - joeynmt.training - Example #3
2026-05-16 12:08:43,451 - DEBUG - joeynmt.training - 	Tokenized source:     ['It', 'expands', 'in', 'winter', 'and', 'contracts', 'in', 'summer', '.']
2026-05-16 12:08:43,451 - DEBUG - joeynmt.training - 	Tokenized reference:  ['Elle', 's&apos;', 'étend', 'en', 'hiver', 'et', 'se', 'contracte', 'en', 'été', '.']
2026-05-16 12:08:43,451 - DEBUG - joeynmt.training - 	Tokenized hypothesis: ['Il', '<unk>', 'en', '<unk>', 'et', '<unk>', 'en', 'été', '.', '</s>']
2026-05-16 12:08:43,451 - INFO - joeynmt.training - 	Source:     It expands in winter and contracts in summer .
2026-05-16 12:08:43,451 - INFO - joeynmt.training - 	Reference:  Elle s&apos; étend en hiver et se contracte en été .
2026-05-16 12:08:43,451 - INFO - joeynmt.training - 	Hypothesis: Il <unk> en <unk> et <unk> en été .
2026-05-16 12:08:43,451 - INFO - joeynmt.training - Example #4
2026-05-16 12:08:43,451 - DEBUG - joeynmt.training - 	Tokenized source:     ['The', 'next', 'slide', 'I', 'show', 'you', 'will', 'be', 'a', 'rapid', 'fast-forward', 'of', 'what', '&apos;s', 'happened', 'over', 'the', 'last', '25', 'years', '.']
2026-05-16 12:08:43,451 - DEBUG - joeynmt.training - 	Tokenized reference:  ['La', 'prochaine', 'diapositive', 'que', 'je', 'vais', 'vous', 'montrer', 'est', 'une', 'vue', 'en', 'accéléré', 'de', 'ce', 'qui', 's&apos;', 'est', 'passé', 'ces', '25', 'dernières', 'années', '.']
2026-05-16 12:08:43,451 - DEBUG - joeynmt.training - 	Tokenized hypothesis: ['La', 'prochaine', '<unk>', 'que', 'je', 'vous', '<unk>', 'un', '<unk>', '<unk>', 'de', 'ce', 'qui', 's&apos;', 'est', 'passé', 'depuis', 'les', '25', 'dernières', 'années', '.', '</s>']
2026-05-16 12:08:43,451 - INFO - joeynmt.training - 	Source:     The next slide I show you will be a rapid fast-forward of what &apos;s happened over the last 25 years .
2026-05-16 12:08:43,451 - INFO - joeynmt.training - 	Reference:  La prochaine diapositive que je vais vous montrer est une vue en accéléré de ce qui s&apos; est passé ces 25 dernières années .
2026-05-16 12:08:43,451 - INFO - joeynmt.training - 	Hypothesis: La prochaine <unk> que je vous <unk> un <unk> <unk> de ce qui s&apos; est passé depuis les 25 dernières années .
2026-05-16 12:08:53,632 - INFO - joeynmt.training - Epoch   3, Step:     9100, Batch Loss:     1.202971, Batch Acc: 0.597432, Tokens per Sec:     7097, Lr: 0.000300
2026-05-16 12:09:03,743 - INFO - joeynmt.training - Epoch   3, Step:     9200, Batch Loss:     1.187069, Batch Acc: 0.598404, Tokens per Sec:     7311, Lr: 0.000300
2026-05-16 12:09:13,255 - INFO - joeynmt.training - Epoch   3: total training loss 3960.21
2026-05-16 12:09:13,255 - INFO - joeynmt.training - EPOCH 4
2026-05-16 12:09:13,806 - INFO - joeynmt.training - Epoch   4, Step:     9300, Batch Loss:     1.293551, Batch Acc: 0.615178, Tokens per Sec:     6084, Lr: 0.000300
2026-05-16 12:09:23,903 - INFO - joeynmt.training - Epoch   4, Step:     9400, Batch Loss:     1.276970, Batch Acc: 0.615772, Tokens per Sec:     7059, Lr: 0.000300
2026-05-16 12:09:33,928 - INFO - joeynmt.training - Epoch   4, Step:     9500, Batch Loss:     1.301419, Batch Acc: 0.616496, Tokens per Sec:     7382, Lr: 0.000300
2026-05-16 12:09:33,928 - WARNING - joeynmt.helpers - `alpha` option is obsolete. Please use `beam_alpha`, instead.
2026-05-16 12:09:33,928 - INFO - joeynmt.prediction - Predicting 890 example(s)... (Greedy decoding with min_output_length=1, max_output_length=-1, return_prob='none', generate_unk=True, repetition_penalty=-1, no_repeat_ngram_size=-1)
2026-05-16 12:09:49,293 - INFO - joeynmt.prediction - Evaluation result (greedy) loss:   1.45, ppl:   4.26, acc:   0.54, generation: 15.3612[sec], evaluation: 0.0000[sec]
2026-05-16 12:09:49,294 - INFO - joeynmt.training - Hooray! New best validation result [ppl]!
2026-05-16 12:09:49,349 - INFO - joeynmt.helpers - delete models/word_2k/7000.ckpt
2026-05-16 12:09:49,353 - INFO - joeynmt.training - Example #0
2026-05-16 12:09:49,353 - DEBUG - joeynmt.training - 	Tokenized source:     ['Last', 'year', 'I', 'showed', 'these', 'two', 'slides', 'so', 'that', 'demonstrate', 'that', 'the', 'arctic', 'ice', 'cap', ',', 'which', 'for', 'most', 'of', 'the', 'last', 'three', 'million', 'years', 'has', 'been', 'the', 'size', 'of', 'the', 'lower', '48', 'states', ',', 'has', 'shrunk', 'by', '40', 'percent', '.']
2026-05-16 12:09:49,353 - DEBUG - joeynmt.training - 	Tokenized reference:  ['L&apos;', 'année', 'dernière', ',', 'je', 'vous', 'ai', 'présenté', 'ces', 'deux', 'diapositives', 'qui', 'montraient', 'que', 'la', 'calotte', 'glacière', 'arctique', ',', 'qui', 'pendant', 'ces', '3', 'derniers', 'millions', 'd&apos;', 'année', 'avait', 'la', 'taille', 'des', 'Etats-Unis', 'sans', 'l&apos;', 'Alaska', ',', 'qui', 'pendant', 'ces', '3', 'derniers', 'millions', 'd&apos;', 'année', 'avait', 'la', 'taille', 'des', 'Etats-Unis', 'sans', 'l&apos;', 'Alaska', ',', 'avait', 'diminué', 'de', '40', '%', '.']
2026-05-16 12:09:49,353 - DEBUG - joeynmt.training - 	Tokenized hypothesis: ['L&apos;', 'année', '<unk>', 'que', 'j&apos;', 'ai', 'montré', 'ces', 'deux', '<unk>', 'pour', 'que', 'la', 'glace', '<unk>', ',', 'qui', '<unk>', 'la', 'glace', ',', 'qui', 'a', 'été', 'la', 'taille', 'de', 'l&apos;', '<unk>', '<unk>', ',', 'a', '<unk>', 'par', '40', '%', '.', '</s>']
2026-05-16 12:09:49,353 - INFO - joeynmt.training - 	Source:     Last year I showed these two slides so that demonstrate that the arctic ice cap , which for most of the last three million years has been the size of the lower 48 states , has shrunk by 40 percent .
2026-05-16 12:09:49,353 - INFO - joeynmt.training - 	Reference:  L&apos; année dernière , je vous ai présenté ces deux diapositives qui montraient que la calotte glacière arctique , qui pendant ces 3 derniers millions d&apos; année avait la taille des Etats-Unis sans l&apos; Alaska , qui pendant ces 3 derniers millions d&apos; année avait la taille des Etats-Unis sans l&apos; Alaska , avait diminué de 40 % .
2026-05-16 12:09:49,353 - INFO - joeynmt.training - 	Hypothesis: L&apos; année <unk> que j&apos; ai montré ces deux <unk> pour que la glace <unk> , qui <unk> la glace , qui a été la taille de l&apos; <unk> <unk> , a <unk> par 40 % .
2026-05-16 12:09:49,353 - INFO - joeynmt.training - Example #1
2026-05-16 12:09:49,353 - DEBUG - joeynmt.training - 	Tokenized source:     ['But', 'this', 'understates', 'the', 'seriousness', 'of', 'this', 'particular', 'problem', 'because', 'it', 'doesn', '&apos;t', 'show', 'the', 'thickness', 'of', 'the', 'ice', '.']
2026-05-16 12:09:49,353 - DEBUG - joeynmt.training - 	Tokenized reference:  ['Mais', 'ceci', 'tend', 'à', 'amoindrir', 'le', 'problème', 'parce', 'qu&apos;', 'on', 'ne', 'voit', 'pas', 'l&apos;', 'épaisseur', 'de', 'la', 'glace', '.']
2026-05-16 12:09:49,353 - DEBUG - joeynmt.training - 	Tokenized hypothesis: ['Mais', 'cette', '<unk>', 'la', '<unk>', 'de', 'ce', 'problème', 'parce', 'qu&apos;', 'il', 'ne', '<unk>', 'pas', 'la', 'glace', '.', '</s>']
2026-05-16 12:09:49,353 - INFO - joeynmt.training - 	Source:     But this understates the seriousness of this particular problem because it doesn &apos;t show the thickness of the ice .
2026-05-16 12:09:49,353 - INFO - joeynmt.training - 	Reference:  Mais ceci tend à amoindrir le problème parce qu&apos; on ne voit pas l&apos; épaisseur de la glace .
2026-05-16 12:09:49,354 - INFO - joeynmt.training - 	Hypothesis: Mais cette <unk> la <unk> de ce problème parce qu&apos; il ne <unk> pas la glace .
2026-05-16 12:09:49,354 - INFO - joeynmt.training - Example #2
2026-05-16 12:09:49,354 - DEBUG - joeynmt.training - 	Tokenized source:     ['The', 'arctic', 'ice', 'cap', 'is', ',', 'in', 'a', 'sense', ',', 'the', 'beating', 'heart', 'of', 'the', 'global', 'climate', 'system', '.']
2026-05-16 12:09:49,354 - DEBUG - joeynmt.training - 	Tokenized reference:  ['On', 'peut', 'voir', 'la', 'calotte', 'glacière', 'arctique', 'comme', 'le', 'coeur', 'du', 'système', 'climatique', 'global', '.', 'On', 'peut', 'voir', 'la', 'calotte', 'glacière', 'arctique', 'comme', 'le', 'coeur', 'du', 'système', 'climatique', 'global', '.']
2026-05-16 12:09:49,354 - DEBUG - joeynmt.training - 	Tokenized hypothesis: ['La', 'glace', '<unk>', 'est', ',', 'dans', 'un', 'sens', ',', 'le', '<unk>', 'du', 'système', 'climatique', '.', '</s>']
2026-05-16 12:09:49,354 - INFO - joeynmt.training - 	Source:     The arctic ice cap is , in a sense , the beating heart of the global climate system .
2026-05-16 12:09:49,354 - INFO - joeynmt.training - 	Reference:  On peut voir la calotte glacière arctique comme le coeur du système climatique global . On peut voir la calotte glacière arctique comme le coeur du système climatique global .
2026-05-16 12:09:49,354 - INFO - joeynmt.training - 	Hypothesis: La glace <unk> est , dans un sens , le <unk> du système climatique .
2026-05-16 12:09:49,354 - INFO - joeynmt.training - Example #3
2026-05-16 12:09:49,354 - DEBUG - joeynmt.training - 	Tokenized source:     ['It', 'expands', 'in', 'winter', 'and', 'contracts', 'in', 'summer', '.']
2026-05-16 12:09:49,354 - DEBUG - joeynmt.training - 	Tokenized reference:  ['Elle', 's&apos;', 'étend', 'en', 'hiver', 'et', 'se', 'contracte', 'en', 'été', '.']
2026-05-16 12:09:49,354 - DEBUG - joeynmt.training - 	Tokenized hypothesis: ['Il', '<unk>', 'en', '<unk>', 'et', '<unk>', 'en', 'été', '.', '</s>']
2026-05-16 12:09:49,354 - INFO - joeynmt.training - 	Source:     It expands in winter and contracts in summer .
2026-05-16 12:09:49,354 - INFO - joeynmt.training - 	Reference:  Elle s&apos; étend en hiver et se contracte en été .
2026-05-16 12:09:49,354 - INFO - joeynmt.training - 	Hypothesis: Il <unk> en <unk> et <unk> en été .
2026-05-16 12:09:49,354 - INFO - joeynmt.training - Example #4
2026-05-16 12:09:49,354 - DEBUG - joeynmt.training - 	Tokenized source:     ['The', 'next', 'slide', 'I', 'show', 'you', 'will', 'be', 'a', 'rapid', 'fast-forward', 'of', 'what', '&apos;s', 'happened', 'over', 'the', 'last', '25', 'years', '.']
2026-05-16 12:09:49,354 - DEBUG - joeynmt.training - 	Tokenized reference:  ['La', 'prochaine', 'diapositive', 'que', 'je', 'vais', 'vous', 'montrer', 'est', 'une', 'vue', 'en', 'accéléré', 'de', 'ce', 'qui', 's&apos;', 'est', 'passé', 'ces', '25', 'dernières', 'années', '.']
2026-05-16 12:09:49,354 - DEBUG - joeynmt.training - 	Tokenized hypothesis: ['La', '<unk>', 'suivante', 'que', 'je', 'vous', '<unk>', 'une', '<unk>', 'de', 'ce', 'qui', 's&apos;', 'est', 'passé', 'depuis', '25', 'ans', '.', '</s>']
2026-05-16 12:09:49,354 - INFO - joeynmt.training - 	Source:     The next slide I show you will be a rapid fast-forward of what &apos;s happened over the last 25 years .
2026-05-16 12:09:49,354 - INFO - joeynmt.training - 	Reference:  La prochaine diapositive que je vais vous montrer est une vue en accéléré de ce qui s&apos; est passé ces 25 dernières années .
2026-05-16 12:09:49,354 - INFO - joeynmt.training - 	Hypothesis: La <unk> suivante que je vous <unk> une <unk> de ce qui s&apos; est passé depuis 25 ans .
2026-05-16 12:09:59,367 - INFO - joeynmt.training - Epoch   4, Step:     9600, Batch Loss:     1.222627, Batch Acc: 0.614332, Tokens per Sec:     7192, Lr: 0.000300
2026-05-16 12:10:09,405 - INFO - joeynmt.training - Epoch   4, Step:     9700, Batch Loss:     1.292529, Batch Acc: 0.609866, Tokens per Sec:     7565, Lr: 0.000300
2026-05-16 12:10:19,531 - INFO - joeynmt.training - Epoch   4, Step:     9800, Batch Loss:     1.223844, Batch Acc: 0.611799, Tokens per Sec:     6966, Lr: 0.000300
2026-05-16 12:10:29,850 - INFO - joeynmt.training - Epoch   4, Step:     9900, Batch Loss:     1.237882, Batch Acc: 0.614749, Tokens per Sec:     7193, Lr: 0.000300
2026-05-16 12:10:39,860 - INFO - joeynmt.training - Epoch   4, Step:    10000, Batch Loss:     1.179381, Batch Acc: 0.611187, Tokens per Sec:     7114, Lr: 0.000300
2026-05-16 12:10:39,860 - WARNING - joeynmt.helpers - `alpha` option is obsolete. Please use `beam_alpha`, instead.
2026-05-16 12:10:39,860 - INFO - joeynmt.prediction - Predicting 890 example(s)... (Greedy decoding with min_output_length=1, max_output_length=-1, return_prob='none', generate_unk=True, repetition_penalty=-1, no_repeat_ngram_size=-1)
2026-05-16 12:10:57,517 - INFO - joeynmt.prediction - Evaluation result (greedy) loss:   1.45, ppl:   4.27, acc:   0.54, generation: 17.6530[sec], evaluation: 0.0000[sec]
2026-05-16 12:10:57,572 - INFO - joeynmt.helpers - delete models/word_2k/7500.ckpt
2026-05-16 12:10:57,580 - INFO - joeynmt.training - Example #0
2026-05-16 12:10:57,580 - DEBUG - joeynmt.training - 	Tokenized source:     ['Last', 'year', 'I', 'showed', 'these', 'two', 'slides', 'so', 'that', 'demonstrate', 'that', 'the', 'arctic', 'ice', 'cap', ',', 'which', 'for', 'most', 'of', 'the', 'last', 'three', 'million', 'years', 'has', 'been', 'the', 'size', 'of', 'the', 'lower', '48', 'states', ',', 'has', 'shrunk', 'by', '40', 'percent', '.']
2026-05-16 12:10:57,580 - DEBUG - joeynmt.training - 	Tokenized reference:  ['L&apos;', 'année', 'dernière', ',', 'je', 'vous', 'ai', 'présenté', 'ces', 'deux', 'diapositives', 'qui', 'montraient', 'que', 'la', 'calotte', 'glacière', 'arctique', ',', 'qui', 'pendant', 'ces', '3', 'derniers', 'millions', 'd&apos;', 'année', 'avait', 'la', 'taille', 'des', 'Etats-Unis', 'sans', 'l&apos;', 'Alaska', ',', 'qui', 'pendant', 'ces', '3', 'derniers', 'millions', 'd&apos;', 'année', 'avait', 'la', 'taille', 'des', 'Etats-Unis', 'sans', 'l&apos;', 'Alaska', ',', 'avait', 'diminué', 'de', '40', '%', '.']
2026-05-16 12:10:57,580 - DEBUG - joeynmt.training - 	Tokenized hypothesis: ['L&apos;', 'année', 'dernière', ',', 'j&apos;', 'ai', 'montré', 'ces', 'deux', '<unk>', 'si', 'cette', '<unk>', 'que', 'la', 'glace', '<unk>', '<unk>', ',', 'qui', 'pour', 'la', 'plupart', 'des', 'trois', 'millions', 'd&apos;', 'années', 'ont', 'été', 'la', 'taille', 'de', 'l&apos;', '<unk>', '<unk>', '<unk>', ',', 'a', '<unk>', 'par', '40', 'pour', 'cent', '.', '</s>']
2026-05-16 12:10:57,581 - INFO - joeynmt.training - 	Source:     Last year I showed these two slides so that demonstrate that the arctic ice cap , which for most of the last three million years has been the size of the lower 48 states , has shrunk by 40 percent .
2026-05-16 12:10:57,581 - INFO - joeynmt.training - 	Reference:  L&apos; année dernière , je vous ai présenté ces deux diapositives qui montraient que la calotte glacière arctique , qui pendant ces 3 derniers millions d&apos; année avait la taille des Etats-Unis sans l&apos; Alaska , qui pendant ces 3 derniers millions d&apos; année avait la taille des Etats-Unis sans l&apos; Alaska , avait diminué de 40 % .
2026-05-16 12:10:57,581 - INFO - joeynmt.training - 	Hypothesis: L&apos; année dernière , j&apos; ai montré ces deux <unk> si cette <unk> que la glace <unk> <unk> , qui pour la plupart des trois millions d&apos; années ont été la taille de l&apos; <unk> <unk> <unk> , a <unk> par 40 pour cent .
2026-05-16 12:10:57,581 - INFO - joeynmt.training - Example #1
2026-05-16 12:10:57,581 - DEBUG - joeynmt.training - 	Tokenized source:     ['But', 'this', 'understates', 'the', 'seriousness', 'of', 'this', 'particular', 'problem', 'because', 'it', 'doesn', '&apos;t', 'show', 'the', 'thickness', 'of', 'the', 'ice', '.']
2026-05-16 12:10:57,581 - DEBUG - joeynmt.training - 	Tokenized reference:  ['Mais', 'ceci', 'tend', 'à', 'amoindrir', 'le', 'problème', 'parce', 'qu&apos;', 'on', 'ne', 'voit', 'pas', 'l&apos;', 'épaisseur', 'de', 'la', 'glace', '.']
2026-05-16 12:10:57,581 - DEBUG - joeynmt.training - 	Tokenized hypothesis: ['Mais', 'cette', '<unk>', 'le', '<unk>', 'de', 'ce', 'problème', 'particulier', 'parce', 'que', 'cela', 'ne', '<unk>', 'pas', 'la', '<unk>', 'de', 'la', 'glace', '.', '</s>']
2026-05-16 12:10:57,581 - INFO - joeynmt.training - 	Source:     But this understates the seriousness of this particular problem because it doesn &apos;t show the thickness of the ice .
2026-05-16 12:10:57,581 - INFO - joeynmt.training - 	Reference:  Mais ceci tend à amoindrir le problème parce qu&apos; on ne voit pas l&apos; épaisseur de la glace .
2026-05-16 12:10:57,581 - INFO - joeynmt.training - 	Hypothesis: Mais cette <unk> le <unk> de ce problème particulier parce que cela ne <unk> pas la <unk> de la glace .
2026-05-16 12:10:57,581 - INFO - joeynmt.training - Example #2
2026-05-16 12:10:57,581 - DEBUG - joeynmt.training - 	Tokenized source:     ['The', 'arctic', 'ice', 'cap', 'is', ',', 'in', 'a', 'sense', ',', 'the', 'beating', 'heart', 'of', 'the', 'global', 'climate', 'system', '.']
2026-05-16 12:10:57,581 - DEBUG - joeynmt.training - 	Tokenized reference:  ['On', 'peut', 'voir', 'la', 'calotte', 'glacière', 'arctique', 'comme', 'le', 'coeur', 'du', 'système', 'climatique', 'global', '.', 'On', 'peut', 'voir', 'la', 'calotte', 'glacière', 'arctique', 'comme', 'le', 'coeur', 'du', 'système', 'climatique', 'global', '.']
2026-05-16 12:10:57,581 - DEBUG - joeynmt.training - 	Tokenized hypothesis: ['La', 'glace', '<unk>', 'est', ',', 'dans', 'un', 'sens', ',', 'le', 'cœur', '<unk>', 'du', 'système', 'climatique', '.', '</s>']
2026-05-16 12:10:57,581 - INFO - joeynmt.training - 	Source:     The arctic ice cap is , in a sense , the beating heart of the global climate system .
2026-05-16 12:10:57,581 - INFO - joeynmt.training - 	Reference:  On peut voir la calotte glacière arctique comme le coeur du système climatique global . On peut voir la calotte glacière arctique comme le coeur du système climatique global .
2026-05-16 12:10:57,581 - INFO - joeynmt.training - 	Hypothesis: La glace <unk> est , dans un sens , le cœur <unk> du système climatique .
2026-05-16 12:10:57,581 - INFO - joeynmt.training - Example #3
2026-05-16 12:10:57,581 - DEBUG - joeynmt.training - 	Tokenized source:     ['It', 'expands', 'in', 'winter', 'and', 'contracts', 'in', 'summer', '.']
2026-05-16 12:10:57,581 - DEBUG - joeynmt.training - 	Tokenized reference:  ['Elle', 's&apos;', 'étend', 'en', 'hiver', 'et', 'se', 'contracte', 'en', 'été', '.']
2026-05-16 12:10:57,581 - DEBUG - joeynmt.training - 	Tokenized hypothesis: ['Elle', '<unk>', 'en', '<unk>', 'et', '<unk>', 'en', 'été', '.', '</s>']
2026-05-16 12:10:57,581 - INFO - joeynmt.training - 	Source:     It expands in winter and contracts in summer .
2026-05-16 12:10:57,581 - INFO - joeynmt.training - 	Reference:  Elle s&apos; étend en hiver et se contracte en été .
2026-05-16 12:10:57,581 - INFO - joeynmt.training - 	Hypothesis: Elle <unk> en <unk> et <unk> en été .
2026-05-16 12:10:57,581 - INFO - joeynmt.training - Example #4
2026-05-16 12:10:57,581 - DEBUG - joeynmt.training - 	Tokenized source:     ['The', 'next', 'slide', 'I', 'show', 'you', 'will', 'be', 'a', 'rapid', 'fast-forward', 'of', 'what', '&apos;s', 'happened', 'over', 'the', 'last', '25', 'years', '.']
2026-05-16 12:10:57,581 - DEBUG - joeynmt.training - 	Tokenized reference:  ['La', 'prochaine', 'diapositive', 'que', 'je', 'vais', 'vous', 'montrer', 'est', 'une', 'vue', 'en', 'accéléré', 'de', 'ce', 'qui', 's&apos;', 'est', 'passé', 'ces', '25', 'dernières', 'années', '.']
2026-05-16 12:10:57,581 - DEBUG - joeynmt.training - 	Tokenized hypothesis: ['La', '<unk>', 'suivante', 'que', 'je', 'vous', '<unk>', 'une', '<unk>', '<unk>', 'de', 'ce', 'qui', 's&apos;', 'est', 'passé', 'depuis', '25', 'dernières', 'années', '.', '</s>']
2026-05-16 12:10:57,581 - INFO - joeynmt.training - 	Source:     The next slide I show you will be a rapid fast-forward of what &apos;s happened over the last 25 years .
2026-05-16 12:10:57,581 - INFO - joeynmt.training - 	Reference:  La prochaine diapositive que je vais vous montrer est une vue en accéléré de ce qui s&apos; est passé ces 25 dernières années .
2026-05-16 12:10:57,581 - INFO - joeynmt.training - 	Hypothesis: La <unk> suivante que je vous <unk> une <unk> <unk> de ce qui s&apos; est passé depuis 25 dernières années .
2026-05-16 12:11:07,668 - INFO - joeynmt.training - Epoch   4, Step:    10100, Batch Loss:     1.178850, Batch Acc: 0.606881, Tokens per Sec:     7170, Lr: 0.000300
2026-05-16 12:11:17,968 - INFO - joeynmt.training - Epoch   4, Step:    10200, Batch Loss:     1.323017, Batch Acc: 0.610636, Tokens per Sec:     7069, Lr: 0.000300
2026-05-16 12:11:28,261 - INFO - joeynmt.training - Epoch   4, Step:    10300, Batch Loss:     1.283654, Batch Acc: 0.610215, Tokens per Sec:     6971, Lr: 0.000300
2026-05-16 12:11:38,205 - INFO - joeynmt.training - Epoch   4, Step:    10400, Batch Loss:     1.211286, Batch Acc: 0.612294, Tokens per Sec:     7305, Lr: 0.000300
2026-05-16 12:11:48,567 - INFO - joeynmt.training - Epoch   4, Step:    10500, Batch Loss:     1.121940, Batch Acc: 0.612227, Tokens per Sec:     7077, Lr: 0.000300
2026-05-16 12:11:48,567 - WARNING - joeynmt.helpers - `alpha` option is obsolete. Please use `beam_alpha`, instead.
2026-05-16 12:11:48,567 - INFO - joeynmt.prediction - Predicting 890 example(s)... (Greedy decoding with min_output_length=1, max_output_length=-1, return_prob='none', generate_unk=True, repetition_penalty=-1, no_repeat_ngram_size=-1)
2026-05-16 12:12:03,640 - INFO - joeynmt.prediction - Evaluation result (greedy) loss:   1.44, ppl:   4.23, acc:   0.54, generation: 15.0702[sec], evaluation: 0.0000[sec]
2026-05-16 12:12:03,641 - INFO - joeynmt.training - Hooray! New best validation result [ppl]!
2026-05-16 12:12:03,696 - INFO - joeynmt.helpers - delete models/word_2k/8000.ckpt
2026-05-16 12:12:03,697 - INFO - joeynmt.training - Example #0
2026-05-16 12:12:03,697 - DEBUG - joeynmt.training - 	Tokenized source:     ['Last', 'year', 'I', 'showed', 'these', 'two', 'slides', 'so', 'that', 'demonstrate', 'that', 'the', 'arctic', 'ice', 'cap', ',', 'which', 'for', 'most', 'of', 'the', 'last', 'three', 'million', 'years', 'has', 'been', 'the', 'size', 'of', 'the', 'lower', '48', 'states', ',', 'has', 'shrunk', 'by', '40', 'percent', '.']
2026-05-16 12:12:03,697 - DEBUG - joeynmt.training - 	Tokenized reference:  ['L&apos;', 'année', 'dernière', ',', 'je', 'vous', 'ai', 'présenté', 'ces', 'deux', 'diapositives', 'qui', 'montraient', 'que', 'la', 'calotte', 'glacière', 'arctique', ',', 'qui', 'pendant', 'ces', '3', 'derniers', 'millions', 'd&apos;', 'année', 'avait', 'la', 'taille', 'des', 'Etats-Unis', 'sans', 'l&apos;', 'Alaska', ',', 'qui', 'pendant', 'ces', '3', 'derniers', 'millions', 'd&apos;', 'année', 'avait', 'la', 'taille', 'des', 'Etats-Unis', 'sans', 'l&apos;', 'Alaska', ',', 'avait', 'diminué', 'de', '40', '%', '.']
2026-05-16 12:12:03,697 - DEBUG - joeynmt.training - 	Tokenized hypothesis: ['L&apos;', 'an', '<unk>', 'que', 'j&apos;', 'ai', 'montré', 'ces', 'deux', '<unk>', 'pour', 'que', 'la', 'glace', '<unk>', '<unk>', ',', 'qui', 'pendant', 'la', 'plupart', 'des', 'trois', 'millions', 'd&apos;', 'années', 'ont', 'été', 'la', 'taille', 'de', 'l&apos;', '<unk>', '<unk>', ',', 'a', '<unk>', 'par', '40', 'pour', 'cent', '.', '</s>']
2026-05-16 12:12:03,697 - INFO - joeynmt.training - 	Source:     Last year I showed these two slides so that demonstrate that the arctic ice cap , which for most of the last three million years has been the size of the lower 48 states , has shrunk by 40 percent .
2026-05-16 12:12:03,697 - INFO - joeynmt.training - 	Reference:  L&apos; année dernière , je vous ai présenté ces deux diapositives qui montraient que la calotte glacière arctique , qui pendant ces 3 derniers millions d&apos; année avait la taille des Etats-Unis sans l&apos; Alaska , qui pendant ces 3 derniers millions d&apos; année avait la taille des Etats-Unis sans l&apos; Alaska , avait diminué de 40 % .
2026-05-16 12:12:03,697 - INFO - joeynmt.training - 	Hypothesis: L&apos; an <unk> que j&apos; ai montré ces deux <unk> pour que la glace <unk> <unk> , qui pendant la plupart des trois millions d&apos; années ont été la taille de l&apos; <unk> <unk> , a <unk> par 40 pour cent .
2026-05-16 12:12:03,697 - INFO - joeynmt.training - Example #1
2026-05-16 12:12:03,697 - DEBUG - joeynmt.training - 	Tokenized source:     ['But', 'this', 'understates', 'the', 'seriousness', 'of', 'this', 'particular', 'problem', 'because', 'it', 'doesn', '&apos;t', 'show', 'the', 'thickness', 'of', 'the', 'ice', '.']
2026-05-16 12:12:03,697 - DEBUG - joeynmt.training - 	Tokenized reference:  ['Mais', 'ceci', 'tend', 'à', 'amoindrir', 'le', 'problème', 'parce', 'qu&apos;', 'on', 'ne', 'voit', 'pas', 'l&apos;', 'épaisseur', 'de', 'la', 'glace', '.']
2026-05-16 12:12:03,697 - DEBUG - joeynmt.training - 	Tokenized hypothesis: ['Mais', 'ce', '<unk>', 'le', 'problème', 'de', 'ce', 'problème', 'en', 'particulier', 'parce', 'qu&apos;', 'il', 'ne', 'montre', 'pas', 'la', '<unk>', 'de', 'la', 'glace', '.', '</s>']
2026-05-16 12:12:03,697 - INFO - joeynmt.training - 	Source:     But this understates the seriousness of this particular problem because it doesn &apos;t show the thickness of the ice .
2026-05-16 12:12:03,697 - INFO - joeynmt.training - 	Reference:  Mais ceci tend à amoindrir le problème parce qu&apos; on ne voit pas l&apos; épaisseur de la glace .
2026-05-16 12:12:03,697 - INFO - joeynmt.training - 	Hypothesis: Mais ce <unk> le problème de ce problème en particulier parce qu&apos; il ne montre pas la <unk> de la glace .
2026-05-16 12:12:03,697 - INFO - joeynmt.training - Example #2
2026-05-16 12:12:03,697 - DEBUG - joeynmt.training - 	Tokenized source:     ['The', 'arctic', 'ice', 'cap', 'is', ',', 'in', 'a', 'sense', ',', 'the', 'beating', 'heart', 'of', 'the', 'global', 'climate', 'system', '.']
2026-05-16 12:12:03,697 - DEBUG - joeynmt.training - 	Tokenized reference:  ['On', 'peut', 'voir', 'la', 'calotte', 'glacière', 'arctique', 'comme', 'le', 'coeur', 'du', 'système', 'climatique', 'global', '.', 'On', 'peut', 'voir', 'la', 'calotte', 'glacière', 'arctique', 'comme', 'le', 'coeur', 'du', 'système', 'climatique', 'global', '.']
2026-05-16 12:12:03,697 - DEBUG - joeynmt.training - 	Tokenized hypothesis: ['La', '<unk>', '<unk>', 'est', ',', 'dans', 'un', 'sens', ',', 'le', 'coeur', 'du', 'système', 'mondiale', '.', '</s>']
2026-05-16 12:12:03,697 - INFO - joeynmt.training - 	Source:     The arctic ice cap is , in a sense , the beating heart of the global climate system .
2026-05-16 12:12:03,697 - INFO - joeynmt.training - 	Reference:  On peut voir la calotte glacière arctique comme le coeur du système climatique global . On peut voir la calotte glacière arctique comme le coeur du système climatique global .
2026-05-16 12:12:03,697 - INFO - joeynmt.training - 	Hypothesis: La <unk> <unk> est , dans un sens , le coeur du système mondiale .
2026-05-16 12:12:03,697 - INFO - joeynmt.training - Example #3
2026-05-16 12:12:03,697 - DEBUG - joeynmt.training - 	Tokenized source:     ['It', 'expands', 'in', 'winter', 'and', 'contracts', 'in', 'summer', '.']
2026-05-16 12:12:03,697 - DEBUG - joeynmt.training - 	Tokenized reference:  ['Elle', 's&apos;', 'étend', 'en', 'hiver', 'et', 'se', 'contracte', 'en', 'été', '.']
2026-05-16 12:12:03,697 - DEBUG - joeynmt.training - 	Tokenized hypothesis: ['Il', '<unk>', 'en', '<unk>', 'et', '<unk>', 'en', 'été', '.', '</s>']
2026-05-16 12:12:03,698 - INFO - joeynmt.training - 	Source:     It expands in winter and contracts in summer .
2026-05-16 12:12:03,698 - INFO - joeynmt.training - 	Reference:  Elle s&apos; étend en hiver et se contracte en été .
2026-05-16 12:12:03,698 - INFO - joeynmt.training - 	Hypothesis: Il <unk> en <unk> et <unk> en été .
2026-05-16 12:12:03,698 - INFO - joeynmt.training - Example #4
2026-05-16 12:12:03,698 - DEBUG - joeynmt.training - 	Tokenized source:     ['The', 'next', 'slide', 'I', 'show', 'you', 'will', 'be', 'a', 'rapid', 'fast-forward', 'of', 'what', '&apos;s', 'happened', 'over', 'the', 'last', '25', 'years', '.']
2026-05-16 12:12:03,698 - DEBUG - joeynmt.training - 	Tokenized reference:  ['La', 'prochaine', 'diapositive', 'que', 'je', 'vais', 'vous', 'montrer', 'est', 'une', 'vue', 'en', 'accéléré', 'de', 'ce', 'qui', 's&apos;', 'est', 'passé', 'ces', '25', 'dernières', 'années', '.']
2026-05-16 12:12:03,698 - DEBUG - joeynmt.training - 	Tokenized hypothesis: ['La', 'prochaine', '<unk>', 'que', 'je', 'vous', '<unk>', 'un', '<unk>', '<unk>', 'de', 'ce', 'qui', 'est', 'arrivé', 'au', 'cours', 'des', '25', 'dernières', 'années', '.', '</s>']
2026-05-16 12:12:03,698 - INFO - joeynmt.training - 	Source:     The next slide I show you will be a rapid fast-forward of what &apos;s happened over the last 25 years .
2026-05-16 12:12:03,698 - INFO - joeynmt.training - 	Reference:  La prochaine diapositive que je vais vous montrer est une vue en accéléré de ce qui s&apos; est passé ces 25 dernières années .
2026-05-16 12:12:03,698 - INFO - joeynmt.training - 	Hypothesis: La prochaine <unk> que je vous <unk> un <unk> <unk> de ce qui est arrivé au cours des 25 dernières années .
2026-05-16 12:12:13,681 - INFO - joeynmt.training - Epoch   4, Step:    10600, Batch Loss:     1.262596, Batch Acc: 0.608028, Tokens per Sec:     7258, Lr: 0.000300
2026-05-16 12:12:23,838 - INFO - joeynmt.training - Epoch   4, Step:    10700, Batch Loss:     1.108143, Batch Acc: 0.610256, Tokens per Sec:     7238, Lr: 0.000300
2026-05-16 12:12:34,087 - INFO - joeynmt.training - Epoch   4, Step:    10800, Batch Loss:     1.270740, Batch Acc: 0.604247, Tokens per Sec:     6906, Lr: 0.000300
2026-05-16 12:12:44,175 - INFO - joeynmt.training - Epoch   4, Step:    10900, Batch Loss:     1.107221, Batch Acc: 0.613101, Tokens per Sec:     7227, Lr: 0.000300
2026-05-16 12:12:54,272 - INFO - joeynmt.training - Epoch   4, Step:    11000, Batch Loss:     1.178651, Batch Acc: 0.607257, Tokens per Sec:     7203, Lr: 0.000300
2026-05-16 12:12:54,272 - WARNING - joeynmt.helpers - `alpha` option is obsolete. Please use `beam_alpha`, instead.
2026-05-16 12:12:54,272 - INFO - joeynmt.prediction - Predicting 890 example(s)... (Greedy decoding with min_output_length=1, max_output_length=-1, return_prob='none', generate_unk=True, repetition_penalty=-1, no_repeat_ngram_size=-1)
2026-05-16 12:13:11,234 - INFO - joeynmt.prediction - Evaluation result (greedy) loss:   1.43, ppl:   4.20, acc:   0.55, generation: 16.9582[sec], evaluation: 0.0000[sec]
2026-05-16 12:13:11,234 - INFO - joeynmt.training - Hooray! New best validation result [ppl]!
2026-05-16 12:13:11,289 - INFO - joeynmt.helpers - delete models/word_2k/8500.ckpt
2026-05-16 12:13:11,289 - INFO - joeynmt.training - Example #0
2026-05-16 12:13:11,289 - DEBUG - joeynmt.training - 	Tokenized source:     ['Last', 'year', 'I', 'showed', 'these', 'two', 'slides', 'so', 'that', 'demonstrate', 'that', 'the', 'arctic', 'ice', 'cap', ',', 'which', 'for', 'most', 'of', 'the', 'last', 'three', 'million', 'years', 'has', 'been', 'the', 'size', 'of', 'the', 'lower', '48', 'states', ',', 'has', 'shrunk', 'by', '40', 'percent', '.']
2026-05-16 12:13:11,289 - DEBUG - joeynmt.training - 	Tokenized reference:  ['L&apos;', 'année', 'dernière', ',', 'je', 'vous', 'ai', 'présenté', 'ces', 'deux', 'diapositives', 'qui', 'montraient', 'que', 'la', 'calotte', 'glacière', 'arctique', ',', 'qui', 'pendant', 'ces', '3', 'derniers', 'millions', 'd&apos;', 'année', 'avait', 'la', 'taille', 'des', 'Etats-Unis', 'sans', 'l&apos;', 'Alaska', ',', 'qui', 'pendant', 'ces', '3', 'derniers', 'millions', 'd&apos;', 'année', 'avait', 'la', 'taille', 'des', 'Etats-Unis', 'sans', 'l&apos;', 'Alaska', ',', 'avait', 'diminué', 'de', '40', '%', '.']
2026-05-16 12:13:11,289 - DEBUG - joeynmt.training - 	Tokenized hypothesis: ['L&apos;', 'année', 'année', ',', 'je', '<unk>', 'ces', 'deux', '<unk>', 'pour', 'que', 'les', '<unk>', 'de', 'glace', '<unk>', ',', 'qui', ',', 'pour', 'la', 'plupart', 'des', 'trois', 'millions', 'd&apos;', 'années', 'ont', 'été', 'la', 'taille', 'de', 'l&apos;', '<unk>', '<unk>', ',', 'a', '<unk>', 'par', '<unk>', '<unk>', '.', '</s>']
2026-05-16 12:13:11,289 - INFO - joeynmt.training - 	Source:     Last year I showed these two slides so that demonstrate that the arctic ice cap , which for most of the last three million years has been the size of the lower 48 states , has shrunk by 40 percent .
2026-05-16 12:13:11,289 - INFO - joeynmt.training - 	Reference:  L&apos; année dernière , je vous ai présenté ces deux diapositives qui montraient que la calotte glacière arctique , qui pendant ces 3 derniers millions d&apos; année avait la taille des Etats-Unis sans l&apos; Alaska , qui pendant ces 3 derniers millions d&apos; année avait la taille des Etats-Unis sans l&apos; Alaska , avait diminué de 40 % .
2026-05-16 12:13:11,289 - INFO - joeynmt.training - 	Hypothesis: L&apos; année année , je <unk> ces deux <unk> pour que les <unk> de glace <unk> , qui , pour la plupart des trois millions d&apos; années ont été la taille de l&apos; <unk> <unk> , a <unk> par <unk> <unk> .
2026-05-16 12:13:11,289 - INFO - joeynmt.training - Example #1
2026-05-16 12:13:11,289 - DEBUG - joeynmt.training - 	Tokenized source:     ['But', 'this', 'understates', 'the', 'seriousness', 'of', 'this', 'particular', 'problem', 'because', 'it', 'doesn', '&apos;t', 'show', 'the', 'thickness', 'of', 'the', 'ice', '.']
2026-05-16 12:13:11,289 - DEBUG - joeynmt.training - 	Tokenized reference:  ['Mais', 'ceci', 'tend', 'à', 'amoindrir', 'le', 'problème', 'parce', 'qu&apos;', 'on', 'ne', 'voit', 'pas', 'l&apos;', 'épaisseur', 'de', 'la', 'glace', '.']
2026-05-16 12:13:11,289 - DEBUG - joeynmt.training - 	Tokenized hypothesis: ['Mais', 'cette', '<unk>', 'le', '<unk>', 'de', 'ce', 'problème', 'particulier', 'parce', 'que', 'ça', 'ne', '<unk>', 'pas', 'la', '<unk>', 'de', 'la', 'glace', '.', '</s>']
2026-05-16 12:13:11,289 - INFO - joeynmt.training - 	Source:     But this understates the seriousness of this particular problem because it doesn &apos;t show the thickness of the ice .
2026-05-16 12:13:11,289 - INFO - joeynmt.training - 	Reference:  Mais ceci tend à amoindrir le problème parce qu&apos; on ne voit pas l&apos; épaisseur de la glace .
2026-05-16 12:13:11,289 - INFO - joeynmt.training - 	Hypothesis: Mais cette <unk> le <unk> de ce problème particulier parce que ça ne <unk> pas la <unk> de la glace .
2026-05-16 12:13:11,289 - INFO - joeynmt.training - Example #2
2026-05-16 12:13:11,289 - DEBUG - joeynmt.training - 	Tokenized source:     ['The', 'arctic', 'ice', 'cap', 'is', ',', 'in', 'a', 'sense', ',', 'the', 'beating', 'heart', 'of', 'the', 'global', 'climate', 'system', '.']
2026-05-16 12:13:11,289 - DEBUG - joeynmt.training - 	Tokenized reference:  ['On', 'peut', 'voir', 'la', 'calotte', 'glacière', 'arctique', 'comme', 'le', 'coeur', 'du', 'système', 'climatique', 'global', '.', 'On', 'peut', 'voir', 'la', 'calotte', 'glacière', 'arctique', 'comme', 'le', 'coeur', 'du', 'système', 'climatique', 'global', '.']
2026-05-16 12:13:11,289 - DEBUG - joeynmt.training - 	Tokenized hypothesis: ['La', '<unk>', '<unk>', 'de', 'glace', 'est', ',', 'dans', 'un', 'sens', ',', 'le', 'coeur', '<unk>', 'du', 'système', 'climatique', '.', '</s>']
2026-05-16 12:13:11,289 - INFO - joeynmt.training - 	Source:     The arctic ice cap is , in a sense , the beating heart of the global climate system .
2026-05-16 12:13:11,289 - INFO - joeynmt.training - 	Reference:  On peut voir la calotte glacière arctique comme le coeur du système climatique global . On peut voir la calotte glacière arctique comme le coeur du système climatique global .
2026-05-16 12:13:11,289 - INFO - joeynmt.training - 	Hypothesis: La <unk> <unk> de glace est , dans un sens , le coeur <unk> du système climatique .
2026-05-16 12:13:11,289 - INFO - joeynmt.training - Example #3
2026-05-16 12:13:11,289 - DEBUG - joeynmt.training - 	Tokenized source:     ['It', 'expands', 'in', 'winter', 'and', 'contracts', 'in', 'summer', '.']
2026-05-16 12:13:11,290 - DEBUG - joeynmt.training - 	Tokenized reference:  ['Elle', 's&apos;', 'étend', 'en', 'hiver', 'et', 'se', 'contracte', 'en', 'été', '.']
2026-05-16 12:13:11,290 - DEBUG - joeynmt.training - 	Tokenized hypothesis: ['Il', 's&apos;', '<unk>', 'en', 'été', '.', '</s>']
2026-05-16 12:13:11,290 - INFO - joeynmt.training - 	Source:     It expands in winter and contracts in summer .
2026-05-16 12:13:11,290 - INFO - joeynmt.training - 	Reference:  Elle s&apos; étend en hiver et se contracte en été .
2026-05-16 12:13:11,290 - INFO - joeynmt.training - 	Hypothesis: Il s&apos; <unk> en été .
2026-05-16 12:13:11,290 - INFO - joeynmt.training - Example #4
2026-05-16 12:13:11,290 - DEBUG - joeynmt.training - 	Tokenized source:     ['The', 'next', 'slide', 'I', 'show', 'you', 'will', 'be', 'a', 'rapid', 'fast-forward', 'of', 'what', '&apos;s', 'happened', 'over', 'the', 'last', '25', 'years', '.']
2026-05-16 12:13:11,290 - DEBUG - joeynmt.training - 	Tokenized reference:  ['La', 'prochaine', 'diapositive', 'que', 'je', 'vais', 'vous', 'montrer', 'est', 'une', 'vue', 'en', 'accéléré', 'de', 'ce', 'qui', 's&apos;', 'est', 'passé', 'ces', '25', 'dernières', 'années', '.']
2026-05-16 12:13:11,290 - DEBUG - joeynmt.training - 	Tokenized hypothesis: ['La', 'prochaine', '<unk>', 'que', 'je', 'vous', '<unk>', 'un', '<unk>', '<unk>', 'de', 'ce', 'qui', 's&apos;', 'est', 'passé', 'depuis', 'les', '25', 'dernières', 'années', '.', '</s>']
2026-05-16 12:13:11,290 - INFO - joeynmt.training - 	Source:     The next slide I show you will be a rapid fast-forward of what &apos;s happened over the last 25 years .
2026-05-16 12:13:11,290 - INFO - joeynmt.training - 	Reference:  La prochaine diapositive que je vais vous montrer est une vue en accéléré de ce qui s&apos; est passé ces 25 dernières années .
2026-05-16 12:13:11,290 - INFO - joeynmt.training - 	Hypothesis: La prochaine <unk> que je vous <unk> un <unk> <unk> de ce qui s&apos; est passé depuis les 25 dernières années .
2026-05-16 12:13:21,482 - INFO - joeynmt.training - Epoch   4, Step:    11100, Batch Loss:     1.287250, Batch Acc: 0.608169, Tokens per Sec:     6995, Lr: 0.000300
2026-05-16 12:13:31,491 - INFO - joeynmt.training - Epoch   4, Step:    11200, Batch Loss:     1.258624, Batch Acc: 0.611115, Tokens per Sec:     7297, Lr: 0.000300
2026-05-16 12:13:41,706 - INFO - joeynmt.training - Epoch   4, Step:    11300, Batch Loss:     1.275026, Batch Acc: 0.608098, Tokens per Sec:     7096, Lr: 0.000300
2026-05-16 12:13:51,790 - INFO - joeynmt.training - Epoch   4, Step:    11400, Batch Loss:     1.229718, Batch Acc: 0.609906, Tokens per Sec:     7080, Lr: 0.000300
2026-05-16 12:14:01,677 - INFO - joeynmt.training - Epoch   4, Step:    11500, Batch Loss:     1.221663, Batch Acc: 0.608770, Tokens per Sec:     7376, Lr: 0.000300
2026-05-16 12:14:01,678 - WARNING - joeynmt.helpers - `alpha` option is obsolete. Please use `beam_alpha`, instead.
2026-05-16 12:14:01,678 - INFO - joeynmt.prediction - Predicting 890 example(s)... (Greedy decoding with min_output_length=1, max_output_length=-1, return_prob='none', generate_unk=True, repetition_penalty=-1, no_repeat_ngram_size=-1)
2026-05-16 12:14:19,158 - INFO - joeynmt.prediction - Evaluation result (greedy) loss:   1.42, ppl:   4.15, acc:   0.55, generation: 17.4772[sec], evaluation: 0.0000[sec]
2026-05-16 12:14:19,158 - INFO - joeynmt.training - Hooray! New best validation result [ppl]!
2026-05-16 12:14:19,213 - INFO - joeynmt.helpers - delete models/word_2k/9000.ckpt
2026-05-16 12:14:19,213 - INFO - joeynmt.training - Example #0
2026-05-16 12:14:19,213 - DEBUG - joeynmt.training - 	Tokenized source:     ['Last', 'year', 'I', 'showed', 'these', 'two', 'slides', 'so', 'that', 'demonstrate', 'that', 'the', 'arctic', 'ice', 'cap', ',', 'which', 'for', 'most', 'of', 'the', 'last', 'three', 'million', 'years', 'has', 'been', 'the', 'size', 'of', 'the', 'lower', '48', 'states', ',', 'has', 'shrunk', 'by', '40', 'percent', '.']
2026-05-16 12:14:19,213 - DEBUG - joeynmt.training - 	Tokenized reference:  ['L&apos;', 'année', 'dernière', ',', 'je', 'vous', 'ai', 'présenté', 'ces', 'deux', 'diapositives', 'qui', 'montraient', 'que', 'la', 'calotte', 'glacière', 'arctique', ',', 'qui', 'pendant', 'ces', '3', 'derniers', 'millions', 'd&apos;', 'année', 'avait', 'la', 'taille', 'des', 'Etats-Unis', 'sans', 'l&apos;', 'Alaska', ',', 'qui', 'pendant', 'ces', '3', 'derniers', 'millions', 'd&apos;', 'année', 'avait', 'la', 'taille', 'des', 'Etats-Unis', 'sans', 'l&apos;', 'Alaska', ',', 'avait', 'diminué', 'de', '40', '%', '.']
2026-05-16 12:14:19,213 - DEBUG - joeynmt.training - 	Tokenized hypothesis: ['L&apos;', 'année', '<unk>', ',', 'j&apos;', 'ai', 'montré', 'ces', 'deux', '<unk>', 'pour', 'que', 'les', '<unk>', 'de', 'glace', ',', 'qui', 'a', 'depuis', 'les', 'trois', 'dernières', 'millions', 'd&apos;', 'années', 'a', 'été', 'la', 'taille', 'des', '<unk>', '<unk>', ',', 'a', '<unk>', 'par', '40', '%', '.', '</s>']
2026-05-16 12:14:19,213 - INFO - joeynmt.training - 	Source:     Last year I showed these two slides so that demonstrate that the arctic ice cap , which for most of the last three million years has been the size of the lower 48 states , has shrunk by 40 percent .
2026-05-16 12:14:19,213 - INFO - joeynmt.training - 	Reference:  L&apos; année dernière , je vous ai présenté ces deux diapositives qui montraient que la calotte glacière arctique , qui pendant ces 3 derniers millions d&apos; année avait la taille des Etats-Unis sans l&apos; Alaska , qui pendant ces 3 derniers millions d&apos; année avait la taille des Etats-Unis sans l&apos; Alaska , avait diminué de 40 % .
2026-05-16 12:14:19,213 - INFO - joeynmt.training - 	Hypothesis: L&apos; année <unk> , j&apos; ai montré ces deux <unk> pour que les <unk> de glace , qui a depuis les trois dernières millions d&apos; années a été la taille des <unk> <unk> , a <unk> par 40 % .
2026-05-16 12:14:19,213 - INFO - joeynmt.training - Example #1
2026-05-16 12:14:19,213 - DEBUG - joeynmt.training - 	Tokenized source:     ['But', 'this', 'understates', 'the', 'seriousness', 'of', 'this', 'particular', 'problem', 'because', 'it', 'doesn', '&apos;t', 'show', 'the', 'thickness', 'of', 'the', 'ice', '.']
2026-05-16 12:14:19,213 - DEBUG - joeynmt.training - 	Tokenized reference:  ['Mais', 'ceci', 'tend', 'à', 'amoindrir', 'le', 'problème', 'parce', 'qu&apos;', 'on', 'ne', 'voit', 'pas', 'l&apos;', 'épaisseur', 'de', 'la', 'glace', '.']
2026-05-16 12:14:19,213 - DEBUG - joeynmt.training - 	Tokenized hypothesis: ['Mais', 'ce', '<unk>', 'le', '<unk>', 'de', 'ce', 'problème', ',', 'parce', 'qu&apos;', 'il', 'ne', 'montre', 'pas', 'le', '<unk>', 'de', 'la', 'glace', '.', '</s>']
2026-05-16 12:14:19,214 - INFO - joeynmt.training - 	Source:     But this understates the seriousness of this particular problem because it doesn &apos;t show the thickness of the ice .
2026-05-16 12:14:19,214 - INFO - joeynmt.training - 	Reference:  Mais ceci tend à amoindrir le problème parce qu&apos; on ne voit pas l&apos; épaisseur de la glace .
2026-05-16 12:14:19,214 - INFO - joeynmt.training - 	Hypothesis: Mais ce <unk> le <unk> de ce problème , parce qu&apos; il ne montre pas le <unk> de la glace .
2026-05-16 12:14:19,214 - INFO - joeynmt.training - Example #2
2026-05-16 12:14:19,214 - DEBUG - joeynmt.training - 	Tokenized source:     ['The', 'arctic', 'ice', 'cap', 'is', ',', 'in', 'a', 'sense', ',', 'the', 'beating', 'heart', 'of', 'the', 'global', 'climate', 'system', '.']
2026-05-16 12:14:19,214 - DEBUG - joeynmt.training - 	Tokenized reference:  ['On', 'peut', 'voir', 'la', 'calotte', 'glacière', 'arctique', 'comme', 'le', 'coeur', 'du', 'système', 'climatique', 'global', '.', 'On', 'peut', 'voir', 'la', 'calotte', 'glacière', 'arctique', 'comme', 'le', 'coeur', 'du', 'système', 'climatique', 'global', '.']
2026-05-16 12:14:19,214 - DEBUG - joeynmt.training - 	Tokenized hypothesis: ['La', '<unk>', '<unk>', 'est', ',', 'dans', 'un', 'sens', ',', 'le', '<unk>', 'cardiaque', 'du', 'système', 'climatique', '.', '</s>']
2026-05-16 12:14:19,214 - INFO - joeynmt.training - 	Source:     The arctic ice cap is , in a sense , the beating heart of the global climate system .
2026-05-16 12:14:19,214 - INFO - joeynmt.training - 	Reference:  On peut voir la calotte glacière arctique comme le coeur du système climatique global . On peut voir la calotte glacière arctique comme le coeur du système climatique global .
2026-05-16 12:14:19,214 - INFO - joeynmt.training - 	Hypothesis: La <unk> <unk> est , dans un sens , le <unk> cardiaque du système climatique .
2026-05-16 12:14:19,214 - INFO - joeynmt.training - Example #3
2026-05-16 12:14:19,214 - DEBUG - joeynmt.training - 	Tokenized source:     ['It', 'expands', 'in', 'winter', 'and', 'contracts', 'in', 'summer', '.']
2026-05-16 12:14:19,214 - DEBUG - joeynmt.training - 	Tokenized reference:  ['Elle', 's&apos;', 'étend', 'en', 'hiver', 'et', 'se', 'contracte', 'en', 'été', '.']
2026-05-16 12:14:19,214 - DEBUG - joeynmt.training - 	Tokenized hypothesis: ['Il', '<unk>', 'en', '<unk>', 'et', '<unk>', 'en', 'été', '.', '</s>']
2026-05-16 12:14:19,214 - INFO - joeynmt.training - 	Source:     It expands in winter and contracts in summer .
2026-05-16 12:14:19,214 - INFO - joeynmt.training - 	Reference:  Elle s&apos; étend en hiver et se contracte en été .
2026-05-16 12:14:19,214 - INFO - joeynmt.training - 	Hypothesis: Il <unk> en <unk> et <unk> en été .
2026-05-16 12:14:19,214 - INFO - joeynmt.training - Example #4
2026-05-16 12:14:19,214 - DEBUG - joeynmt.training - 	Tokenized source:     ['The', 'next', 'slide', 'I', 'show', 'you', 'will', 'be', 'a', 'rapid', 'fast-forward', 'of', 'what', '&apos;s', 'happened', 'over', 'the', 'last', '25', 'years', '.']
2026-05-16 12:14:19,214 - DEBUG - joeynmt.training - 	Tokenized reference:  ['La', 'prochaine', 'diapositive', 'que', 'je', 'vais', 'vous', 'montrer', 'est', 'une', 'vue', 'en', 'accéléré', 'de', 'ce', 'qui', 's&apos;', 'est', 'passé', 'ces', '25', 'dernières', 'années', '.']
2026-05-16 12:14:19,214 - DEBUG - joeynmt.training - 	Tokenized hypothesis: ['La', 'prochaine', '<unk>', 'que', 'je', 'vous', '<unk>', 'une', '<unk>', '<unk>', 'de', 'ce', 'qui', 's&apos;', 'est', 'passé', 'au', 'cours', 'des', '25', 'dernières', 'années', '.', '</s>']
2026-05-16 12:14:19,214 - INFO - joeynmt.training - 	Source:     The next slide I show you will be a rapid fast-forward of what &apos;s happened over the last 25 years .
2026-05-16 12:14:19,214 - INFO - joeynmt.training - 	Reference:  La prochaine diapositive que je vais vous montrer est une vue en accéléré de ce qui s&apos; est passé ces 25 dernières années .
2026-05-16 12:14:19,214 - INFO - joeynmt.training - 	Hypothesis: La prochaine <unk> que je vous <unk> une <unk> <unk> de ce qui s&apos; est passé au cours des 25 dernières années .
2026-05-16 12:14:29,577 - INFO - joeynmt.training - Epoch   4, Step:    11600, Batch Loss:     1.239211, Batch Acc: 0.609261, Tokens per Sec:     6830, Lr: 0.000300
2026-05-16 12:14:39,806 - INFO - joeynmt.training - Epoch   4, Step:    11700, Batch Loss:     1.261138, Batch Acc: 0.608893, Tokens per Sec:     7053, Lr: 0.000300
2026-05-16 12:14:49,805 - INFO - joeynmt.training - Epoch   4, Step:    11800, Batch Loss:     1.224393, Batch Acc: 0.610752, Tokens per Sec:     7111, Lr: 0.000300
2026-05-16 12:14:59,825 - INFO - joeynmt.training - Epoch   4, Step:    11900, Batch Loss:     1.118727, Batch Acc: 0.607963, Tokens per Sec:     7282, Lr: 0.000300
2026-05-16 12:15:10,060 - INFO - joeynmt.training - Epoch   4, Step:    12000, Batch Loss:     1.285704, Batch Acc: 0.609521, Tokens per Sec:     6863, Lr: 0.000300
2026-05-16 12:15:10,061 - WARNING - joeynmt.helpers - `alpha` option is obsolete. Please use `beam_alpha`, instead.
2026-05-16 12:15:10,061 - INFO - joeynmt.prediction - Predicting 890 example(s)... (Greedy decoding with min_output_length=1, max_output_length=-1, return_prob='none', generate_unk=True, repetition_penalty=-1, no_repeat_ngram_size=-1)
2026-05-16 12:15:26,990 - INFO - joeynmt.prediction - Evaluation result (greedy) loss:   1.42, ppl:   4.15, acc:   0.55, generation: 16.9260[sec], evaluation: 0.0000[sec]
2026-05-16 12:15:26,990 - INFO - joeynmt.training - Hooray! New best validation result [ppl]!
2026-05-16 12:15:27,046 - INFO - joeynmt.helpers - delete models/word_2k/10000.ckpt
2026-05-16 12:15:27,047 - INFO - joeynmt.training - Example #0
2026-05-16 12:15:27,047 - DEBUG - joeynmt.training - 	Tokenized source:     ['Last', 'year', 'I', 'showed', 'these', 'two', 'slides', 'so', 'that', 'demonstrate', 'that', 'the', 'arctic', 'ice', 'cap', ',', 'which', 'for', 'most', 'of', 'the', 'last', 'three', 'million', 'years', 'has', 'been', 'the', 'size', 'of', 'the', 'lower', '48', 'states', ',', 'has', 'shrunk', 'by', '40', 'percent', '.']
2026-05-16 12:15:27,047 - DEBUG - joeynmt.training - 	Tokenized reference:  ['L&apos;', 'année', 'dernière', ',', 'je', 'vous', 'ai', 'présenté', 'ces', 'deux', 'diapositives', 'qui', 'montraient', 'que', 'la', 'calotte', 'glacière', 'arctique', ',', 'qui', 'pendant', 'ces', '3', 'derniers', 'millions', 'd&apos;', 'année', 'avait', 'la', 'taille', 'des', 'Etats-Unis', 'sans', 'l&apos;', 'Alaska', ',', 'qui', 'pendant', 'ces', '3', 'derniers', 'millions', 'd&apos;', 'année', 'avait', 'la', 'taille', 'des', 'Etats-Unis', 'sans', 'l&apos;', 'Alaska', ',', 'avait', 'diminué', 'de', '40', '%', '.']
2026-05-16 12:15:27,047 - DEBUG - joeynmt.training - 	Tokenized hypothesis: ['L&apos;', 'année', 'dernière', ',', 'j&apos;', 'ai', 'montré', 'ces', 'deux', '<unk>', 'pour', 'que', 'la', '<unk>', '<unk>', '<unk>', ',', 'qui', 'pour', 'la', 'plupart', 'des', 'trois', 'millions', 'd&apos;', 'années', 'ont', 'été', 'la', 'taille', 'du', '<unk>', '<unk>', '<unk>', ',', 'a', '<unk>', 'par', '40', '%', '.', '</s>']
2026-05-16 12:15:27,047 - INFO - joeynmt.training - 	Source:     Last year I showed these two slides so that demonstrate that the arctic ice cap , which for most of the last three million years has been the size of the lower 48 states , has shrunk by 40 percent .
2026-05-16 12:15:27,047 - INFO - joeynmt.training - 	Reference:  L&apos; année dernière , je vous ai présenté ces deux diapositives qui montraient que la calotte glacière arctique , qui pendant ces 3 derniers millions d&apos; année avait la taille des Etats-Unis sans l&apos; Alaska , qui pendant ces 3 derniers millions d&apos; année avait la taille des Etats-Unis sans l&apos; Alaska , avait diminué de 40 % .
2026-05-16 12:15:27,047 - INFO - joeynmt.training - 	Hypothesis: L&apos; année dernière , j&apos; ai montré ces deux <unk> pour que la <unk> <unk> <unk> , qui pour la plupart des trois millions d&apos; années ont été la taille du <unk> <unk> <unk> , a <unk> par 40 % .
2026-05-16 12:15:27,047 - INFO - joeynmt.training - Example #1
2026-05-16 12:15:27,047 - DEBUG - joeynmt.training - 	Tokenized source:     ['But', 'this', 'understates', 'the', 'seriousness', 'of', 'this', 'particular', 'problem', 'because', 'it', 'doesn', '&apos;t', 'show', 'the', 'thickness', 'of', 'the', 'ice', '.']
2026-05-16 12:15:27,047 - DEBUG - joeynmt.training - 	Tokenized reference:  ['Mais', 'ceci', 'tend', 'à', 'amoindrir', 'le', 'problème', 'parce', 'qu&apos;', 'on', 'ne', 'voit', 'pas', 'l&apos;', 'épaisseur', 'de', 'la', 'glace', '.']
2026-05-16 12:15:27,047 - DEBUG - joeynmt.training - 	Tokenized hypothesis: ['Mais', 'ce', 'problème', '<unk>', 'le', '<unk>', 'de', 'ce', 'problème', '<unk>', 'parce', 'que', 'ça', 'ne', 'montre', 'pas', 'le', '<unk>', 'de', 'la', 'glace', '.', '</s>']
2026-05-16 12:15:27,047 - INFO - joeynmt.training - 	Source:     But this understates the seriousness of this particular problem because it doesn &apos;t show the thickness of the ice .
2026-05-16 12:15:27,047 - INFO - joeynmt.training - 	Reference:  Mais ceci tend à amoindrir le problème parce qu&apos; on ne voit pas l&apos; épaisseur de la glace .
2026-05-16 12:15:27,047 - INFO - joeynmt.training - 	Hypothesis: Mais ce problème <unk> le <unk> de ce problème <unk> parce que ça ne montre pas le <unk> de la glace .
2026-05-16 12:15:27,047 - INFO - joeynmt.training - Example #2
2026-05-16 12:15:27,047 - DEBUG - joeynmt.training - 	Tokenized source:     ['The', 'arctic', 'ice', 'cap', 'is', ',', 'in', 'a', 'sense', ',', 'the', 'beating', 'heart', 'of', 'the', 'global', 'climate', 'system', '.']
2026-05-16 12:15:27,047 - DEBUG - joeynmt.training - 	Tokenized reference:  ['On', 'peut', 'voir', 'la', 'calotte', 'glacière', 'arctique', 'comme', 'le', 'coeur', 'du', 'système', 'climatique', 'global', '.', 'On', 'peut', 'voir', 'la', 'calotte', 'glacière', 'arctique', 'comme', 'le', 'coeur', 'du', 'système', 'climatique', 'global', '.']
2026-05-16 12:15:27,047 - DEBUG - joeynmt.training - 	Tokenized hypothesis: ['Le', '<unk>', '<unk>', '<unk>', 'est', ',', 'dans', 'un', 'sens', ',', 'le', '<unk>', 'cardiaque', 'du', 'système', 'climatique', '.', '</s>']
2026-05-16 12:15:27,047 - INFO - joeynmt.training - 	Source:     The arctic ice cap is , in a sense , the beating heart of the global climate system .
2026-05-16 12:15:27,047 - INFO - joeynmt.training - 	Reference:  On peut voir la calotte glacière arctique comme le coeur du système climatique global . On peut voir la calotte glacière arctique comme le coeur du système climatique global .
2026-05-16 12:15:27,047 - INFO - joeynmt.training - 	Hypothesis: Le <unk> <unk> <unk> est , dans un sens , le <unk> cardiaque du système climatique .
2026-05-16 12:15:27,047 - INFO - joeynmt.training - Example #3
2026-05-16 12:15:27,047 - DEBUG - joeynmt.training - 	Tokenized source:     ['It', 'expands', 'in', 'winter', 'and', 'contracts', 'in', 'summer', '.']
2026-05-16 12:15:27,047 - DEBUG - joeynmt.training - 	Tokenized reference:  ['Elle', 's&apos;', 'étend', 'en', 'hiver', 'et', 'se', 'contracte', 'en', 'été', '.']
2026-05-16 12:15:27,047 - DEBUG - joeynmt.training - 	Tokenized hypothesis: ['Il', '<unk>', 'en', '<unk>', 'et', '<unk>', 'en', 'été', '.', '</s>']
2026-05-16 12:15:27,047 - INFO - joeynmt.training - 	Source:     It expands in winter and contracts in summer .
2026-05-16 12:15:27,047 - INFO - joeynmt.training - 	Reference:  Elle s&apos; étend en hiver et se contracte en été .
2026-05-16 12:15:27,047 - INFO - joeynmt.training - 	Hypothesis: Il <unk> en <unk> et <unk> en été .
2026-05-16 12:15:27,047 - INFO - joeynmt.training - Example #4
2026-05-16 12:15:27,047 - DEBUG - joeynmt.training - 	Tokenized source:     ['The', 'next', 'slide', 'I', 'show', 'you', 'will', 'be', 'a', 'rapid', 'fast-forward', 'of', 'what', '&apos;s', 'happened', 'over', 'the', 'last', '25', 'years', '.']
2026-05-16 12:15:27,048 - DEBUG - joeynmt.training - 	Tokenized reference:  ['La', 'prochaine', 'diapositive', 'que', 'je', 'vais', 'vous', 'montrer', 'est', 'une', 'vue', 'en', 'accéléré', 'de', 'ce', 'qui', 's&apos;', 'est', 'passé', 'ces', '25', 'dernières', 'années', '.']
2026-05-16 12:15:27,048 - DEBUG - joeynmt.training - 	Tokenized hypothesis: ['Le', 'prochain', '<unk>', 'que', 'je', 'vous', '<unk>', 'un', '<unk>', '<unk>', 'de', 'ce', 'qui', 'est', 'arrivé', 'au', 'cours', 'de', '25', 'dernières', 'années', '.', '</s>']
2026-05-16 12:15:27,048 - INFO - joeynmt.training - 	Source:     The next slide I show you will be a rapid fast-forward of what &apos;s happened over the last 25 years .
2026-05-16 12:15:27,048 - INFO - joeynmt.training - 	Reference:  La prochaine diapositive que je vais vous montrer est une vue en accéléré de ce qui s&apos; est passé ces 25 dernières années .
2026-05-16 12:15:27,048 - INFO - joeynmt.training - 	Hypothesis: Le prochain <unk> que je vous <unk> un <unk> <unk> de ce qui est arrivé au cours de 25 dernières années .
2026-05-16 12:15:37,263 - INFO - joeynmt.training - Epoch   4, Step:    12100, Batch Loss:     1.212402, Batch Acc: 0.609915, Tokens per Sec:     7060, Lr: 0.000300
2026-05-16 12:15:47,344 - INFO - joeynmt.training - Epoch   4, Step:    12200, Batch Loss:     1.304495, Batch Acc: 0.606080, Tokens per Sec:     7286, Lr: 0.000300
2026-05-16 12:15:57,425 - INFO - joeynmt.training - Epoch   4, Step:    12300, Batch Loss:     1.218934, Batch Acc: 0.613632, Tokens per Sec:     7126, Lr: 0.000300
2026-05-16 12:16:07,555 - INFO - joeynmt.training - Epoch   4, Step:    12400, Batch Loss:     1.153369, Batch Acc: 0.607312, Tokens per Sec:     7034, Lr: 0.000300
2026-05-16 12:16:08,063 - INFO - joeynmt.training - Epoch   4: total training loss 3767.29
2026-05-16 12:16:08,063 - INFO - joeynmt.training - EPOCH 5
2026-05-16 12:16:17,498 - INFO - joeynmt.training - Epoch   5, Step:    12500, Batch Loss:     1.237233, Batch Acc: 0.633183, Tokens per Sec:     7150, Lr: 0.000300
2026-05-16 12:16:17,498 - WARNING - joeynmt.helpers - `alpha` option is obsolete. Please use `beam_alpha`, instead.
2026-05-16 12:16:17,498 - INFO - joeynmt.prediction - Predicting 890 example(s)... (Greedy decoding with min_output_length=1, max_output_length=-1, return_prob='none', generate_unk=True, repetition_penalty=-1, no_repeat_ngram_size=-1)
2026-05-16 12:16:34,287 - INFO - joeynmt.prediction - Evaluation result (greedy) loss:   1.42, ppl:   4.12, acc:   0.55, generation: 16.7851[sec], evaluation: 0.0000[sec]
2026-05-16 12:16:34,287 - INFO - joeynmt.training - Hooray! New best validation result [ppl]!
2026-05-16 12:16:34,342 - INFO - joeynmt.helpers - delete models/word_2k/9500.ckpt
2026-05-16 12:16:34,342 - INFO - joeynmt.training - Example #0
2026-05-16 12:16:34,342 - DEBUG - joeynmt.training - 	Tokenized source:     ['Last', 'year', 'I', 'showed', 'these', 'two', 'slides', 'so', 'that', 'demonstrate', 'that', 'the', 'arctic', 'ice', 'cap', ',', 'which', 'for', 'most', 'of', 'the', 'last', 'three', 'million', 'years', 'has', 'been', 'the', 'size', 'of', 'the', 'lower', '48', 'states', ',', 'has', 'shrunk', 'by', '40', 'percent', '.']
2026-05-16 12:16:34,342 - DEBUG - joeynmt.training - 	Tokenized reference:  ['L&apos;', 'année', 'dernière', ',', 'je', 'vous', 'ai', 'présenté', 'ces', 'deux', 'diapositives', 'qui', 'montraient', 'que', 'la', 'calotte', 'glacière', 'arctique', ',', 'qui', 'pendant', 'ces', '3', 'derniers', 'millions', 'd&apos;', 'année', 'avait', 'la', 'taille', 'des', 'Etats-Unis', 'sans', 'l&apos;', 'Alaska', ',', 'qui', 'pendant', 'ces', '3', 'derniers', 'millions', 'd&apos;', 'année', 'avait', 'la', 'taille', 'des', 'Etats-Unis', 'sans', 'l&apos;', 'Alaska', ',', 'avait', 'diminué', 'de', '40', '%', '.']
2026-05-16 12:16:34,342 - DEBUG - joeynmt.training - 	Tokenized hypothesis: ['L&apos;', 'année', 'dernière', ',', 'j&apos;', 'ai', 'montré', 'ces', 'deux', '<unk>', 'pour', 'que', 'la', '<unk>', '<unk>', '<unk>', ',', 'qui', 'pour', 'la', 'plupart', 'des', 'trois', 'dernières', 'années', 'ont', 'été', 'la', 'taille', 'de', 'l&apos;', '<unk>', '<unk>', ',', 'a', '<unk>', 'par', '40', '%', '.', '</s>']
2026-05-16 12:16:34,342 - INFO - joeynmt.training - 	Source:     Last year I showed these two slides so that demonstrate that the arctic ice cap , which for most of the last three million years has been the size of the lower 48 states , has shrunk by 40 percent .
2026-05-16 12:16:34,342 - INFO - joeynmt.training - 	Reference:  L&apos; année dernière , je vous ai présenté ces deux diapositives qui montraient que la calotte glacière arctique , qui pendant ces 3 derniers millions d&apos; année avait la taille des Etats-Unis sans l&apos; Alaska , qui pendant ces 3 derniers millions d&apos; année avait la taille des Etats-Unis sans l&apos; Alaska , avait diminué de 40 % .
2026-05-16 12:16:34,342 - INFO - joeynmt.training - 	Hypothesis: L&apos; année dernière , j&apos; ai montré ces deux <unk> pour que la <unk> <unk> <unk> , qui pour la plupart des trois dernières années ont été la taille de l&apos; <unk> <unk> , a <unk> par 40 % .
2026-05-16 12:16:34,342 - INFO - joeynmt.training - Example #1
2026-05-16 12:16:34,342 - DEBUG - joeynmt.training - 	Tokenized source:     ['But', 'this', 'understates', 'the', 'seriousness', 'of', 'this', 'particular', 'problem', 'because', 'it', 'doesn', '&apos;t', 'show', 'the', 'thickness', 'of', 'the', 'ice', '.']
2026-05-16 12:16:34,342 - DEBUG - joeynmt.training - 	Tokenized reference:  ['Mais', 'ceci', 'tend', 'à', 'amoindrir', 'le', 'problème', 'parce', 'qu&apos;', 'on', 'ne', 'voit', 'pas', 'l&apos;', 'épaisseur', 'de', 'la', 'glace', '.']
2026-05-16 12:16:34,342 - DEBUG - joeynmt.training - 	Tokenized hypothesis: ['Mais', 'ce', '<unk>', 'le', '<unk>', 'de', 'ce', 'problème', 'parce', 'que', 'ça', 'ne', 'montre', 'pas', 'la', '<unk>', 'de', 'la', 'glace', '.', '</s>']
2026-05-16 12:16:34,342 - INFO - joeynmt.training - 	Source:     But this understates the seriousness of this particular problem because it doesn &apos;t show the thickness of the ice .
2026-05-16 12:16:34,342 - INFO - joeynmt.training - 	Reference:  Mais ceci tend à amoindrir le problème parce qu&apos; on ne voit pas l&apos; épaisseur de la glace .
2026-05-16 12:16:34,342 - INFO - joeynmt.training - 	Hypothesis: Mais ce <unk> le <unk> de ce problème parce que ça ne montre pas la <unk> de la glace .
2026-05-16 12:16:34,342 - INFO - joeynmt.training - Example #2
2026-05-16 12:16:34,342 - DEBUG - joeynmt.training - 	Tokenized source:     ['The', 'arctic', 'ice', 'cap', 'is', ',', 'in', 'a', 'sense', ',', 'the', 'beating', 'heart', 'of', 'the', 'global', 'climate', 'system', '.']
2026-05-16 12:16:34,342 - DEBUG - joeynmt.training - 	Tokenized reference:  ['On', 'peut', 'voir', 'la', 'calotte', 'glacière', 'arctique', 'comme', 'le', 'coeur', 'du', 'système', 'climatique', 'global', '.', 'On', 'peut', 'voir', 'la', 'calotte', 'glacière', 'arctique', 'comme', 'le', 'coeur', 'du', 'système', 'climatique', 'global', '.']
2026-05-16 12:16:34,342 - DEBUG - joeynmt.training - 	Tokenized hypothesis: ['La', '<unk>', '<unk>', '<unk>', 'est', ',', 'dans', 'un', 'sens', ',', 'le', '<unk>', '<unk>', 'du', 'système', 'climatique', '.', '</s>']
2026-05-16 12:16:34,342 - INFO - joeynmt.training - 	Source:     The arctic ice cap is , in a sense , the beating heart of the global climate system .
2026-05-16 12:16:34,342 - INFO - joeynmt.training - 	Reference:  On peut voir la calotte glacière arctique comme le coeur du système climatique global . On peut voir la calotte glacière arctique comme le coeur du système climatique global .
2026-05-16 12:16:34,342 - INFO - joeynmt.training - 	Hypothesis: La <unk> <unk> <unk> est , dans un sens , le <unk> <unk> du système climatique .
2026-05-16 12:16:34,342 - INFO - joeynmt.training - Example #3
2026-05-16 12:16:34,342 - DEBUG - joeynmt.training - 	Tokenized source:     ['It', 'expands', 'in', 'winter', 'and', 'contracts', 'in', 'summer', '.']
2026-05-16 12:16:34,342 - DEBUG - joeynmt.training - 	Tokenized reference:  ['Elle', 's&apos;', 'étend', 'en', 'hiver', 'et', 'se', 'contracte', 'en', 'été', '.']
2026-05-16 12:16:34,343 - DEBUG - joeynmt.training - 	Tokenized hypothesis: ['Il', '<unk>', 'en', 'été', '.', '</s>']
2026-05-16 12:16:34,343 - INFO - joeynmt.training - 	Source:     It expands in winter and contracts in summer .
2026-05-16 12:16:34,343 - INFO - joeynmt.training - 	Reference:  Elle s&apos; étend en hiver et se contracte en été .
2026-05-16 12:16:34,343 - INFO - joeynmt.training - 	Hypothesis: Il <unk> en été .
2026-05-16 12:16:34,343 - INFO - joeynmt.training - Example #4
2026-05-16 12:16:34,343 - DEBUG - joeynmt.training - 	Tokenized source:     ['The', 'next', 'slide', 'I', 'show', 'you', 'will', 'be', 'a', 'rapid', 'fast-forward', 'of', 'what', '&apos;s', 'happened', 'over', 'the', 'last', '25', 'years', '.']
2026-05-16 12:16:34,343 - DEBUG - joeynmt.training - 	Tokenized reference:  ['La', 'prochaine', 'diapositive', 'que', 'je', 'vais', 'vous', 'montrer', 'est', 'une', 'vue', 'en', 'accéléré', 'de', 'ce', 'qui', 's&apos;', 'est', 'passé', 'ces', '25', 'dernières', 'années', '.']
2026-05-16 12:16:34,343 - DEBUG - joeynmt.training - 	Tokenized hypothesis: ['La', 'prochaine', '<unk>', 'que', 'je', 'vous', 'montre', 'une', '<unk>', '<unk>', 'de', 'ce', 'qui', 's&apos;', 'est', 'passé', 'depuis', 'les', '25', 'dernières', 'années', '.', '</s>']
2026-05-16 12:16:34,343 - INFO - joeynmt.training - 	Source:     The next slide I show you will be a rapid fast-forward of what &apos;s happened over the last 25 years .
2026-05-16 12:16:34,343 - INFO - joeynmt.training - 	Reference:  La prochaine diapositive que je vais vous montrer est une vue en accéléré de ce qui s&apos; est passé ces 25 dernières années .
2026-05-16 12:16:34,343 - INFO - joeynmt.training - 	Hypothesis: La prochaine <unk> que je vous montre une <unk> <unk> de ce qui s&apos; est passé depuis les 25 dernières années .
2026-05-16 12:16:44,656 - INFO - joeynmt.training - Epoch   5, Step:    12600, Batch Loss:     1.202024, Batch Acc: 0.626719, Tokens per Sec:     7104, Lr: 0.000300
2026-05-16 12:16:54,805 - INFO - joeynmt.training - Epoch   5, Step:    12700, Batch Loss:     1.206420, Batch Acc: 0.631330, Tokens per Sec:     7072, Lr: 0.000300
2026-05-16 12:17:04,751 - INFO - joeynmt.training - Epoch   5, Step:    12800, Batch Loss:     1.082178, Batch Acc: 0.625096, Tokens per Sec:     7234, Lr: 0.000300
2026-05-16 12:17:14,789 - INFO - joeynmt.training - Epoch   5, Step:    12900, Batch Loss:     1.339189, Batch Acc: 0.627620, Tokens per Sec:     7371, Lr: 0.000300
2026-05-16 12:17:24,790 - INFO - joeynmt.training - Epoch   5, Step:    13000, Batch Loss:     1.137568, Batch Acc: 0.628985, Tokens per Sec:     7045, Lr: 0.000300
2026-05-16 12:17:24,790 - WARNING - joeynmt.helpers - `alpha` option is obsolete. Please use `beam_alpha`, instead.
2026-05-16 12:17:24,790 - INFO - joeynmt.prediction - Predicting 890 example(s)... (Greedy decoding with min_output_length=1, max_output_length=-1, return_prob='none', generate_unk=True, repetition_penalty=-1, no_repeat_ngram_size=-1)
2026-05-16 12:17:41,091 - INFO - joeynmt.prediction - Evaluation result (greedy) loss:   1.42, ppl:   4.13, acc:   0.55, generation: 16.2978[sec], evaluation: 0.0000[sec]
2026-05-16 12:17:41,150 - INFO - joeynmt.helpers - delete models/word_2k/10500.ckpt
2026-05-16 12:17:41,150 - INFO - joeynmt.training - Example #0
2026-05-16 12:17:41,150 - DEBUG - joeynmt.training - 	Tokenized source:     ['Last', 'year', 'I', 'showed', 'these', 'two', 'slides', 'so', 'that', 'demonstrate', 'that', 'the', 'arctic', 'ice', 'cap', ',', 'which', 'for', 'most', 'of', 'the', 'last', 'three', 'million', 'years', 'has', 'been', 'the', 'size', 'of', 'the', 'lower', '48', 'states', ',', 'has', 'shrunk', 'by', '40', 'percent', '.']
2026-05-16 12:17:41,150 - DEBUG - joeynmt.training - 	Tokenized reference:  ['L&apos;', 'année', 'dernière', ',', 'je', 'vous', 'ai', 'présenté', 'ces', 'deux', 'diapositives', 'qui', 'montraient', 'que', 'la', 'calotte', 'glacière', 'arctique', ',', 'qui', 'pendant', 'ces', '3', 'derniers', 'millions', 'd&apos;', 'année', 'avait', 'la', 'taille', 'des', 'Etats-Unis', 'sans', 'l&apos;', 'Alaska', ',', 'qui', 'pendant', 'ces', '3', 'derniers', 'millions', 'd&apos;', 'année', 'avait', 'la', 'taille', 'des', 'Etats-Unis', 'sans', 'l&apos;', 'Alaska', ',', 'avait', 'diminué', 'de', '40', '%', '.']
2026-05-16 12:17:41,150 - DEBUG - joeynmt.training - 	Tokenized hypothesis: ['L&apos;', 'année', 'dernière', ',', 'j&apos;', 'ai', 'montré', 'ces', 'deux', '<unk>', 'pour', 'que', 'la', 'glace', '<unk>', ',', 'qui', 'pour', 'la', 'plupart', 'des', '<unk>', '<unk>', ',', 'qui', 'pour', 'la', 'plupart', 'des', '<unk>', '<unk>', '<unk>', ',', 'a', '<unk>', 'par', '40', '%', '.', '</s>']
2026-05-16 12:17:41,150 - INFO - joeynmt.training - 	Source:     Last year I showed these two slides so that demonstrate that the arctic ice cap , which for most of the last three million years has been the size of the lower 48 states , has shrunk by 40 percent .
2026-05-16 12:17:41,150 - INFO - joeynmt.training - 	Reference:  L&apos; année dernière , je vous ai présenté ces deux diapositives qui montraient que la calotte glacière arctique , qui pendant ces 3 derniers millions d&apos; année avait la taille des Etats-Unis sans l&apos; Alaska , qui pendant ces 3 derniers millions d&apos; année avait la taille des Etats-Unis sans l&apos; Alaska , avait diminué de 40 % .
2026-05-16 12:17:41,150 - INFO - joeynmt.training - 	Hypothesis: L&apos; année dernière , j&apos; ai montré ces deux <unk> pour que la glace <unk> , qui pour la plupart des <unk> <unk> , qui pour la plupart des <unk> <unk> <unk> , a <unk> par 40 % .
2026-05-16 12:17:41,150 - INFO - joeynmt.training - Example #1
2026-05-16 12:17:41,150 - DEBUG - joeynmt.training - 	Tokenized source:     ['But', 'this', 'understates', 'the', 'seriousness', 'of', 'this', 'particular', 'problem', 'because', 'it', 'doesn', '&apos;t', 'show', 'the', 'thickness', 'of', 'the', 'ice', '.']
2026-05-16 12:17:41,150 - DEBUG - joeynmt.training - 	Tokenized reference:  ['Mais', 'ceci', 'tend', 'à', 'amoindrir', 'le', 'problème', 'parce', 'qu&apos;', 'on', 'ne', 'voit', 'pas', 'l&apos;', 'épaisseur', 'de', 'la', 'glace', '.']
2026-05-16 12:17:41,150 - DEBUG - joeynmt.training - 	Tokenized hypothesis: ['Mais', 'ce', '<unk>', 'le', '<unk>', 'de', 'ce', 'problème', 'parce', 'que', 'ça', 'ne', 'montre', 'pas', 'les', '<unk>', 'de', 'la', 'glace', '.', '</s>']
2026-05-16 12:17:41,150 - INFO - joeynmt.training - 	Source:     But this understates the seriousness of this particular problem because it doesn &apos;t show the thickness of the ice .
2026-05-16 12:17:41,150 - INFO - joeynmt.training - 	Reference:  Mais ceci tend à amoindrir le problème parce qu&apos; on ne voit pas l&apos; épaisseur de la glace .
2026-05-16 12:17:41,151 - INFO - joeynmt.training - 	Hypothesis: Mais ce <unk> le <unk> de ce problème parce que ça ne montre pas les <unk> de la glace .
2026-05-16 12:17:41,151 - INFO - joeynmt.training - Example #2
2026-05-16 12:17:41,151 - DEBUG - joeynmt.training - 	Tokenized source:     ['The', 'arctic', 'ice', 'cap', 'is', ',', 'in', 'a', 'sense', ',', 'the', 'beating', 'heart', 'of', 'the', 'global', 'climate', 'system', '.']
2026-05-16 12:17:41,151 - DEBUG - joeynmt.training - 	Tokenized reference:  ['On', 'peut', 'voir', 'la', 'calotte', 'glacière', 'arctique', 'comme', 'le', 'coeur', 'du', 'système', 'climatique', 'global', '.', 'On', 'peut', 'voir', 'la', 'calotte', 'glacière', 'arctique', 'comme', 'le', 'coeur', 'du', 'système', 'climatique', 'global', '.']
2026-05-16 12:17:41,151 - DEBUG - joeynmt.training - 	Tokenized hypothesis: ['La', '<unk>', '<unk>', 'est', ',', 'dans', 'un', 'sens', ',', 'le', 'cœur', '<unk>', 'du', 'système', 'climatique', '.', '</s>']
2026-05-16 12:17:41,151 - INFO - joeynmt.training - 	Source:     The arctic ice cap is , in a sense , the beating heart of the global climate system .
2026-05-16 12:17:41,151 - INFO - joeynmt.training - 	Reference:  On peut voir la calotte glacière arctique comme le coeur du système climatique global . On peut voir la calotte glacière arctique comme le coeur du système climatique global .
2026-05-16 12:17:41,151 - INFO - joeynmt.training - 	Hypothesis: La <unk> <unk> est , dans un sens , le cœur <unk> du système climatique .
2026-05-16 12:17:41,151 - INFO - joeynmt.training - Example #3
2026-05-16 12:17:41,151 - DEBUG - joeynmt.training - 	Tokenized source:     ['It', 'expands', 'in', 'winter', 'and', 'contracts', 'in', 'summer', '.']
2026-05-16 12:17:41,151 - DEBUG - joeynmt.training - 	Tokenized reference:  ['Elle', 's&apos;', 'étend', 'en', 'hiver', 'et', 'se', 'contracte', 'en', 'été', '.']
2026-05-16 12:17:41,151 - DEBUG - joeynmt.training - 	Tokenized hypothesis: ['Elle', '<unk>', 'en', '<unk>', 'et', '<unk>', 'en', 'été', '.', '</s>']
2026-05-16 12:17:41,151 - INFO - joeynmt.training - 	Source:     It expands in winter and contracts in summer .
2026-05-16 12:17:41,151 - INFO - joeynmt.training - 	Reference:  Elle s&apos; étend en hiver et se contracte en été .
2026-05-16 12:17:41,151 - INFO - joeynmt.training - 	Hypothesis: Elle <unk> en <unk> et <unk> en été .
2026-05-16 12:17:41,151 - INFO - joeynmt.training - Example #4
2026-05-16 12:17:41,151 - DEBUG - joeynmt.training - 	Tokenized source:     ['The', 'next', 'slide', 'I', 'show', 'you', 'will', 'be', 'a', 'rapid', 'fast-forward', 'of', 'what', '&apos;s', 'happened', 'over', 'the', 'last', '25', 'years', '.']
2026-05-16 12:17:41,151 - DEBUG - joeynmt.training - 	Tokenized reference:  ['La', 'prochaine', 'diapositive', 'que', 'je', 'vais', 'vous', 'montrer', 'est', 'une', 'vue', 'en', 'accéléré', 'de', 'ce', 'qui', 's&apos;', 'est', 'passé', 'ces', '25', 'dernières', 'années', '.']
2026-05-16 12:17:41,151 - DEBUG - joeynmt.training - 	Tokenized hypothesis: ['La', 'prochaine', '<unk>', 'que', 'je', 'vous', 'montre', 'une', '<unk>', '<unk>', 'de', 'ce', 'qui', 'est', 'arrivé', 'au', 'cours', 'des', '25', 'dernières', 'années', '.', '</s>']
2026-05-16 12:17:41,151 - INFO - joeynmt.training - 	Source:     The next slide I show you will be a rapid fast-forward of what &apos;s happened over the last 25 years .
2026-05-16 12:17:41,151 - INFO - joeynmt.training - 	Reference:  La prochaine diapositive que je vais vous montrer est une vue en accéléré de ce qui s&apos; est passé ces 25 dernières années .
2026-05-16 12:17:41,151 - INFO - joeynmt.training - 	Hypothesis: La prochaine <unk> que je vous montre une <unk> <unk> de ce qui est arrivé au cours des 25 dernières années .
2026-05-16 12:17:51,676 - INFO - joeynmt.training - Epoch   5, Step:    13100, Batch Loss:     1.103039, Batch Acc: 0.623580, Tokens per Sec:     6885, Lr: 0.000300
2026-05-16 12:18:02,114 - INFO - joeynmt.training - Epoch   5, Step:    13200, Batch Loss:     1.227777, Batch Acc: 0.628866, Tokens per Sec:     7097, Lr: 0.000300
2026-05-16 12:18:12,611 - INFO - joeynmt.training - Epoch   5, Step:    13300, Batch Loss:     1.082539, Batch Acc: 0.627800, Tokens per Sec:     6813, Lr: 0.000300
2026-05-16 12:18:23,082 - INFO - joeynmt.training - Epoch   5, Step:    13400, Batch Loss:     1.164418, Batch Acc: 0.622101, Tokens per Sec:     6923, Lr: 0.000300
2026-05-16 12:18:33,451 - INFO - joeynmt.training - Epoch   5, Step:    13500, Batch Loss:     1.031116, Batch Acc: 0.626688, Tokens per Sec:     7197, Lr: 0.000300
2026-05-16 12:18:33,451 - WARNING - joeynmt.helpers - `alpha` option is obsolete. Please use `beam_alpha`, instead.
2026-05-16 12:18:33,451 - INFO - joeynmt.prediction - Predicting 890 example(s)... (Greedy decoding with min_output_length=1, max_output_length=-1, return_prob='none', generate_unk=True, repetition_penalty=-1, no_repeat_ngram_size=-1)
2026-05-16 12:18:51,173 - INFO - joeynmt.prediction - Evaluation result (greedy) loss:   1.42, ppl:   4.13, acc:   0.55, generation: 17.7177[sec], evaluation: 0.0000[sec]
2026-05-16 12:18:51,228 - INFO - joeynmt.helpers - delete models/word_2k/11000.ckpt
2026-05-16 12:18:51,229 - INFO - joeynmt.training - Example #0
2026-05-16 12:18:51,229 - DEBUG - joeynmt.training - 	Tokenized source:     ['Last', 'year', 'I', 'showed', 'these', 'two', 'slides', 'so', 'that', 'demonstrate', 'that', 'the', 'arctic', 'ice', 'cap', ',', 'which', 'for', 'most', 'of', 'the', 'last', 'three', 'million', 'years', 'has', 'been', 'the', 'size', 'of', 'the', 'lower', '48', 'states', ',', 'has', 'shrunk', 'by', '40', 'percent', '.']
2026-05-16 12:18:51,229 - DEBUG - joeynmt.training - 	Tokenized reference:  ['L&apos;', 'année', 'dernière', ',', 'je', 'vous', 'ai', 'présenté', 'ces', 'deux', 'diapositives', 'qui', 'montraient', 'que', 'la', 'calotte', 'glacière', 'arctique', ',', 'qui', 'pendant', 'ces', '3', 'derniers', 'millions', 'd&apos;', 'année', 'avait', 'la', 'taille', 'des', 'Etats-Unis', 'sans', 'l&apos;', 'Alaska', ',', 'qui', 'pendant', 'ces', '3', 'derniers', 'millions', 'd&apos;', 'année', 'avait', 'la', 'taille', 'des', 'Etats-Unis', 'sans', 'l&apos;', 'Alaska', ',', 'avait', 'diminué', 'de', '40', '%', '.']
2026-05-16 12:18:51,229 - DEBUG - joeynmt.training - 	Tokenized hypothesis: ['L&apos;', 'année', 'dernière', ',', 'j&apos;', 'ai', 'montré', 'ces', 'deux', '<unk>', 'pour', 'que', 'la', 'glace', '<unk>', '<unk>', ',', 'qui', 'pour', 'la', 'plupart', 'des', 'trois', 'dernières', 'millions', 'd&apos;', 'années', 'a', 'été', 'la', 'taille', 'des', '<unk>', '<unk>', ',', 'a', '<unk>', 'par', '40', '%', '.', '</s>']
2026-05-16 12:18:51,229 - INFO - joeynmt.training - 	Source:     Last year I showed these two slides so that demonstrate that the arctic ice cap , which for most of the last three million years has been the size of the lower 48 states , has shrunk by 40 percent .
2026-05-16 12:18:51,229 - INFO - joeynmt.training - 	Reference:  L&apos; année dernière , je vous ai présenté ces deux diapositives qui montraient que la calotte glacière arctique , qui pendant ces 3 derniers millions d&apos; année avait la taille des Etats-Unis sans l&apos; Alaska , qui pendant ces 3 derniers millions d&apos; année avait la taille des Etats-Unis sans l&apos; Alaska , avait diminué de 40 % .
2026-05-16 12:18:51,229 - INFO - joeynmt.training - 	Hypothesis: L&apos; année dernière , j&apos; ai montré ces deux <unk> pour que la glace <unk> <unk> , qui pour la plupart des trois dernières millions d&apos; années a été la taille des <unk> <unk> , a <unk> par 40 % .
2026-05-16 12:18:51,229 - INFO - joeynmt.training - Example #1
2026-05-16 12:18:51,229 - DEBUG - joeynmt.training - 	Tokenized source:     ['But', 'this', 'understates', 'the', 'seriousness', 'of', 'this', 'particular', 'problem', 'because', 'it', 'doesn', '&apos;t', 'show', 'the', 'thickness', 'of', 'the', 'ice', '.']
2026-05-16 12:18:51,229 - DEBUG - joeynmt.training - 	Tokenized reference:  ['Mais', 'ceci', 'tend', 'à', 'amoindrir', 'le', 'problème', 'parce', 'qu&apos;', 'on', 'ne', 'voit', 'pas', 'l&apos;', 'épaisseur', 'de', 'la', 'glace', '.']
2026-05-16 12:18:51,229 - DEBUG - joeynmt.training - 	Tokenized hypothesis: ['Mais', 'cette', '<unk>', 'le', '<unk>', 'de', 'ce', 'problème', 'parce', 'que', 'ça', 'ne', 'montre', 'pas', 'les', '<unk>', 'de', 'la', 'glace', '.', '</s>']
2026-05-16 12:18:51,229 - INFO - joeynmt.training - 	Source:     But this understates the seriousness of this particular problem because it doesn &apos;t show the thickness of the ice .
2026-05-16 12:18:51,229 - INFO - joeynmt.training - 	Reference:  Mais ceci tend à amoindrir le problème parce qu&apos; on ne voit pas l&apos; épaisseur de la glace .
2026-05-16 12:18:51,229 - INFO - joeynmt.training - 	Hypothesis: Mais cette <unk> le <unk> de ce problème parce que ça ne montre pas les <unk> de la glace .
2026-05-16 12:18:51,229 - INFO - joeynmt.training - Example #2
2026-05-16 12:18:51,229 - DEBUG - joeynmt.training - 	Tokenized source:     ['The', 'arctic', 'ice', 'cap', 'is', ',', 'in', 'a', 'sense', ',', 'the', 'beating', 'heart', 'of', 'the', 'global', 'climate', 'system', '.']
2026-05-16 12:18:51,229 - DEBUG - joeynmt.training - 	Tokenized reference:  ['On', 'peut', 'voir', 'la', 'calotte', 'glacière', 'arctique', 'comme', 'le', 'coeur', 'du', 'système', 'climatique', 'global', '.', 'On', 'peut', 'voir', 'la', 'calotte', 'glacière', 'arctique', 'comme', 'le', 'coeur', 'du', 'système', 'climatique', 'global', '.']
2026-05-16 12:18:51,229 - DEBUG - joeynmt.training - 	Tokenized hypothesis: ['La', 'glace', '<unk>', 'est', ',', 'dans', 'un', 'sens', ',', 'le', '<unk>', 'cardiaque', 'du', 'système', 'climatique', '.', '</s>']
2026-05-16 12:18:51,229 - INFO - joeynmt.training - 	Source:     The arctic ice cap is , in a sense , the beating heart of the global climate system .
2026-05-16 12:18:51,229 - INFO - joeynmt.training - 	Reference:  On peut voir la calotte glacière arctique comme le coeur du système climatique global . On peut voir la calotte glacière arctique comme le coeur du système climatique global .
2026-05-16 12:18:51,229 - INFO - joeynmt.training - 	Hypothesis: La glace <unk> est , dans un sens , le <unk> cardiaque du système climatique .
2026-05-16 12:18:51,229 - INFO - joeynmt.training - Example #3
2026-05-16 12:18:51,229 - DEBUG - joeynmt.training - 	Tokenized source:     ['It', 'expands', 'in', 'winter', 'and', 'contracts', 'in', 'summer', '.']
2026-05-16 12:18:51,229 - DEBUG - joeynmt.training - 	Tokenized reference:  ['Elle', 's&apos;', 'étend', 'en', 'hiver', 'et', 'se', 'contracte', 'en', 'été', '.']
2026-05-16 12:18:51,229 - DEBUG - joeynmt.training - 	Tokenized hypothesis: ['Il', '<unk>', 'en', '<unk>', 'et', '<unk>', 'en', 'été', '.', '</s>']
2026-05-16 12:18:51,230 - INFO - joeynmt.training - 	Source:     It expands in winter and contracts in summer .
2026-05-16 12:18:51,230 - INFO - joeynmt.training - 	Reference:  Elle s&apos; étend en hiver et se contracte en été .
2026-05-16 12:18:51,230 - INFO - joeynmt.training - 	Hypothesis: Il <unk> en <unk> et <unk> en été .
2026-05-16 12:18:51,230 - INFO - joeynmt.training - Example #4
2026-05-16 12:18:51,230 - DEBUG - joeynmt.training - 	Tokenized source:     ['The', 'next', 'slide', 'I', 'show', 'you', 'will', 'be', 'a', 'rapid', 'fast-forward', 'of', 'what', '&apos;s', 'happened', 'over', 'the', 'last', '25', 'years', '.']
2026-05-16 12:18:51,230 - DEBUG - joeynmt.training - 	Tokenized reference:  ['La', 'prochaine', 'diapositive', 'que', 'je', 'vais', 'vous', 'montrer', 'est', 'une', 'vue', 'en', 'accéléré', 'de', 'ce', 'qui', 's&apos;', 'est', 'passé', 'ces', '25', 'dernières', 'années', '.']
2026-05-16 12:18:51,230 - DEBUG - joeynmt.training - 	Tokenized hypothesis: ['La', 'prochaine', '<unk>', 'que', 'je', 'vous', 'montre', 'que', 'vous', '<unk>', 'une', '<unk>', '<unk>', 'de', 'ce', 'qui', 's&apos;', 'est', 'passé', 'pendant', 'les', '25', 'dernières', 'années', '.', '</s>']
2026-05-16 12:18:51,230 - INFO - joeynmt.training - 	Source:     The next slide I show you will be a rapid fast-forward of what &apos;s happened over the last 25 years .
2026-05-16 12:18:51,230 - INFO - joeynmt.training - 	Reference:  La prochaine diapositive que je vais vous montrer est une vue en accéléré de ce qui s&apos; est passé ces 25 dernières années .
2026-05-16 12:18:51,230 - INFO - joeynmt.training - 	Hypothesis: La prochaine <unk> que je vous montre que vous <unk> une <unk> <unk> de ce qui s&apos; est passé pendant les 25 dernières années .
2026-05-16 12:19:01,714 - INFO - joeynmt.training - Epoch   5, Step:    13600, Batch Loss:     1.193124, Batch Acc: 0.621320, Tokens per Sec:     6750, Lr: 0.000300
2026-05-16 12:19:12,045 - INFO - joeynmt.training - Epoch   5, Step:    13700, Batch Loss:     1.065900, Batch Acc: 0.622797, Tokens per Sec:     6996, Lr: 0.000300
2026-05-16 12:19:22,693 - INFO - joeynmt.training - Epoch   5, Step:    13800, Batch Loss:     1.218895, Batch Acc: 0.619930, Tokens per Sec:     7148, Lr: 0.000300
2026-05-16 12:19:33,114 - INFO - joeynmt.training - Epoch   5, Step:    13900, Batch Loss:     1.159579, Batch Acc: 0.627339, Tokens per Sec:     7066, Lr: 0.000300
2026-05-16 12:19:43,109 - INFO - joeynmt.training - Epoch   5, Step:    14000, Batch Loss:     1.162363, Batch Acc: 0.621517, Tokens per Sec:     7307, Lr: 0.000300
2026-05-16 12:19:43,109 - WARNING - joeynmt.helpers - `alpha` option is obsolete. Please use `beam_alpha`, instead.
2026-05-16 12:19:43,109 - INFO - joeynmt.prediction - Predicting 890 example(s)... (Greedy decoding with min_output_length=1, max_output_length=-1, return_prob='none', generate_unk=True, repetition_penalty=-1, no_repeat_ngram_size=-1)
2026-05-16 12:20:01,471 - INFO - joeynmt.prediction - Evaluation result (greedy) loss:   1.41, ppl:   4.09, acc:   0.55, generation: 18.3590[sec], evaluation: 0.0000[sec]
2026-05-16 12:20:01,472 - INFO - joeynmt.training - Hooray! New best validation result [ppl]!
2026-05-16 12:20:01,526 - INFO - joeynmt.helpers - delete models/word_2k/11500.ckpt
2026-05-16 12:20:01,526 - INFO - joeynmt.training - Example #0
2026-05-16 12:20:01,526 - DEBUG - joeynmt.training - 	Tokenized source:     ['Last', 'year', 'I', 'showed', 'these', 'two', 'slides', 'so', 'that', 'demonstrate', 'that', 'the', 'arctic', 'ice', 'cap', ',', 'which', 'for', 'most', 'of', 'the', 'last', 'three', 'million', 'years', 'has', 'been', 'the', 'size', 'of', 'the', 'lower', '48', 'states', ',', 'has', 'shrunk', 'by', '40', 'percent', '.']
2026-05-16 12:20:01,526 - DEBUG - joeynmt.training - 	Tokenized reference:  ['L&apos;', 'année', 'dernière', ',', 'je', 'vous', 'ai', 'présenté', 'ces', 'deux', 'diapositives', 'qui', 'montraient', 'que', 'la', 'calotte', 'glacière', 'arctique', ',', 'qui', 'pendant', 'ces', '3', 'derniers', 'millions', 'd&apos;', 'année', 'avait', 'la', 'taille', 'des', 'Etats-Unis', 'sans', 'l&apos;', 'Alaska', ',', 'qui', 'pendant', 'ces', '3', 'derniers', 'millions', 'd&apos;', 'année', 'avait', 'la', 'taille', 'des', 'Etats-Unis', 'sans', 'l&apos;', 'Alaska', ',', 'avait', 'diminué', 'de', '40', '%', '.']
2026-05-16 12:20:01,526 - DEBUG - joeynmt.training - 	Tokenized hypothesis: ['L&apos;', 'année', 'dernière', 'que', 'j&apos;', 'ai', 'montré', 'ces', 'deux', '<unk>', 'si', 'que', 'la', 'glace', '<unk>', '<unk>', ',', 'qui', 'pour', 'la', 'plupart', 'des', 'trois', 'dernières', 'années', 'a', 'été', 'la', 'taille', 'des', '<unk>', '<unk>', '<unk>', ',', 'a', '<unk>', 'par', '40', '%', '.', '</s>']
2026-05-16 12:20:01,526 - INFO - joeynmt.training - 	Source:     Last year I showed these two slides so that demonstrate that the arctic ice cap , which for most of the last three million years has been the size of the lower 48 states , has shrunk by 40 percent .
2026-05-16 12:20:01,526 - INFO - joeynmt.training - 	Reference:  L&apos; année dernière , je vous ai présenté ces deux diapositives qui montraient que la calotte glacière arctique , qui pendant ces 3 derniers millions d&apos; année avait la taille des Etats-Unis sans l&apos; Alaska , qui pendant ces 3 derniers millions d&apos; année avait la taille des Etats-Unis sans l&apos; Alaska , avait diminué de 40 % .
2026-05-16 12:20:01,526 - INFO - joeynmt.training - 	Hypothesis: L&apos; année dernière que j&apos; ai montré ces deux <unk> si que la glace <unk> <unk> , qui pour la plupart des trois dernières années a été la taille des <unk> <unk> <unk> , a <unk> par 40 % .
2026-05-16 12:20:01,526 - INFO - joeynmt.training - Example #1
2026-05-16 12:20:01,526 - DEBUG - joeynmt.training - 	Tokenized source:     ['But', 'this', 'understates', 'the', 'seriousness', 'of', 'this', 'particular', 'problem', 'because', 'it', 'doesn', '&apos;t', 'show', 'the', 'thickness', 'of', 'the', 'ice', '.']
2026-05-16 12:20:01,526 - DEBUG - joeynmt.training - 	Tokenized reference:  ['Mais', 'ceci', 'tend', 'à', 'amoindrir', 'le', 'problème', 'parce', 'qu&apos;', 'on', 'ne', 'voit', 'pas', 'l&apos;', 'épaisseur', 'de', 'la', 'glace', '.']
2026-05-16 12:20:01,526 - DEBUG - joeynmt.training - 	Tokenized hypothesis: ['Mais', 'cette', '<unk>', 'le', 'problème', 'de', 'ce', 'problème', ',', 'parce', 'qu&apos;', 'il', 'ne', 'montre', 'pas', 'la', 'glace', '.', '</s>']
2026-05-16 12:20:01,527 - INFO - joeynmt.training - 	Source:     But this understates the seriousness of this particular problem because it doesn &apos;t show the thickness of the ice .
2026-05-16 12:20:01,527 - INFO - joeynmt.training - 	Reference:  Mais ceci tend à amoindrir le problème parce qu&apos; on ne voit pas l&apos; épaisseur de la glace .
2026-05-16 12:20:01,527 - INFO - joeynmt.training - 	Hypothesis: Mais cette <unk> le problème de ce problème , parce qu&apos; il ne montre pas la glace .
2026-05-16 12:20:01,527 - INFO - joeynmt.training - Example #2
2026-05-16 12:20:01,527 - DEBUG - joeynmt.training - 	Tokenized source:     ['The', 'arctic', 'ice', 'cap', 'is', ',', 'in', 'a', 'sense', ',', 'the', 'beating', 'heart', 'of', 'the', 'global', 'climate', 'system', '.']
2026-05-16 12:20:01,527 - DEBUG - joeynmt.training - 	Tokenized reference:  ['On', 'peut', 'voir', 'la', 'calotte', 'glacière', 'arctique', 'comme', 'le', 'coeur', 'du', 'système', 'climatique', 'global', '.', 'On', 'peut', 'voir', 'la', 'calotte', 'glacière', 'arctique', 'comme', 'le', 'coeur', 'du', 'système', 'climatique', 'global', '.']
2026-05-16 12:20:01,527 - DEBUG - joeynmt.training - 	Tokenized hypothesis: ['La', 'glace', '<unk>', 'est', ',', 'dans', 'un', 'sens', ',', 'le', 'coeur', '<unk>', 'du', 'système', 'climatique', '.', '</s>']
2026-05-16 12:20:01,527 - INFO - joeynmt.training - 	Source:     The arctic ice cap is , in a sense , the beating heart of the global climate system .
2026-05-16 12:20:01,527 - INFO - joeynmt.training - 	Reference:  On peut voir la calotte glacière arctique comme le coeur du système climatique global . On peut voir la calotte glacière arctique comme le coeur du système climatique global .
2026-05-16 12:20:01,527 - INFO - joeynmt.training - 	Hypothesis: La glace <unk> est , dans un sens , le coeur <unk> du système climatique .
2026-05-16 12:20:01,527 - INFO - joeynmt.training - Example #3
2026-05-16 12:20:01,527 - DEBUG - joeynmt.training - 	Tokenized source:     ['It', 'expands', 'in', 'winter', 'and', 'contracts', 'in', 'summer', '.']
2026-05-16 12:20:01,527 - DEBUG - joeynmt.training - 	Tokenized reference:  ['Elle', 's&apos;', 'étend', 'en', 'hiver', 'et', 'se', 'contracte', 'en', 'été', '.']
2026-05-16 12:20:01,527 - DEBUG - joeynmt.training - 	Tokenized hypothesis: ['Il', '<unk>', 'en', '<unk>', 'et', '<unk>', 'en', 'été', '.', '</s>']
2026-05-16 12:20:01,527 - INFO - joeynmt.training - 	Source:     It expands in winter and contracts in summer .
2026-05-16 12:20:01,527 - INFO - joeynmt.training - 	Reference:  Elle s&apos; étend en hiver et se contracte en été .
2026-05-16 12:20:01,527 - INFO - joeynmt.training - 	Hypothesis: Il <unk> en <unk> et <unk> en été .
2026-05-16 12:20:01,527 - INFO - joeynmt.training - Example #4
2026-05-16 12:20:01,527 - DEBUG - joeynmt.training - 	Tokenized source:     ['The', 'next', 'slide', 'I', 'show', 'you', 'will', 'be', 'a', 'rapid', 'fast-forward', 'of', 'what', '&apos;s', 'happened', 'over', 'the', 'last', '25', 'years', '.']
2026-05-16 12:20:01,527 - DEBUG - joeynmt.training - 	Tokenized reference:  ['La', 'prochaine', 'diapositive', 'que', 'je', 'vais', 'vous', 'montrer', 'est', 'une', 'vue', 'en', 'accéléré', 'de', 'ce', 'qui', 's&apos;', 'est', 'passé', 'ces', '25', 'dernières', 'années', '.']
2026-05-16 12:20:01,527 - DEBUG - joeynmt.training - 	Tokenized hypothesis: ['La', 'prochaine', '<unk>', 'que', 'je', 'vous', '<unk>', 'que', 'vous', '<unk>', 'un', '<unk>', '<unk>', 'de', 'ce', 'qui', 'est', 'arrivé', 'depuis', 'les', '25', 'dernières', 'années', '.', '</s>']
2026-05-16 12:20:01,527 - INFO - joeynmt.training - 	Source:     The next slide I show you will be a rapid fast-forward of what &apos;s happened over the last 25 years .
2026-05-16 12:20:01,527 - INFO - joeynmt.training - 	Reference:  La prochaine diapositive que je vais vous montrer est une vue en accéléré de ce qui s&apos; est passé ces 25 dernières années .
2026-05-16 12:20:01,527 - INFO - joeynmt.training - 	Hypothesis: La prochaine <unk> que je vous <unk> que vous <unk> un <unk> <unk> de ce qui est arrivé depuis les 25 dernières années .
2026-05-16 12:20:11,710 - INFO - joeynmt.training - Epoch   5, Step:    14100, Batch Loss:     1.110897, Batch Acc: 0.619195, Tokens per Sec:     7022, Lr: 0.000300
2026-05-16 12:20:21,963 - INFO - joeynmt.training - Epoch   5, Step:    14200, Batch Loss:     1.216906, Batch Acc: 0.623726, Tokens per Sec:     6987, Lr: 0.000300
2026-05-16 12:20:32,105 - INFO - joeynmt.training - Epoch   5, Step:    14300, Batch Loss:     1.381792, Batch Acc: 0.618499, Tokens per Sec:     7238, Lr: 0.000300
2026-05-16 12:20:42,640 - INFO - joeynmt.training - Epoch   5, Step:    14400, Batch Loss:     1.282517, Batch Acc: 0.617464, Tokens per Sec:     6998, Lr: 0.000300
2026-05-16 12:20:52,562 - INFO - joeynmt.training - Epoch   5, Step:    14500, Batch Loss:     1.212499, Batch Acc: 0.618351, Tokens per Sec:     7231, Lr: 0.000300
2026-05-16 12:20:52,562 - WARNING - joeynmt.helpers - `alpha` option is obsolete. Please use `beam_alpha`, instead.
2026-05-16 12:20:52,562 - INFO - joeynmt.prediction - Predicting 890 example(s)... (Greedy decoding with min_output_length=1, max_output_length=-1, return_prob='none', generate_unk=True, repetition_penalty=-1, no_repeat_ngram_size=-1)
2026-05-16 12:21:09,362 - INFO - joeynmt.prediction - Evaluation result (greedy) loss:   1.41, ppl:   4.08, acc:   0.55, generation: 16.7971[sec], evaluation: 0.0000[sec]
2026-05-16 12:21:09,363 - INFO - joeynmt.training - Hooray! New best validation result [ppl]!
2026-05-16 12:21:09,418 - INFO - joeynmt.helpers - delete models/word_2k/12000.ckpt
2026-05-16 12:21:09,419 - INFO - joeynmt.training - Example #0
2026-05-16 12:21:09,419 - DEBUG - joeynmt.training - 	Tokenized source:     ['Last', 'year', 'I', 'showed', 'these', 'two', 'slides', 'so', 'that', 'demonstrate', 'that', 'the', 'arctic', 'ice', 'cap', ',', 'which', 'for', 'most', 'of', 'the', 'last', 'three', 'million', 'years', 'has', 'been', 'the', 'size', 'of', 'the', 'lower', '48', 'states', ',', 'has', 'shrunk', 'by', '40', 'percent', '.']
2026-05-16 12:21:09,419 - DEBUG - joeynmt.training - 	Tokenized reference:  ['L&apos;', 'année', 'dernière', ',', 'je', 'vous', 'ai', 'présenté', 'ces', 'deux', 'diapositives', 'qui', 'montraient', 'que', 'la', 'calotte', 'glacière', 'arctique', ',', 'qui', 'pendant', 'ces', '3', 'derniers', 'millions', 'd&apos;', 'année', 'avait', 'la', 'taille', 'des', 'Etats-Unis', 'sans', 'l&apos;', 'Alaska', ',', 'qui', 'pendant', 'ces', '3', 'derniers', 'millions', 'd&apos;', 'année', 'avait', 'la', 'taille', 'des', 'Etats-Unis', 'sans', 'l&apos;', 'Alaska', ',', 'avait', 'diminué', 'de', '40', '%', '.']
2026-05-16 12:21:09,419 - DEBUG - joeynmt.training - 	Tokenized hypothesis: ['L&apos;', 'année', 'dernière', ',', 'j&apos;', 'ai', 'montré', 'ces', 'deux', '<unk>', 'pour', 'que', 'la', 'glace', '<unk>', ',', 'qui', ',', 'pour', 'la', 'plupart', 'des', 'trois', 'millions', 'd&apos;', 'années', 'ont', 'été', 'la', 'taille', 'de', 'la', '<unk>', '<unk>', '<unk>', ',', '<unk>', 'par', '40', 'pour', 'cent', '.', '</s>']
2026-05-16 12:21:09,419 - INFO - joeynmt.training - 	Source:     Last year I showed these two slides so that demonstrate that the arctic ice cap , which for most of the last three million years has been the size of the lower 48 states , has shrunk by 40 percent .
2026-05-16 12:21:09,419 - INFO - joeynmt.training - 	Reference:  L&apos; année dernière , je vous ai présenté ces deux diapositives qui montraient que la calotte glacière arctique , qui pendant ces 3 derniers millions d&apos; année avait la taille des Etats-Unis sans l&apos; Alaska , qui pendant ces 3 derniers millions d&apos; année avait la taille des Etats-Unis sans l&apos; Alaska , avait diminué de 40 % .
2026-05-16 12:21:09,419 - INFO - joeynmt.training - 	Hypothesis: L&apos; année dernière , j&apos; ai montré ces deux <unk> pour que la glace <unk> , qui , pour la plupart des trois millions d&apos; années ont été la taille de la <unk> <unk> <unk> , <unk> par 40 pour cent .
2026-05-16 12:21:09,419 - INFO - joeynmt.training - Example #1
2026-05-16 12:21:09,419 - DEBUG - joeynmt.training - 	Tokenized source:     ['But', 'this', 'understates', 'the', 'seriousness', 'of', 'this', 'particular', 'problem', 'because', 'it', 'doesn', '&apos;t', 'show', 'the', 'thickness', 'of', 'the', 'ice', '.']
2026-05-16 12:21:09,419 - DEBUG - joeynmt.training - 	Tokenized reference:  ['Mais', 'ceci', 'tend', 'à', 'amoindrir', 'le', 'problème', 'parce', 'qu&apos;', 'on', 'ne', 'voit', 'pas', 'l&apos;', 'épaisseur', 'de', 'la', 'glace', '.']
2026-05-16 12:21:09,419 - DEBUG - joeynmt.training - 	Tokenized hypothesis: ['Mais', 'ce', 'problème', 'le', '<unk>', 'de', 'ce', 'problème', ',', 'parce', 'qu&apos;', 'il', 'ne', '<unk>', 'pas', 'la', '<unk>', 'de', 'la', 'glace', '.', '</s>']
2026-05-16 12:21:09,419 - INFO - joeynmt.training - 	Source:     But this understates the seriousness of this particular problem because it doesn &apos;t show the thickness of the ice .
2026-05-16 12:21:09,419 - INFO - joeynmt.training - 	Reference:  Mais ceci tend à amoindrir le problème parce qu&apos; on ne voit pas l&apos; épaisseur de la glace .
2026-05-16 12:21:09,419 - INFO - joeynmt.training - 	Hypothesis: Mais ce problème le <unk> de ce problème , parce qu&apos; il ne <unk> pas la <unk> de la glace .
2026-05-16 12:21:09,419 - INFO - joeynmt.training - Example #2
2026-05-16 12:21:09,419 - DEBUG - joeynmt.training - 	Tokenized source:     ['The', 'arctic', 'ice', 'cap', 'is', ',', 'in', 'a', 'sense', ',', 'the', 'beating', 'heart', 'of', 'the', 'global', 'climate', 'system', '.']
2026-05-16 12:21:09,419 - DEBUG - joeynmt.training - 	Tokenized reference:  ['On', 'peut', 'voir', 'la', 'calotte', 'glacière', 'arctique', 'comme', 'le', 'coeur', 'du', 'système', 'climatique', 'global', '.', 'On', 'peut', 'voir', 'la', 'calotte', 'glacière', 'arctique', 'comme', 'le', 'coeur', 'du', 'système', 'climatique', 'global', '.']
2026-05-16 12:21:09,419 - DEBUG - joeynmt.training - 	Tokenized hypothesis: ['La', '<unk>', '<unk>', '<unk>', 'est', ',', 'dans', 'un', 'sens', ',', 'le', 'coeur', '<unk>', 'du', 'système', 'climatique', '.', '</s>']
2026-05-16 12:21:09,419 - INFO - joeynmt.training - 	Source:     The arctic ice cap is , in a sense , the beating heart of the global climate system .
2026-05-16 12:21:09,419 - INFO - joeynmt.training - 	Reference:  On peut voir la calotte glacière arctique comme le coeur du système climatique global . On peut voir la calotte glacière arctique comme le coeur du système climatique global .
2026-05-16 12:21:09,419 - INFO - joeynmt.training - 	Hypothesis: La <unk> <unk> <unk> est , dans un sens , le coeur <unk> du système climatique .
2026-05-16 12:21:09,419 - INFO - joeynmt.training - Example #3
2026-05-16 12:21:09,419 - DEBUG - joeynmt.training - 	Tokenized source:     ['It', 'expands', 'in', 'winter', 'and', 'contracts', 'in', 'summer', '.']
2026-05-16 12:21:09,419 - DEBUG - joeynmt.training - 	Tokenized reference:  ['Elle', 's&apos;', 'étend', 'en', 'hiver', 'et', 'se', 'contracte', 'en', 'été', '.']
2026-05-16 12:21:09,419 - DEBUG - joeynmt.training - 	Tokenized hypothesis: ['Il', '<unk>', 'en', '<unk>', 'et', '<unk>', 'en', 'été', '.', '</s>']
2026-05-16 12:21:09,419 - INFO - joeynmt.training - 	Source:     It expands in winter and contracts in summer .
2026-05-16 12:21:09,420 - INFO - joeynmt.training - 	Reference:  Elle s&apos; étend en hiver et se contracte en été .
2026-05-16 12:21:09,420 - INFO - joeynmt.training - 	Hypothesis: Il <unk> en <unk> et <unk> en été .
2026-05-16 12:21:09,420 - INFO - joeynmt.training - Example #4
2026-05-16 12:21:09,420 - DEBUG - joeynmt.training - 	Tokenized source:     ['The', 'next', 'slide', 'I', 'show', 'you', 'will', 'be', 'a', 'rapid', 'fast-forward', 'of', 'what', '&apos;s', 'happened', 'over', 'the', 'last', '25', 'years', '.']
2026-05-16 12:21:09,420 - DEBUG - joeynmt.training - 	Tokenized reference:  ['La', 'prochaine', 'diapositive', 'que', 'je', 'vais', 'vous', 'montrer', 'est', 'une', 'vue', 'en', 'accéléré', 'de', 'ce', 'qui', 's&apos;', 'est', 'passé', 'ces', '25', 'dernières', 'années', '.']
2026-05-16 12:21:09,420 - DEBUG - joeynmt.training - 	Tokenized hypothesis: ['La', 'prochaine', '<unk>', 'que', 'je', 'vous', 'montre', 'sera', 'une', '<unk>', 'de', 'ce', 'qui', 's&apos;', 'est', 'passé', 'au', 'cours', 'des', '25', 'dernières', 'années', '.', '</s>']
2026-05-16 12:21:09,420 - INFO - joeynmt.training - 	Source:     The next slide I show you will be a rapid fast-forward of what &apos;s happened over the last 25 years .
2026-05-16 12:21:09,420 - INFO - joeynmt.training - 	Reference:  La prochaine diapositive que je vais vous montrer est une vue en accéléré de ce qui s&apos; est passé ces 25 dernières années .
2026-05-16 12:21:09,420 - INFO - joeynmt.training - 	Hypothesis: La prochaine <unk> que je vous montre sera une <unk> de ce qui s&apos; est passé au cours des 25 dernières années .
2026-05-16 12:21:19,525 - INFO - joeynmt.training - Epoch   5, Step:    14600, Batch Loss:     1.117932, Batch Acc: 0.623312, Tokens per Sec:     7205, Lr: 0.000300
2026-05-16 12:21:29,637 - INFO - joeynmt.training - Epoch   5, Step:    14700, Batch Loss:     1.241565, Batch Acc: 0.621222, Tokens per Sec:     7130, Lr: 0.000300
2026-05-16 12:21:39,933 - INFO - joeynmt.training - Epoch   5, Step:    14800, Batch Loss:     1.102223, Batch Acc: 0.614542, Tokens per Sec:     6963, Lr: 0.000300
2026-05-16 12:21:50,059 - INFO - joeynmt.training - Epoch   5, Step:    14900, Batch Loss:     1.264019, Batch Acc: 0.622058, Tokens per Sec:     7398, Lr: 0.000300
2026-05-16 12:21:59,908 - INFO - joeynmt.training - Epoch   5, Step:    15000, Batch Loss:     1.292487, Batch Acc: 0.621410, Tokens per Sec:     7357, Lr: 0.000300
2026-05-16 12:21:59,908 - WARNING - joeynmt.helpers - `alpha` option is obsolete. Please use `beam_alpha`, instead.
2026-05-16 12:21:59,908 - INFO - joeynmt.prediction - Predicting 890 example(s)... (Greedy decoding with min_output_length=1, max_output_length=-1, return_prob='none', generate_unk=True, repetition_penalty=-1, no_repeat_ngram_size=-1)
2026-05-16 12:22:17,629 - INFO - joeynmt.prediction - Evaluation result (greedy) loss:   1.40, ppl:   4.05, acc:   0.55, generation: 17.7170[sec], evaluation: 0.0000[sec]
2026-05-16 12:22:17,629 - INFO - joeynmt.training - Hooray! New best validation result [ppl]!
2026-05-16 12:22:17,685 - INFO - joeynmt.helpers - delete models/word_2k/13000.ckpt
2026-05-16 12:22:17,685 - INFO - joeynmt.training - Example #0
2026-05-16 12:22:17,685 - DEBUG - joeynmt.training - 	Tokenized source:     ['Last', 'year', 'I', 'showed', 'these', 'two', 'slides', 'so', 'that', 'demonstrate', 'that', 'the', 'arctic', 'ice', 'cap', ',', 'which', 'for', 'most', 'of', 'the', 'last', 'three', 'million', 'years', 'has', 'been', 'the', 'size', 'of', 'the', 'lower', '48', 'states', ',', 'has', 'shrunk', 'by', '40', 'percent', '.']
2026-05-16 12:22:17,685 - DEBUG - joeynmt.training - 	Tokenized reference:  ['L&apos;', 'année', 'dernière', ',', 'je', 'vous', 'ai', 'présenté', 'ces', 'deux', 'diapositives', 'qui', 'montraient', 'que', 'la', 'calotte', 'glacière', 'arctique', ',', 'qui', 'pendant', 'ces', '3', 'derniers', 'millions', 'd&apos;', 'année', 'avait', 'la', 'taille', 'des', 'Etats-Unis', 'sans', 'l&apos;', 'Alaska', ',', 'qui', 'pendant', 'ces', '3', 'derniers', 'millions', 'd&apos;', 'année', 'avait', 'la', 'taille', 'des', 'Etats-Unis', 'sans', 'l&apos;', 'Alaska', ',', 'avait', 'diminué', 'de', '40', '%', '.']
2026-05-16 12:22:17,685 - DEBUG - joeynmt.training - 	Tokenized hypothesis: ['L&apos;', 'année', 'dernière', ',', 'j&apos;', 'ai', 'montré', 'ces', 'deux', '<unk>', 'pour', 'que', 'les', '<unk>', '<unk>', '<unk>', ',', 'qui', 'pour', 'la', 'plupart', 'des', 'trois', 'dernières', 'années', 'a', 'été', 'la', 'taille', 'des', '<unk>', '<unk>', ',', 'a', '<unk>', 'par', '40', '%', '.', '</s>']
2026-05-16 12:22:17,685 - INFO - joeynmt.training - 	Source:     Last year I showed these two slides so that demonstrate that the arctic ice cap , which for most of the last three million years has been the size of the lower 48 states , has shrunk by 40 percent .
2026-05-16 12:22:17,685 - INFO - joeynmt.training - 	Reference:  L&apos; année dernière , je vous ai présenté ces deux diapositives qui montraient que la calotte glacière arctique , qui pendant ces 3 derniers millions d&apos; année avait la taille des Etats-Unis sans l&apos; Alaska , qui pendant ces 3 derniers millions d&apos; année avait la taille des Etats-Unis sans l&apos; Alaska , avait diminué de 40 % .
2026-05-16 12:22:17,685 - INFO - joeynmt.training - 	Hypothesis: L&apos; année dernière , j&apos; ai montré ces deux <unk> pour que les <unk> <unk> <unk> , qui pour la plupart des trois dernières années a été la taille des <unk> <unk> , a <unk> par 40 % .
2026-05-16 12:22:17,685 - INFO - joeynmt.training - Example #1
2026-05-16 12:22:17,685 - DEBUG - joeynmt.training - 	Tokenized source:     ['But', 'this', 'understates', 'the', 'seriousness', 'of', 'this', 'particular', 'problem', 'because', 'it', 'doesn', '&apos;t', 'show', 'the', 'thickness', 'of', 'the', 'ice', '.']
2026-05-16 12:22:17,685 - DEBUG - joeynmt.training - 	Tokenized reference:  ['Mais', 'ceci', 'tend', 'à', 'amoindrir', 'le', 'problème', 'parce', 'qu&apos;', 'on', 'ne', 'voit', 'pas', 'l&apos;', 'épaisseur', 'de', 'la', 'glace', '.']
2026-05-16 12:22:17,685 - DEBUG - joeynmt.training - 	Tokenized hypothesis: ['Mais', 'cette', '<unk>', 'le', '<unk>', 'de', 'ce', 'problème', 'particulier', 'parce', 'que', 'ça', 'ne', 'montre', 'pas', 'l&apos;', '<unk>', 'de', 'la', 'glace', '.', '</s>']
2026-05-16 12:22:17,686 - INFO - joeynmt.training - 	Source:     But this understates the seriousness of this particular problem because it doesn &apos;t show the thickness of the ice .
2026-05-16 12:22:17,686 - INFO - joeynmt.training - 	Reference:  Mais ceci tend à amoindrir le problème parce qu&apos; on ne voit pas l&apos; épaisseur de la glace .
2026-05-16 12:22:17,686 - INFO - joeynmt.training - 	Hypothesis: Mais cette <unk> le <unk> de ce problème particulier parce que ça ne montre pas l&apos; <unk> de la glace .
2026-05-16 12:22:17,686 - INFO - joeynmt.training - Example #2
2026-05-16 12:22:17,686 - DEBUG - joeynmt.training - 	Tokenized source:     ['The', 'arctic', 'ice', 'cap', 'is', ',', 'in', 'a', 'sense', ',', 'the', 'beating', 'heart', 'of', 'the', 'global', 'climate', 'system', '.']
2026-05-16 12:22:17,686 - DEBUG - joeynmt.training - 	Tokenized reference:  ['On', 'peut', 'voir', 'la', 'calotte', 'glacière', 'arctique', 'comme', 'le', 'coeur', 'du', 'système', 'climatique', 'global', '.', 'On', 'peut', 'voir', 'la', 'calotte', 'glacière', 'arctique', 'comme', 'le', 'coeur', 'du', 'système', 'climatique', 'global', '.']
2026-05-16 12:22:17,686 - DEBUG - joeynmt.training - 	Tokenized hypothesis: ['La', 'glace', '<unk>', 'est', ',', 'dans', 'un', 'sens', ',', 'le', 'coeur', '<unk>', 'du', 'système', 'climatique', '.', '</s>']
2026-05-16 12:22:17,686 - INFO - joeynmt.training - 	Source:     The arctic ice cap is , in a sense , the beating heart of the global climate system .
2026-05-16 12:22:17,686 - INFO - joeynmt.training - 	Reference:  On peut voir la calotte glacière arctique comme le coeur du système climatique global . On peut voir la calotte glacière arctique comme le coeur du système climatique global .
2026-05-16 12:22:17,686 - INFO - joeynmt.training - 	Hypothesis: La glace <unk> est , dans un sens , le coeur <unk> du système climatique .
2026-05-16 12:22:17,686 - INFO - joeynmt.training - Example #3
2026-05-16 12:22:17,686 - DEBUG - joeynmt.training - 	Tokenized source:     ['It', 'expands', 'in', 'winter', 'and', 'contracts', 'in', 'summer', '.']
2026-05-16 12:22:17,686 - DEBUG - joeynmt.training - 	Tokenized reference:  ['Elle', 's&apos;', 'étend', 'en', 'hiver', 'et', 'se', 'contracte', 'en', 'été', '.']
2026-05-16 12:22:17,686 - DEBUG - joeynmt.training - 	Tokenized hypothesis: ['Il', '<unk>', 'en', '<unk>', 'et', '<unk>', 'en', 'été', '.', '</s>']
2026-05-16 12:22:17,686 - INFO - joeynmt.training - 	Source:     It expands in winter and contracts in summer .
2026-05-16 12:22:17,686 - INFO - joeynmt.training - 	Reference:  Elle s&apos; étend en hiver et se contracte en été .
2026-05-16 12:22:17,686 - INFO - joeynmt.training - 	Hypothesis: Il <unk> en <unk> et <unk> en été .
2026-05-16 12:22:17,686 - INFO - joeynmt.training - Example #4
2026-05-16 12:22:17,686 - DEBUG - joeynmt.training - 	Tokenized source:     ['The', 'next', 'slide', 'I', 'show', 'you', 'will', 'be', 'a', 'rapid', 'fast-forward', 'of', 'what', '&apos;s', 'happened', 'over', 'the', 'last', '25', 'years', '.']
2026-05-16 12:22:17,686 - DEBUG - joeynmt.training - 	Tokenized reference:  ['La', 'prochaine', 'diapositive', 'que', 'je', 'vais', 'vous', 'montrer', 'est', 'une', 'vue', 'en', 'accéléré', 'de', 'ce', 'qui', 's&apos;', 'est', 'passé', 'ces', '25', 'dernières', 'années', '.']
2026-05-16 12:22:17,686 - DEBUG - joeynmt.training - 	Tokenized hypothesis: ['La', 'prochaine', '<unk>', 'que', 'je', 'vous', '<unk>', 'une', '<unk>', 'de', 'ce', 'qui', 's&apos;', 'est', 'passé', 'depuis', '25', 'dernières', 'années', '.', '</s>']
2026-05-16 12:22:17,686 - INFO - joeynmt.training - 	Source:     The next slide I show you will be a rapid fast-forward of what &apos;s happened over the last 25 years .
2026-05-16 12:22:17,686 - INFO - joeynmt.training - 	Reference:  La prochaine diapositive que je vais vous montrer est une vue en accéléré de ce qui s&apos; est passé ces 25 dernières années .
2026-05-16 12:22:17,686 - INFO - joeynmt.training - 	Hypothesis: La prochaine <unk> que je vous <unk> une <unk> de ce qui s&apos; est passé depuis 25 dernières années .
2026-05-16 12:22:27,863 - INFO - joeynmt.training - Epoch   5, Step:    15100, Batch Loss:     1.139361, Batch Acc: 0.624653, Tokens per Sec:     7191, Lr: 0.000300
2026-05-16 12:22:37,940 - INFO - joeynmt.training - Epoch   5, Step:    15200, Batch Loss:     1.152243, Batch Acc: 0.618427, Tokens per Sec:     7125, Lr: 0.000300
2026-05-16 12:22:48,244 - INFO - joeynmt.training - Epoch   5, Step:    15300, Batch Loss:     1.120576, Batch Acc: 0.621358, Tokens per Sec:     7086, Lr: 0.000300
2026-05-16 12:22:58,320 - INFO - joeynmt.training - Epoch   5, Step:    15400, Batch Loss:     1.196599, Batch Acc: 0.619004, Tokens per Sec:     7196, Lr: 0.000300
2026-05-16 12:23:08,526 - INFO - joeynmt.training - Epoch   5, Step:    15500, Batch Loss:     1.249242, Batch Acc: 0.621614, Tokens per Sec:     7082, Lr: 0.000300
2026-05-16 12:23:08,526 - WARNING - joeynmt.helpers - `alpha` option is obsolete. Please use `beam_alpha`, instead.
2026-05-16 12:23:08,526 - INFO - joeynmt.prediction - Predicting 890 example(s)... (Greedy decoding with min_output_length=1, max_output_length=-1, return_prob='none', generate_unk=True, repetition_penalty=-1, no_repeat_ngram_size=-1)
2026-05-16 12:23:25,522 - INFO - joeynmt.prediction - Evaluation result (greedy) loss:   1.39, ppl:   4.00, acc:   0.55, generation: 16.9928[sec], evaluation: 0.0000[sec]
2026-05-16 12:23:25,523 - INFO - joeynmt.training - Hooray! New best validation result [ppl]!
2026-05-16 12:23:25,578 - INFO - joeynmt.helpers - delete models/word_2k/13500.ckpt
2026-05-16 12:23:25,578 - INFO - joeynmt.training - Example #0
2026-05-16 12:23:25,578 - DEBUG - joeynmt.training - 	Tokenized source:     ['Last', 'year', 'I', 'showed', 'these', 'two', 'slides', 'so', 'that', 'demonstrate', 'that', 'the', 'arctic', 'ice', 'cap', ',', 'which', 'for', 'most', 'of', 'the', 'last', 'three', 'million', 'years', 'has', 'been', 'the', 'size', 'of', 'the', 'lower', '48', 'states', ',', 'has', 'shrunk', 'by', '40', 'percent', '.']
2026-05-16 12:23:25,578 - DEBUG - joeynmt.training - 	Tokenized reference:  ['L&apos;', 'année', 'dernière', ',', 'je', 'vous', 'ai', 'présenté', 'ces', 'deux', 'diapositives', 'qui', 'montraient', 'que', 'la', 'calotte', 'glacière', 'arctique', ',', 'qui', 'pendant', 'ces', '3', 'derniers', 'millions', 'd&apos;', 'année', 'avait', 'la', 'taille', 'des', 'Etats-Unis', 'sans', 'l&apos;', 'Alaska', ',', 'qui', 'pendant', 'ces', '3', 'derniers', 'millions', 'd&apos;', 'année', 'avait', 'la', 'taille', 'des', 'Etats-Unis', 'sans', 'l&apos;', 'Alaska', ',', 'avait', 'diminué', 'de', '40', '%', '.']
2026-05-16 12:23:25,578 - DEBUG - joeynmt.training - 	Tokenized hypothesis: ['L&apos;', 'année', 'dernière', ',', 'j&apos;', 'ai', 'montré', 'ces', 'deux', '<unk>', 'pour', 'que', 'la', '<unk>', '<unk>', 'de', 'glace', ',', 'qui', '<unk>', 'la', '<unk>', 'de', 'glace', ',', 'qui', '<unk>', 'la', 'taille', 'des', '<unk>', '<unk>', ',', '<unk>', 'par', '40', 'pour', 'cent', '.', '</s>']
2026-05-16 12:23:25,579 - INFO - joeynmt.training - 	Source:     Last year I showed these two slides so that demonstrate that the arctic ice cap , which for most of the last three million years has been the size of the lower 48 states , has shrunk by 40 percent .
2026-05-16 12:23:25,579 - INFO - joeynmt.training - 	Reference:  L&apos; année dernière , je vous ai présenté ces deux diapositives qui montraient que la calotte glacière arctique , qui pendant ces 3 derniers millions d&apos; année avait la taille des Etats-Unis sans l&apos; Alaska , qui pendant ces 3 derniers millions d&apos; année avait la taille des Etats-Unis sans l&apos; Alaska , avait diminué de 40 % .
2026-05-16 12:23:25,579 - INFO - joeynmt.training - 	Hypothesis: L&apos; année dernière , j&apos; ai montré ces deux <unk> pour que la <unk> <unk> de glace , qui <unk> la <unk> de glace , qui <unk> la taille des <unk> <unk> , <unk> par 40 pour cent .
2026-05-16 12:23:25,579 - INFO - joeynmt.training - Example #1
2026-05-16 12:23:25,579 - DEBUG - joeynmt.training - 	Tokenized source:     ['But', 'this', 'understates', 'the', 'seriousness', 'of', 'this', 'particular', 'problem', 'because', 'it', 'doesn', '&apos;t', 'show', 'the', 'thickness', 'of', 'the', 'ice', '.']
2026-05-16 12:23:25,579 - DEBUG - joeynmt.training - 	Tokenized reference:  ['Mais', 'ceci', 'tend', 'à', 'amoindrir', 'le', 'problème', 'parce', 'qu&apos;', 'on', 'ne', 'voit', 'pas', 'l&apos;', 'épaisseur', 'de', 'la', 'glace', '.']
2026-05-16 12:23:25,579 - DEBUG - joeynmt.training - 	Tokenized hypothesis: ['Mais', 'ce', 'problème', 'en', 'particulier', 'le', '<unk>', 'de', 'ce', 'problème', 'en', 'particulier', 'parce', 'que', 'ça', 'ne', '<unk>', 'pas', 'l&apos;', '<unk>', 'de', 'la', 'glace', '.', '</s>']
2026-05-16 12:23:25,579 - INFO - joeynmt.training - 	Source:     But this understates the seriousness of this particular problem because it doesn &apos;t show the thickness of the ice .
2026-05-16 12:23:25,579 - INFO - joeynmt.training - 	Reference:  Mais ceci tend à amoindrir le problème parce qu&apos; on ne voit pas l&apos; épaisseur de la glace .
2026-05-16 12:23:25,579 - INFO - joeynmt.training - 	Hypothesis: Mais ce problème en particulier le <unk> de ce problème en particulier parce que ça ne <unk> pas l&apos; <unk> de la glace .
2026-05-16 12:23:25,579 - INFO - joeynmt.training - Example #2
2026-05-16 12:23:25,579 - DEBUG - joeynmt.training - 	Tokenized source:     ['The', 'arctic', 'ice', 'cap', 'is', ',', 'in', 'a', 'sense', ',', 'the', 'beating', 'heart', 'of', 'the', 'global', 'climate', 'system', '.']
2026-05-16 12:23:25,579 - DEBUG - joeynmt.training - 	Tokenized reference:  ['On', 'peut', 'voir', 'la', 'calotte', 'glacière', 'arctique', 'comme', 'le', 'coeur', 'du', 'système', 'climatique', 'global', '.', 'On', 'peut', 'voir', 'la', 'calotte', 'glacière', 'arctique', 'comme', 'le', 'coeur', 'du', 'système', 'climatique', 'global', '.']
2026-05-16 12:23:25,579 - DEBUG - joeynmt.training - 	Tokenized hypothesis: ['La', '<unk>', '<unk>', '<unk>', 'est', ',', 'dans', 'un', 'sens', ',', 'le', 'cœur', 'du', 'système', 'mondial', '.', '</s>']
2026-05-16 12:23:25,579 - INFO - joeynmt.training - 	Source:     The arctic ice cap is , in a sense , the beating heart of the global climate system .
2026-05-16 12:23:25,579 - INFO - joeynmt.training - 	Reference:  On peut voir la calotte glacière arctique comme le coeur du système climatique global . On peut voir la calotte glacière arctique comme le coeur du système climatique global .
2026-05-16 12:23:25,579 - INFO - joeynmt.training - 	Hypothesis: La <unk> <unk> <unk> est , dans un sens , le cœur du système mondial .
2026-05-16 12:23:25,579 - INFO - joeynmt.training - Example #3
2026-05-16 12:23:25,579 - DEBUG - joeynmt.training - 	Tokenized source:     ['It', 'expands', 'in', 'winter', 'and', 'contracts', 'in', 'summer', '.']
2026-05-16 12:23:25,579 - DEBUG - joeynmt.training - 	Tokenized reference:  ['Elle', 's&apos;', 'étend', 'en', 'hiver', 'et', 'se', 'contracte', 'en', 'été', '.']
2026-05-16 12:23:25,579 - DEBUG - joeynmt.training - 	Tokenized hypothesis: ['Il', '<unk>', 'en', '<unk>', 'et', '<unk>', 'en', 'été', '.', '</s>']
2026-05-16 12:23:25,579 - INFO - joeynmt.training - 	Source:     It expands in winter and contracts in summer .
2026-05-16 12:23:25,579 - INFO - joeynmt.training - 	Reference:  Elle s&apos; étend en hiver et se contracte en été .
2026-05-16 12:23:25,579 - INFO - joeynmt.training - 	Hypothesis: Il <unk> en <unk> et <unk> en été .
2026-05-16 12:23:25,579 - INFO - joeynmt.training - Example #4
2026-05-16 12:23:25,579 - DEBUG - joeynmt.training - 	Tokenized source:     ['The', 'next', 'slide', 'I', 'show', 'you', 'will', 'be', 'a', 'rapid', 'fast-forward', 'of', 'what', '&apos;s', 'happened', 'over', 'the', 'last', '25', 'years', '.']
2026-05-16 12:23:25,579 - DEBUG - joeynmt.training - 	Tokenized reference:  ['La', 'prochaine', 'diapositive', 'que', 'je', 'vais', 'vous', 'montrer', 'est', 'une', 'vue', 'en', 'accéléré', 'de', 'ce', 'qui', 's&apos;', 'est', 'passé', 'ces', '25', 'dernières', 'années', '.']
2026-05-16 12:23:25,579 - DEBUG - joeynmt.training - 	Tokenized hypothesis: ['La', '<unk>', 'suivante', 'que', 'je', 'vous', '<unk>', 'une', '<unk>', '<unk>', 'de', 'ce', 'qui', 's&apos;', 'est', 'passé', 'au', 'cours', 'des', '25', 'dernières', 'années', '.', '</s>']
2026-05-16 12:23:25,579 - INFO - joeynmt.training - 	Source:     The next slide I show you will be a rapid fast-forward of what &apos;s happened over the last 25 years .
2026-05-16 12:23:25,579 - INFO - joeynmt.training - 	Reference:  La prochaine diapositive que je vais vous montrer est une vue en accéléré de ce qui s&apos; est passé ces 25 dernières années .
2026-05-16 12:23:25,579 - INFO - joeynmt.training - 	Hypothesis: La <unk> suivante que je vous <unk> une <unk> <unk> de ce qui s&apos; est passé au cours des 25 dernières années .
2026-05-16 12:23:25,580 - INFO - joeynmt.training - Epoch   5: total training loss 3594.93
2026-05-16 12:23:25,580 - INFO - joeynmt.training - EPOCH 6
2026-05-16 12:23:35,700 - INFO - joeynmt.training - Epoch   6, Step:    15600, Batch Loss:     1.049515, Batch Acc: 0.643898, Tokens per Sec:     7433, Lr: 0.000300
2026-05-16 12:23:45,701 - INFO - joeynmt.training - Epoch   6, Step:    15700, Batch Loss:     1.135957, Batch Acc: 0.643033, Tokens per Sec:     7188, Lr: 0.000300
2026-05-16 12:23:55,849 - INFO - joeynmt.training - Epoch   6, Step:    15800, Batch Loss:     1.110070, Batch Acc: 0.642571, Tokens per Sec:     7320, Lr: 0.000300
2026-05-16 12:24:05,962 - INFO - joeynmt.training - Epoch   6, Step:    15900, Batch Loss:     1.172933, Batch Acc: 0.637669, Tokens per Sec:     7212, Lr: 0.000300
2026-05-16 12:24:16,298 - INFO - joeynmt.training - Epoch   6, Step:    16000, Batch Loss:     1.049486, Batch Acc: 0.632132, Tokens per Sec:     7046, Lr: 0.000300
2026-05-16 12:24:16,298 - WARNING - joeynmt.helpers - `alpha` option is obsolete. Please use `beam_alpha`, instead.
2026-05-16 12:24:16,298 - INFO - joeynmt.prediction - Predicting 890 example(s)... (Greedy decoding with min_output_length=1, max_output_length=-1, return_prob='none', generate_unk=True, repetition_penalty=-1, no_repeat_ngram_size=-1)
2026-05-16 12:24:32,047 - INFO - joeynmt.prediction - Evaluation result (greedy) loss:   1.40, ppl:   4.05, acc:   0.55, generation: 15.7454[sec], evaluation: 0.0000[sec]
2026-05-16 12:24:32,102 - INFO - joeynmt.helpers - delete models/word_2k/12500.ckpt
2026-05-16 12:24:32,102 - INFO - joeynmt.training - Example #0
2026-05-16 12:24:32,102 - DEBUG - joeynmt.training - 	Tokenized source:     ['Last', 'year', 'I', 'showed', 'these', 'two', 'slides', 'so', 'that', 'demonstrate', 'that', 'the', 'arctic', 'ice', 'cap', ',', 'which', 'for', 'most', 'of', 'the', 'last', 'three', 'million', 'years', 'has', 'been', 'the', 'size', 'of', 'the', 'lower', '48', 'states', ',', 'has', 'shrunk', 'by', '40', 'percent', '.']
2026-05-16 12:24:32,102 - DEBUG - joeynmt.training - 	Tokenized reference:  ['L&apos;', 'année', 'dernière', ',', 'je', 'vous', 'ai', 'présenté', 'ces', 'deux', 'diapositives', 'qui', 'montraient', 'que', 'la', 'calotte', 'glacière', 'arctique', ',', 'qui', 'pendant', 'ces', '3', 'derniers', 'millions', 'd&apos;', 'année', 'avait', 'la', 'taille', 'des', 'Etats-Unis', 'sans', 'l&apos;', 'Alaska', ',', 'qui', 'pendant', 'ces', '3', 'derniers', 'millions', 'd&apos;', 'année', 'avait', 'la', 'taille', 'des', 'Etats-Unis', 'sans', 'l&apos;', 'Alaska', ',', 'avait', 'diminué', 'de', '40', '%', '.']
2026-05-16 12:24:32,102 - DEBUG - joeynmt.training - 	Tokenized hypothesis: ['L&apos;', 'année', 'dernière', ',', 'j&apos;', 'ai', 'montré', 'ces', 'deux', '<unk>', 'pour', 'que', 'la', 'glace', '<unk>', '<unk>', ',', 'qui', 'pendant', 'la', 'plupart', 'des', 'trois', 'millions', 'd&apos;', 'années', 'a', 'été', 'la', 'taille', 'de', 'l&apos;', '<unk>', '<unk>', ',', 'a', '<unk>', 'par', '40', 'pour', 'cent', '.', '</s>']
2026-05-16 12:24:32,103 - INFO - joeynmt.training - 	Source:     Last year I showed these two slides so that demonstrate that the arctic ice cap , which for most of the last three million years has been the size of the lower 48 states , has shrunk by 40 percent .
2026-05-16 12:24:32,103 - INFO - joeynmt.training - 	Reference:  L&apos; année dernière , je vous ai présenté ces deux diapositives qui montraient que la calotte glacière arctique , qui pendant ces 3 derniers millions d&apos; année avait la taille des Etats-Unis sans l&apos; Alaska , qui pendant ces 3 derniers millions d&apos; année avait la taille des Etats-Unis sans l&apos; Alaska , avait diminué de 40 % .
2026-05-16 12:24:32,103 - INFO - joeynmt.training - 	Hypothesis: L&apos; année dernière , j&apos; ai montré ces deux <unk> pour que la glace <unk> <unk> , qui pendant la plupart des trois millions d&apos; années a été la taille de l&apos; <unk> <unk> , a <unk> par 40 pour cent .
2026-05-16 12:24:32,103 - INFO - joeynmt.training - Example #1
2026-05-16 12:24:32,103 - DEBUG - joeynmt.training - 	Tokenized source:     ['But', 'this', 'understates', 'the', 'seriousness', 'of', 'this', 'particular', 'problem', 'because', 'it', 'doesn', '&apos;t', 'show', 'the', 'thickness', 'of', 'the', 'ice', '.']
2026-05-16 12:24:32,103 - DEBUG - joeynmt.training - 	Tokenized reference:  ['Mais', 'ceci', 'tend', 'à', 'amoindrir', 'le', 'problème', 'parce', 'qu&apos;', 'on', 'ne', 'voit', 'pas', 'l&apos;', 'épaisseur', 'de', 'la', 'glace', '.']
2026-05-16 12:24:32,103 - DEBUG - joeynmt.training - 	Tokenized hypothesis: ['Mais', 'cette', '<unk>', 'l&apos;', '<unk>', 'de', 'ce', 'problème', 'en', 'particulier', 'parce', 'qu&apos;', 'il', 'ne', '<unk>', 'pas', 'l&apos;', '<unk>', 'de', 'la', 'glace', '.', '</s>']
2026-05-16 12:24:32,103 - INFO - joeynmt.training - 	Source:     But this understates the seriousness of this particular problem because it doesn &apos;t show the thickness of the ice .
2026-05-16 12:24:32,103 - INFO - joeynmt.training - 	Reference:  Mais ceci tend à amoindrir le problème parce qu&apos; on ne voit pas l&apos; épaisseur de la glace .
2026-05-16 12:24:32,103 - INFO - joeynmt.training - 	Hypothesis: Mais cette <unk> l&apos; <unk> de ce problème en particulier parce qu&apos; il ne <unk> pas l&apos; <unk> de la glace .
2026-05-16 12:24:32,103 - INFO - joeynmt.training - Example #2
2026-05-16 12:24:32,103 - DEBUG - joeynmt.training - 	Tokenized source:     ['The', 'arctic', 'ice', 'cap', 'is', ',', 'in', 'a', 'sense', ',', 'the', 'beating', 'heart', 'of', 'the', 'global', 'climate', 'system', '.']
2026-05-16 12:24:32,103 - DEBUG - joeynmt.training - 	Tokenized reference:  ['On', 'peut', 'voir', 'la', 'calotte', 'glacière', 'arctique', 'comme', 'le', 'coeur', 'du', 'système', 'climatique', 'global', '.', 'On', 'peut', 'voir', 'la', 'calotte', 'glacière', 'arctique', 'comme', 'le', 'coeur', 'du', 'système', 'climatique', 'global', '.']
2026-05-16 12:24:32,103 - DEBUG - joeynmt.training - 	Tokenized hypothesis: ['La', 'glace', '<unk>', 'est', ',', 'en', 'un', 'sens', ',', 'le', 'cœur', '<unk>', 'du', 'système', 'climatique', '.', '</s>']
2026-05-16 12:24:32,103 - INFO - joeynmt.training - 	Source:     The arctic ice cap is , in a sense , the beating heart of the global climate system .
2026-05-16 12:24:32,103 - INFO - joeynmt.training - 	Reference:  On peut voir la calotte glacière arctique comme le coeur du système climatique global . On peut voir la calotte glacière arctique comme le coeur du système climatique global .
2026-05-16 12:24:32,103 - INFO - joeynmt.training - 	Hypothesis: La glace <unk> est , en un sens , le cœur <unk> du système climatique .
2026-05-16 12:24:32,103 - INFO - joeynmt.training - Example #3
2026-05-16 12:24:32,103 - DEBUG - joeynmt.training - 	Tokenized source:     ['It', 'expands', 'in', 'winter', 'and', 'contracts', 'in', 'summer', '.']
2026-05-16 12:24:32,103 - DEBUG - joeynmt.training - 	Tokenized reference:  ['Elle', 's&apos;', 'étend', 'en', 'hiver', 'et', 'se', 'contracte', 'en', 'été', '.']
2026-05-16 12:24:32,103 - DEBUG - joeynmt.training - 	Tokenized hypothesis: ['Il', '<unk>', 'en', '<unk>', 'et', '<unk>', 'en', 'été', '.', '</s>']
2026-05-16 12:24:32,103 - INFO - joeynmt.training - 	Source:     It expands in winter and contracts in summer .
2026-05-16 12:24:32,103 - INFO - joeynmt.training - 	Reference:  Elle s&apos; étend en hiver et se contracte en été .
2026-05-16 12:24:32,103 - INFO - joeynmt.training - 	Hypothesis: Il <unk> en <unk> et <unk> en été .
2026-05-16 12:24:32,103 - INFO - joeynmt.training - Example #4
2026-05-16 12:24:32,103 - DEBUG - joeynmt.training - 	Tokenized source:     ['The', 'next', 'slide', 'I', 'show', 'you', 'will', 'be', 'a', 'rapid', 'fast-forward', 'of', 'what', '&apos;s', 'happened', 'over', 'the', 'last', '25', 'years', '.']
2026-05-16 12:24:32,103 - DEBUG - joeynmt.training - 	Tokenized reference:  ['La', 'prochaine', 'diapositive', 'que', 'je', 'vais', 'vous', 'montrer', 'est', 'une', 'vue', 'en', 'accéléré', 'de', 'ce', 'qui', 's&apos;', 'est', 'passé', 'ces', '25', 'dernières', 'années', '.']
2026-05-16 12:24:32,103 - DEBUG - joeynmt.training - 	Tokenized hypothesis: ['La', 'prochaine', '<unk>', 'que', 'je', 'vous', 'montre', 'une', '<unk>', 'de', 'ce', 'qui', 's&apos;', 'est', 'produit', 'au', 'cours', 'des', '25', 'dernières', 'années', '.', '</s>']
2026-05-16 12:24:32,103 - INFO - joeynmt.training - 	Source:     The next slide I show you will be a rapid fast-forward of what &apos;s happened over the last 25 years .
2026-05-16 12:24:32,103 - INFO - joeynmt.training - 	Reference:  La prochaine diapositive que je vais vous montrer est une vue en accéléré de ce qui s&apos; est passé ces 25 dernières années .
2026-05-16 12:24:32,103 - INFO - joeynmt.training - 	Hypothesis: La prochaine <unk> que je vous montre une <unk> de ce qui s&apos; est produit au cours des 25 dernières années .
2026-05-16 12:24:42,111 - INFO - joeynmt.training - Epoch   6, Step:    16100, Batch Loss:     1.079769, Batch Acc: 0.632093, Tokens per Sec:     7166, Lr: 0.000300
2026-05-16 12:24:52,140 - INFO - joeynmt.training - Epoch   6, Step:    16200, Batch Loss:     1.206206, Batch Acc: 0.634831, Tokens per Sec:     7199, Lr: 0.000300
2026-05-16 12:25:02,353 - INFO - joeynmt.training - Epoch   6, Step:    16300, Batch Loss:     1.192483, Batch Acc: 0.633132, Tokens per Sec:     6952, Lr: 0.000300
2026-05-16 12:25:12,624 - INFO - joeynmt.training - Epoch   6, Step:    16400, Batch Loss:     1.108783, Batch Acc: 0.636895, Tokens per Sec:     6994, Lr: 0.000300
2026-05-16 12:25:22,562 - INFO - joeynmt.training - Epoch   6, Step:    16500, Batch Loss:     1.094854, Batch Acc: 0.636867, Tokens per Sec:     7304, Lr: 0.000300
2026-05-16 12:25:22,562 - WARNING - joeynmt.helpers - `alpha` option is obsolete. Please use `beam_alpha`, instead.
2026-05-16 12:25:22,562 - INFO - joeynmt.prediction - Predicting 890 example(s)... (Greedy decoding with min_output_length=1, max_output_length=-1, return_prob='none', generate_unk=True, repetition_penalty=-1, no_repeat_ngram_size=-1)
2026-05-16 12:25:39,067 - INFO - joeynmt.prediction - Evaluation result (greedy) loss:   1.40, ppl:   4.04, acc:   0.56, generation: 16.5010[sec], evaluation: 0.0000[sec]
2026-05-16 12:25:39,123 - INFO - joeynmt.helpers - delete models/word_2k/14000.ckpt
2026-05-16 12:25:39,123 - INFO - joeynmt.training - Example #0
2026-05-16 12:25:39,123 - DEBUG - joeynmt.training - 	Tokenized source:     ['Last', 'year', 'I', 'showed', 'these', 'two', 'slides', 'so', 'that', 'demonstrate', 'that', 'the', 'arctic', 'ice', 'cap', ',', 'which', 'for', 'most', 'of', 'the', 'last', 'three', 'million', 'years', 'has', 'been', 'the', 'size', 'of', 'the', 'lower', '48', 'states', ',', 'has', 'shrunk', 'by', '40', 'percent', '.']
2026-05-16 12:25:39,123 - DEBUG - joeynmt.training - 	Tokenized reference:  ['L&apos;', 'année', 'dernière', ',', 'je', 'vous', 'ai', 'présenté', 'ces', 'deux', 'diapositives', 'qui', 'montraient', 'que', 'la', 'calotte', 'glacière', 'arctique', ',', 'qui', 'pendant', 'ces', '3', 'derniers', 'millions', 'd&apos;', 'année', 'avait', 'la', 'taille', 'des', 'Etats-Unis', 'sans', 'l&apos;', 'Alaska', ',', 'qui', 'pendant', 'ces', '3', 'derniers', 'millions', 'd&apos;', 'année', 'avait', 'la', 'taille', 'des', 'Etats-Unis', 'sans', 'l&apos;', 'Alaska', ',', 'avait', 'diminué', 'de', '40', '%', '.']
2026-05-16 12:25:39,123 - DEBUG - joeynmt.training - 	Tokenized hypothesis: ['L&apos;', 'année', 'dernière', ',', 'j&apos;', 'ai', 'montré', 'ces', 'deux', '<unk>', 'pour', 'que', 'la', 'glace', '<unk>', ',', 'qui', ',', 'pour', 'la', 'plupart', 'des', 'trois', 'millions', 'd&apos;', 'années', 'ont', 'été', 'la', 'taille', 'de', 'l&apos;', '<unk>', '<unk>', '<unk>', ',', 'a', '<unk>', 'par', '40', 'pour', 'cent', '.', '</s>']
2026-05-16 12:25:39,124 - INFO - joeynmt.training - 	Source:     Last year I showed these two slides so that demonstrate that the arctic ice cap , which for most of the last three million years has been the size of the lower 48 states , has shrunk by 40 percent .
2026-05-16 12:25:39,124 - INFO - joeynmt.training - 	Reference:  L&apos; année dernière , je vous ai présenté ces deux diapositives qui montraient que la calotte glacière arctique , qui pendant ces 3 derniers millions d&apos; année avait la taille des Etats-Unis sans l&apos; Alaska , qui pendant ces 3 derniers millions d&apos; année avait la taille des Etats-Unis sans l&apos; Alaska , avait diminué de 40 % .
2026-05-16 12:25:39,124 - INFO - joeynmt.training - 	Hypothesis: L&apos; année dernière , j&apos; ai montré ces deux <unk> pour que la glace <unk> , qui , pour la plupart des trois millions d&apos; années ont été la taille de l&apos; <unk> <unk> <unk> , a <unk> par 40 pour cent .
2026-05-16 12:25:39,124 - INFO - joeynmt.training - Example #1
2026-05-16 12:25:39,124 - DEBUG - joeynmt.training - 	Tokenized source:     ['But', 'this', 'understates', 'the', 'seriousness', 'of', 'this', 'particular', 'problem', 'because', 'it', 'doesn', '&apos;t', 'show', 'the', 'thickness', 'of', 'the', 'ice', '.']
2026-05-16 12:25:39,124 - DEBUG - joeynmt.training - 	Tokenized reference:  ['Mais', 'ceci', 'tend', 'à', 'amoindrir', 'le', 'problème', 'parce', 'qu&apos;', 'on', 'ne', 'voit', 'pas', 'l&apos;', 'épaisseur', 'de', 'la', 'glace', '.']
2026-05-16 12:25:39,124 - DEBUG - joeynmt.training - 	Tokenized hypothesis: ['Mais', 'cette', '<unk>', 'le', '<unk>', 'de', 'ce', 'problème', 'en', 'particulier', 'parce', 'que', 'ça', 'ne', '<unk>', 'pas', 'de', 'la', 'glace', '.', '</s>']
2026-05-16 12:25:39,124 - INFO - joeynmt.training - 	Source:     But this understates the seriousness of this particular problem because it doesn &apos;t show the thickness of the ice .
2026-05-16 12:25:39,124 - INFO - joeynmt.training - 	Reference:  Mais ceci tend à amoindrir le problème parce qu&apos; on ne voit pas l&apos; épaisseur de la glace .
2026-05-16 12:25:39,124 - INFO - joeynmt.training - 	Hypothesis: Mais cette <unk> le <unk> de ce problème en particulier parce que ça ne <unk> pas de la glace .
2026-05-16 12:25:39,124 - INFO - joeynmt.training - Example #2
2026-05-16 12:25:39,124 - DEBUG - joeynmt.training - 	Tokenized source:     ['The', 'arctic', 'ice', 'cap', 'is', ',', 'in', 'a', 'sense', ',', 'the', 'beating', 'heart', 'of', 'the', 'global', 'climate', 'system', '.']
2026-05-16 12:25:39,124 - DEBUG - joeynmt.training - 	Tokenized reference:  ['On', 'peut', 'voir', 'la', 'calotte', 'glacière', 'arctique', 'comme', 'le', 'coeur', 'du', 'système', 'climatique', 'global', '.', 'On', 'peut', 'voir', 'la', 'calotte', 'glacière', 'arctique', 'comme', 'le', 'coeur', 'du', 'système', 'climatique', 'global', '.']
2026-05-16 12:25:39,124 - DEBUG - joeynmt.training - 	Tokenized hypothesis: ['La', '<unk>', 'de', 'glace', 'est', ',', 'dans', 'un', 'sens', ',', 'le', '<unk>', 'cardiaque', 'du', 'système', 'climatique', '.', '</s>']
2026-05-16 12:25:39,124 - INFO - joeynmt.training - 	Source:     The arctic ice cap is , in a sense , the beating heart of the global climate system .
2026-05-16 12:25:39,124 - INFO - joeynmt.training - 	Reference:  On peut voir la calotte glacière arctique comme le coeur du système climatique global . On peut voir la calotte glacière arctique comme le coeur du système climatique global .
2026-05-16 12:25:39,124 - INFO - joeynmt.training - 	Hypothesis: La <unk> de glace est , dans un sens , le <unk> cardiaque du système climatique .
2026-05-16 12:25:39,124 - INFO - joeynmt.training - Example #3
2026-05-16 12:25:39,124 - DEBUG - joeynmt.training - 	Tokenized source:     ['It', 'expands', 'in', 'winter', 'and', 'contracts', 'in', 'summer', '.']
2026-05-16 12:25:39,124 - DEBUG - joeynmt.training - 	Tokenized reference:  ['Elle', 's&apos;', 'étend', 'en', 'hiver', 'et', 'se', 'contracte', 'en', 'été', '.']
2026-05-16 12:25:39,124 - DEBUG - joeynmt.training - 	Tokenized hypothesis: ['Il', '<unk>', 'en', '<unk>', 'et', '<unk>', 'en', 'été', '.', '</s>']
2026-05-16 12:25:39,124 - INFO - joeynmt.training - 	Source:     It expands in winter and contracts in summer .
2026-05-16 12:25:39,124 - INFO - joeynmt.training - 	Reference:  Elle s&apos; étend en hiver et se contracte en été .
2026-05-16 12:25:39,124 - INFO - joeynmt.training - 	Hypothesis: Il <unk> en <unk> et <unk> en été .
2026-05-16 12:25:39,124 - INFO - joeynmt.training - Example #4
2026-05-16 12:25:39,124 - DEBUG - joeynmt.training - 	Tokenized source:     ['The', 'next', 'slide', 'I', 'show', 'you', 'will', 'be', 'a', 'rapid', 'fast-forward', 'of', 'what', '&apos;s', 'happened', 'over', 'the', 'last', '25', 'years', '.']
2026-05-16 12:25:39,124 - DEBUG - joeynmt.training - 	Tokenized reference:  ['La', 'prochaine', 'diapositive', 'que', 'je', 'vais', 'vous', 'montrer', 'est', 'une', 'vue', 'en', 'accéléré', 'de', 'ce', 'qui', 's&apos;', 'est', 'passé', 'ces', '25', 'dernières', 'années', '.']
2026-05-16 12:25:39,124 - DEBUG - joeynmt.training - 	Tokenized hypothesis: ['La', 'prochaine', '<unk>', 'que', 'je', 'vous', '<unk>', 'une', '<unk>', 'de', 'ce', 'qui', 's&apos;', 'est', 'passé', 'au', 'cours', 'des', '25', 'dernières', 'années', '.', '</s>']
2026-05-16 12:25:39,124 - INFO - joeynmt.training - 	Source:     The next slide I show you will be a rapid fast-forward of what &apos;s happened over the last 25 years .
2026-05-16 12:25:39,124 - INFO - joeynmt.training - 	Reference:  La prochaine diapositive que je vais vous montrer est une vue en accéléré de ce qui s&apos; est passé ces 25 dernières années .
2026-05-16 12:25:39,124 - INFO - joeynmt.training - 	Hypothesis: La prochaine <unk> que je vous <unk> une <unk> de ce qui s&apos; est passé au cours des 25 dernières années .
2026-05-16 12:25:49,195 - INFO - joeynmt.training - Epoch   6, Step:    16600, Batch Loss:     1.212704, Batch Acc: 0.632259, Tokens per Sec:     7148, Lr: 0.000300
2026-05-16 12:25:59,495 - INFO - joeynmt.training - Epoch   6, Step:    16700, Batch Loss:     1.186805, Batch Acc: 0.632041, Tokens per Sec:     7120, Lr: 0.000300
2026-05-16 12:26:09,517 - INFO - joeynmt.training - Epoch   6, Step:    16800, Batch Loss:     1.173083, Batch Acc: 0.636682, Tokens per Sec:     7359, Lr: 0.000300
2026-05-16 12:26:19,880 - INFO - joeynmt.training - Epoch   6, Step:    16900, Batch Loss:     1.157031, Batch Acc: 0.633672, Tokens per Sec:     7194, Lr: 0.000300
2026-05-16 12:26:30,187 - INFO - joeynmt.training - Epoch   6, Step:    17000, Batch Loss:     1.152872, Batch Acc: 0.634140, Tokens per Sec:     7140, Lr: 0.000300
2026-05-16 12:26:30,187 - WARNING - joeynmt.helpers - `alpha` option is obsolete. Please use `beam_alpha`, instead.
2026-05-16 12:26:30,187 - INFO - joeynmt.prediction - Predicting 890 example(s)... (Greedy decoding with min_output_length=1, max_output_length=-1, return_prob='none', generate_unk=True, repetition_penalty=-1, no_repeat_ngram_size=-1)
2026-05-16 12:26:45,732 - INFO - joeynmt.prediction - Evaluation result (greedy) loss:   1.40, ppl:   4.05, acc:   0.56, generation: 15.5423[sec], evaluation: 0.0000[sec]
2026-05-16 12:26:45,788 - INFO - joeynmt.helpers - delete models/word_2k/14500.ckpt
2026-05-16 12:26:45,788 - INFO - joeynmt.training - Example #0
2026-05-16 12:26:45,788 - DEBUG - joeynmt.training - 	Tokenized source:     ['Last', 'year', 'I', 'showed', 'these', 'two', 'slides', 'so', 'that', 'demonstrate', 'that', 'the', 'arctic', 'ice', 'cap', ',', 'which', 'for', 'most', 'of', 'the', 'last', 'three', 'million', 'years', 'has', 'been', 'the', 'size', 'of', 'the', 'lower', '48', 'states', ',', 'has', 'shrunk', 'by', '40', 'percent', '.']
2026-05-16 12:26:45,788 - DEBUG - joeynmt.training - 	Tokenized reference:  ['L&apos;', 'année', 'dernière', ',', 'je', 'vous', 'ai', 'présenté', 'ces', 'deux', 'diapositives', 'qui', 'montraient', 'que', 'la', 'calotte', 'glacière', 'arctique', ',', 'qui', 'pendant', 'ces', '3', 'derniers', 'millions', 'd&apos;', 'année', 'avait', 'la', 'taille', 'des', 'Etats-Unis', 'sans', 'l&apos;', 'Alaska', ',', 'qui', 'pendant', 'ces', '3', 'derniers', 'millions', 'd&apos;', 'année', 'avait', 'la', 'taille', 'des', 'Etats-Unis', 'sans', 'l&apos;', 'Alaska', ',', 'avait', 'diminué', 'de', '40', '%', '.']
2026-05-16 12:26:45,788 - DEBUG - joeynmt.training - 	Tokenized hypothesis: ['L&apos;', 'année', 'dernière', ',', 'j&apos;', 'ai', 'montré', 'ces', 'deux', '<unk>', 'pour', 'que', 'les', '<unk>', '<unk>', ',', 'qui', 'pour', 'la', 'plupart', 'des', 'trois', 'dernières', 'années', 'a', 'été', 'la', 'taille', 'de', 'l&apos;', '<unk>', '<unk>', ',', 'a', '<unk>', 'de', '40', '%', '.', '</s>']
2026-05-16 12:26:45,788 - INFO - joeynmt.training - 	Source:     Last year I showed these two slides so that demonstrate that the arctic ice cap , which for most of the last three million years has been the size of the lower 48 states , has shrunk by 40 percent .
2026-05-16 12:26:45,788 - INFO - joeynmt.training - 	Reference:  L&apos; année dernière , je vous ai présenté ces deux diapositives qui montraient que la calotte glacière arctique , qui pendant ces 3 derniers millions d&apos; année avait la taille des Etats-Unis sans l&apos; Alaska , qui pendant ces 3 derniers millions d&apos; année avait la taille des Etats-Unis sans l&apos; Alaska , avait diminué de 40 % .
2026-05-16 12:26:45,788 - INFO - joeynmt.training - 	Hypothesis: L&apos; année dernière , j&apos; ai montré ces deux <unk> pour que les <unk> <unk> , qui pour la plupart des trois dernières années a été la taille de l&apos; <unk> <unk> , a <unk> de 40 % .
2026-05-16 12:26:45,788 - INFO - joeynmt.training - Example #1
2026-05-16 12:26:45,788 - DEBUG - joeynmt.training - 	Tokenized source:     ['But', 'this', 'understates', 'the', 'seriousness', 'of', 'this', 'particular', 'problem', 'because', 'it', 'doesn', '&apos;t', 'show', 'the', 'thickness', 'of', 'the', 'ice', '.']
2026-05-16 12:26:45,788 - DEBUG - joeynmt.training - 	Tokenized reference:  ['Mais', 'ceci', 'tend', 'à', 'amoindrir', 'le', 'problème', 'parce', 'qu&apos;', 'on', 'ne', 'voit', 'pas', 'l&apos;', 'épaisseur', 'de', 'la', 'glace', '.']
2026-05-16 12:26:45,789 - DEBUG - joeynmt.training - 	Tokenized hypothesis: ['Mais', 'cette', '<unk>', 'la', '<unk>', 'de', 'ce', 'problème', 'en', 'particulier', 'parce', 'que', 'ça', 'ne', '<unk>', 'pas', 'la', '<unk>', 'de', 'la', 'glace', '.', '</s>']
2026-05-16 12:26:45,789 - INFO - joeynmt.training - 	Source:     But this understates the seriousness of this particular problem because it doesn &apos;t show the thickness of the ice .
2026-05-16 12:26:45,789 - INFO - joeynmt.training - 	Reference:  Mais ceci tend à amoindrir le problème parce qu&apos; on ne voit pas l&apos; épaisseur de la glace .
2026-05-16 12:26:45,789 - INFO - joeynmt.training - 	Hypothesis: Mais cette <unk> la <unk> de ce problème en particulier parce que ça ne <unk> pas la <unk> de la glace .
2026-05-16 12:26:45,789 - INFO - joeynmt.training - Example #2
2026-05-16 12:26:45,789 - DEBUG - joeynmt.training - 	Tokenized source:     ['The', 'arctic', 'ice', 'cap', 'is', ',', 'in', 'a', 'sense', ',', 'the', 'beating', 'heart', 'of', 'the', 'global', 'climate', 'system', '.']
2026-05-16 12:26:45,789 - DEBUG - joeynmt.training - 	Tokenized reference:  ['On', 'peut', 'voir', 'la', 'calotte', 'glacière', 'arctique', 'comme', 'le', 'coeur', 'du', 'système', 'climatique', 'global', '.', 'On', 'peut', 'voir', 'la', 'calotte', 'glacière', 'arctique', 'comme', 'le', 'coeur', 'du', 'système', 'climatique', 'global', '.']
2026-05-16 12:26:45,789 - DEBUG - joeynmt.training - 	Tokenized hypothesis: ['La', '<unk>', '<unk>', 'est', ',', 'dans', 'un', 'sens', ',', 'le', '<unk>', '<unk>', 'du', 'système', 'climatique', '.', '</s>']
2026-05-16 12:26:45,789 - INFO - joeynmt.training - 	Source:     The arctic ice cap is , in a sense , the beating heart of the global climate system .
2026-05-16 12:26:45,789 - INFO - joeynmt.training - 	Reference:  On peut voir la calotte glacière arctique comme le coeur du système climatique global . On peut voir la calotte glacière arctique comme le coeur du système climatique global .
2026-05-16 12:26:45,789 - INFO - joeynmt.training - 	Hypothesis: La <unk> <unk> est , dans un sens , le <unk> <unk> du système climatique .
2026-05-16 12:26:45,789 - INFO - joeynmt.training - Example #3
2026-05-16 12:26:45,789 - DEBUG - joeynmt.training - 	Tokenized source:     ['It', 'expands', 'in', 'winter', 'and', 'contracts', 'in', 'summer', '.']
2026-05-16 12:26:45,789 - DEBUG - joeynmt.training - 	Tokenized reference:  ['Elle', 's&apos;', 'étend', 'en', 'hiver', 'et', 'se', 'contracte', 'en', 'été', '.']
2026-05-16 12:26:45,789 - DEBUG - joeynmt.training - 	Tokenized hypothesis: ['Elle', '<unk>', 'en', 'été', '.', '</s>']
2026-05-16 12:26:45,789 - INFO - joeynmt.training - 	Source:     It expands in winter and contracts in summer .
2026-05-16 12:26:45,789 - INFO - joeynmt.training - 	Reference:  Elle s&apos; étend en hiver et se contracte en été .
2026-05-16 12:26:45,789 - INFO - joeynmt.training - 	Hypothesis: Elle <unk> en été .
2026-05-16 12:26:45,789 - INFO - joeynmt.training - Example #4
2026-05-16 12:26:45,789 - DEBUG - joeynmt.training - 	Tokenized source:     ['The', 'next', 'slide', 'I', 'show', 'you', 'will', 'be', 'a', 'rapid', 'fast-forward', 'of', 'what', '&apos;s', 'happened', 'over', 'the', 'last', '25', 'years', '.']
2026-05-16 12:26:45,789 - DEBUG - joeynmt.training - 	Tokenized reference:  ['La', 'prochaine', 'diapositive', 'que', 'je', 'vais', 'vous', 'montrer', 'est', 'une', 'vue', 'en', 'accéléré', 'de', 'ce', 'qui', 's&apos;', 'est', 'passé', 'ces', '25', 'dernières', 'années', '.']
2026-05-16 12:26:45,789 - DEBUG - joeynmt.training - 	Tokenized hypothesis: ['La', 'prochaine', '<unk>', 'que', 'je', 'vous', '<unk>', 'une', '<unk>', 'de', 'ce', 'qui', 's&apos;', 'est', 'passé', 'pendant', 'les', '25', 'dernières', 'années', '.', '</s>']
2026-05-16 12:26:45,789 - INFO - joeynmt.training - 	Source:     The next slide I show you will be a rapid fast-forward of what &apos;s happened over the last 25 years .
2026-05-16 12:26:45,789 - INFO - joeynmt.training - 	Reference:  La prochaine diapositive que je vais vous montrer est une vue en accéléré de ce qui s&apos; est passé ces 25 dernières années .
2026-05-16 12:26:45,789 - INFO - joeynmt.training - 	Hypothesis: La prochaine <unk> que je vous <unk> une <unk> de ce qui s&apos; est passé pendant les 25 dernières années .
2026-05-16 12:26:55,914 - INFO - joeynmt.training - Epoch   6, Step:    17100, Batch Loss:     1.187373, Batch Acc: 0.635700, Tokens per Sec:     7201, Lr: 0.000300
2026-05-16 12:27:05,879 - INFO - joeynmt.training - Epoch   6, Step:    17200, Batch Loss:     1.024695, Batch Acc: 0.637536, Tokens per Sec:     7228, Lr: 0.000300
2026-05-16 12:27:16,045 - INFO - joeynmt.training - Epoch   6, Step:    17300, Batch Loss:     1.169278, Batch Acc: 0.630660, Tokens per Sec:     7126, Lr: 0.000300
2026-05-16 12:27:26,385 - INFO - joeynmt.training - Epoch   6, Step:    17400, Batch Loss:     1.268037, Batch Acc: 0.630126, Tokens per Sec:     7057, Lr: 0.000300
2026-05-16 12:27:36,218 - INFO - joeynmt.training - Epoch   6, Step:    17500, Batch Loss:     1.061824, Batch Acc: 0.630419, Tokens per Sec:     7336, Lr: 0.000300
2026-05-16 12:27:36,218 - WARNING - joeynmt.helpers - `alpha` option is obsolete. Please use `beam_alpha`, instead.
2026-05-16 12:27:36,218 - INFO - joeynmt.prediction - Predicting 890 example(s)... (Greedy decoding with min_output_length=1, max_output_length=-1, return_prob='none', generate_unk=True, repetition_penalty=-1, no_repeat_ngram_size=-1)
2026-05-16 12:27:53,379 - INFO - joeynmt.prediction - Evaluation result (greedy) loss:   1.40, ppl:   4.04, acc:   0.55, generation: 17.1578[sec], evaluation: 0.0000[sec]
2026-05-16 12:27:53,435 - INFO - joeynmt.helpers - delete models/word_2k/16000.ckpt
2026-05-16 12:27:53,436 - INFO - joeynmt.training - Example #0
2026-05-16 12:27:53,436 - DEBUG - joeynmt.training - 	Tokenized source:     ['Last', 'year', 'I', 'showed', 'these', 'two', 'slides', 'so', 'that', 'demonstrate', 'that', 'the', 'arctic', 'ice', 'cap', ',', 'which', 'for', 'most', 'of', 'the', 'last', 'three', 'million', 'years', 'has', 'been', 'the', 'size', 'of', 'the', 'lower', '48', 'states', ',', 'has', 'shrunk', 'by', '40', 'percent', '.']
2026-05-16 12:27:53,436 - DEBUG - joeynmt.training - 	Tokenized reference:  ['L&apos;', 'année', 'dernière', ',', 'je', 'vous', 'ai', 'présenté', 'ces', 'deux', 'diapositives', 'qui', 'montraient', 'que', 'la', 'calotte', 'glacière', 'arctique', ',', 'qui', 'pendant', 'ces', '3', 'derniers', 'millions', 'd&apos;', 'année', 'avait', 'la', 'taille', 'des', 'Etats-Unis', 'sans', 'l&apos;', 'Alaska', ',', 'qui', 'pendant', 'ces', '3', 'derniers', 'millions', 'd&apos;', 'année', 'avait', 'la', 'taille', 'des', 'Etats-Unis', 'sans', 'l&apos;', 'Alaska', ',', 'avait', 'diminué', 'de', '40', '%', '.']
2026-05-16 12:27:53,436 - DEBUG - joeynmt.training - 	Tokenized hypothesis: ['L&apos;', 'année', 'dernière', ',', 'j&apos;', 'ai', 'montré', 'ces', 'deux', '<unk>', 'pour', 'que', 'les', '<unk>', 'de', 'glace', '<unk>', ',', 'qui', '<unk>', 'la', 'plupart', 'des', '<unk>', 'de', '<unk>', '<unk>', ',', 'qui', '<unk>', 'la', 'plupart', 'des', '<unk>', '<unk>', '<unk>', ',', 'a', '<unk>', 'de', '40', '%', '.', '</s>']
2026-05-16 12:27:53,436 - INFO - joeynmt.training - 	Source:     Last year I showed these two slides so that demonstrate that the arctic ice cap , which for most of the last three million years has been the size of the lower 48 states , has shrunk by 40 percent .
2026-05-16 12:27:53,436 - INFO - joeynmt.training - 	Reference:  L&apos; année dernière , je vous ai présenté ces deux diapositives qui montraient que la calotte glacière arctique , qui pendant ces 3 derniers millions d&apos; année avait la taille des Etats-Unis sans l&apos; Alaska , qui pendant ces 3 derniers millions d&apos; année avait la taille des Etats-Unis sans l&apos; Alaska , avait diminué de 40 % .
2026-05-16 12:27:53,436 - INFO - joeynmt.training - 	Hypothesis: L&apos; année dernière , j&apos; ai montré ces deux <unk> pour que les <unk> de glace <unk> , qui <unk> la plupart des <unk> de <unk> <unk> , qui <unk> la plupart des <unk> <unk> <unk> , a <unk> de 40 % .
2026-05-16 12:27:53,436 - INFO - joeynmt.training - Example #1
2026-05-16 12:27:53,436 - DEBUG - joeynmt.training - 	Tokenized source:     ['But', 'this', 'understates', 'the', 'seriousness', 'of', 'this', 'particular', 'problem', 'because', 'it', 'doesn', '&apos;t', 'show', 'the', 'thickness', 'of', 'the', 'ice', '.']
2026-05-16 12:27:53,436 - DEBUG - joeynmt.training - 	Tokenized reference:  ['Mais', 'ceci', 'tend', 'à', 'amoindrir', 'le', 'problème', 'parce', 'qu&apos;', 'on', 'ne', 'voit', 'pas', 'l&apos;', 'épaisseur', 'de', 'la', 'glace', '.']
2026-05-16 12:27:53,436 - DEBUG - joeynmt.training - 	Tokenized hypothesis: ['Mais', 'cela', '<unk>', 'la', '<unk>', 'de', 'ce', 'problème', 'particulier', 'parce', 'que', 'ça', 'ne', '<unk>', 'pas', 'la', '<unk>', 'de', 'la', 'glace', '.', '</s>']
2026-05-16 12:27:53,436 - INFO - joeynmt.training - 	Source:     But this understates the seriousness of this particular problem because it doesn &apos;t show the thickness of the ice .
2026-05-16 12:27:53,436 - INFO - joeynmt.training - 	Reference:  Mais ceci tend à amoindrir le problème parce qu&apos; on ne voit pas l&apos; épaisseur de la glace .
2026-05-16 12:27:53,436 - INFO - joeynmt.training - 	Hypothesis: Mais cela <unk> la <unk> de ce problème particulier parce que ça ne <unk> pas la <unk> de la glace .
2026-05-16 12:27:53,436 - INFO - joeynmt.training - Example #2
2026-05-16 12:27:53,436 - DEBUG - joeynmt.training - 	Tokenized source:     ['The', 'arctic', 'ice', 'cap', 'is', ',', 'in', 'a', 'sense', ',', 'the', 'beating', 'heart', 'of', 'the', 'global', 'climate', 'system', '.']
2026-05-16 12:27:53,436 - DEBUG - joeynmt.training - 	Tokenized reference:  ['On', 'peut', 'voir', 'la', 'calotte', 'glacière', 'arctique', 'comme', 'le', 'coeur', 'du', 'système', 'climatique', 'global', '.', 'On', 'peut', 'voir', 'la', 'calotte', 'glacière', 'arctique', 'comme', 'le', 'coeur', 'du', 'système', 'climatique', 'global', '.']
2026-05-16 12:27:53,436 - DEBUG - joeynmt.training - 	Tokenized hypothesis: ['La', '<unk>', 'de', 'glace', '<unk>', 'est', ',', 'dans', 'un', 'sens', ',', 'le', '<unk>', '<unk>', 'du', 'système', 'climatique', '.', '</s>']
2026-05-16 12:27:53,436 - INFO - joeynmt.training - 	Source:     The arctic ice cap is , in a sense , the beating heart of the global climate system .
2026-05-16 12:27:53,436 - INFO - joeynmt.training - 	Reference:  On peut voir la calotte glacière arctique comme le coeur du système climatique global . On peut voir la calotte glacière arctique comme le coeur du système climatique global .
2026-05-16 12:27:53,436 - INFO - joeynmt.training - 	Hypothesis: La <unk> de glace <unk> est , dans un sens , le <unk> <unk> du système climatique .
2026-05-16 12:27:53,436 - INFO - joeynmt.training - Example #3
2026-05-16 12:27:53,436 - DEBUG - joeynmt.training - 	Tokenized source:     ['It', 'expands', 'in', 'winter', 'and', 'contracts', 'in', 'summer', '.']
2026-05-16 12:27:53,436 - DEBUG - joeynmt.training - 	Tokenized reference:  ['Elle', 's&apos;', 'étend', 'en', 'hiver', 'et', 'se', 'contracte', 'en', 'été', '.']
2026-05-16 12:27:53,436 - DEBUG - joeynmt.training - 	Tokenized hypothesis: ['Il', '<unk>', 'en', '<unk>', 'et', '<unk>', 'en', 'été', '.', '</s>']
2026-05-16 12:27:53,436 - INFO - joeynmt.training - 	Source:     It expands in winter and contracts in summer .
2026-05-16 12:27:53,436 - INFO - joeynmt.training - 	Reference:  Elle s&apos; étend en hiver et se contracte en été .
2026-05-16 12:27:53,437 - INFO - joeynmt.training - 	Hypothesis: Il <unk> en <unk> et <unk> en été .
2026-05-16 12:27:53,437 - INFO - joeynmt.training - Example #4
2026-05-16 12:27:53,437 - DEBUG - joeynmt.training - 	Tokenized source:     ['The', 'next', 'slide', 'I', 'show', 'you', 'will', 'be', 'a', 'rapid', 'fast-forward', 'of', 'what', '&apos;s', 'happened', 'over', 'the', 'last', '25', 'years', '.']
2026-05-16 12:27:53,437 - DEBUG - joeynmt.training - 	Tokenized reference:  ['La', 'prochaine', 'diapositive', 'que', 'je', 'vais', 'vous', 'montrer', 'est', 'une', 'vue', 'en', 'accéléré', 'de', 'ce', 'qui', 's&apos;', 'est', 'passé', 'ces', '25', 'dernières', 'années', '.']
2026-05-16 12:27:53,437 - DEBUG - joeynmt.training - 	Tokenized hypothesis: ['La', 'prochaine', '<unk>', 'que', 'je', 'vous', '<unk>', '<unk>', 'un', '<unk>', 'de', 'ce', 'qui', 's&apos;', 'est', 'passé', 'au', 'cours', 'des', '25', 'dernières', 'années', '.', '</s>']
2026-05-16 12:27:53,437 - INFO - joeynmt.training - 	Source:     The next slide I show you will be a rapid fast-forward of what &apos;s happened over the last 25 years .
2026-05-16 12:27:53,437 - INFO - joeynmt.training - 	Reference:  La prochaine diapositive que je vais vous montrer est une vue en accéléré de ce qui s&apos; est passé ces 25 dernières années .
2026-05-16 12:27:53,437 - INFO - joeynmt.training - 	Hypothesis: La prochaine <unk> que je vous <unk> <unk> un <unk> de ce qui s&apos; est passé au cours des 25 dernières années .
2026-05-16 12:28:03,665 - INFO - joeynmt.training - Epoch   6, Step:    17600, Batch Loss:     1.232660, Batch Acc: 0.629150, Tokens per Sec:     7028, Lr: 0.000300
2026-05-16 12:28:13,772 - INFO - joeynmt.training - Epoch   6, Step:    17700, Batch Loss:     1.123094, Batch Acc: 0.631442, Tokens per Sec:     7139, Lr: 0.000300
2026-05-16 12:28:23,856 - INFO - joeynmt.training - Epoch   6, Step:    17800, Batch Loss:     1.078488, Batch Acc: 0.632501, Tokens per Sec:     7151, Lr: 0.000300
2026-05-16 12:28:33,750 - INFO - joeynmt.training - Epoch   6, Step:    17900, Batch Loss:     1.107272, Batch Acc: 0.626912, Tokens per Sec:     7328, Lr: 0.000300
2026-05-16 12:28:43,995 - INFO - joeynmt.training - Epoch   6, Step:    18000, Batch Loss:     1.058876, Batch Acc: 0.631068, Tokens per Sec:     7176, Lr: 0.000300
2026-05-16 12:28:43,995 - WARNING - joeynmt.helpers - `alpha` option is obsolete. Please use `beam_alpha`, instead.
2026-05-16 12:28:43,995 - INFO - joeynmt.prediction - Predicting 890 example(s)... (Greedy decoding with min_output_length=1, max_output_length=-1, return_prob='none', generate_unk=True, repetition_penalty=-1, no_repeat_ngram_size=-1)
2026-05-16 12:28:59,958 - INFO - joeynmt.prediction - Evaluation result (greedy) loss:   1.38, ppl:   3.99, acc:   0.56, generation: 15.9590[sec], evaluation: 0.0000[sec]
2026-05-16 12:28:59,958 - INFO - joeynmt.training - Hooray! New best validation result [ppl]!
2026-05-16 12:29:00,013 - INFO - joeynmt.helpers - delete models/word_2k/17000.ckpt
2026-05-16 12:29:00,013 - INFO - joeynmt.training - Example #0
2026-05-16 12:29:00,013 - DEBUG - joeynmt.training - 	Tokenized source:     ['Last', 'year', 'I', 'showed', 'these', 'two', 'slides', 'so', 'that', 'demonstrate', 'that', 'the', 'arctic', 'ice', 'cap', ',', 'which', 'for', 'most', 'of', 'the', 'last', 'three', 'million', 'years', 'has', 'been', 'the', 'size', 'of', 'the', 'lower', '48', 'states', ',', 'has', 'shrunk', 'by', '40', 'percent', '.']
2026-05-16 12:29:00,013 - DEBUG - joeynmt.training - 	Tokenized reference:  ['L&apos;', 'année', 'dernière', ',', 'je', 'vous', 'ai', 'présenté', 'ces', 'deux', 'diapositives', 'qui', 'montraient', 'que', 'la', 'calotte', 'glacière', 'arctique', ',', 'qui', 'pendant', 'ces', '3', 'derniers', 'millions', 'd&apos;', 'année', 'avait', 'la', 'taille', 'des', 'Etats-Unis', 'sans', 'l&apos;', 'Alaska', ',', 'qui', 'pendant', 'ces', '3', 'derniers', 'millions', 'd&apos;', 'année', 'avait', 'la', 'taille', 'des', 'Etats-Unis', 'sans', 'l&apos;', 'Alaska', ',', 'avait', 'diminué', 'de', '40', '%', '.']
2026-05-16 12:29:00,013 - DEBUG - joeynmt.training - 	Tokenized hypothesis: ['L&apos;', 'année', 'dernière', ',', 'j&apos;', 'ai', 'montré', 'ces', 'deux', '<unk>', 'pour', 'que', 'les', '<unk>', 'de', 'glace', ',', 'qui', 'pour', 'la', 'plupart', 'des', '<unk>', 'de', '<unk>', '<unk>', ',', '<unk>', 'par', '40', '%', '.', '</s>']
2026-05-16 12:29:00,013 - INFO - joeynmt.training - 	Source:     Last year I showed these two slides so that demonstrate that the arctic ice cap , which for most of the last three million years has been the size of the lower 48 states , has shrunk by 40 percent .
2026-05-16 12:29:00,013 - INFO - joeynmt.training - 	Reference:  L&apos; année dernière , je vous ai présenté ces deux diapositives qui montraient que la calotte glacière arctique , qui pendant ces 3 derniers millions d&apos; année avait la taille des Etats-Unis sans l&apos; Alaska , qui pendant ces 3 derniers millions d&apos; année avait la taille des Etats-Unis sans l&apos; Alaska , avait diminué de 40 % .
2026-05-16 12:29:00,013 - INFO - joeynmt.training - 	Hypothesis: L&apos; année dernière , j&apos; ai montré ces deux <unk> pour que les <unk> de glace , qui pour la plupart des <unk> de <unk> <unk> , <unk> par 40 % .
2026-05-16 12:29:00,013 - INFO - joeynmt.training - Example #1
2026-05-16 12:29:00,014 - DEBUG - joeynmt.training - 	Tokenized source:     ['But', 'this', 'understates', 'the', 'seriousness', 'of', 'this', 'particular', 'problem', 'because', 'it', 'doesn', '&apos;t', 'show', 'the', 'thickness', 'of', 'the', 'ice', '.']
2026-05-16 12:29:00,014 - DEBUG - joeynmt.training - 	Tokenized reference:  ['Mais', 'ceci', 'tend', 'à', 'amoindrir', 'le', 'problème', 'parce', 'qu&apos;', 'on', 'ne', 'voit', 'pas', 'l&apos;', 'épaisseur', 'de', 'la', 'glace', '.']
2026-05-16 12:29:00,014 - DEBUG - joeynmt.training - 	Tokenized hypothesis: ['Mais', 'cette', '<unk>', 'la', '<unk>', 'de', 'ce', 'problème', 'particulier', 'parce', 'que', 'cela', 'ne', 'montre', 'pas', 'la', '<unk>', 'de', 'la', 'glace', '.', '</s>']
2026-05-16 12:29:00,014 - INFO - joeynmt.training - 	Source:     But this understates the seriousness of this particular problem because it doesn &apos;t show the thickness of the ice .
2026-05-16 12:29:00,014 - INFO - joeynmt.training - 	Reference:  Mais ceci tend à amoindrir le problème parce qu&apos; on ne voit pas l&apos; épaisseur de la glace .
2026-05-16 12:29:00,014 - INFO - joeynmt.training - 	Hypothesis: Mais cette <unk> la <unk> de ce problème particulier parce que cela ne montre pas la <unk> de la glace .
2026-05-16 12:29:00,014 - INFO - joeynmt.training - Example #2
2026-05-16 12:29:00,014 - DEBUG - joeynmt.training - 	Tokenized source:     ['The', 'arctic', 'ice', 'cap', 'is', ',', 'in', 'a', 'sense', ',', 'the', 'beating', 'heart', 'of', 'the', 'global', 'climate', 'system', '.']
2026-05-16 12:29:00,014 - DEBUG - joeynmt.training - 	Tokenized reference:  ['On', 'peut', 'voir', 'la', 'calotte', 'glacière', 'arctique', 'comme', 'le', 'coeur', 'du', 'système', 'climatique', 'global', '.', 'On', 'peut', 'voir', 'la', 'calotte', 'glacière', 'arctique', 'comme', 'le', 'coeur', 'du', 'système', 'climatique', 'global', '.']
2026-05-16 12:29:00,014 - DEBUG - joeynmt.training - 	Tokenized hypothesis: ['La', '<unk>', 'de', 'glace', 'est', ',', 'dans', 'un', 'sens', ',', 'le', 'coeur', '<unk>', 'du', 'système', 'climatique', '.', '</s>']
2026-05-16 12:29:00,014 - INFO - joeynmt.training - 	Source:     The arctic ice cap is , in a sense , the beating heart of the global climate system .
2026-05-16 12:29:00,014 - INFO - joeynmt.training - 	Reference:  On peut voir la calotte glacière arctique comme le coeur du système climatique global . On peut voir la calotte glacière arctique comme le coeur du système climatique global .
2026-05-16 12:29:00,014 - INFO - joeynmt.training - 	Hypothesis: La <unk> de glace est , dans un sens , le coeur <unk> du système climatique .
2026-05-16 12:29:00,014 - INFO - joeynmt.training - Example #3
2026-05-16 12:29:00,014 - DEBUG - joeynmt.training - 	Tokenized source:     ['It', 'expands', 'in', 'winter', 'and', 'contracts', 'in', 'summer', '.']
2026-05-16 12:29:00,014 - DEBUG - joeynmt.training - 	Tokenized reference:  ['Elle', 's&apos;', 'étend', 'en', 'hiver', 'et', 'se', 'contracte', 'en', 'été', '.']
2026-05-16 12:29:00,014 - DEBUG - joeynmt.training - 	Tokenized hypothesis: ['Cela', '<unk>', 'en', 'été', '.', '</s>']
2026-05-16 12:29:00,014 - INFO - joeynmt.training - 	Source:     It expands in winter and contracts in summer .
2026-05-16 12:29:00,014 - INFO - joeynmt.training - 	Reference:  Elle s&apos; étend en hiver et se contracte en été .
2026-05-16 12:29:00,014 - INFO - joeynmt.training - 	Hypothesis: Cela <unk> en été .
2026-05-16 12:29:00,014 - INFO - joeynmt.training - Example #4
2026-05-16 12:29:00,014 - DEBUG - joeynmt.training - 	Tokenized source:     ['The', 'next', 'slide', 'I', 'show', 'you', 'will', 'be', 'a', 'rapid', 'fast-forward', 'of', 'what', '&apos;s', 'happened', 'over', 'the', 'last', '25', 'years', '.']
2026-05-16 12:29:00,014 - DEBUG - joeynmt.training - 	Tokenized reference:  ['La', 'prochaine', 'diapositive', 'que', 'je', 'vais', 'vous', 'montrer', 'est', 'une', 'vue', 'en', 'accéléré', 'de', 'ce', 'qui', 's&apos;', 'est', 'passé', 'ces', '25', 'dernières', 'années', '.']
2026-05-16 12:29:00,014 - DEBUG - joeynmt.training - 	Tokenized hypothesis: ['La', 'prochaine', '<unk>', 'que', 'je', 'vous', 'montre', 'que', 'vous', '<unk>', 'un', '<unk>', '<unk>', 'de', 'ce', 'qui', 'est', 'arrivé', 'au', 'cours', 'de', 'ces', '25', 'dernières', 'années', '.', '</s>']
2026-05-16 12:29:00,014 - INFO - joeynmt.training - 	Source:     The next slide I show you will be a rapid fast-forward of what &apos;s happened over the last 25 years .
2026-05-16 12:29:00,014 - INFO - joeynmt.training - 	Reference:  La prochaine diapositive que je vais vous montrer est une vue en accéléré de ce qui s&apos; est passé ces 25 dernières années .
2026-05-16 12:29:00,014 - INFO - joeynmt.training - 	Hypothesis: La prochaine <unk> que je vous montre que vous <unk> un <unk> <unk> de ce qui est arrivé au cours de ces 25 dernières années .
2026-05-16 12:29:10,280 - INFO - joeynmt.training - Epoch   6, Step:    18100, Batch Loss:     0.998734, Batch Acc: 0.635537, Tokens per Sec:     7110, Lr: 0.000300
2026-05-16 12:29:20,365 - INFO - joeynmt.training - Epoch   6, Step:    18200, Batch Loss:     1.191958, Batch Acc: 0.628326, Tokens per Sec:     7193, Lr: 0.000300
2026-05-16 12:29:30,314 - INFO - joeynmt.training - Epoch   6, Step:    18300, Batch Loss:     1.361960, Batch Acc: 0.630050, Tokens per Sec:     7307, Lr: 0.000300
2026-05-16 12:29:40,596 - INFO - joeynmt.training - Epoch   6, Step:    18400, Batch Loss:     1.185232, Batch Acc: 0.626817, Tokens per Sec:     7065, Lr: 0.000300
2026-05-16 12:29:50,570 - INFO - joeynmt.training - Epoch   6, Step:    18500, Batch Loss:     1.105840, Batch Acc: 0.633450, Tokens per Sec:     7084, Lr: 0.000300
2026-05-16 12:29:50,570 - WARNING - joeynmt.helpers - `alpha` option is obsolete. Please use `beam_alpha`, instead.
2026-05-16 12:29:50,570 - INFO - joeynmt.prediction - Predicting 890 example(s)... (Greedy decoding with min_output_length=1, max_output_length=-1, return_prob='none', generate_unk=True, repetition_penalty=-1, no_repeat_ngram_size=-1)
2026-05-16 12:30:06,374 - INFO - joeynmt.prediction - Evaluation result (greedy) loss:   1.39, ppl:   4.00, acc:   0.56, generation: 15.8003[sec], evaluation: 0.0000[sec]
2026-05-16 12:30:06,428 - INFO - joeynmt.helpers - delete models/word_2k/15000.ckpt
2026-05-16 12:30:06,428 - INFO - joeynmt.training - Example #0
2026-05-16 12:30:06,428 - DEBUG - joeynmt.training - 	Tokenized source:     ['Last', 'year', 'I', 'showed', 'these', 'two', 'slides', 'so', 'that', 'demonstrate', 'that', 'the', 'arctic', 'ice', 'cap', ',', 'which', 'for', 'most', 'of', 'the', 'last', 'three', 'million', 'years', 'has', 'been', 'the', 'size', 'of', 'the', 'lower', '48', 'states', ',', 'has', 'shrunk', 'by', '40', 'percent', '.']
2026-05-16 12:30:06,428 - DEBUG - joeynmt.training - 	Tokenized reference:  ['L&apos;', 'année', 'dernière', ',', 'je', 'vous', 'ai', 'présenté', 'ces', 'deux', 'diapositives', 'qui', 'montraient', 'que', 'la', 'calotte', 'glacière', 'arctique', ',', 'qui', 'pendant', 'ces', '3', 'derniers', 'millions', 'd&apos;', 'année', 'avait', 'la', 'taille', 'des', 'Etats-Unis', 'sans', 'l&apos;', 'Alaska', ',', 'qui', 'pendant', 'ces', '3', 'derniers', 'millions', 'd&apos;', 'année', 'avait', 'la', 'taille', 'des', 'Etats-Unis', 'sans', 'l&apos;', 'Alaska', ',', 'avait', 'diminué', 'de', '40', '%', '.']
2026-05-16 12:30:06,428 - DEBUG - joeynmt.training - 	Tokenized hypothesis: ['L&apos;', 'année', 'dernière', ',', 'j&apos;', 'ai', 'montré', 'ces', 'deux', '<unk>', 'pour', 'que', 'la', 'glace', '<unk>', '<unk>', ',', 'qui', 'pour', 'la', 'plupart', 'des', 'trois', 'dernières', 'années', 'a', 'été', 'la', 'taille', 'du', 'bas', '<unk>', '<unk>', ',', 'a', '<unk>', 'par', '40', '%', '.', '</s>']
2026-05-16 12:30:06,428 - INFO - joeynmt.training - 	Source:     Last year I showed these two slides so that demonstrate that the arctic ice cap , which for most of the last three million years has been the size of the lower 48 states , has shrunk by 40 percent .
2026-05-16 12:30:06,429 - INFO - joeynmt.training - 	Reference:  L&apos; année dernière , je vous ai présenté ces deux diapositives qui montraient que la calotte glacière arctique , qui pendant ces 3 derniers millions d&apos; année avait la taille des Etats-Unis sans l&apos; Alaska , qui pendant ces 3 derniers millions d&apos; année avait la taille des Etats-Unis sans l&apos; Alaska , avait diminué de 40 % .
2026-05-16 12:30:06,429 - INFO - joeynmt.training - 	Hypothesis: L&apos; année dernière , j&apos; ai montré ces deux <unk> pour que la glace <unk> <unk> , qui pour la plupart des trois dernières années a été la taille du bas <unk> <unk> , a <unk> par 40 % .
2026-05-16 12:30:06,429 - INFO - joeynmt.training - Example #1
2026-05-16 12:30:06,429 - DEBUG - joeynmt.training - 	Tokenized source:     ['But', 'this', 'understates', 'the', 'seriousness', 'of', 'this', 'particular', 'problem', 'because', 'it', 'doesn', '&apos;t', 'show', 'the', 'thickness', 'of', 'the', 'ice', '.']
2026-05-16 12:30:06,429 - DEBUG - joeynmt.training - 	Tokenized reference:  ['Mais', 'ceci', 'tend', 'à', 'amoindrir', 'le', 'problème', 'parce', 'qu&apos;', 'on', 'ne', 'voit', 'pas', 'l&apos;', 'épaisseur', 'de', 'la', 'glace', '.']
2026-05-16 12:30:06,429 - DEBUG - joeynmt.training - 	Tokenized hypothesis: ['Mais', 'cette', '<unk>', 'la', '<unk>', 'de', 'ce', 'problème', 'particulier', 'parce', 'que', 'cela', 'ne', 'montre', 'pas', 'la', '<unk>', 'de', 'la', 'glace', '.', '</s>']
2026-05-16 12:30:06,429 - INFO - joeynmt.training - 	Source:     But this understates the seriousness of this particular problem because it doesn &apos;t show the thickness of the ice .
2026-05-16 12:30:06,429 - INFO - joeynmt.training - 	Reference:  Mais ceci tend à amoindrir le problème parce qu&apos; on ne voit pas l&apos; épaisseur de la glace .
2026-05-16 12:30:06,429 - INFO - joeynmt.training - 	Hypothesis: Mais cette <unk> la <unk> de ce problème particulier parce que cela ne montre pas la <unk> de la glace .
2026-05-16 12:30:06,429 - INFO - joeynmt.training - Example #2
2026-05-16 12:30:06,429 - DEBUG - joeynmt.training - 	Tokenized source:     ['The', 'arctic', 'ice', 'cap', 'is', ',', 'in', 'a', 'sense', ',', 'the', 'beating', 'heart', 'of', 'the', 'global', 'climate', 'system', '.']
2026-05-16 12:30:06,429 - DEBUG - joeynmt.training - 	Tokenized reference:  ['On', 'peut', 'voir', 'la', 'calotte', 'glacière', 'arctique', 'comme', 'le', 'coeur', 'du', 'système', 'climatique', 'global', '.', 'On', 'peut', 'voir', 'la', 'calotte', 'glacière', 'arctique', 'comme', 'le', 'coeur', 'du', 'système', 'climatique', 'global', '.']
2026-05-16 12:30:06,429 - DEBUG - joeynmt.training - 	Tokenized hypothesis: ['La', '<unk>', '<unk>', '<unk>', 'est', ',', 'dans', 'un', 'sens', ',', 'le', 'coeur', '<unk>', 'du', 'système', 'climatique', '.', '</s>']
2026-05-16 12:30:06,429 - INFO - joeynmt.training - 	Source:     The arctic ice cap is , in a sense , the beating heart of the global climate system .
2026-05-16 12:30:06,429 - INFO - joeynmt.training - 	Reference:  On peut voir la calotte glacière arctique comme le coeur du système climatique global . On peut voir la calotte glacière arctique comme le coeur du système climatique global .
2026-05-16 12:30:06,429 - INFO - joeynmt.training - 	Hypothesis: La <unk> <unk> <unk> est , dans un sens , le coeur <unk> du système climatique .
2026-05-16 12:30:06,429 - INFO - joeynmt.training - Example #3
2026-05-16 12:30:06,429 - DEBUG - joeynmt.training - 	Tokenized source:     ['It', 'expands', 'in', 'winter', 'and', 'contracts', 'in', 'summer', '.']
2026-05-16 12:30:06,429 - DEBUG - joeynmt.training - 	Tokenized reference:  ['Elle', 's&apos;', 'étend', 'en', 'hiver', 'et', 'se', 'contracte', 'en', 'été', '.']
2026-05-16 12:30:06,429 - DEBUG - joeynmt.training - 	Tokenized hypothesis: ['Elle', '<unk>', 'en', '<unk>', 'et', '<unk>', 'en', 'été', '.', '</s>']
2026-05-16 12:30:06,429 - INFO - joeynmt.training - 	Source:     It expands in winter and contracts in summer .
2026-05-16 12:30:06,429 - INFO - joeynmt.training - 	Reference:  Elle s&apos; étend en hiver et se contracte en été .
2026-05-16 12:30:06,429 - INFO - joeynmt.training - 	Hypothesis: Elle <unk> en <unk> et <unk> en été .
2026-05-16 12:30:06,429 - INFO - joeynmt.training - Example #4
2026-05-16 12:30:06,429 - DEBUG - joeynmt.training - 	Tokenized source:     ['The', 'next', 'slide', 'I', 'show', 'you', 'will', 'be', 'a', 'rapid', 'fast-forward', 'of', 'what', '&apos;s', 'happened', 'over', 'the', 'last', '25', 'years', '.']
2026-05-16 12:30:06,429 - DEBUG - joeynmt.training - 	Tokenized reference:  ['La', 'prochaine', 'diapositive', 'que', 'je', 'vais', 'vous', 'montrer', 'est', 'une', 'vue', 'en', 'accéléré', 'de', 'ce', 'qui', 's&apos;', 'est', 'passé', 'ces', '25', 'dernières', 'années', '.']
2026-05-16 12:30:06,429 - DEBUG - joeynmt.training - 	Tokenized hypothesis: ['La', 'prochaine', '<unk>', 'que', 'je', 'vous', 'montre', 'que', 'vous', '<unk>', 'une', '<unk>', '<unk>', 'de', 'ce', 'qui', 's&apos;', 'est', 'passé', 'au', 'cours', 'des', '25', 'dernières', 'années', '.', '</s>']
2026-05-16 12:30:06,429 - INFO - joeynmt.training - 	Source:     The next slide I show you will be a rapid fast-forward of what &apos;s happened over the last 25 years .
2026-05-16 12:30:06,429 - INFO - joeynmt.training - 	Reference:  La prochaine diapositive que je vais vous montrer est une vue en accéléré de ce qui s&apos; est passé ces 25 dernières années .
2026-05-16 12:30:06,429 - INFO - joeynmt.training - 	Hypothesis: La prochaine <unk> que je vous montre que vous <unk> une <unk> <unk> de ce qui s&apos; est passé au cours des 25 dernières années .
2026-05-16 12:30:16,277 - INFO - joeynmt.training - Epoch   6: total training loss 3484.70
2026-05-16 12:30:16,277 - INFO - joeynmt.training - EPOCH 7
2026-05-16 12:30:16,467 - INFO - joeynmt.training - Epoch   7, Step:    18600, Batch Loss:     1.127252, Batch Acc: 0.662844, Tokens per Sec:     6902, Lr: 0.000300
2026-05-16 12:30:26,864 - INFO - joeynmt.training - Epoch   7, Step:    18700, Batch Loss:     1.025997, Batch Acc: 0.647750, Tokens per Sec:     7040, Lr: 0.000300
2026-05-16 12:30:37,494 - INFO - joeynmt.training - Epoch   7, Step:    18800, Batch Loss:     1.051631, Batch Acc: 0.651888, Tokens per Sec:     6816, Lr: 0.000300
2026-05-16 12:30:47,401 - INFO - joeynmt.training - Epoch   7, Step:    18900, Batch Loss:     1.034925, Batch Acc: 0.645833, Tokens per Sec:     6994, Lr: 0.000300
2026-05-16 12:30:57,368 - INFO - joeynmt.training - Epoch   7, Step:    19000, Batch Loss:     1.186968, Batch Acc: 0.647913, Tokens per Sec:     7287, Lr: 0.000300
2026-05-16 12:30:57,368 - WARNING - joeynmt.helpers - `alpha` option is obsolete. Please use `beam_alpha`, instead.
2026-05-16 12:30:57,368 - INFO - joeynmt.prediction - Predicting 890 example(s)... (Greedy decoding with min_output_length=1, max_output_length=-1, return_prob='none', generate_unk=True, repetition_penalty=-1, no_repeat_ngram_size=-1)
2026-05-16 12:31:12,757 - INFO - joeynmt.prediction - Evaluation result (greedy) loss:   1.39, ppl:   4.01, acc:   0.55, generation: 15.3850[sec], evaluation: 0.0000[sec]
2026-05-16 12:31:12,812 - INFO - joeynmt.helpers - delete models/word_2k/17500.ckpt
2026-05-16 12:31:12,812 - INFO - joeynmt.training - Example #0
2026-05-16 12:31:12,813 - DEBUG - joeynmt.training - 	Tokenized source:     ['Last', 'year', 'I', 'showed', 'these', 'two', 'slides', 'so', 'that', 'demonstrate', 'that', 'the', 'arctic', 'ice', 'cap', ',', 'which', 'for', 'most', 'of', 'the', 'last', 'three', 'million', 'years', 'has', 'been', 'the', 'size', 'of', 'the', 'lower', '48', 'states', ',', 'has', 'shrunk', 'by', '40', 'percent', '.']
2026-05-16 12:31:12,813 - DEBUG - joeynmt.training - 	Tokenized reference:  ['L&apos;', 'année', 'dernière', ',', 'je', 'vous', 'ai', 'présenté', 'ces', 'deux', 'diapositives', 'qui', 'montraient', 'que', 'la', 'calotte', 'glacière', 'arctique', ',', 'qui', 'pendant', 'ces', '3', 'derniers', 'millions', 'd&apos;', 'année', 'avait', 'la', 'taille', 'des', 'Etats-Unis', 'sans', 'l&apos;', 'Alaska', ',', 'qui', 'pendant', 'ces', '3', 'derniers', 'millions', 'd&apos;', 'année', 'avait', 'la', 'taille', 'des', 'Etats-Unis', 'sans', 'l&apos;', 'Alaska', ',', 'avait', 'diminué', 'de', '40', '%', '.']
2026-05-16 12:31:12,813 - DEBUG - joeynmt.training - 	Tokenized hypothesis: ['L&apos;', 'année', 'dernière', ',', 'je', '<unk>', 'ces', 'deux', '<unk>', 'pour', 'que', 'la', 'glace', '<unk>', '<unk>', ',', 'qui', ',', 'pour', 'la', 'plupart', 'des', 'trois', 'dernières', 'années', 'a', 'été', 'la', 'taille', 'de', 'la', '<unk>', '<unk>', '<unk>', ',', 'a', '<unk>', 'de', '40', '%', '.', '</s>']
2026-05-16 12:31:12,813 - INFO - joeynmt.training - 	Source:     Last year I showed these two slides so that demonstrate that the arctic ice cap , which for most of the last three million years has been the size of the lower 48 states , has shrunk by 40 percent .
2026-05-16 12:31:12,813 - INFO - joeynmt.training - 	Reference:  L&apos; année dernière , je vous ai présenté ces deux diapositives qui montraient que la calotte glacière arctique , qui pendant ces 3 derniers millions d&apos; année avait la taille des Etats-Unis sans l&apos; Alaska , qui pendant ces 3 derniers millions d&apos; année avait la taille des Etats-Unis sans l&apos; Alaska , avait diminué de 40 % .
2026-05-16 12:31:12,813 - INFO - joeynmt.training - 	Hypothesis: L&apos; année dernière , je <unk> ces deux <unk> pour que la glace <unk> <unk> , qui , pour la plupart des trois dernières années a été la taille de la <unk> <unk> <unk> , a <unk> de 40 % .
2026-05-16 12:31:12,813 - INFO - joeynmt.training - Example #1
2026-05-16 12:31:12,813 - DEBUG - joeynmt.training - 	Tokenized source:     ['But', 'this', 'understates', 'the', 'seriousness', 'of', 'this', 'particular', 'problem', 'because', 'it', 'doesn', '&apos;t', 'show', 'the', 'thickness', 'of', 'the', 'ice', '.']
2026-05-16 12:31:12,813 - DEBUG - joeynmt.training - 	Tokenized reference:  ['Mais', 'ceci', 'tend', 'à', 'amoindrir', 'le', 'problème', 'parce', 'qu&apos;', 'on', 'ne', 'voit', 'pas', 'l&apos;', 'épaisseur', 'de', 'la', 'glace', '.']
2026-05-16 12:31:12,813 - DEBUG - joeynmt.training - 	Tokenized hypothesis: ['Mais', 'cela', '<unk>', 'l&apos;', '<unk>', 'de', 'ce', 'problème', 'particulier', 'parce', 'que', 'ça', 'ne', '<unk>', 'pas', 'l&apos;', '<unk>', 'de', 'la', 'glace', '.', '</s>']
2026-05-16 12:31:12,813 - INFO - joeynmt.training - 	Source:     But this understates the seriousness of this particular problem because it doesn &apos;t show the thickness of the ice .
2026-05-16 12:31:12,813 - INFO - joeynmt.training - 	Reference:  Mais ceci tend à amoindrir le problème parce qu&apos; on ne voit pas l&apos; épaisseur de la glace .
2026-05-16 12:31:12,813 - INFO - joeynmt.training - 	Hypothesis: Mais cela <unk> l&apos; <unk> de ce problème particulier parce que ça ne <unk> pas l&apos; <unk> de la glace .
2026-05-16 12:31:12,813 - INFO - joeynmt.training - Example #2
2026-05-16 12:31:12,813 - DEBUG - joeynmt.training - 	Tokenized source:     ['The', 'arctic', 'ice', 'cap', 'is', ',', 'in', 'a', 'sense', ',', 'the', 'beating', 'heart', 'of', 'the', 'global', 'climate', 'system', '.']
2026-05-16 12:31:12,813 - DEBUG - joeynmt.training - 	Tokenized reference:  ['On', 'peut', 'voir', 'la', 'calotte', 'glacière', 'arctique', 'comme', 'le', 'coeur', 'du', 'système', 'climatique', 'global', '.', 'On', 'peut', 'voir', 'la', 'calotte', 'glacière', 'arctique', 'comme', 'le', 'coeur', 'du', 'système', 'climatique', 'global', '.']
2026-05-16 12:31:12,813 - DEBUG - joeynmt.training - 	Tokenized hypothesis: ['La', '<unk>', '<unk>', 'est', ',', 'dans', 'un', 'sens', ',', 'le', 'coeur', '<unk>', 'du', 'système', 'climatique', '.', '</s>']
2026-05-16 12:31:12,813 - INFO - joeynmt.training - 	Source:     The arctic ice cap is , in a sense , the beating heart of the global climate system .
2026-05-16 12:31:12,813 - INFO - joeynmt.training - 	Reference:  On peut voir la calotte glacière arctique comme le coeur du système climatique global . On peut voir la calotte glacière arctique comme le coeur du système climatique global .
2026-05-16 12:31:12,813 - INFO - joeynmt.training - 	Hypothesis: La <unk> <unk> est , dans un sens , le coeur <unk> du système climatique .
2026-05-16 12:31:12,813 - INFO - joeynmt.training - Example #3
2026-05-16 12:31:12,813 - DEBUG - joeynmt.training - 	Tokenized source:     ['It', 'expands', 'in', 'winter', 'and', 'contracts', 'in', 'summer', '.']
2026-05-16 12:31:12,813 - DEBUG - joeynmt.training - 	Tokenized reference:  ['Elle', 's&apos;', 'étend', 'en', 'hiver', 'et', 'se', 'contracte', 'en', 'été', '.']
2026-05-16 12:31:12,813 - DEBUG - joeynmt.training - 	Tokenized hypothesis: ['Il', '<unk>', 'en', '<unk>', 'et', '<unk>', 'en', 'été', '.', '</s>']
2026-05-16 12:31:12,813 - INFO - joeynmt.training - 	Source:     It expands in winter and contracts in summer .
2026-05-16 12:31:12,813 - INFO - joeynmt.training - 	Reference:  Elle s&apos; étend en hiver et se contracte en été .
2026-05-16 12:31:12,813 - INFO - joeynmt.training - 	Hypothesis: Il <unk> en <unk> et <unk> en été .
2026-05-16 12:31:12,813 - INFO - joeynmt.training - Example #4
2026-05-16 12:31:12,813 - DEBUG - joeynmt.training - 	Tokenized source:     ['The', 'next', 'slide', 'I', 'show', 'you', 'will', 'be', 'a', 'rapid', 'fast-forward', 'of', 'what', '&apos;s', 'happened', 'over', 'the', 'last', '25', 'years', '.']
2026-05-16 12:31:12,813 - DEBUG - joeynmt.training - 	Tokenized reference:  ['La', 'prochaine', 'diapositive', 'que', 'je', 'vais', 'vous', 'montrer', 'est', 'une', 'vue', 'en', 'accéléré', 'de', 'ce', 'qui', 's&apos;', 'est', 'passé', 'ces', '25', 'dernières', 'années', '.']
2026-05-16 12:31:12,813 - DEBUG - joeynmt.training - 	Tokenized hypothesis: ['La', 'prochaine', '<unk>', 'que', 'je', 'vous', 'montre', '<unk>', 'une', '<unk>', 'de', 'ce', 'qui', 's&apos;', 'est', 'passé', 'au', 'cours', 'des', '25', 'dernières', 'années', '.', '</s>']
2026-05-16 12:31:12,814 - INFO - joeynmt.training - 	Source:     The next slide I show you will be a rapid fast-forward of what &apos;s happened over the last 25 years .
2026-05-16 12:31:12,814 - INFO - joeynmt.training - 	Reference:  La prochaine diapositive que je vais vous montrer est une vue en accéléré de ce qui s&apos; est passé ces 25 dernières années .
2026-05-16 12:31:12,814 - INFO - joeynmt.training - 	Hypothesis: La prochaine <unk> que je vous montre <unk> une <unk> de ce qui s&apos; est passé au cours des 25 dernières années .
2026-05-16 12:31:22,917 - INFO - joeynmt.training - Epoch   7, Step:    19100, Batch Loss:     1.102143, Batch Acc: 0.647892, Tokens per Sec:     7264, Lr: 0.000300
2026-05-16 12:31:33,238 - INFO - joeynmt.training - Epoch   7, Step:    19200, Batch Loss:     0.997543, Batch Acc: 0.647044, Tokens per Sec:     7179, Lr: 0.000300
2026-05-16 12:31:43,355 - INFO - joeynmt.training - Epoch   7, Step:    19300, Batch Loss:     0.944292, Batch Acc: 0.645809, Tokens per Sec:     7288, Lr: 0.000300
2026-05-16 12:31:53,244 - INFO - joeynmt.training - Epoch   7, Step:    19400, Batch Loss:     1.072364, Batch Acc: 0.646332, Tokens per Sec:     7546, Lr: 0.000300
2026-05-16 12:32:03,469 - INFO - joeynmt.training - Epoch   7, Step:    19500, Batch Loss:     1.066033, Batch Acc: 0.641535, Tokens per Sec:     7305, Lr: 0.000300
2026-05-16 12:32:03,469 - WARNING - joeynmt.helpers - `alpha` option is obsolete. Please use `beam_alpha`, instead.
2026-05-16 12:32:03,469 - INFO - joeynmt.prediction - Predicting 890 example(s)... (Greedy decoding with min_output_length=1, max_output_length=-1, return_prob='none', generate_unk=True, repetition_penalty=-1, no_repeat_ngram_size=-1)
2026-05-16 12:32:19,097 - INFO - joeynmt.prediction - Evaluation result (greedy) loss:   1.39, ppl:   4.00, acc:   0.56, generation: 15.6254[sec], evaluation: 0.0000[sec]
2026-05-16 12:32:19,153 - INFO - joeynmt.helpers - delete models/word_2k/16500.ckpt
2026-05-16 12:32:19,153 - INFO - joeynmt.training - Example #0
2026-05-16 12:32:19,154 - DEBUG - joeynmt.training - 	Tokenized source:     ['Last', 'year', 'I', 'showed', 'these', 'two', 'slides', 'so', 'that', 'demonstrate', 'that', 'the', 'arctic', 'ice', 'cap', ',', 'which', 'for', 'most', 'of', 'the', 'last', 'three', 'million', 'years', 'has', 'been', 'the', 'size', 'of', 'the', 'lower', '48', 'states', ',', 'has', 'shrunk', 'by', '40', 'percent', '.']
2026-05-16 12:32:19,154 - DEBUG - joeynmt.training - 	Tokenized reference:  ['L&apos;', 'année', 'dernière', ',', 'je', 'vous', 'ai', 'présenté', 'ces', 'deux', 'diapositives', 'qui', 'montraient', 'que', 'la', 'calotte', 'glacière', 'arctique', ',', 'qui', 'pendant', 'ces', '3', 'derniers', 'millions', 'd&apos;', 'année', 'avait', 'la', 'taille', 'des', 'Etats-Unis', 'sans', 'l&apos;', 'Alaska', ',', 'qui', 'pendant', 'ces', '3', 'derniers', 'millions', 'd&apos;', 'année', 'avait', 'la', 'taille', 'des', 'Etats-Unis', 'sans', 'l&apos;', 'Alaska', ',', 'avait', 'diminué', 'de', '40', '%', '.']
2026-05-16 12:32:19,154 - DEBUG - joeynmt.training - 	Tokenized hypothesis: ['L&apos;', 'année', 'dernière', ',', 'j&apos;', 'ai', 'montré', 'ces', 'deux', '<unk>', 'pour', 'que', 'la', 'glace', '<unk>', '<unk>', ',', 'qui', 'depuis', 'la', 'plupart', 'des', 'trois', 'dernières', 'années', 'ont', 'été', 'la', 'taille', 'des', '<unk>', '<unk>', ',', 'a', '<unk>', 'par', '40', '%', '.', '</s>']
2026-05-16 12:32:19,154 - INFO - joeynmt.training - 	Source:     Last year I showed these two slides so that demonstrate that the arctic ice cap , which for most of the last three million years has been the size of the lower 48 states , has shrunk by 40 percent .
2026-05-16 12:32:19,154 - INFO - joeynmt.training - 	Reference:  L&apos; année dernière , je vous ai présenté ces deux diapositives qui montraient que la calotte glacière arctique , qui pendant ces 3 derniers millions d&apos; année avait la taille des Etats-Unis sans l&apos; Alaska , qui pendant ces 3 derniers millions d&apos; année avait la taille des Etats-Unis sans l&apos; Alaska , avait diminué de 40 % .
2026-05-16 12:32:19,154 - INFO - joeynmt.training - 	Hypothesis: L&apos; année dernière , j&apos; ai montré ces deux <unk> pour que la glace <unk> <unk> , qui depuis la plupart des trois dernières années ont été la taille des <unk> <unk> , a <unk> par 40 % .
2026-05-16 12:32:19,154 - INFO - joeynmt.training - Example #1
2026-05-16 12:32:19,154 - DEBUG - joeynmt.training - 	Tokenized source:     ['But', 'this', 'understates', 'the', 'seriousness', 'of', 'this', 'particular', 'problem', 'because', 'it', 'doesn', '&apos;t', 'show', 'the', 'thickness', 'of', 'the', 'ice', '.']
2026-05-16 12:32:19,154 - DEBUG - joeynmt.training - 	Tokenized reference:  ['Mais', 'ceci', 'tend', 'à', 'amoindrir', 'le', 'problème', 'parce', 'qu&apos;', 'on', 'ne', 'voit', 'pas', 'l&apos;', 'épaisseur', 'de', 'la', 'glace', '.']
2026-05-16 12:32:19,154 - DEBUG - joeynmt.training - 	Tokenized hypothesis: ['Mais', 'cette', '<unk>', 'la', '<unk>', 'de', 'ce', 'problème', 'particulier', 'parce', 'qu&apos;', 'il', 'ne', '<unk>', 'pas', 'la', '<unk>', 'de', 'la', 'glace', '.', '</s>']
2026-05-16 12:32:19,154 - INFO - joeynmt.training - 	Source:     But this understates the seriousness of this particular problem because it doesn &apos;t show the thickness of the ice .
2026-05-16 12:32:19,154 - INFO - joeynmt.training - 	Reference:  Mais ceci tend à amoindrir le problème parce qu&apos; on ne voit pas l&apos; épaisseur de la glace .
2026-05-16 12:32:19,154 - INFO - joeynmt.training - 	Hypothesis: Mais cette <unk> la <unk> de ce problème particulier parce qu&apos; il ne <unk> pas la <unk> de la glace .
2026-05-16 12:32:19,154 - INFO - joeynmt.training - Example #2
2026-05-16 12:32:19,154 - DEBUG - joeynmt.training - 	Tokenized source:     ['The', 'arctic', 'ice', 'cap', 'is', ',', 'in', 'a', 'sense', ',', 'the', 'beating', 'heart', 'of', 'the', 'global', 'climate', 'system', '.']
2026-05-16 12:32:19,154 - DEBUG - joeynmt.training - 	Tokenized reference:  ['On', 'peut', 'voir', 'la', 'calotte', 'glacière', 'arctique', 'comme', 'le', 'coeur', 'du', 'système', 'climatique', 'global', '.', 'On', 'peut', 'voir', 'la', 'calotte', 'glacière', 'arctique', 'comme', 'le', 'coeur', 'du', 'système', 'climatique', 'global', '.']
2026-05-16 12:32:19,154 - DEBUG - joeynmt.training - 	Tokenized hypothesis: ['La', '<unk>', '<unk>', '<unk>', ',', 'dans', 'un', 'sens', ',', 'le', 'coeur', '<unk>', 'du', 'système', 'climatique', '.', '</s>']
2026-05-16 12:32:19,154 - INFO - joeynmt.training - 	Source:     The arctic ice cap is , in a sense , the beating heart of the global climate system .
2026-05-16 12:32:19,154 - INFO - joeynmt.training - 	Reference:  On peut voir la calotte glacière arctique comme le coeur du système climatique global . On peut voir la calotte glacière arctique comme le coeur du système climatique global .
2026-05-16 12:32:19,154 - INFO - joeynmt.training - 	Hypothesis: La <unk> <unk> <unk> , dans un sens , le coeur <unk> du système climatique .
2026-05-16 12:32:19,154 - INFO - joeynmt.training - Example #3
2026-05-16 12:32:19,154 - DEBUG - joeynmt.training - 	Tokenized source:     ['It', 'expands', 'in', 'winter', 'and', 'contracts', 'in', 'summer', '.']
2026-05-16 12:32:19,154 - DEBUG - joeynmt.training - 	Tokenized reference:  ['Elle', 's&apos;', 'étend', 'en', 'hiver', 'et', 'se', 'contracte', 'en', 'été', '.']
2026-05-16 12:32:19,154 - DEBUG - joeynmt.training - 	Tokenized hypothesis: ['Il', '<unk>', 'en', 'été', '.', '</s>']
2026-05-16 12:32:19,154 - INFO - joeynmt.training - 	Source:     It expands in winter and contracts in summer .
2026-05-16 12:32:19,154 - INFO - joeynmt.training - 	Reference:  Elle s&apos; étend en hiver et se contracte en été .
2026-05-16 12:32:19,154 - INFO - joeynmt.training - 	Hypothesis: Il <unk> en été .
2026-05-16 12:32:19,154 - INFO - joeynmt.training - Example #4
2026-05-16 12:32:19,154 - DEBUG - joeynmt.training - 	Tokenized source:     ['The', 'next', 'slide', 'I', 'show', 'you', 'will', 'be', 'a', 'rapid', 'fast-forward', 'of', 'what', '&apos;s', 'happened', 'over', 'the', 'last', '25', 'years', '.']
2026-05-16 12:32:19,154 - DEBUG - joeynmt.training - 	Tokenized reference:  ['La', 'prochaine', 'diapositive', 'que', 'je', 'vais', 'vous', 'montrer', 'est', 'une', 'vue', 'en', 'accéléré', 'de', 'ce', 'qui', 's&apos;', 'est', 'passé', 'ces', '25', 'dernières', 'années', '.']
2026-05-16 12:32:19,154 - DEBUG - joeynmt.training - 	Tokenized hypothesis: ['La', 'prochaine', '<unk>', 'que', 'je', 'vous', 'montre', 'une', '<unk>', '<unk>', 'de', 'ce', 'qui', 'est', 'arrivé', 'au', 'cours', 'des', '25', 'dernières', 'années', '.', '</s>']
2026-05-16 12:32:19,154 - INFO - joeynmt.training - 	Source:     The next slide I show you will be a rapid fast-forward of what &apos;s happened over the last 25 years .
2026-05-16 12:32:19,154 - INFO - joeynmt.training - 	Reference:  La prochaine diapositive que je vais vous montrer est une vue en accéléré de ce qui s&apos; est passé ces 25 dernières années .
2026-05-16 12:32:19,154 - INFO - joeynmt.training - 	Hypothesis: La prochaine <unk> que je vous montre une <unk> <unk> de ce qui est arrivé au cours des 25 dernières années .
2026-05-16 12:32:29,355 - INFO - joeynmt.training - Epoch   7, Step:    19600, Batch Loss:     1.071769, Batch Acc: 0.645888, Tokens per Sec:     7083, Lr: 0.000300
2026-05-16 12:32:39,399 - INFO - joeynmt.training - Epoch   7, Step:    19700, Batch Loss:     1.059540, Batch Acc: 0.642275, Tokens per Sec:     7135, Lr: 0.000300
2026-05-16 12:32:49,444 - INFO - joeynmt.training - Epoch   7, Step:    19800, Batch Loss:     1.074011, Batch Acc: 0.645523, Tokens per Sec:     7168, Lr: 0.000300
2026-05-16 12:32:59,489 - INFO - joeynmt.training - Epoch   7, Step:    19900, Batch Loss:     1.013656, Batch Acc: 0.642105, Tokens per Sec:     7281, Lr: 0.000300
2026-05-16 12:33:09,822 - INFO - joeynmt.training - Epoch   7, Step:    20000, Batch Loss:     1.055333, Batch Acc: 0.646198, Tokens per Sec:     7215, Lr: 0.000300
2026-05-16 12:33:09,822 - WARNING - joeynmt.helpers - `alpha` option is obsolete. Please use `beam_alpha`, instead.
2026-05-16 12:33:09,822 - INFO - joeynmt.prediction - Predicting 890 example(s)... (Greedy decoding with min_output_length=1, max_output_length=-1, return_prob='none', generate_unk=True, repetition_penalty=-1, no_repeat_ngram_size=-1)
2026-05-16 12:33:26,142 - INFO - joeynmt.prediction - Evaluation result (greedy) loss:   1.39, ppl:   4.00, acc:   0.56, generation: 16.3169[sec], evaluation: 0.0000[sec]
2026-05-16 12:33:26,197 - INFO - joeynmt.helpers - delete models/word_2k/19000.ckpt
2026-05-16 12:33:26,198 - INFO - joeynmt.training - Example #0
2026-05-16 12:33:26,198 - DEBUG - joeynmt.training - 	Tokenized source:     ['Last', 'year', 'I', 'showed', 'these', 'two', 'slides', 'so', 'that', 'demonstrate', 'that', 'the', 'arctic', 'ice', 'cap', ',', 'which', 'for', 'most', 'of', 'the', 'last', 'three', 'million', 'years', 'has', 'been', 'the', 'size', 'of', 'the', 'lower', '48', 'states', ',', 'has', 'shrunk', 'by', '40', 'percent', '.']
2026-05-16 12:33:26,198 - DEBUG - joeynmt.training - 	Tokenized reference:  ['L&apos;', 'année', 'dernière', ',', 'je', 'vous', 'ai', 'présenté', 'ces', 'deux', 'diapositives', 'qui', 'montraient', 'que', 'la', 'calotte', 'glacière', 'arctique', ',', 'qui', 'pendant', 'ces', '3', 'derniers', 'millions', 'd&apos;', 'année', 'avait', 'la', 'taille', 'des', 'Etats-Unis', 'sans', 'l&apos;', 'Alaska', ',', 'qui', 'pendant', 'ces', '3', 'derniers', 'millions', 'd&apos;', 'année', 'avait', 'la', 'taille', 'des', 'Etats-Unis', 'sans', 'l&apos;', 'Alaska', ',', 'avait', 'diminué', 'de', '40', '%', '.']
2026-05-16 12:33:26,198 - DEBUG - joeynmt.training - 	Tokenized hypothesis: ['L&apos;', 'année', 'dernière', ',', 'j&apos;', 'ai', 'montré', 'ces', 'deux', '<unk>', 'pour', 'que', 'la', 'glace', '<unk>', '<unk>', ',', 'qui', 'pour', 'la', 'plupart', 'des', 'trois', 'dernières', 'années', 'a', 'été', 'la', 'taille', 'de', 'l&apos;', '<unk>', '<unk>', ',', 'a', '<unk>', 'par', '40', '%', '.', '</s>']
2026-05-16 12:33:26,198 - INFO - joeynmt.training - 	Source:     Last year I showed these two slides so that demonstrate that the arctic ice cap , which for most of the last three million years has been the size of the lower 48 states , has shrunk by 40 percent .
2026-05-16 12:33:26,198 - INFO - joeynmt.training - 	Reference:  L&apos; année dernière , je vous ai présenté ces deux diapositives qui montraient que la calotte glacière arctique , qui pendant ces 3 derniers millions d&apos; année avait la taille des Etats-Unis sans l&apos; Alaska , qui pendant ces 3 derniers millions d&apos; année avait la taille des Etats-Unis sans l&apos; Alaska , avait diminué de 40 % .
2026-05-16 12:33:26,198 - INFO - joeynmt.training - 	Hypothesis: L&apos; année dernière , j&apos; ai montré ces deux <unk> pour que la glace <unk> <unk> , qui pour la plupart des trois dernières années a été la taille de l&apos; <unk> <unk> , a <unk> par 40 % .
2026-05-16 12:33:26,198 - INFO - joeynmt.training - Example #1
2026-05-16 12:33:26,198 - DEBUG - joeynmt.training - 	Tokenized source:     ['But', 'this', 'understates', 'the', 'seriousness', 'of', 'this', 'particular', 'problem', 'because', 'it', 'doesn', '&apos;t', 'show', 'the', 'thickness', 'of', 'the', 'ice', '.']
2026-05-16 12:33:26,198 - DEBUG - joeynmt.training - 	Tokenized reference:  ['Mais', 'ceci', 'tend', 'à', 'amoindrir', 'le', 'problème', 'parce', 'qu&apos;', 'on', 'ne', 'voit', 'pas', 'l&apos;', 'épaisseur', 'de', 'la', 'glace', '.']
2026-05-16 12:33:26,198 - DEBUG - joeynmt.training - 	Tokenized hypothesis: ['Mais', 'ce', '<unk>', 'le', '<unk>', 'de', 'ce', 'problème', 'en', 'particulier', ',', 'parce', 'que', 'ça', 'ne', 'montre', 'pas', 'l&apos;', '<unk>', 'de', 'la', 'glace', '.', '</s>']
2026-05-16 12:33:26,198 - INFO - joeynmt.training - 	Source:     But this understates the seriousness of this particular problem because it doesn &apos;t show the thickness of the ice .
2026-05-16 12:33:26,198 - INFO - joeynmt.training - 	Reference:  Mais ceci tend à amoindrir le problème parce qu&apos; on ne voit pas l&apos; épaisseur de la glace .
2026-05-16 12:33:26,198 - INFO - joeynmt.training - 	Hypothesis: Mais ce <unk> le <unk> de ce problème en particulier , parce que ça ne montre pas l&apos; <unk> de la glace .
2026-05-16 12:33:26,198 - INFO - joeynmt.training - Example #2
2026-05-16 12:33:26,198 - DEBUG - joeynmt.training - 	Tokenized source:     ['The', 'arctic', 'ice', 'cap', 'is', ',', 'in', 'a', 'sense', ',', 'the', 'beating', 'heart', 'of', 'the', 'global', 'climate', 'system', '.']
2026-05-16 12:33:26,198 - DEBUG - joeynmt.training - 	Tokenized reference:  ['On', 'peut', 'voir', 'la', 'calotte', 'glacière', 'arctique', 'comme', 'le', 'coeur', 'du', 'système', 'climatique', 'global', '.', 'On', 'peut', 'voir', 'la', 'calotte', 'glacière', 'arctique', 'comme', 'le', 'coeur', 'du', 'système', 'climatique', 'global', '.']
2026-05-16 12:33:26,199 - DEBUG - joeynmt.training - 	Tokenized hypothesis: ['La', 'glace', '<unk>', 'est', ',', 'dans', 'un', 'sens', ',', 'le', 'cœur', 'du', 'système', 'climatique', '.', '</s>']
2026-05-16 12:33:26,199 - INFO - joeynmt.training - 	Source:     The arctic ice cap is , in a sense , the beating heart of the global climate system .
2026-05-16 12:33:26,199 - INFO - joeynmt.training - 	Reference:  On peut voir la calotte glacière arctique comme le coeur du système climatique global . On peut voir la calotte glacière arctique comme le coeur du système climatique global .
2026-05-16 12:33:26,199 - INFO - joeynmt.training - 	Hypothesis: La glace <unk> est , dans un sens , le cœur du système climatique .
2026-05-16 12:33:26,199 - INFO - joeynmt.training - Example #3
2026-05-16 12:33:26,199 - DEBUG - joeynmt.training - 	Tokenized source:     ['It', 'expands', 'in', 'winter', 'and', 'contracts', 'in', 'summer', '.']
2026-05-16 12:33:26,199 - DEBUG - joeynmt.training - 	Tokenized reference:  ['Elle', 's&apos;', 'étend', 'en', 'hiver', 'et', 'se', 'contracte', 'en', 'été', '.']
2026-05-16 12:33:26,199 - DEBUG - joeynmt.training - 	Tokenized hypothesis: ['Elle', '<unk>', 'en', '<unk>', 'et', '<unk>', 'en', 'été', '.', '</s>']
2026-05-16 12:33:26,199 - INFO - joeynmt.training - 	Source:     It expands in winter and contracts in summer .
2026-05-16 12:33:26,199 - INFO - joeynmt.training - 	Reference:  Elle s&apos; étend en hiver et se contracte en été .
2026-05-16 12:33:26,199 - INFO - joeynmt.training - 	Hypothesis: Elle <unk> en <unk> et <unk> en été .
2026-05-16 12:33:26,199 - INFO - joeynmt.training - Example #4
2026-05-16 12:33:26,199 - DEBUG - joeynmt.training - 	Tokenized source:     ['The', 'next', 'slide', 'I', 'show', 'you', 'will', 'be', 'a', 'rapid', 'fast-forward', 'of', 'what', '&apos;s', 'happened', 'over', 'the', 'last', '25', 'years', '.']
2026-05-16 12:33:26,199 - DEBUG - joeynmt.training - 	Tokenized reference:  ['La', 'prochaine', 'diapositive', 'que', 'je', 'vais', 'vous', 'montrer', 'est', 'une', 'vue', 'en', 'accéléré', 'de', 'ce', 'qui', 's&apos;', 'est', 'passé', 'ces', '25', 'dernières', 'années', '.']
2026-05-16 12:33:26,199 - DEBUG - joeynmt.training - 	Tokenized hypothesis: ['La', 'prochaine', '<unk>', 'que', 'je', 'vous', 'montre', 'sera', 'une', '<unk>', '<unk>', 'de', 'ce', 'qui', 'est', 'arrivé', 'depuis', 'les', '25', 'dernières', 'années', '.', '</s>']
2026-05-16 12:33:26,199 - INFO - joeynmt.training - 	Source:     The next slide I show you will be a rapid fast-forward of what &apos;s happened over the last 25 years .
2026-05-16 12:33:26,199 - INFO - joeynmt.training - 	Reference:  La prochaine diapositive que je vais vous montrer est une vue en accéléré de ce qui s&apos; est passé ces 25 dernières années .
2026-05-16 12:33:26,199 - INFO - joeynmt.training - 	Hypothesis: La prochaine <unk> que je vous montre sera une <unk> <unk> de ce qui est arrivé depuis les 25 dernières années .
2026-05-16 12:33:36,406 - INFO - joeynmt.training - Epoch   7, Step:    20100, Batch Loss:     1.075201, Batch Acc: 0.641661, Tokens per Sec:     6961, Lr: 0.000300
2026-05-16 12:33:46,577 - INFO - joeynmt.training - Epoch   7, Step:    20200, Batch Loss:     1.067714, Batch Acc: 0.640329, Tokens per Sec:     7026, Lr: 0.000300
2026-05-16 12:33:56,519 - INFO - joeynmt.training - Epoch   7, Step:    20300, Batch Loss:     1.057215, Batch Acc: 0.643954, Tokens per Sec:     7406, Lr: 0.000300
2026-05-16 12:34:06,790 - INFO - joeynmt.training - Epoch   7, Step:    20400, Batch Loss:     1.087563, Batch Acc: 0.642176, Tokens per Sec:     7217, Lr: 0.000300
2026-05-16 12:34:16,904 - INFO - joeynmt.training - Epoch   7, Step:    20500, Batch Loss:     1.105674, Batch Acc: 0.643378, Tokens per Sec:     7265, Lr: 0.000300
2026-05-16 12:34:16,904 - WARNING - joeynmt.helpers - `alpha` option is obsolete. Please use `beam_alpha`, instead.
2026-05-16 12:34:16,904 - INFO - joeynmt.prediction - Predicting 890 example(s)... (Greedy decoding with min_output_length=1, max_output_length=-1, return_prob='none', generate_unk=True, repetition_penalty=-1, no_repeat_ngram_size=-1)
2026-05-16 12:34:33,857 - INFO - joeynmt.prediction - Evaluation result (greedy) loss:   1.39, ppl:   4.02, acc:   0.55, generation: 16.9498[sec], evaluation: 0.0000[sec]
2026-05-16 12:34:33,858 - INFO - joeynmt.training - Example #0
2026-05-16 12:34:33,858 - DEBUG - joeynmt.training - 	Tokenized source:     ['Last', 'year', 'I', 'showed', 'these', 'two', 'slides', 'so', 'that', 'demonstrate', 'that', 'the', 'arctic', 'ice', 'cap', ',', 'which', 'for', 'most', 'of', 'the', 'last', 'three', 'million', 'years', 'has', 'been', 'the', 'size', 'of', 'the', 'lower', '48', 'states', ',', 'has', 'shrunk', 'by', '40', 'percent', '.']
2026-05-16 12:34:33,858 - DEBUG - joeynmt.training - 	Tokenized reference:  ['L&apos;', 'année', 'dernière', ',', 'je', 'vous', 'ai', 'présenté', 'ces', 'deux', 'diapositives', 'qui', 'montraient', 'que', 'la', 'calotte', 'glacière', 'arctique', ',', 'qui', 'pendant', 'ces', '3', 'derniers', 'millions', 'd&apos;', 'année', 'avait', 'la', 'taille', 'des', 'Etats-Unis', 'sans', 'l&apos;', 'Alaska', ',', 'qui', 'pendant', 'ces', '3', 'derniers', 'millions', 'd&apos;', 'année', 'avait', 'la', 'taille', 'des', 'Etats-Unis', 'sans', 'l&apos;', 'Alaska', ',', 'avait', 'diminué', 'de', '40', '%', '.']
2026-05-16 12:34:33,858 - DEBUG - joeynmt.training - 	Tokenized hypothesis: ['L&apos;', 'année', 'dernière', ',', 'j&apos;', 'ai', 'montré', 'ces', 'deux', '<unk>', 'pour', 'que', 'la', 'glace', '<unk>', '<unk>', ',', 'qui', 'pour', 'la', 'plupart', 'des', 'trois', 'dernières', 'années', 'a', 'été', 'la', 'taille', 'de', 'l&apos;', '<unk>', '<unk>', ',', 'a', '<unk>', 'de', '40', '%', '.', '</s>']
2026-05-16 12:34:33,858 - INFO - joeynmt.training - 	Source:     Last year I showed these two slides so that demonstrate that the arctic ice cap , which for most of the last three million years has been the size of the lower 48 states , has shrunk by 40 percent .
2026-05-16 12:34:33,858 - INFO - joeynmt.training - 	Reference:  L&apos; année dernière , je vous ai présenté ces deux diapositives qui montraient que la calotte glacière arctique , qui pendant ces 3 derniers millions d&apos; année avait la taille des Etats-Unis sans l&apos; Alaska , qui pendant ces 3 derniers millions d&apos; année avait la taille des Etats-Unis sans l&apos; Alaska , avait diminué de 40 % .
2026-05-16 12:34:33,858 - INFO - joeynmt.training - 	Hypothesis: L&apos; année dernière , j&apos; ai montré ces deux <unk> pour que la glace <unk> <unk> , qui pour la plupart des trois dernières années a été la taille de l&apos; <unk> <unk> , a <unk> de 40 % .
2026-05-16 12:34:33,858 - INFO - joeynmt.training - Example #1
2026-05-16 12:34:33,858 - DEBUG - joeynmt.training - 	Tokenized source:     ['But', 'this', 'understates', 'the', 'seriousness', 'of', 'this', 'particular', 'problem', 'because', 'it', 'doesn', '&apos;t', 'show', 'the', 'thickness', 'of', 'the', 'ice', '.']
2026-05-16 12:34:33,858 - DEBUG - joeynmt.training - 	Tokenized reference:  ['Mais', 'ceci', 'tend', 'à', 'amoindrir', 'le', 'problème', 'parce', 'qu&apos;', 'on', 'ne', 'voit', 'pas', 'l&apos;', 'épaisseur', 'de', 'la', 'glace', '.']
2026-05-16 12:34:33,858 - DEBUG - joeynmt.training - 	Tokenized hypothesis: ['Mais', 'cette', '<unk>', 'la', '<unk>', 'de', 'ce', 'problème', 'particulier', 'parce', 'qu&apos;', 'elle', 'ne', 'montre', 'pas', 'la', '<unk>', 'de', 'la', 'glace', '.', '</s>']
2026-05-16 12:34:33,858 - INFO - joeynmt.training - 	Source:     But this understates the seriousness of this particular problem because it doesn &apos;t show the thickness of the ice .
2026-05-16 12:34:33,858 - INFO - joeynmt.training - 	Reference:  Mais ceci tend à amoindrir le problème parce qu&apos; on ne voit pas l&apos; épaisseur de la glace .
2026-05-16 12:34:33,858 - INFO - joeynmt.training - 	Hypothesis: Mais cette <unk> la <unk> de ce problème particulier parce qu&apos; elle ne montre pas la <unk> de la glace .
2026-05-16 12:34:33,858 - INFO - joeynmt.training - Example #2
2026-05-16 12:34:33,858 - DEBUG - joeynmt.training - 	Tokenized source:     ['The', 'arctic', 'ice', 'cap', 'is', ',', 'in', 'a', 'sense', ',', 'the', 'beating', 'heart', 'of', 'the', 'global', 'climate', 'system', '.']
2026-05-16 12:34:33,858 - DEBUG - joeynmt.training - 	Tokenized reference:  ['On', 'peut', 'voir', 'la', 'calotte', 'glacière', 'arctique', 'comme', 'le', 'coeur', 'du', 'système', 'climatique', 'global', '.', 'On', 'peut', 'voir', 'la', 'calotte', 'glacière', 'arctique', 'comme', 'le', 'coeur', 'du', 'système', 'climatique', 'global', '.']
2026-05-16 12:34:33,858 - DEBUG - joeynmt.training - 	Tokenized hypothesis: ['La', '<unk>', '<unk>', 'de', 'glace', 'est', ',', 'dans', 'un', 'sens', ',', 'le', '<unk>', 'cardiaque', 'du', 'système', 'climatique', '.', '</s>']
2026-05-16 12:34:33,858 - INFO - joeynmt.training - 	Source:     The arctic ice cap is , in a sense , the beating heart of the global climate system .
2026-05-16 12:34:33,858 - INFO - joeynmt.training - 	Reference:  On peut voir la calotte glacière arctique comme le coeur du système climatique global . On peut voir la calotte glacière arctique comme le coeur du système climatique global .
2026-05-16 12:34:33,858 - INFO - joeynmt.training - 	Hypothesis: La <unk> <unk> de glace est , dans un sens , le <unk> cardiaque du système climatique .
2026-05-16 12:34:33,859 - INFO - joeynmt.training - Example #3
2026-05-16 12:34:33,859 - DEBUG - joeynmt.training - 	Tokenized source:     ['It', 'expands', 'in', 'winter', 'and', 'contracts', 'in', 'summer', '.']
2026-05-16 12:34:33,859 - DEBUG - joeynmt.training - 	Tokenized reference:  ['Elle', 's&apos;', 'étend', 'en', 'hiver', 'et', 'se', 'contracte', 'en', 'été', '.']
2026-05-16 12:34:33,859 - DEBUG - joeynmt.training - 	Tokenized hypothesis: ['Elle', '<unk>', 'en', 'été', '.', '</s>']
2026-05-16 12:34:33,859 - INFO - joeynmt.training - 	Source:     It expands in winter and contracts in summer .
2026-05-16 12:34:33,859 - INFO - joeynmt.training - 	Reference:  Elle s&apos; étend en hiver et se contracte en été .
2026-05-16 12:34:33,859 - INFO - joeynmt.training - 	Hypothesis: Elle <unk> en été .
2026-05-16 12:34:33,859 - INFO - joeynmt.training - Example #4
2026-05-16 12:34:33,859 - DEBUG - joeynmt.training - 	Tokenized source:     ['The', 'next', 'slide', 'I', 'show', 'you', 'will', 'be', 'a', 'rapid', 'fast-forward', 'of', 'what', '&apos;s', 'happened', 'over', 'the', 'last', '25', 'years', '.']
2026-05-16 12:34:33,859 - DEBUG - joeynmt.training - 	Tokenized reference:  ['La', 'prochaine', 'diapositive', 'que', 'je', 'vais', 'vous', 'montrer', 'est', 'une', 'vue', 'en', 'accéléré', 'de', 'ce', 'qui', 's&apos;', 'est', 'passé', 'ces', '25', 'dernières', 'années', '.']
2026-05-16 12:34:33,859 - DEBUG - joeynmt.training - 	Tokenized hypothesis: ['La', 'prochaine', '<unk>', 'que', 'je', 'vous', 'montre', 'sera', 'une', '<unk>', '<unk>', 'de', 'ce', 'qui', 's&apos;', 'est', 'passé', 'au', 'cours', 'des', '25', 'dernières', 'années', '.', '</s>']
2026-05-16 12:34:33,859 - INFO - joeynmt.training - 	Source:     The next slide I show you will be a rapid fast-forward of what &apos;s happened over the last 25 years .
2026-05-16 12:34:33,859 - INFO - joeynmt.training - 	Reference:  La prochaine diapositive que je vais vous montrer est une vue en accéléré de ce qui s&apos; est passé ces 25 dernières années .
2026-05-16 12:34:33,859 - INFO - joeynmt.training - 	Hypothesis: La prochaine <unk> que je vous montre sera une <unk> <unk> de ce qui s&apos; est passé au cours des 25 dernières années .
2026-05-16 12:34:43,918 - INFO - joeynmt.training - Epoch   7, Step:    20600, Batch Loss:     0.938205, Batch Acc: 0.638976, Tokens per Sec:     7301, Lr: 0.000300
2026-05-16 12:34:53,952 - INFO - joeynmt.training - Epoch   7, Step:    20700, Batch Loss:     1.065948, Batch Acc: 0.642216, Tokens per Sec:     7270, Lr: 0.000300
2026-05-16 12:35:04,112 - INFO - joeynmt.training - Epoch   7, Step:    20800, Batch Loss:     1.145103, Batch Acc: 0.637388, Tokens per Sec:     7249, Lr: 0.000300
2026-05-16 12:35:14,195 - INFO - joeynmt.training - Epoch   7, Step:    20900, Batch Loss:     1.093148, Batch Acc: 0.640516, Tokens per Sec:     7010, Lr: 0.000300
2026-05-16 12:35:24,372 - INFO - joeynmt.training - Epoch   7, Step:    21000, Batch Loss:     1.119018, Batch Acc: 0.646810, Tokens per Sec:     7238, Lr: 0.000300
2026-05-16 12:35:24,372 - WARNING - joeynmt.helpers - `alpha` option is obsolete. Please use `beam_alpha`, instead.
2026-05-16 12:35:24,373 - INFO - joeynmt.prediction - Predicting 890 example(s)... (Greedy decoding with min_output_length=1, max_output_length=-1, return_prob='none', generate_unk=True, repetition_penalty=-1, no_repeat_ngram_size=-1)
2026-05-16 12:35:41,612 - INFO - joeynmt.prediction - Evaluation result (greedy) loss:   1.38, ppl:   3.97, acc:   0.56, generation: 17.2358[sec], evaluation: 0.0000[sec]
2026-05-16 12:35:41,612 - INFO - joeynmt.training - Hooray! New best validation result [ppl]!
2026-05-16 12:35:41,668 - INFO - joeynmt.helpers - delete models/word_2k/20000.ckpt
2026-05-16 12:35:41,669 - INFO - joeynmt.training - Example #0
2026-05-16 12:35:41,669 - DEBUG - joeynmt.training - 	Tokenized source:     ['Last', 'year', 'I', 'showed', 'these', 'two', 'slides', 'so', 'that', 'demonstrate', 'that', 'the', 'arctic', 'ice', 'cap', ',', 'which', 'for', 'most', 'of', 'the', 'last', 'three', 'million', 'years', 'has', 'been', 'the', 'size', 'of', 'the', 'lower', '48', 'states', ',', 'has', 'shrunk', 'by', '40', 'percent', '.']
2026-05-16 12:35:41,669 - DEBUG - joeynmt.training - 	Tokenized reference:  ['L&apos;', 'année', 'dernière', ',', 'je', 'vous', 'ai', 'présenté', 'ces', 'deux', 'diapositives', 'qui', 'montraient', 'que', 'la', 'calotte', 'glacière', 'arctique', ',', 'qui', 'pendant', 'ces', '3', 'derniers', 'millions', 'd&apos;', 'année', 'avait', 'la', 'taille', 'des', 'Etats-Unis', 'sans', 'l&apos;', 'Alaska', ',', 'qui', 'pendant', 'ces', '3', 'derniers', 'millions', 'd&apos;', 'année', 'avait', 'la', 'taille', 'des', 'Etats-Unis', 'sans', 'l&apos;', 'Alaska', ',', 'avait', 'diminué', 'de', '40', '%', '.']
2026-05-16 12:35:41,669 - DEBUG - joeynmt.training - 	Tokenized hypothesis: ['L&apos;', 'année', 'dernière', ',', 'j&apos;', 'ai', 'montré', 'ces', 'deux', '<unk>', 'pour', 'que', 'les', '<unk>', '<unk>', '<unk>', ',', 'qui', '<unk>', 'la', '<unk>', 'de', 'glace', '<unk>', ',', 'qui', '<unk>', 'la', 'plupart', 'des', 'trois', 'dernières', 'années', 'a', 'été', 'la', 'taille', 'des', '<unk>', '<unk>', '<unk>', ',', 'a', '<unk>', 'de', '40', '%', '.', '</s>']
2026-05-16 12:35:41,669 - INFO - joeynmt.training - 	Source:     Last year I showed these two slides so that demonstrate that the arctic ice cap , which for most of the last three million years has been the size of the lower 48 states , has shrunk by 40 percent .
2026-05-16 12:35:41,669 - INFO - joeynmt.training - 	Reference:  L&apos; année dernière , je vous ai présenté ces deux diapositives qui montraient que la calotte glacière arctique , qui pendant ces 3 derniers millions d&apos; année avait la taille des Etats-Unis sans l&apos; Alaska , qui pendant ces 3 derniers millions d&apos; année avait la taille des Etats-Unis sans l&apos; Alaska , avait diminué de 40 % .
2026-05-16 12:35:41,669 - INFO - joeynmt.training - 	Hypothesis: L&apos; année dernière , j&apos; ai montré ces deux <unk> pour que les <unk> <unk> <unk> , qui <unk> la <unk> de glace <unk> , qui <unk> la plupart des trois dernières années a été la taille des <unk> <unk> <unk> , a <unk> de 40 % .
2026-05-16 12:35:41,669 - INFO - joeynmt.training - Example #1
2026-05-16 12:35:41,669 - DEBUG - joeynmt.training - 	Tokenized source:     ['But', 'this', 'understates', 'the', 'seriousness', 'of', 'this', 'particular', 'problem', 'because', 'it', 'doesn', '&apos;t', 'show', 'the', 'thickness', 'of', 'the', 'ice', '.']
2026-05-16 12:35:41,669 - DEBUG - joeynmt.training - 	Tokenized reference:  ['Mais', 'ceci', 'tend', 'à', 'amoindrir', 'le', 'problème', 'parce', 'qu&apos;', 'on', 'ne', 'voit', 'pas', 'l&apos;', 'épaisseur', 'de', 'la', 'glace', '.']
2026-05-16 12:35:41,669 - DEBUG - joeynmt.training - 	Tokenized hypothesis: ['Mais', 'ce', '<unk>', 'le', '<unk>', 'de', 'ce', 'problème', 'particulier', 'parce', 'qu&apos;', 'il', 'ne', '<unk>', 'pas', 'les', '<unk>', 'de', 'la', 'glace', '.', '</s>']
2026-05-16 12:35:41,669 - INFO - joeynmt.training - 	Source:     But this understates the seriousness of this particular problem because it doesn &apos;t show the thickness of the ice .
2026-05-16 12:35:41,669 - INFO - joeynmt.training - 	Reference:  Mais ceci tend à amoindrir le problème parce qu&apos; on ne voit pas l&apos; épaisseur de la glace .
2026-05-16 12:35:41,669 - INFO - joeynmt.training - 	Hypothesis: Mais ce <unk> le <unk> de ce problème particulier parce qu&apos; il ne <unk> pas les <unk> de la glace .
2026-05-16 12:35:41,669 - INFO - joeynmt.training - Example #2
2026-05-16 12:35:41,669 - DEBUG - joeynmt.training - 	Tokenized source:     ['The', 'arctic', 'ice', 'cap', 'is', ',', 'in', 'a', 'sense', ',', 'the', 'beating', 'heart', 'of', 'the', 'global', 'climate', 'system', '.']
2026-05-16 12:35:41,669 - DEBUG - joeynmt.training - 	Tokenized reference:  ['On', 'peut', 'voir', 'la', 'calotte', 'glacière', 'arctique', 'comme', 'le', 'coeur', 'du', 'système', 'climatique', 'global', '.', 'On', 'peut', 'voir', 'la', 'calotte', 'glacière', 'arctique', 'comme', 'le', 'coeur', 'du', 'système', 'climatique', 'global', '.']
2026-05-16 12:35:41,669 - DEBUG - joeynmt.training - 	Tokenized hypothesis: ['La', '<unk>', 'de', 'glace', '<unk>', 'est', ',', 'dans', 'un', 'sens', ',', 'le', '<unk>', 'cardiaque', 'du', 'système', '<unk>', '.', '</s>']
2026-05-16 12:35:41,669 - INFO - joeynmt.training - 	Source:     The arctic ice cap is , in a sense , the beating heart of the global climate system .
2026-05-16 12:35:41,669 - INFO - joeynmt.training - 	Reference:  On peut voir la calotte glacière arctique comme le coeur du système climatique global . On peut voir la calotte glacière arctique comme le coeur du système climatique global .
2026-05-16 12:35:41,669 - INFO - joeynmt.training - 	Hypothesis: La <unk> de glace <unk> est , dans un sens , le <unk> cardiaque du système <unk> .
2026-05-16 12:35:41,669 - INFO - joeynmt.training - Example #3
2026-05-16 12:35:41,669 - DEBUG - joeynmt.training - 	Tokenized source:     ['It', 'expands', 'in', 'winter', 'and', 'contracts', 'in', 'summer', '.']
2026-05-16 12:35:41,669 - DEBUG - joeynmt.training - 	Tokenized reference:  ['Elle', 's&apos;', 'étend', 'en', 'hiver', 'et', 'se', 'contracte', 'en', 'été', '.']
2026-05-16 12:35:41,669 - DEBUG - joeynmt.training - 	Tokenized hypothesis: ['Elle', '<unk>', 'en', '<unk>', 'et', '<unk>', 'en', 'été', '.', '</s>']
2026-05-16 12:35:41,669 - INFO - joeynmt.training - 	Source:     It expands in winter and contracts in summer .
2026-05-16 12:35:41,669 - INFO - joeynmt.training - 	Reference:  Elle s&apos; étend en hiver et se contracte en été .
2026-05-16 12:35:41,669 - INFO - joeynmt.training - 	Hypothesis: Elle <unk> en <unk> et <unk> en été .
2026-05-16 12:35:41,669 - INFO - joeynmt.training - Example #4
2026-05-16 12:35:41,669 - DEBUG - joeynmt.training - 	Tokenized source:     ['The', 'next', 'slide', 'I', 'show', 'you', 'will', 'be', 'a', 'rapid', 'fast-forward', 'of', 'what', '&apos;s', 'happened', 'over', 'the', 'last', '25', 'years', '.']
2026-05-16 12:35:41,669 - DEBUG - joeynmt.training - 	Tokenized reference:  ['La', 'prochaine', 'diapositive', 'que', 'je', 'vais', 'vous', 'montrer', 'est', 'une', 'vue', 'en', 'accéléré', 'de', 'ce', 'qui', 's&apos;', 'est', 'passé', 'ces', '25', 'dernières', 'années', '.']
2026-05-16 12:35:41,669 - DEBUG - joeynmt.training - 	Tokenized hypothesis: ['La', 'prochaine', '<unk>', 'que', 'je', 'vous', 'montre', 'que', 'vous', '<unk>', 'sera', 'une', '<unk>', '<unk>', 'de', 'ce', 'qui', 's&apos;', 'est', 'passé', 'au', 'cours', 'des', '25', 'dernières', 'années', '.', '</s>']
2026-05-16 12:35:41,669 - INFO - joeynmt.training - 	Source:     The next slide I show you will be a rapid fast-forward of what &apos;s happened over the last 25 years .
2026-05-16 12:35:41,670 - INFO - joeynmt.training - 	Reference:  La prochaine diapositive que je vais vous montrer est une vue en accéléré de ce qui s&apos; est passé ces 25 dernières années .
2026-05-16 12:35:41,670 - INFO - joeynmt.training - 	Hypothesis: La prochaine <unk> que je vous montre que vous <unk> sera une <unk> <unk> de ce qui s&apos; est passé au cours des 25 dernières années .
2026-05-16 12:35:51,743 - INFO - joeynmt.training - Epoch   7, Step:    21100, Batch Loss:     1.014454, Batch Acc: 0.638631, Tokens per Sec:     7262, Lr: 0.000300
2026-05-16 12:36:01,993 - INFO - joeynmt.training - Epoch   7, Step:    21200, Batch Loss:     1.075487, Batch Acc: 0.635080, Tokens per Sec:     7036, Lr: 0.000300
2026-05-16 12:36:11,895 - INFO - joeynmt.training - Epoch   7, Step:    21300, Batch Loss:     1.174370, Batch Acc: 0.641190, Tokens per Sec:     7178, Lr: 0.000300
2026-05-16 12:36:22,308 - INFO - joeynmt.training - Epoch   7, Step:    21400, Batch Loss:     1.148445, Batch Acc: 0.633855, Tokens per Sec:     6992, Lr: 0.000300
2026-05-16 12:36:32,617 - INFO - joeynmt.training - Epoch   7, Step:    21500, Batch Loss:     1.085472, Batch Acc: 0.636953, Tokens per Sec:     6944, Lr: 0.000300
2026-05-16 12:36:32,617 - WARNING - joeynmt.helpers - `alpha` option is obsolete. Please use `beam_alpha`, instead.
2026-05-16 12:36:32,617 - INFO - joeynmt.prediction - Predicting 890 example(s)... (Greedy decoding with min_output_length=1, max_output_length=-1, return_prob='none', generate_unk=True, repetition_penalty=-1, no_repeat_ngram_size=-1)
2026-05-16 12:36:47,817 - INFO - joeynmt.prediction - Evaluation result (greedy) loss:   1.38, ppl:   3.96, acc:   0.56, generation: 15.1965[sec], evaluation: 0.0000[sec]
2026-05-16 12:36:47,818 - INFO - joeynmt.training - Hooray! New best validation result [ppl]!
2026-05-16 12:36:47,872 - INFO - joeynmt.helpers - delete models/word_2k/18500.ckpt
2026-05-16 12:36:47,872 - INFO - joeynmt.training - Example #0
2026-05-16 12:36:47,872 - DEBUG - joeynmt.training - 	Tokenized source:     ['Last', 'year', 'I', 'showed', 'these', 'two', 'slides', 'so', 'that', 'demonstrate', 'that', 'the', 'arctic', 'ice', 'cap', ',', 'which', 'for', 'most', 'of', 'the', 'last', 'three', 'million', 'years', 'has', 'been', 'the', 'size', 'of', 'the', 'lower', '48', 'states', ',', 'has', 'shrunk', 'by', '40', 'percent', '.']
2026-05-16 12:36:47,872 - DEBUG - joeynmt.training - 	Tokenized reference:  ['L&apos;', 'année', 'dernière', ',', 'je', 'vous', 'ai', 'présenté', 'ces', 'deux', 'diapositives', 'qui', 'montraient', 'que', 'la', 'calotte', 'glacière', 'arctique', ',', 'qui', 'pendant', 'ces', '3', 'derniers', 'millions', 'd&apos;', 'année', 'avait', 'la', 'taille', 'des', 'Etats-Unis', 'sans', 'l&apos;', 'Alaska', ',', 'qui', 'pendant', 'ces', '3', 'derniers', 'millions', 'd&apos;', 'année', 'avait', 'la', 'taille', 'des', 'Etats-Unis', 'sans', 'l&apos;', 'Alaska', ',', 'avait', 'diminué', 'de', '40', '%', '.']
2026-05-16 12:36:47,872 - DEBUG - joeynmt.training - 	Tokenized hypothesis: ['L&apos;', 'année', 'dernière', ',', 'j&apos;', 'ai', 'montré', 'ces', 'deux', '<unk>', 'pour', 'que', 'les', '<unk>', 'de', 'glace', ',', 'qui', 'depuis', 'la', 'plupart', 'des', 'trois', 'dernières', 'années', 'a', 'été', 'la', 'taille', 'des', '<unk>', '<unk>', ',', 'a', '<unk>', 'par', '40', '%', '.', '</s>']
2026-05-16 12:36:47,872 - INFO - joeynmt.training - 	Source:     Last year I showed these two slides so that demonstrate that the arctic ice cap , which for most of the last three million years has been the size of the lower 48 states , has shrunk by 40 percent .
2026-05-16 12:36:47,872 - INFO - joeynmt.training - 	Reference:  L&apos; année dernière , je vous ai présenté ces deux diapositives qui montraient que la calotte glacière arctique , qui pendant ces 3 derniers millions d&apos; année avait la taille des Etats-Unis sans l&apos; Alaska , qui pendant ces 3 derniers millions d&apos; année avait la taille des Etats-Unis sans l&apos; Alaska , avait diminué de 40 % .
2026-05-16 12:36:47,872 - INFO - joeynmt.training - 	Hypothesis: L&apos; année dernière , j&apos; ai montré ces deux <unk> pour que les <unk> de glace , qui depuis la plupart des trois dernières années a été la taille des <unk> <unk> , a <unk> par 40 % .
2026-05-16 12:36:47,872 - INFO - joeynmt.training - Example #1
2026-05-16 12:36:47,872 - DEBUG - joeynmt.training - 	Tokenized source:     ['But', 'this', 'understates', 'the', 'seriousness', 'of', 'this', 'particular', 'problem', 'because', 'it', 'doesn', '&apos;t', 'show', 'the', 'thickness', 'of', 'the', 'ice', '.']
2026-05-16 12:36:47,872 - DEBUG - joeynmt.training - 	Tokenized reference:  ['Mais', 'ceci', 'tend', 'à', 'amoindrir', 'le', 'problème', 'parce', 'qu&apos;', 'on', 'ne', 'voit', 'pas', 'l&apos;', 'épaisseur', 'de', 'la', 'glace', '.']
2026-05-16 12:36:47,872 - DEBUG - joeynmt.training - 	Tokenized hypothesis: ['Mais', 'ce', 'problème', 'particulier', 'le', '<unk>', 'de', 'ce', 'problème', 'particulier', 'parce', 'que', 'ça', 'ne', 'montre', 'pas', 'les', '<unk>', 'de', 'la', 'glace', '.', '</s>']
2026-05-16 12:36:47,872 - INFO - joeynmt.training - 	Source:     But this understates the seriousness of this particular problem because it doesn &apos;t show the thickness of the ice .
2026-05-16 12:36:47,872 - INFO - joeynmt.training - 	Reference:  Mais ceci tend à amoindrir le problème parce qu&apos; on ne voit pas l&apos; épaisseur de la glace .
2026-05-16 12:36:47,872 - INFO - joeynmt.training - 	Hypothesis: Mais ce problème particulier le <unk> de ce problème particulier parce que ça ne montre pas les <unk> de la glace .
2026-05-16 12:36:47,872 - INFO - joeynmt.training - Example #2
2026-05-16 12:36:47,872 - DEBUG - joeynmt.training - 	Tokenized source:     ['The', 'arctic', 'ice', 'cap', 'is', ',', 'in', 'a', 'sense', ',', 'the', 'beating', 'heart', 'of', 'the', 'global', 'climate', 'system', '.']
2026-05-16 12:36:47,873 - DEBUG - joeynmt.training - 	Tokenized reference:  ['On', 'peut', 'voir', 'la', 'calotte', 'glacière', 'arctique', 'comme', 'le', 'coeur', 'du', 'système', 'climatique', 'global', '.', 'On', 'peut', 'voir', 'la', 'calotte', 'glacière', 'arctique', 'comme', 'le', 'coeur', 'du', 'système', 'climatique', 'global', '.']
2026-05-16 12:36:47,873 - DEBUG - joeynmt.training - 	Tokenized hypothesis: ['La', '<unk>', 'de', 'glace', 'est', ',', 'dans', 'un', 'sens', ',', 'le', 'cœur', '<unk>', 'du', 'système', 'climatique', '.', '</s>']
2026-05-16 12:36:47,873 - INFO - joeynmt.training - 	Source:     The arctic ice cap is , in a sense , the beating heart of the global climate system .
2026-05-16 12:36:47,873 - INFO - joeynmt.training - 	Reference:  On peut voir la calotte glacière arctique comme le coeur du système climatique global . On peut voir la calotte glacière arctique comme le coeur du système climatique global .
2026-05-16 12:36:47,873 - INFO - joeynmt.training - 	Hypothesis: La <unk> de glace est , dans un sens , le cœur <unk> du système climatique .
2026-05-16 12:36:47,873 - INFO - joeynmt.training - Example #3
2026-05-16 12:36:47,873 - DEBUG - joeynmt.training - 	Tokenized source:     ['It', 'expands', 'in', 'winter', 'and', 'contracts', 'in', 'summer', '.']
2026-05-16 12:36:47,873 - DEBUG - joeynmt.training - 	Tokenized reference:  ['Elle', 's&apos;', 'étend', 'en', 'hiver', 'et', 'se', 'contracte', 'en', 'été', '.']
2026-05-16 12:36:47,873 - DEBUG - joeynmt.training - 	Tokenized hypothesis: ['Il', '<unk>', 'en', '<unk>', 'et', '<unk>', 'en', 'été', '.', '</s>']
2026-05-16 12:36:47,873 - INFO - joeynmt.training - 	Source:     It expands in winter and contracts in summer .
2026-05-16 12:36:47,873 - INFO - joeynmt.training - 	Reference:  Elle s&apos; étend en hiver et se contracte en été .
2026-05-16 12:36:47,873 - INFO - joeynmt.training - 	Hypothesis: Il <unk> en <unk> et <unk> en été .
2026-05-16 12:36:47,873 - INFO - joeynmt.training - Example #4
2026-05-16 12:36:47,873 - DEBUG - joeynmt.training - 	Tokenized source:     ['The', 'next', 'slide', 'I', 'show', 'you', 'will', 'be', 'a', 'rapid', 'fast-forward', 'of', 'what', '&apos;s', 'happened', 'over', 'the', 'last', '25', 'years', '.']
2026-05-16 12:36:47,873 - DEBUG - joeynmt.training - 	Tokenized reference:  ['La', 'prochaine', 'diapositive', 'que', 'je', 'vais', 'vous', 'montrer', 'est', 'une', 'vue', 'en', 'accéléré', 'de', 'ce', 'qui', 's&apos;', 'est', 'passé', 'ces', '25', 'dernières', 'années', '.']
2026-05-16 12:36:47,873 - DEBUG - joeynmt.training - 	Tokenized hypothesis: ['La', 'prochaine', '<unk>', 'que', 'je', 'vous', 'montre', 'que', 'vous', '<unk>', 'un', '<unk>', 'de', 'ce', 'qui', 's&apos;', 'est', 'passé', 'au', 'cours', 'des', '25', 'dernières', 'années', '.', '</s>']
2026-05-16 12:36:47,873 - INFO - joeynmt.training - 	Source:     The next slide I show you will be a rapid fast-forward of what &apos;s happened over the last 25 years .
2026-05-16 12:36:47,873 - INFO - joeynmt.training - 	Reference:  La prochaine diapositive que je vais vous montrer est une vue en accéléré de ce qui s&apos; est passé ces 25 dernières années .
2026-05-16 12:36:47,873 - INFO - joeynmt.training - 	Hypothesis: La prochaine <unk> que je vous montre que vous <unk> un <unk> de ce qui s&apos; est passé au cours des 25 dernières années .
2026-05-16 12:36:58,120 - INFO - joeynmt.training - Epoch   7, Step:    21600, Batch Loss:     1.103205, Batch Acc: 0.636887, Tokens per Sec:     6943, Lr: 0.000300
2026-05-16 12:37:07,562 - INFO - joeynmt.training - Epoch   7: total training loss 3382.43
2026-05-16 12:37:07,562 - INFO - joeynmt.training - EPOCH 8
2026-05-16 12:37:08,130 - INFO - joeynmt.training - Epoch   8, Step:    21700, Batch Loss:     0.999133, Batch Acc: 0.639496, Tokens per Sec:     7821, Lr: 0.000300
2026-05-16 12:37:18,309 - INFO - joeynmt.training - Epoch   8, Step:    21800, Batch Loss:     0.985503, Batch Acc: 0.661747, Tokens per Sec:     7216, Lr: 0.000300
2026-05-16 12:37:28,209 - INFO - joeynmt.training - Epoch   8, Step:    21900, Batch Loss:     1.033418, Batch Acc: 0.657677, Tokens per Sec:     7294, Lr: 0.000300
2026-05-16 12:37:38,230 - INFO - joeynmt.training - Epoch   8, Step:    22000, Batch Loss:     1.056051, Batch Acc: 0.657843, Tokens per Sec:     7034, Lr: 0.000300
2026-05-16 12:37:38,230 - WARNING - joeynmt.helpers - `alpha` option is obsolete. Please use `beam_alpha`, instead.
2026-05-16 12:37:38,230 - INFO - joeynmt.prediction - Predicting 890 example(s)... (Greedy decoding with min_output_length=1, max_output_length=-1, return_prob='none', generate_unk=True, repetition_penalty=-1, no_repeat_ngram_size=-1)
2026-05-16 12:37:55,001 - INFO - joeynmt.prediction - Evaluation result (greedy) loss:   1.39, ppl:   4.02, acc:   0.56, generation: 16.7673[sec], evaluation: 0.0000[sec]
2026-05-16 12:37:55,002 - INFO - joeynmt.training - Example #0
2026-05-16 12:37:55,002 - DEBUG - joeynmt.training - 	Tokenized source:     ['Last', 'year', 'I', 'showed', 'these', 'two', 'slides', 'so', 'that', 'demonstrate', 'that', 'the', 'arctic', 'ice', 'cap', ',', 'which', 'for', 'most', 'of', 'the', 'last', 'three', 'million', 'years', 'has', 'been', 'the', 'size', 'of', 'the', 'lower', '48', 'states', ',', 'has', 'shrunk', 'by', '40', 'percent', '.']
2026-05-16 12:37:55,002 - DEBUG - joeynmt.training - 	Tokenized reference:  ['L&apos;', 'année', 'dernière', ',', 'je', 'vous', 'ai', 'présenté', 'ces', 'deux', 'diapositives', 'qui', 'montraient', 'que', 'la', 'calotte', 'glacière', 'arctique', ',', 'qui', 'pendant', 'ces', '3', 'derniers', 'millions', 'd&apos;', 'année', 'avait', 'la', 'taille', 'des', 'Etats-Unis', 'sans', 'l&apos;', 'Alaska', ',', 'qui', 'pendant', 'ces', '3', 'derniers', 'millions', 'd&apos;', 'année', 'avait', 'la', 'taille', 'des', 'Etats-Unis', 'sans', 'l&apos;', 'Alaska', ',', 'avait', 'diminué', 'de', '40', '%', '.']
2026-05-16 12:37:55,002 - DEBUG - joeynmt.training - 	Tokenized hypothesis: ['L&apos;', 'année', 'dernière', ',', 'j&apos;', 'ai', 'montré', 'ces', 'deux', '<unk>', 'pour', 'que', 'la', 'glace', '<unk>', '<unk>', ',', 'qui', ',', 'pour', 'la', 'la', 'la', '<unk>', '<unk>', ',', 'qui', 'pour', 'la', 'la', 'la', '<unk>', '<unk>', ',', 'a', '<unk>', 'par', '40', '%', '.', '</s>']
2026-05-16 12:37:55,002 - INFO - joeynmt.training - 	Source:     Last year I showed these two slides so that demonstrate that the arctic ice cap , which for most of the last three million years has been the size of the lower 48 states , has shrunk by 40 percent .
2026-05-16 12:37:55,002 - INFO - joeynmt.training - 	Reference:  L&apos; année dernière , je vous ai présenté ces deux diapositives qui montraient que la calotte glacière arctique , qui pendant ces 3 derniers millions d&apos; année avait la taille des Etats-Unis sans l&apos; Alaska , qui pendant ces 3 derniers millions d&apos; année avait la taille des Etats-Unis sans l&apos; Alaska , avait diminué de 40 % .
2026-05-16 12:37:55,002 - INFO - joeynmt.training - 	Hypothesis: L&apos; année dernière , j&apos; ai montré ces deux <unk> pour que la glace <unk> <unk> , qui , pour la la la <unk> <unk> , qui pour la la la <unk> <unk> , a <unk> par 40 % .
2026-05-16 12:37:55,002 - INFO - joeynmt.training - Example #1
2026-05-16 12:37:55,002 - DEBUG - joeynmt.training - 	Tokenized source:     ['But', 'this', 'understates', 'the', 'seriousness', 'of', 'this', 'particular', 'problem', 'because', 'it', 'doesn', '&apos;t', 'show', 'the', 'thickness', 'of', 'the', 'ice', '.']
2026-05-16 12:37:55,002 - DEBUG - joeynmt.training - 	Tokenized reference:  ['Mais', 'ceci', 'tend', 'à', 'amoindrir', 'le', 'problème', 'parce', 'qu&apos;', 'on', 'ne', 'voit', 'pas', 'l&apos;', 'épaisseur', 'de', 'la', 'glace', '.']
2026-05-16 12:37:55,002 - DEBUG - joeynmt.training - 	Tokenized hypothesis: ['Mais', 'ce', '<unk>', 'le', '<unk>', 'de', 'ce', 'problème', 'particulier', 'parce', 'qu&apos;', 'il', 'ne', 'montre', 'pas', 'l&apos;', '<unk>', 'de', 'la', 'glace', '.', '</s>']
2026-05-16 12:37:55,002 - INFO - joeynmt.training - 	Source:     But this understates the seriousness of this particular problem because it doesn &apos;t show the thickness of the ice .
2026-05-16 12:37:55,002 - INFO - joeynmt.training - 	Reference:  Mais ceci tend à amoindrir le problème parce qu&apos; on ne voit pas l&apos; épaisseur de la glace .
2026-05-16 12:37:55,002 - INFO - joeynmt.training - 	Hypothesis: Mais ce <unk> le <unk> de ce problème particulier parce qu&apos; il ne montre pas l&apos; <unk> de la glace .
2026-05-16 12:37:55,002 - INFO - joeynmt.training - Example #2
2026-05-16 12:37:55,002 - DEBUG - joeynmt.training - 	Tokenized source:     ['The', 'arctic', 'ice', 'cap', 'is', ',', 'in', 'a', 'sense', ',', 'the', 'beating', 'heart', 'of', 'the', 'global', 'climate', 'system', '.']
2026-05-16 12:37:55,002 - DEBUG - joeynmt.training - 	Tokenized reference:  ['On', 'peut', 'voir', 'la', 'calotte', 'glacière', 'arctique', 'comme', 'le', 'coeur', 'du', 'système', 'climatique', 'global', '.', 'On', 'peut', 'voir', 'la', 'calotte', 'glacière', 'arctique', 'comme', 'le', 'coeur', 'du', 'système', 'climatique', 'global', '.']
2026-05-16 12:37:55,002 - DEBUG - joeynmt.training - 	Tokenized hypothesis: ['La', '<unk>', '<unk>', 'est', ',', 'dans', 'un', 'sens', ',', 'le', 'cœur', 'du', 'système', 'climatique', '.', '</s>']
2026-05-16 12:37:55,003 - INFO - joeynmt.training - 	Source:     The arctic ice cap is , in a sense , the beating heart of the global climate system .
2026-05-16 12:37:55,003 - INFO - joeynmt.training - 	Reference:  On peut voir la calotte glacière arctique comme le coeur du système climatique global . On peut voir la calotte glacière arctique comme le coeur du système climatique global .
2026-05-16 12:37:55,003 - INFO - joeynmt.training - 	Hypothesis: La <unk> <unk> est , dans un sens , le cœur du système climatique .
2026-05-16 12:37:55,003 - INFO - joeynmt.training - Example #3
2026-05-16 12:37:55,003 - DEBUG - joeynmt.training - 	Tokenized source:     ['It', 'expands', 'in', 'winter', 'and', 'contracts', 'in', 'summer', '.']
2026-05-16 12:37:55,003 - DEBUG - joeynmt.training - 	Tokenized reference:  ['Elle', 's&apos;', 'étend', 'en', 'hiver', 'et', 'se', 'contracte', 'en', 'été', '.']
2026-05-16 12:37:55,003 - DEBUG - joeynmt.training - 	Tokenized hypothesis: ['Il', '<unk>', 'en', '<unk>', 'et', '<unk>', 'en', 'été', '.', '</s>']
2026-05-16 12:37:55,003 - INFO - joeynmt.training - 	Source:     It expands in winter and contracts in summer .
2026-05-16 12:37:55,003 - INFO - joeynmt.training - 	Reference:  Elle s&apos; étend en hiver et se contracte en été .
2026-05-16 12:37:55,003 - INFO - joeynmt.training - 	Hypothesis: Il <unk> en <unk> et <unk> en été .
2026-05-16 12:37:55,003 - INFO - joeynmt.training - Example #4
2026-05-16 12:37:55,003 - DEBUG - joeynmt.training - 	Tokenized source:     ['The', 'next', 'slide', 'I', 'show', 'you', 'will', 'be', 'a', 'rapid', 'fast-forward', 'of', 'what', '&apos;s', 'happened', 'over', 'the', 'last', '25', 'years', '.']
2026-05-16 12:37:55,003 - DEBUG - joeynmt.training - 	Tokenized reference:  ['La', 'prochaine', 'diapositive', 'que', 'je', 'vais', 'vous', 'montrer', 'est', 'une', 'vue', 'en', 'accéléré', 'de', 'ce', 'qui', 's&apos;', 'est', 'passé', 'ces', '25', 'dernières', 'années', '.']
2026-05-16 12:37:55,003 - DEBUG - joeynmt.training - 	Tokenized hypothesis: ['La', 'prochaine', '<unk>', 'que', 'je', 'vous', 'montre', 'que', 'vous', '<unk>', 'un', '<unk>', 'de', 'ce', 'qui', 'est', 'arrivé', 'au', 'cours', 'des', '25', 'dernières', 'années', '.', '</s>']
2026-05-16 12:37:55,003 - INFO - joeynmt.training - 	Source:     The next slide I show you will be a rapid fast-forward of what &apos;s happened over the last 25 years .
2026-05-16 12:37:55,003 - INFO - joeynmt.training - 	Reference:  La prochaine diapositive que je vais vous montrer est une vue en accéléré de ce qui s&apos; est passé ces 25 dernières années .
2026-05-16 12:37:55,003 - INFO - joeynmt.training - 	Hypothesis: La prochaine <unk> que je vous montre que vous <unk> un <unk> de ce qui est arrivé au cours des 25 dernières années .
2026-05-16 12:38:04,948 - INFO - joeynmt.training - Epoch   8, Step:    22100, Batch Loss:     1.053717, Batch Acc: 0.649962, Tokens per Sec:     7443, Lr: 0.000300
2026-05-16 12:38:15,401 - INFO - joeynmt.training - Epoch   8, Step:    22200, Batch Loss:     1.019943, Batch Acc: 0.654821, Tokens per Sec:     6998, Lr: 0.000300
2026-05-16 12:38:25,590 - INFO - joeynmt.training - Epoch   8, Step:    22300, Batch Loss:     0.992736, Batch Acc: 0.655863, Tokens per Sec:     7150, Lr: 0.000300
2026-05-16 12:38:36,193 - INFO - joeynmt.training - Epoch   8, Step:    22400, Batch Loss:     1.134759, Batch Acc: 0.653121, Tokens per Sec:     7013, Lr: 0.000300
2026-05-16 12:38:46,464 - INFO - joeynmt.training - Epoch   8, Step:    22500, Batch Loss:     1.116181, Batch Acc: 0.651343, Tokens per Sec:     7051, Lr: 0.000300
2026-05-16 12:38:46,464 - WARNING - joeynmt.helpers - `alpha` option is obsolete. Please use `beam_alpha`, instead.
2026-05-16 12:38:46,464 - INFO - joeynmt.prediction - Predicting 890 example(s)... (Greedy decoding with min_output_length=1, max_output_length=-1, return_prob='none', generate_unk=True, repetition_penalty=-1, no_repeat_ngram_size=-1)
2026-05-16 12:39:03,541 - INFO - joeynmt.prediction - Evaluation result (greedy) loss:   1.39, ppl:   4.02, acc:   0.56, generation: 17.0737[sec], evaluation: 0.0000[sec]
2026-05-16 12:39:03,541 - INFO - joeynmt.training - Example #0
2026-05-16 12:39:03,542 - DEBUG - joeynmt.training - 	Tokenized source:     ['Last', 'year', 'I', 'showed', 'these', 'two', 'slides', 'so', 'that', 'demonstrate', 'that', 'the', 'arctic', 'ice', 'cap', ',', 'which', 'for', 'most', 'of', 'the', 'last', 'three', 'million', 'years', 'has', 'been', 'the', 'size', 'of', 'the', 'lower', '48', 'states', ',', 'has', 'shrunk', 'by', '40', 'percent', '.']
2026-05-16 12:39:03,542 - DEBUG - joeynmt.training - 	Tokenized reference:  ['L&apos;', 'année', 'dernière', ',', 'je', 'vous', 'ai', 'présenté', 'ces', 'deux', 'diapositives', 'qui', 'montraient', 'que', 'la', 'calotte', 'glacière', 'arctique', ',', 'qui', 'pendant', 'ces', '3', 'derniers', 'millions', 'd&apos;', 'année', 'avait', 'la', 'taille', 'des', 'Etats-Unis', 'sans', 'l&apos;', 'Alaska', ',', 'qui', 'pendant', 'ces', '3', 'derniers', 'millions', 'd&apos;', 'année', 'avait', 'la', 'taille', 'des', 'Etats-Unis', 'sans', 'l&apos;', 'Alaska', ',', 'avait', 'diminué', 'de', '40', '%', '.']
2026-05-16 12:39:03,542 - DEBUG - joeynmt.training - 	Tokenized hypothesis: ['L&apos;', 'année', 'dernière', ',', 'j&apos;', 'ai', 'montré', 'ces', 'deux', '<unk>', 'pour', 'que', 'les', '<unk>', '<unk>', '<unk>', ',', 'qui', ',', 'pour', 'la', 'plupart', 'des', 'trois', 'dernières', 'années', 'a', 'été', 'la', 'taille', 'des', '<unk>', '<unk>', ',', 'a', '<unk>', 'par', '40', '%', '.', '</s>']
2026-05-16 12:39:03,542 - INFO - joeynmt.training - 	Source:     Last year I showed these two slides so that demonstrate that the arctic ice cap , which for most of the last three million years has been the size of the lower 48 states , has shrunk by 40 percent .
2026-05-16 12:39:03,542 - INFO - joeynmt.training - 	Reference:  L&apos; année dernière , je vous ai présenté ces deux diapositives qui montraient que la calotte glacière arctique , qui pendant ces 3 derniers millions d&apos; année avait la taille des Etats-Unis sans l&apos; Alaska , qui pendant ces 3 derniers millions d&apos; année avait la taille des Etats-Unis sans l&apos; Alaska , avait diminué de 40 % .
2026-05-16 12:39:03,542 - INFO - joeynmt.training - 	Hypothesis: L&apos; année dernière , j&apos; ai montré ces deux <unk> pour que les <unk> <unk> <unk> , qui , pour la plupart des trois dernières années a été la taille des <unk> <unk> , a <unk> par 40 % .
2026-05-16 12:39:03,542 - INFO - joeynmt.training - Example #1
2026-05-16 12:39:03,542 - DEBUG - joeynmt.training - 	Tokenized source:     ['But', 'this', 'understates', 'the', 'seriousness', 'of', 'this', 'particular', 'problem', 'because', 'it', 'doesn', '&apos;t', 'show', 'the', 'thickness', 'of', 'the', 'ice', '.']
2026-05-16 12:39:03,542 - DEBUG - joeynmt.training - 	Tokenized reference:  ['Mais', 'ceci', 'tend', 'à', 'amoindrir', 'le', 'problème', 'parce', 'qu&apos;', 'on', 'ne', 'voit', 'pas', 'l&apos;', 'épaisseur', 'de', 'la', 'glace', '.']
2026-05-16 12:39:03,542 - DEBUG - joeynmt.training - 	Tokenized hypothesis: ['Mais', 'cette', '<unk>', 'la', '<unk>', 'de', 'ce', 'problème', 'parce', 'qu&apos;', 'elle', 'ne', 'montre', 'pas', 'la', '<unk>', 'de', 'la', 'glace', '.', '</s>']
2026-05-16 12:39:03,542 - INFO - joeynmt.training - 	Source:     But this understates the seriousness of this particular problem because it doesn &apos;t show the thickness of the ice .
2026-05-16 12:39:03,542 - INFO - joeynmt.training - 	Reference:  Mais ceci tend à amoindrir le problème parce qu&apos; on ne voit pas l&apos; épaisseur de la glace .
2026-05-16 12:39:03,542 - INFO - joeynmt.training - 	Hypothesis: Mais cette <unk> la <unk> de ce problème parce qu&apos; elle ne montre pas la <unk> de la glace .
2026-05-16 12:39:03,542 - INFO - joeynmt.training - Example #2
2026-05-16 12:39:03,542 - DEBUG - joeynmt.training - 	Tokenized source:     ['The', 'arctic', 'ice', 'cap', 'is', ',', 'in', 'a', 'sense', ',', 'the', 'beating', 'heart', 'of', 'the', 'global', 'climate', 'system', '.']
2026-05-16 12:39:03,542 - DEBUG - joeynmt.training - 	Tokenized reference:  ['On', 'peut', 'voir', 'la', 'calotte', 'glacière', 'arctique', 'comme', 'le', 'coeur', 'du', 'système', 'climatique', 'global', '.', 'On', 'peut', 'voir', 'la', 'calotte', 'glacière', 'arctique', 'comme', 'le', 'coeur', 'du', 'système', 'climatique', 'global', '.']
2026-05-16 12:39:03,542 - DEBUG - joeynmt.training - 	Tokenized hypothesis: ['La', '<unk>', '<unk>', 'est', ',', 'dans', 'un', 'sens', ',', 'le', 'cœur', '<unk>', 'du', 'système', '<unk>', '<unk>', '.', '</s>']
2026-05-16 12:39:03,542 - INFO - joeynmt.training - 	Source:     The arctic ice cap is , in a sense , the beating heart of the global climate system .
2026-05-16 12:39:03,542 - INFO - joeynmt.training - 	Reference:  On peut voir la calotte glacière arctique comme le coeur du système climatique global . On peut voir la calotte glacière arctique comme le coeur du système climatique global .
2026-05-16 12:39:03,542 - INFO - joeynmt.training - 	Hypothesis: La <unk> <unk> est , dans un sens , le cœur <unk> du système <unk> <unk> .
2026-05-16 12:39:03,542 - INFO - joeynmt.training - Example #3
2026-05-16 12:39:03,542 - DEBUG - joeynmt.training - 	Tokenized source:     ['It', 'expands', 'in', 'winter', 'and', 'contracts', 'in', 'summer', '.']
2026-05-16 12:39:03,542 - DEBUG - joeynmt.training - 	Tokenized reference:  ['Elle', 's&apos;', 'étend', 'en', 'hiver', 'et', 'se', 'contracte', 'en', 'été', '.']
2026-05-16 12:39:03,542 - DEBUG - joeynmt.training - 	Tokenized hypothesis: ['Il', '<unk>', 'en', 'été', '.', '</s>']
2026-05-16 12:39:03,542 - INFO - joeynmt.training - 	Source:     It expands in winter and contracts in summer .
2026-05-16 12:39:03,542 - INFO - joeynmt.training - 	Reference:  Elle s&apos; étend en hiver et se contracte en été .
2026-05-16 12:39:03,542 - INFO - joeynmt.training - 	Hypothesis: Il <unk> en été .
2026-05-16 12:39:03,542 - INFO - joeynmt.training - Example #4
2026-05-16 12:39:03,542 - DEBUG - joeynmt.training - 	Tokenized source:     ['The', 'next', 'slide', 'I', 'show', 'you', 'will', 'be', 'a', 'rapid', 'fast-forward', 'of', 'what', '&apos;s', 'happened', 'over', 'the', 'last', '25', 'years', '.']
2026-05-16 12:39:03,542 - DEBUG - joeynmt.training - 	Tokenized reference:  ['La', 'prochaine', 'diapositive', 'que', 'je', 'vais', 'vous', 'montrer', 'est', 'une', 'vue', 'en', 'accéléré', 'de', 'ce', 'qui', 's&apos;', 'est', 'passé', 'ces', '25', 'dernières', 'années', '.']
2026-05-16 12:39:03,543 - DEBUG - joeynmt.training - 	Tokenized hypothesis: ['La', 'prochaine', '<unk>', 'que', 'je', 'vous', 'montre', 'que', 'vous', '<unk>', 'un', '<unk>', 'de', 'ce', 'qui', 's&apos;', 'est', 'passé', 'pendant', 'les', '25', 'dernières', 'années', '.', '</s>']
2026-05-16 12:39:03,543 - INFO - joeynmt.training - 	Source:     The next slide I show you will be a rapid fast-forward of what &apos;s happened over the last 25 years .
2026-05-16 12:39:03,543 - INFO - joeynmt.training - 	Reference:  La prochaine diapositive que je vais vous montrer est une vue en accéléré de ce qui s&apos; est passé ces 25 dernières années .
2026-05-16 12:39:03,543 - INFO - joeynmt.training - 	Hypothesis: La prochaine <unk> que je vous montre que vous <unk> un <unk> de ce qui s&apos; est passé pendant les 25 dernières années .
2026-05-16 12:39:14,136 - INFO - joeynmt.training - Epoch   8, Step:    22600, Batch Loss:     0.973386, Batch Acc: 0.653010, Tokens per Sec:     6824, Lr: 0.000300
2026-05-16 12:39:24,335 - INFO - joeynmt.training - Epoch   8, Step:    22700, Batch Loss:     1.135653, Batch Acc: 0.651561, Tokens per Sec:     7116, Lr: 0.000300
2026-05-16 12:39:34,297 - INFO - joeynmt.training - Epoch   8, Step:    22800, Batch Loss:     1.119150, Batch Acc: 0.647301, Tokens per Sec:     7281, Lr: 0.000300
2026-05-16 12:39:44,539 - INFO - joeynmt.training - Epoch   8, Step:    22900, Batch Loss:     0.976950, Batch Acc: 0.652314, Tokens per Sec:     7064, Lr: 0.000300
2026-05-16 12:39:54,870 - INFO - joeynmt.training - Epoch   8, Step:    23000, Batch Loss:     0.988740, Batch Acc: 0.652817, Tokens per Sec:     7050, Lr: 0.000300
2026-05-16 12:39:54,870 - WARNING - joeynmt.helpers - `alpha` option is obsolete. Please use `beam_alpha`, instead.
2026-05-16 12:39:54,870 - INFO - joeynmt.prediction - Predicting 890 example(s)... (Greedy decoding with min_output_length=1, max_output_length=-1, return_prob='none', generate_unk=True, repetition_penalty=-1, no_repeat_ngram_size=-1)
2026-05-16 12:40:09,904 - INFO - joeynmt.prediction - Evaluation result (greedy) loss:   1.39, ppl:   4.01, acc:   0.56, generation: 15.0302[sec], evaluation: 0.0000[sec]
2026-05-16 12:40:09,904 - INFO - joeynmt.training - Example #0
2026-05-16 12:40:09,904 - DEBUG - joeynmt.training - 	Tokenized source:     ['Last', 'year', 'I', 'showed', 'these', 'two', 'slides', 'so', 'that', 'demonstrate', 'that', 'the', 'arctic', 'ice', 'cap', ',', 'which', 'for', 'most', 'of', 'the', 'last', 'three', 'million', 'years', 'has', 'been', 'the', 'size', 'of', 'the', 'lower', '48', 'states', ',', 'has', 'shrunk', 'by', '40', 'percent', '.']
2026-05-16 12:40:09,904 - DEBUG - joeynmt.training - 	Tokenized reference:  ['L&apos;', 'année', 'dernière', ',', 'je', 'vous', 'ai', 'présenté', 'ces', 'deux', 'diapositives', 'qui', 'montraient', 'que', 'la', 'calotte', 'glacière', 'arctique', ',', 'qui', 'pendant', 'ces', '3', 'derniers', 'millions', 'd&apos;', 'année', 'avait', 'la', 'taille', 'des', 'Etats-Unis', 'sans', 'l&apos;', 'Alaska', ',', 'qui', 'pendant', 'ces', '3', 'derniers', 'millions', 'd&apos;', 'année', 'avait', 'la', 'taille', 'des', 'Etats-Unis', 'sans', 'l&apos;', 'Alaska', ',', 'avait', 'diminué', 'de', '40', '%', '.']
2026-05-16 12:40:09,904 - DEBUG - joeynmt.training - 	Tokenized hypothesis: ['L&apos;', 'année', 'dernière', ',', 'j&apos;', 'ai', 'montré', 'ces', 'deux', '<unk>', 'pour', 'que', 'les', '<unk>', 'de', 'glace', '<unk>', ',', 'qui', ',', 'pour', 'la', 'plupart', 'des', 'trois', 'dernières', 'années', 'a', 'été', 'la', 'taille', 'des', '<unk>', '<unk>', ',', 'a', '<unk>', 'de', '40', '%', '.', '</s>']
2026-05-16 12:40:09,904 - INFO - joeynmt.training - 	Source:     Last year I showed these two slides so that demonstrate that the arctic ice cap , which for most of the last three million years has been the size of the lower 48 states , has shrunk by 40 percent .
2026-05-16 12:40:09,904 - INFO - joeynmt.training - 	Reference:  L&apos; année dernière , je vous ai présenté ces deux diapositives qui montraient que la calotte glacière arctique , qui pendant ces 3 derniers millions d&apos; année avait la taille des Etats-Unis sans l&apos; Alaska , qui pendant ces 3 derniers millions d&apos; année avait la taille des Etats-Unis sans l&apos; Alaska , avait diminué de 40 % .
2026-05-16 12:40:09,905 - INFO - joeynmt.training - 	Hypothesis: L&apos; année dernière , j&apos; ai montré ces deux <unk> pour que les <unk> de glace <unk> , qui , pour la plupart des trois dernières années a été la taille des <unk> <unk> , a <unk> de 40 % .
2026-05-16 12:40:09,905 - INFO - joeynmt.training - Example #1
2026-05-16 12:40:09,905 - DEBUG - joeynmt.training - 	Tokenized source:     ['But', 'this', 'understates', 'the', 'seriousness', 'of', 'this', 'particular', 'problem', 'because', 'it', 'doesn', '&apos;t', 'show', 'the', 'thickness', 'of', 'the', 'ice', '.']
2026-05-16 12:40:09,905 - DEBUG - joeynmt.training - 	Tokenized reference:  ['Mais', 'ceci', 'tend', 'à', 'amoindrir', 'le', 'problème', 'parce', 'qu&apos;', 'on', 'ne', 'voit', 'pas', 'l&apos;', 'épaisseur', 'de', 'la', 'glace', '.']
2026-05-16 12:40:09,905 - DEBUG - joeynmt.training - 	Tokenized hypothesis: ['Mais', 'cette', '<unk>', 'l&apos;', '<unk>', 'de', 'ce', 'problème', ',', 'parce', 'que', 'cela', 'ne', '<unk>', 'pas', 'les', '<unk>', 'de', 'la', 'glace', '.', '</s>']
2026-05-16 12:40:09,905 - INFO - joeynmt.training - 	Source:     But this understates the seriousness of this particular problem because it doesn &apos;t show the thickness of the ice .
2026-05-16 12:40:09,905 - INFO - joeynmt.training - 	Reference:  Mais ceci tend à amoindrir le problème parce qu&apos; on ne voit pas l&apos; épaisseur de la glace .
2026-05-16 12:40:09,905 - INFO - joeynmt.training - 	Hypothesis: Mais cette <unk> l&apos; <unk> de ce problème , parce que cela ne <unk> pas les <unk> de la glace .
2026-05-16 12:40:09,905 - INFO - joeynmt.training - Example #2
2026-05-16 12:40:09,905 - DEBUG - joeynmt.training - 	Tokenized source:     ['The', 'arctic', 'ice', 'cap', 'is', ',', 'in', 'a', 'sense', ',', 'the', 'beating', 'heart', 'of', 'the', 'global', 'climate', 'system', '.']
2026-05-16 12:40:09,905 - DEBUG - joeynmt.training - 	Tokenized reference:  ['On', 'peut', 'voir', 'la', 'calotte', 'glacière', 'arctique', 'comme', 'le', 'coeur', 'du', 'système', 'climatique', 'global', '.', 'On', 'peut', 'voir', 'la', 'calotte', 'glacière', 'arctique', 'comme', 'le', 'coeur', 'du', 'système', 'climatique', 'global', '.']
2026-05-16 12:40:09,905 - DEBUG - joeynmt.training - 	Tokenized hypothesis: ['La', '<unk>', 'de', 'glace', 'est', ',', 'dans', 'un', 'sens', ',', 'le', '<unk>', 'cardiaque', 'du', 'système', 'climatique', '.', '</s>']
2026-05-16 12:40:09,905 - INFO - joeynmt.training - 	Source:     The arctic ice cap is , in a sense , the beating heart of the global climate system .
2026-05-16 12:40:09,905 - INFO - joeynmt.training - 	Reference:  On peut voir la calotte glacière arctique comme le coeur du système climatique global . On peut voir la calotte glacière arctique comme le coeur du système climatique global .
2026-05-16 12:40:09,905 - INFO - joeynmt.training - 	Hypothesis: La <unk> de glace est , dans un sens , le <unk> cardiaque du système climatique .
2026-05-16 12:40:09,905 - INFO - joeynmt.training - Example #3
2026-05-16 12:40:09,905 - DEBUG - joeynmt.training - 	Tokenized source:     ['It', 'expands', 'in', 'winter', 'and', 'contracts', 'in', 'summer', '.']
2026-05-16 12:40:09,905 - DEBUG - joeynmt.training - 	Tokenized reference:  ['Elle', 's&apos;', 'étend', 'en', 'hiver', 'et', 'se', 'contracte', 'en', 'été', '.']
2026-05-16 12:40:09,905 - DEBUG - joeynmt.training - 	Tokenized hypothesis: ['Elle', '<unk>', 'en', 'été', '.', '</s>']
2026-05-16 12:40:09,905 - INFO - joeynmt.training - 	Source:     It expands in winter and contracts in summer .
2026-05-16 12:40:09,905 - INFO - joeynmt.training - 	Reference:  Elle s&apos; étend en hiver et se contracte en été .
2026-05-16 12:40:09,905 - INFO - joeynmt.training - 	Hypothesis: Elle <unk> en été .
2026-05-16 12:40:09,905 - INFO - joeynmt.training - Example #4
2026-05-16 12:40:09,905 - DEBUG - joeynmt.training - 	Tokenized source:     ['The', 'next', 'slide', 'I', 'show', 'you', 'will', 'be', 'a', 'rapid', 'fast-forward', 'of', 'what', '&apos;s', 'happened', 'over', 'the', 'last', '25', 'years', '.']
2026-05-16 12:40:09,905 - DEBUG - joeynmt.training - 	Tokenized reference:  ['La', 'prochaine', 'diapositive', 'que', 'je', 'vais', 'vous', 'montrer', 'est', 'une', 'vue', 'en', 'accéléré', 'de', 'ce', 'qui', 's&apos;', 'est', 'passé', 'ces', '25', 'dernières', 'années', '.']
2026-05-16 12:40:09,905 - DEBUG - joeynmt.training - 	Tokenized hypothesis: ['La', 'prochaine', '<unk>', 'que', 'vous', '<unk>', 'sera', 'une', '<unk>', '<unk>', 'de', 'ce', 'qui', 's&apos;', 'est', 'passé', 'au', 'cours', 'des', '25', 'dernières', 'années', '.', '</s>']
2026-05-16 12:40:09,905 - INFO - joeynmt.training - 	Source:     The next slide I show you will be a rapid fast-forward of what &apos;s happened over the last 25 years .
2026-05-16 12:40:09,905 - INFO - joeynmt.training - 	Reference:  La prochaine diapositive que je vais vous montrer est une vue en accéléré de ce qui s&apos; est passé ces 25 dernières années .
2026-05-16 12:40:09,905 - INFO - joeynmt.training - 	Hypothesis: La prochaine <unk> que vous <unk> sera une <unk> <unk> de ce qui s&apos; est passé au cours des 25 dernières années .
2026-05-16 12:40:20,133 - INFO - joeynmt.training - Epoch   8, Step:    23100, Batch Loss:     1.026999, Batch Acc: 0.649731, Tokens per Sec:     7108, Lr: 0.000300
2026-05-16 12:40:30,547 - INFO - joeynmt.training - Epoch   8, Step:    23200, Batch Loss:     1.123558, Batch Acc: 0.647126, Tokens per Sec:     7029, Lr: 0.000300
2026-05-16 12:40:40,800 - INFO - joeynmt.training - Epoch   8, Step:    23300, Batch Loss:     1.166399, Batch Acc: 0.648323, Tokens per Sec:     7015, Lr: 0.000300
2026-05-16 12:40:51,150 - INFO - joeynmt.training - Epoch   8, Step:    23400, Batch Loss:     1.151879, Batch Acc: 0.650044, Tokens per Sec:     7097, Lr: 0.000300
2026-05-16 12:41:01,377 - INFO - joeynmt.training - Epoch   8, Step:    23500, Batch Loss:     1.177670, Batch Acc: 0.645058, Tokens per Sec:     7243, Lr: 0.000300
2026-05-16 12:41:01,377 - WARNING - joeynmt.helpers - `alpha` option is obsolete. Please use `beam_alpha`, instead.
2026-05-16 12:41:01,378 - INFO - joeynmt.prediction - Predicting 890 example(s)... (Greedy decoding with min_output_length=1, max_output_length=-1, return_prob='none', generate_unk=True, repetition_penalty=-1, no_repeat_ngram_size=-1)
2026-05-16 12:41:16,433 - INFO - joeynmt.prediction - Evaluation result (greedy) loss:   1.38, ppl:   3.98, acc:   0.56, generation: 15.0514[sec], evaluation: 0.0000[sec]
2026-05-16 12:41:16,487 - INFO - joeynmt.helpers - delete models/word_2k/15500.ckpt
2026-05-16 12:41:16,487 - INFO - joeynmt.training - Example #0
2026-05-16 12:41:16,487 - DEBUG - joeynmt.training - 	Tokenized source:     ['Last', 'year', 'I', 'showed', 'these', 'two', 'slides', 'so', 'that', 'demonstrate', 'that', 'the', 'arctic', 'ice', 'cap', ',', 'which', 'for', 'most', 'of', 'the', 'last', 'three', 'million', 'years', 'has', 'been', 'the', 'size', 'of', 'the', 'lower', '48', 'states', ',', 'has', 'shrunk', 'by', '40', 'percent', '.']
2026-05-16 12:41:16,487 - DEBUG - joeynmt.training - 	Tokenized reference:  ['L&apos;', 'année', 'dernière', ',', 'je', 'vous', 'ai', 'présenté', 'ces', 'deux', 'diapositives', 'qui', 'montraient', 'que', 'la', 'calotte', 'glacière', 'arctique', ',', 'qui', 'pendant', 'ces', '3', 'derniers', 'millions', 'd&apos;', 'année', 'avait', 'la', 'taille', 'des', 'Etats-Unis', 'sans', 'l&apos;', 'Alaska', ',', 'qui', 'pendant', 'ces', '3', 'derniers', 'millions', 'd&apos;', 'année', 'avait', 'la', 'taille', 'des', 'Etats-Unis', 'sans', 'l&apos;', 'Alaska', ',', 'avait', 'diminué', 'de', '40', '%', '.']
2026-05-16 12:41:16,487 - DEBUG - joeynmt.training - 	Tokenized hypothesis: ['L&apos;', 'année', 'dernière', ',', 'je', '<unk>', 'ces', 'deux', '<unk>', 'pour', 'que', 'les', '<unk>', '<unk>', 'de', 'glace', ',', 'qui', 'pour', 'la', 'plupart', 'des', 'trois', 'derniers', 'millions', 'd&apos;', 'années', 'ont', 'été', 'la', 'taille', 'de', 'l&apos;', '<unk>', '<unk>', ',', 'a', '<unk>', 'de', '40', '%', '.', '</s>']
2026-05-16 12:41:16,487 - INFO - joeynmt.training - 	Source:     Last year I showed these two slides so that demonstrate that the arctic ice cap , which for most of the last three million years has been the size of the lower 48 states , has shrunk by 40 percent .
2026-05-16 12:41:16,487 - INFO - joeynmt.training - 	Reference:  L&apos; année dernière , je vous ai présenté ces deux diapositives qui montraient que la calotte glacière arctique , qui pendant ces 3 derniers millions d&apos; année avait la taille des Etats-Unis sans l&apos; Alaska , qui pendant ces 3 derniers millions d&apos; année avait la taille des Etats-Unis sans l&apos; Alaska , avait diminué de 40 % .
2026-05-16 12:41:16,487 - INFO - joeynmt.training - 	Hypothesis: L&apos; année dernière , je <unk> ces deux <unk> pour que les <unk> <unk> de glace , qui pour la plupart des trois derniers millions d&apos; années ont été la taille de l&apos; <unk> <unk> , a <unk> de 40 % .
2026-05-16 12:41:16,487 - INFO - joeynmt.training - Example #1
2026-05-16 12:41:16,487 - DEBUG - joeynmt.training - 	Tokenized source:     ['But', 'this', 'understates', 'the', 'seriousness', 'of', 'this', 'particular', 'problem', 'because', 'it', 'doesn', '&apos;t', 'show', 'the', 'thickness', 'of', 'the', 'ice', '.']
2026-05-16 12:41:16,487 - DEBUG - joeynmt.training - 	Tokenized reference:  ['Mais', 'ceci', 'tend', 'à', 'amoindrir', 'le', 'problème', 'parce', 'qu&apos;', 'on', 'ne', 'voit', 'pas', 'l&apos;', 'épaisseur', 'de', 'la', 'glace', '.']
2026-05-16 12:41:16,487 - DEBUG - joeynmt.training - 	Tokenized hypothesis: ['Mais', 'cela', '<unk>', 'la', '<unk>', 'de', 'ce', 'problème', 'parce', 'qu&apos;', 'elle', 'ne', 'montre', 'pas', 'la', '<unk>', 'de', 'la', 'glace', '.', '</s>']
2026-05-16 12:41:16,488 - INFO - joeynmt.training - 	Source:     But this understates the seriousness of this particular problem because it doesn &apos;t show the thickness of the ice .
2026-05-16 12:41:16,488 - INFO - joeynmt.training - 	Reference:  Mais ceci tend à amoindrir le problème parce qu&apos; on ne voit pas l&apos; épaisseur de la glace .
2026-05-16 12:41:16,488 - INFO - joeynmt.training - 	Hypothesis: Mais cela <unk> la <unk> de ce problème parce qu&apos; elle ne montre pas la <unk> de la glace .
2026-05-16 12:41:16,488 - INFO - joeynmt.training - Example #2
2026-05-16 12:41:16,488 - DEBUG - joeynmt.training - 	Tokenized source:     ['The', 'arctic', 'ice', 'cap', 'is', ',', 'in', 'a', 'sense', ',', 'the', 'beating', 'heart', 'of', 'the', 'global', 'climate', 'system', '.']
2026-05-16 12:41:16,488 - DEBUG - joeynmt.training - 	Tokenized reference:  ['On', 'peut', 'voir', 'la', 'calotte', 'glacière', 'arctique', 'comme', 'le', 'coeur', 'du', 'système', 'climatique', 'global', '.', 'On', 'peut', 'voir', 'la', 'calotte', 'glacière', 'arctique', 'comme', 'le', 'coeur', 'du', 'système', 'climatique', 'global', '.']
2026-05-16 12:41:16,488 - DEBUG - joeynmt.training - 	Tokenized hypothesis: ['La', '<unk>', '<unk>', 'est', ',', 'dans', 'un', 'sens', ',', 'le', 'coeur', '<unk>', 'du', 'système', 'climatique', '.', '</s>']
2026-05-16 12:41:16,488 - INFO - joeynmt.training - 	Source:     The arctic ice cap is , in a sense , the beating heart of the global climate system .
2026-05-16 12:41:16,488 - INFO - joeynmt.training - 	Reference:  On peut voir la calotte glacière arctique comme le coeur du système climatique global . On peut voir la calotte glacière arctique comme le coeur du système climatique global .
2026-05-16 12:41:16,488 - INFO - joeynmt.training - 	Hypothesis: La <unk> <unk> est , dans un sens , le coeur <unk> du système climatique .
2026-05-16 12:41:16,488 - INFO - joeynmt.training - Example #3
2026-05-16 12:41:16,488 - DEBUG - joeynmt.training - 	Tokenized source:     ['It', 'expands', 'in', 'winter', 'and', 'contracts', 'in', 'summer', '.']
2026-05-16 12:41:16,488 - DEBUG - joeynmt.training - 	Tokenized reference:  ['Elle', 's&apos;', 'étend', 'en', 'hiver', 'et', 'se', 'contracte', 'en', 'été', '.']
2026-05-16 12:41:16,488 - DEBUG - joeynmt.training - 	Tokenized hypothesis: ['Elle', '<unk>', 'dans', 'le', '<unk>', 'et', 'l&apos;', '<unk>', 'en', 'été', '.', '</s>']
2026-05-16 12:41:16,488 - INFO - joeynmt.training - 	Source:     It expands in winter and contracts in summer .
2026-05-16 12:41:16,488 - INFO - joeynmt.training - 	Reference:  Elle s&apos; étend en hiver et se contracte en été .
2026-05-16 12:41:16,488 - INFO - joeynmt.training - 	Hypothesis: Elle <unk> dans le <unk> et l&apos; <unk> en été .
2026-05-16 12:41:16,488 - INFO - joeynmt.training - Example #4
2026-05-16 12:41:16,488 - DEBUG - joeynmt.training - 	Tokenized source:     ['The', 'next', 'slide', 'I', 'show', 'you', 'will', 'be', 'a', 'rapid', 'fast-forward', 'of', 'what', '&apos;s', 'happened', 'over', 'the', 'last', '25', 'years', '.']
2026-05-16 12:41:16,488 - DEBUG - joeynmt.training - 	Tokenized reference:  ['La', 'prochaine', 'diapositive', 'que', 'je', 'vais', 'vous', 'montrer', 'est', 'une', 'vue', 'en', 'accéléré', 'de', 'ce', 'qui', 's&apos;', 'est', 'passé', 'ces', '25', 'dernières', 'années', '.']
2026-05-16 12:41:16,488 - DEBUG - joeynmt.training - 	Tokenized hypothesis: ['La', 'prochaine', '<unk>', 'que', 'je', 'vous', 'montre', 'sera', 'une', '<unk>', '<unk>', 'de', 'ce', 'qui', 'est', 'arrivé', 'au', 'cours', 'des', '25', 'dernières', 'années', '.', '</s>']
2026-05-16 12:41:16,488 - INFO - joeynmt.training - 	Source:     The next slide I show you will be a rapid fast-forward of what &apos;s happened over the last 25 years .
2026-05-16 12:41:16,488 - INFO - joeynmt.training - 	Reference:  La prochaine diapositive que je vais vous montrer est une vue en accéléré de ce qui s&apos; est passé ces 25 dernières années .
2026-05-16 12:41:16,488 - INFO - joeynmt.training - 	Hypothesis: La prochaine <unk> que je vous montre sera une <unk> <unk> de ce qui est arrivé au cours des 25 dernières années .
2026-05-16 12:41:26,866 - INFO - joeynmt.training - Epoch   8, Step:    23600, Batch Loss:     1.018206, Batch Acc: 0.645753, Tokens per Sec:     6901, Lr: 0.000300
2026-05-16 12:41:36,924 - INFO - joeynmt.training - Epoch   8, Step:    23700, Batch Loss:     0.988617, Batch Acc: 0.645376, Tokens per Sec:     7217, Lr: 0.000300
2026-05-16 12:41:47,356 - INFO - joeynmt.training - Epoch   8, Step:    23800, Batch Loss:     0.986372, Batch Acc: 0.648353, Tokens per Sec:     6886, Lr: 0.000300
2026-05-16 12:41:57,566 - INFO - joeynmt.training - Epoch   8, Step:    23900, Batch Loss:     1.024554, Batch Acc: 0.647701, Tokens per Sec:     7037, Lr: 0.000300
2026-05-16 12:42:07,552 - INFO - joeynmt.training - Epoch   8, Step:    24000, Batch Loss:     1.138134, Batch Acc: 0.648008, Tokens per Sec:     7259, Lr: 0.000300
2026-05-16 12:42:07,552 - WARNING - joeynmt.helpers - `alpha` option is obsolete. Please use `beam_alpha`, instead.
2026-05-16 12:42:07,552 - INFO - joeynmt.prediction - Predicting 890 example(s)... (Greedy decoding with min_output_length=1, max_output_length=-1, return_prob='none', generate_unk=True, repetition_penalty=-1, no_repeat_ngram_size=-1)
2026-05-16 12:42:24,035 - INFO - joeynmt.prediction - Evaluation result (greedy) loss:   1.38, ppl:   3.99, acc:   0.56, generation: 16.4802[sec], evaluation: 0.0000[sec]
2026-05-16 12:42:24,091 - INFO - joeynmt.helpers - delete models/word_2k/19500.ckpt
2026-05-16 12:42:24,091 - INFO - joeynmt.training - Example #0
2026-05-16 12:42:24,091 - DEBUG - joeynmt.training - 	Tokenized source:     ['Last', 'year', 'I', 'showed', 'these', 'two', 'slides', 'so', 'that', 'demonstrate', 'that', 'the', 'arctic', 'ice', 'cap', ',', 'which', 'for', 'most', 'of', 'the', 'last', 'three', 'million', 'years', 'has', 'been', 'the', 'size', 'of', 'the', 'lower', '48', 'states', ',', 'has', 'shrunk', 'by', '40', 'percent', '.']
2026-05-16 12:42:24,091 - DEBUG - joeynmt.training - 	Tokenized reference:  ['L&apos;', 'année', 'dernière', ',', 'je', 'vous', 'ai', 'présenté', 'ces', 'deux', 'diapositives', 'qui', 'montraient', 'que', 'la', 'calotte', 'glacière', 'arctique', ',', 'qui', 'pendant', 'ces', '3', 'derniers', 'millions', 'd&apos;', 'année', 'avait', 'la', 'taille', 'des', 'Etats-Unis', 'sans', 'l&apos;', 'Alaska', ',', 'qui', 'pendant', 'ces', '3', 'derniers', 'millions', 'd&apos;', 'année', 'avait', 'la', 'taille', 'des', 'Etats-Unis', 'sans', 'l&apos;', 'Alaska', ',', 'avait', 'diminué', 'de', '40', '%', '.']
2026-05-16 12:42:24,091 - DEBUG - joeynmt.training - 	Tokenized hypothesis: ['L&apos;', 'année', 'dernière', ',', 'j&apos;', 'ai', 'montré', 'ces', 'deux', '<unk>', 'pour', 'que', 'les', '<unk>', 'de', 'glace', ',', 'qui', 'pour', 'la', 'plupart', 'des', '<unk>', '<unk>', ',', 'qui', 'a', 'été', 'la', 'taille', 'des', '<unk>', '<unk>', ',', 'a', '<unk>', 'par', '40', 'pour', 'cent', '.', '</s>']
2026-05-16 12:42:24,091 - INFO - joeynmt.training - 	Source:     Last year I showed these two slides so that demonstrate that the arctic ice cap , which for most of the last three million years has been the size of the lower 48 states , has shrunk by 40 percent .
2026-05-16 12:42:24,091 - INFO - joeynmt.training - 	Reference:  L&apos; année dernière , je vous ai présenté ces deux diapositives qui montraient que la calotte glacière arctique , qui pendant ces 3 derniers millions d&apos; année avait la taille des Etats-Unis sans l&apos; Alaska , qui pendant ces 3 derniers millions d&apos; année avait la taille des Etats-Unis sans l&apos; Alaska , avait diminué de 40 % .
2026-05-16 12:42:24,091 - INFO - joeynmt.training - 	Hypothesis: L&apos; année dernière , j&apos; ai montré ces deux <unk> pour que les <unk> de glace , qui pour la plupart des <unk> <unk> , qui a été la taille des <unk> <unk> , a <unk> par 40 pour cent .
2026-05-16 12:42:24,091 - INFO - joeynmt.training - Example #1
2026-05-16 12:42:24,091 - DEBUG - joeynmt.training - 	Tokenized source:     ['But', 'this', 'understates', 'the', 'seriousness', 'of', 'this', 'particular', 'problem', 'because', 'it', 'doesn', '&apos;t', 'show', 'the', 'thickness', 'of', 'the', 'ice', '.']
2026-05-16 12:42:24,091 - DEBUG - joeynmt.training - 	Tokenized reference:  ['Mais', 'ceci', 'tend', 'à', 'amoindrir', 'le', 'problème', 'parce', 'qu&apos;', 'on', 'ne', 'voit', 'pas', 'l&apos;', 'épaisseur', 'de', 'la', 'glace', '.']
2026-05-16 12:42:24,091 - DEBUG - joeynmt.training - 	Tokenized hypothesis: ['Mais', 'cette', '<unk>', 'la', '<unk>', 'de', 'ce', 'problème', 'parce', 'qu&apos;', 'il', 'ne', 'montre', 'pas', 'la', '<unk>', 'de', 'glace', '.', '</s>']
2026-05-16 12:42:24,091 - INFO - joeynmt.training - 	Source:     But this understates the seriousness of this particular problem because it doesn &apos;t show the thickness of the ice .
2026-05-16 12:42:24,091 - INFO - joeynmt.training - 	Reference:  Mais ceci tend à amoindrir le problème parce qu&apos; on ne voit pas l&apos; épaisseur de la glace .
2026-05-16 12:42:24,091 - INFO - joeynmt.training - 	Hypothesis: Mais cette <unk> la <unk> de ce problème parce qu&apos; il ne montre pas la <unk> de glace .
2026-05-16 12:42:24,091 - INFO - joeynmt.training - Example #2
2026-05-16 12:42:24,091 - DEBUG - joeynmt.training - 	Tokenized source:     ['The', 'arctic', 'ice', 'cap', 'is', ',', 'in', 'a', 'sense', ',', 'the', 'beating', 'heart', 'of', 'the', 'global', 'climate', 'system', '.']
2026-05-16 12:42:24,091 - DEBUG - joeynmt.training - 	Tokenized reference:  ['On', 'peut', 'voir', 'la', 'calotte', 'glacière', 'arctique', 'comme', 'le', 'coeur', 'du', 'système', 'climatique', 'global', '.', 'On', 'peut', 'voir', 'la', 'calotte', 'glacière', 'arctique', 'comme', 'le', 'coeur', 'du', 'système', 'climatique', 'global', '.']
2026-05-16 12:42:24,091 - DEBUG - joeynmt.training - 	Tokenized hypothesis: ['La', '<unk>', '<unk>', 'de', 'glace', 'est', ',', 'dans', 'un', 'sens', ',', 'le', '<unk>', 'cardiaque', 'du', 'système', 'climatique', '.', '</s>']
2026-05-16 12:42:24,092 - INFO - joeynmt.training - 	Source:     The arctic ice cap is , in a sense , the beating heart of the global climate system .
2026-05-16 12:42:24,092 - INFO - joeynmt.training - 	Reference:  On peut voir la calotte glacière arctique comme le coeur du système climatique global . On peut voir la calotte glacière arctique comme le coeur du système climatique global .
2026-05-16 12:42:24,092 - INFO - joeynmt.training - 	Hypothesis: La <unk> <unk> de glace est , dans un sens , le <unk> cardiaque du système climatique .
2026-05-16 12:42:24,092 - INFO - joeynmt.training - Example #3
2026-05-16 12:42:24,092 - DEBUG - joeynmt.training - 	Tokenized source:     ['It', 'expands', 'in', 'winter', 'and', 'contracts', 'in', 'summer', '.']
2026-05-16 12:42:24,092 - DEBUG - joeynmt.training - 	Tokenized reference:  ['Elle', 's&apos;', 'étend', 'en', 'hiver', 'et', 'se', 'contracte', 'en', 'été', '.']
2026-05-16 12:42:24,092 - DEBUG - joeynmt.training - 	Tokenized hypothesis: ['Il', '<unk>', 'en', '<unk>', 'et', '<unk>', 'en', 'été', '.', '</s>']
2026-05-16 12:42:24,092 - INFO - joeynmt.training - 	Source:     It expands in winter and contracts in summer .
2026-05-16 12:42:24,092 - INFO - joeynmt.training - 	Reference:  Elle s&apos; étend en hiver et se contracte en été .
2026-05-16 12:42:24,092 - INFO - joeynmt.training - 	Hypothesis: Il <unk> en <unk> et <unk> en été .
2026-05-16 12:42:24,092 - INFO - joeynmt.training - Example #4
2026-05-16 12:42:24,092 - DEBUG - joeynmt.training - 	Tokenized source:     ['The', 'next', 'slide', 'I', 'show', 'you', 'will', 'be', 'a', 'rapid', 'fast-forward', 'of', 'what', '&apos;s', 'happened', 'over', 'the', 'last', '25', 'years', '.']
2026-05-16 12:42:24,092 - DEBUG - joeynmt.training - 	Tokenized reference:  ['La', 'prochaine', 'diapositive', 'que', 'je', 'vais', 'vous', 'montrer', 'est', 'une', 'vue', 'en', 'accéléré', 'de', 'ce', 'qui', 's&apos;', 'est', 'passé', 'ces', '25', 'dernières', 'années', '.']
2026-05-16 12:42:24,092 - DEBUG - joeynmt.training - 	Tokenized hypothesis: ['La', 'prochaine', '<unk>', 'que', 'je', 'vous', 'montre', 'sera', 'une', '<unk>', '<unk>', 'de', 'ce', 'qui', 's&apos;', 'est', 'passé', 'depuis', 'les', '25', 'dernières', 'années', '.', '</s>']
2026-05-16 12:42:24,092 - INFO - joeynmt.training - 	Source:     The next slide I show you will be a rapid fast-forward of what &apos;s happened over the last 25 years .
2026-05-16 12:42:24,092 - INFO - joeynmt.training - 	Reference:  La prochaine diapositive que je vais vous montrer est une vue en accéléré de ce qui s&apos; est passé ces 25 dernières années .
2026-05-16 12:42:24,092 - INFO - joeynmt.training - 	Hypothesis: La prochaine <unk> que je vous montre sera une <unk> <unk> de ce qui s&apos; est passé depuis les 25 dernières années .
2026-05-16 12:42:34,406 - INFO - joeynmt.training - Epoch   8, Step:    24100, Batch Loss:     1.045179, Batch Acc: 0.648123, Tokens per Sec:     6876, Lr: 0.000300
2026-05-16 12:42:44,585 - INFO - joeynmt.training - Epoch   8, Step:    24200, Batch Loss:     1.009233, Batch Acc: 0.646031, Tokens per Sec:     7217, Lr: 0.000300
2026-05-16 12:42:54,668 - INFO - joeynmt.training - Epoch   8, Step:    24300, Batch Loss:     1.059863, Batch Acc: 0.646014, Tokens per Sec:     7149, Lr: 0.000300
2026-05-16 12:43:05,085 - INFO - joeynmt.training - Epoch   8, Step:    24400, Batch Loss:     0.965252, Batch Acc: 0.647092, Tokens per Sec:     7088, Lr: 0.000300
2026-05-16 12:43:15,470 - INFO - joeynmt.training - Epoch   8, Step:    24500, Batch Loss:     1.006188, Batch Acc: 0.647417, Tokens per Sec:     7069, Lr: 0.000300
2026-05-16 12:43:15,470 - WARNING - joeynmt.helpers - `alpha` option is obsolete. Please use `beam_alpha`, instead.
2026-05-16 12:43:15,470 - INFO - joeynmt.prediction - Predicting 890 example(s)... (Greedy decoding with min_output_length=1, max_output_length=-1, return_prob='none', generate_unk=True, repetition_penalty=-1, no_repeat_ngram_size=-1)
2026-05-16 12:43:31,508 - INFO - joeynmt.prediction - Evaluation result (greedy) loss:   1.38, ppl:   3.96, acc:   0.56, generation: 16.0345[sec], evaluation: 0.0000[sec]
2026-05-16 12:43:31,508 - INFO - joeynmt.training - Hooray! New best validation result [ppl]!
2026-05-16 12:43:31,563 - INFO - joeynmt.helpers - delete models/word_2k/18000.ckpt
2026-05-16 12:43:31,563 - INFO - joeynmt.training - Example #0
2026-05-16 12:43:31,563 - DEBUG - joeynmt.training - 	Tokenized source:     ['Last', 'year', 'I', 'showed', 'these', 'two', 'slides', 'so', 'that', 'demonstrate', 'that', 'the', 'arctic', 'ice', 'cap', ',', 'which', 'for', 'most', 'of', 'the', 'last', 'three', 'million', 'years', 'has', 'been', 'the', 'size', 'of', 'the', 'lower', '48', 'states', ',', 'has', 'shrunk', 'by', '40', 'percent', '.']
2026-05-16 12:43:31,563 - DEBUG - joeynmt.training - 	Tokenized reference:  ['L&apos;', 'année', 'dernière', ',', 'je', 'vous', 'ai', 'présenté', 'ces', 'deux', 'diapositives', 'qui', 'montraient', 'que', 'la', 'calotte', 'glacière', 'arctique', ',', 'qui', 'pendant', 'ces', '3', 'derniers', 'millions', 'd&apos;', 'année', 'avait', 'la', 'taille', 'des', 'Etats-Unis', 'sans', 'l&apos;', 'Alaska', ',', 'qui', 'pendant', 'ces', '3', 'derniers', 'millions', 'd&apos;', 'année', 'avait', 'la', 'taille', 'des', 'Etats-Unis', 'sans', 'l&apos;', 'Alaska', ',', 'avait', 'diminué', 'de', '40', '%', '.']
2026-05-16 12:43:31,563 - DEBUG - joeynmt.training - 	Tokenized hypothesis: ['L&apos;', 'année', 'dernière', ',', 'je', '<unk>', 'ces', 'deux', '<unk>', 'pour', 'que', 'la', 'glace', '<unk>', 'qui', '<unk>', 'la', 'glace', ',', 'qui', 'depuis', 'la', 'plupart', 'des', 'trois', 'derniers', 'millions', 'd&apos;', 'années', 'a', 'été', 'la', 'taille', 'des', '<unk>', '<unk>', ',', 'a', '<unk>', 'par', '40', 'pour', 'cent', '.', '</s>']
2026-05-16 12:43:31,563 - INFO - joeynmt.training - 	Source:     Last year I showed these two slides so that demonstrate that the arctic ice cap , which for most of the last three million years has been the size of the lower 48 states , has shrunk by 40 percent .
2026-05-16 12:43:31,563 - INFO - joeynmt.training - 	Reference:  L&apos; année dernière , je vous ai présenté ces deux diapositives qui montraient que la calotte glacière arctique , qui pendant ces 3 derniers millions d&apos; année avait la taille des Etats-Unis sans l&apos; Alaska , qui pendant ces 3 derniers millions d&apos; année avait la taille des Etats-Unis sans l&apos; Alaska , avait diminué de 40 % .
2026-05-16 12:43:31,563 - INFO - joeynmt.training - 	Hypothesis: L&apos; année dernière , je <unk> ces deux <unk> pour que la glace <unk> qui <unk> la glace , qui depuis la plupart des trois derniers millions d&apos; années a été la taille des <unk> <unk> , a <unk> par 40 pour cent .
2026-05-16 12:43:31,563 - INFO - joeynmt.training - Example #1
2026-05-16 12:43:31,563 - DEBUG - joeynmt.training - 	Tokenized source:     ['But', 'this', 'understates', 'the', 'seriousness', 'of', 'this', 'particular', 'problem', 'because', 'it', 'doesn', '&apos;t', 'show', 'the', 'thickness', 'of', 'the', 'ice', '.']
2026-05-16 12:43:31,563 - DEBUG - joeynmt.training - 	Tokenized reference:  ['Mais', 'ceci', 'tend', 'à', 'amoindrir', 'le', 'problème', 'parce', 'qu&apos;', 'on', 'ne', 'voit', 'pas', 'l&apos;', 'épaisseur', 'de', 'la', 'glace', '.']
2026-05-16 12:43:31,563 - DEBUG - joeynmt.training - 	Tokenized hypothesis: ['Mais', 'cela', '<unk>', 'la', '<unk>', 'de', 'ce', 'problème', 'parce', 'qu&apos;', 'elle', 'ne', 'montre', 'pas', 'la', '<unk>', 'de', 'la', 'glace', '.', '</s>']
2026-05-16 12:43:31,563 - INFO - joeynmt.training - 	Source:     But this understates the seriousness of this particular problem because it doesn &apos;t show the thickness of the ice .
2026-05-16 12:43:31,563 - INFO - joeynmt.training - 	Reference:  Mais ceci tend à amoindrir le problème parce qu&apos; on ne voit pas l&apos; épaisseur de la glace .
2026-05-16 12:43:31,563 - INFO - joeynmt.training - 	Hypothesis: Mais cela <unk> la <unk> de ce problème parce qu&apos; elle ne montre pas la <unk> de la glace .
2026-05-16 12:43:31,563 - INFO - joeynmt.training - Example #2
2026-05-16 12:43:31,563 - DEBUG - joeynmt.training - 	Tokenized source:     ['The', 'arctic', 'ice', 'cap', 'is', ',', 'in', 'a', 'sense', ',', 'the', 'beating', 'heart', 'of', 'the', 'global', 'climate', 'system', '.']
2026-05-16 12:43:31,563 - DEBUG - joeynmt.training - 	Tokenized reference:  ['On', 'peut', 'voir', 'la', 'calotte', 'glacière', 'arctique', 'comme', 'le', 'coeur', 'du', 'système', 'climatique', 'global', '.', 'On', 'peut', 'voir', 'la', 'calotte', 'glacière', 'arctique', 'comme', 'le', 'coeur', 'du', 'système', 'climatique', 'global', '.']
2026-05-16 12:43:31,563 - DEBUG - joeynmt.training - 	Tokenized hypothesis: ['La', 'glace', '<unk>', 'est', ',', 'dans', 'un', 'sens', ',', 'le', 'cœur', 'du', 'système', '<unk>', 'du', 'climat', '.', '</s>']
2026-05-16 12:43:31,564 - INFO - joeynmt.training - 	Source:     The arctic ice cap is , in a sense , the beating heart of the global climate system .
2026-05-16 12:43:31,564 - INFO - joeynmt.training - 	Reference:  On peut voir la calotte glacière arctique comme le coeur du système climatique global . On peut voir la calotte glacière arctique comme le coeur du système climatique global .
2026-05-16 12:43:31,564 - INFO - joeynmt.training - 	Hypothesis: La glace <unk> est , dans un sens , le cœur du système <unk> du climat .
2026-05-16 12:43:31,564 - INFO - joeynmt.training - Example #3
2026-05-16 12:43:31,564 - DEBUG - joeynmt.training - 	Tokenized source:     ['It', 'expands', 'in', 'winter', 'and', 'contracts', 'in', 'summer', '.']
2026-05-16 12:43:31,564 - DEBUG - joeynmt.training - 	Tokenized reference:  ['Elle', 's&apos;', 'étend', 'en', 'hiver', 'et', 'se', 'contracte', 'en', 'été', '.']
2026-05-16 12:43:31,564 - DEBUG - joeynmt.training - 	Tokenized hypothesis: ['Elle', '<unk>', 'en', '<unk>', 'et', '<unk>', 'en', 'été', '.', '</s>']
2026-05-16 12:43:31,564 - INFO - joeynmt.training - 	Source:     It expands in winter and contracts in summer .
2026-05-16 12:43:31,564 - INFO - joeynmt.training - 	Reference:  Elle s&apos; étend en hiver et se contracte en été .
2026-05-16 12:43:31,564 - INFO - joeynmt.training - 	Hypothesis: Elle <unk> en <unk> et <unk> en été .
2026-05-16 12:43:31,564 - INFO - joeynmt.training - Example #4
2026-05-16 12:43:31,564 - DEBUG - joeynmt.training - 	Tokenized source:     ['The', 'next', 'slide', 'I', 'show', 'you', 'will', 'be', 'a', 'rapid', 'fast-forward', 'of', 'what', '&apos;s', 'happened', 'over', 'the', 'last', '25', 'years', '.']
2026-05-16 12:43:31,564 - DEBUG - joeynmt.training - 	Tokenized reference:  ['La', 'prochaine', 'diapositive', 'que', 'je', 'vais', 'vous', 'montrer', 'est', 'une', 'vue', 'en', 'accéléré', 'de', 'ce', 'qui', 's&apos;', 'est', 'passé', 'ces', '25', 'dernières', 'années', '.']
2026-05-16 12:43:31,564 - DEBUG - joeynmt.training - 	Tokenized hypothesis: ['La', 'prochaine', '<unk>', 'que', 'je', 'vous', 'montre', 'sera', 'une', '<unk>', '<unk>', 'de', 'ce', 'qui', 's&apos;', 'est', 'passé', 'depuis', 'les', '25', 'dernières', 'années', '.', '</s>']
2026-05-16 12:43:31,564 - INFO - joeynmt.training - 	Source:     The next slide I show you will be a rapid fast-forward of what &apos;s happened over the last 25 years .
2026-05-16 12:43:31,564 - INFO - joeynmt.training - 	Reference:  La prochaine diapositive que je vais vous montrer est une vue en accéléré de ce qui s&apos; est passé ces 25 dernières années .
2026-05-16 12:43:31,564 - INFO - joeynmt.training - 	Hypothesis: La prochaine <unk> que je vous montre sera une <unk> <unk> de ce qui s&apos; est passé depuis les 25 dernières années .
2026-05-16 12:43:42,154 - INFO - joeynmt.training - Epoch   8, Step:    24600, Batch Loss:     1.212855, Batch Acc: 0.646472, Tokens per Sec:     6969, Lr: 0.000300
2026-05-16 12:43:52,651 - INFO - joeynmt.training - Epoch   8, Step:    24700, Batch Loss:     1.050729, Batch Acc: 0.645793, Tokens per Sec:     6961, Lr: 0.000300
2026-05-16 12:44:02,143 - INFO - joeynmt.training - Epoch   8: total training loss 3300.87
2026-05-16 12:44:02,143 - INFO - joeynmt.training - EPOCH 9
2026-05-16 12:44:03,062 - INFO - joeynmt.training - Epoch   9, Step:    24800, Batch Loss:     1.068432, Batch Acc: 0.648052, Tokens per Sec:     6704, Lr: 0.000300
2026-05-16 12:44:13,370 - INFO - joeynmt.training - Epoch   9, Step:    24900, Batch Loss:     1.000072, Batch Acc: 0.666495, Tokens per Sec:     6980, Lr: 0.000300
2026-05-16 12:44:23,733 - INFO - joeynmt.training - Epoch   9, Step:    25000, Batch Loss:     1.127421, Batch Acc: 0.666348, Tokens per Sec:     6968, Lr: 0.000300
2026-05-16 12:44:23,733 - WARNING - joeynmt.helpers - `alpha` option is obsolete. Please use `beam_alpha`, instead.
2026-05-16 12:44:23,733 - INFO - joeynmt.prediction - Predicting 890 example(s)... (Greedy decoding with min_output_length=1, max_output_length=-1, return_prob='none', generate_unk=True, repetition_penalty=-1, no_repeat_ngram_size=-1)
2026-05-16 12:44:39,211 - INFO - joeynmt.prediction - Evaluation result (greedy) loss:   1.38, ppl:   3.97, acc:   0.56, generation: 15.4739[sec], evaluation: 0.0000[sec]
2026-05-16 12:44:39,265 - INFO - joeynmt.helpers - delete models/word_2k/24000.ckpt
2026-05-16 12:44:39,265 - INFO - joeynmt.training - Example #0
2026-05-16 12:44:39,265 - DEBUG - joeynmt.training - 	Tokenized source:     ['Last', 'year', 'I', 'showed', 'these', 'two', 'slides', 'so', 'that', 'demonstrate', 'that', 'the', 'arctic', 'ice', 'cap', ',', 'which', 'for', 'most', 'of', 'the', 'last', 'three', 'million', 'years', 'has', 'been', 'the', 'size', 'of', 'the', 'lower', '48', 'states', ',', 'has', 'shrunk', 'by', '40', 'percent', '.']
2026-05-16 12:44:39,265 - DEBUG - joeynmt.training - 	Tokenized reference:  ['L&apos;', 'année', 'dernière', ',', 'je', 'vous', 'ai', 'présenté', 'ces', 'deux', 'diapositives', 'qui', 'montraient', 'que', 'la', 'calotte', 'glacière', 'arctique', ',', 'qui', 'pendant', 'ces', '3', 'derniers', 'millions', 'd&apos;', 'année', 'avait', 'la', 'taille', 'des', 'Etats-Unis', 'sans', 'l&apos;', 'Alaska', ',', 'qui', 'pendant', 'ces', '3', 'derniers', 'millions', 'd&apos;', 'année', 'avait', 'la', 'taille', 'des', 'Etats-Unis', 'sans', 'l&apos;', 'Alaska', ',', 'avait', 'diminué', 'de', '40', '%', '.']
2026-05-16 12:44:39,265 - DEBUG - joeynmt.training - 	Tokenized hypothesis: ['L&apos;', 'année', 'dernière', ',', 'j&apos;', 'ai', 'montré', 'ces', 'deux', '<unk>', 'pour', 'que', 'les', '<unk>', '<unk>', 'de', 'glace', ',', 'qui', 'depuis', 'la', 'plupart', 'des', 'trois', 'dernières', 'années', 'a', 'été', 'la', 'taille', 'des', '<unk>', '<unk>', '<unk>', ',', 'a', '<unk>', 'de', '40', '%', '.', '</s>']
2026-05-16 12:44:39,265 - INFO - joeynmt.training - 	Source:     Last year I showed these two slides so that demonstrate that the arctic ice cap , which for most of the last three million years has been the size of the lower 48 states , has shrunk by 40 percent .
2026-05-16 12:44:39,265 - INFO - joeynmt.training - 	Reference:  L&apos; année dernière , je vous ai présenté ces deux diapositives qui montraient que la calotte glacière arctique , qui pendant ces 3 derniers millions d&apos; année avait la taille des Etats-Unis sans l&apos; Alaska , qui pendant ces 3 derniers millions d&apos; année avait la taille des Etats-Unis sans l&apos; Alaska , avait diminué de 40 % .
2026-05-16 12:44:39,265 - INFO - joeynmt.training - 	Hypothesis: L&apos; année dernière , j&apos; ai montré ces deux <unk> pour que les <unk> <unk> de glace , qui depuis la plupart des trois dernières années a été la taille des <unk> <unk> <unk> , a <unk> de 40 % .
2026-05-16 12:44:39,265 - INFO - joeynmt.training - Example #1
2026-05-16 12:44:39,265 - DEBUG - joeynmt.training - 	Tokenized source:     ['But', 'this', 'understates', 'the', 'seriousness', 'of', 'this', 'particular', 'problem', 'because', 'it', 'doesn', '&apos;t', 'show', 'the', 'thickness', 'of', 'the', 'ice', '.']
2026-05-16 12:44:39,265 - DEBUG - joeynmt.training - 	Tokenized reference:  ['Mais', 'ceci', 'tend', 'à', 'amoindrir', 'le', 'problème', 'parce', 'qu&apos;', 'on', 'ne', 'voit', 'pas', 'l&apos;', 'épaisseur', 'de', 'la', 'glace', '.']
2026-05-16 12:44:39,265 - DEBUG - joeynmt.training - 	Tokenized hypothesis: ['Mais', 'cela', '<unk>', 'la', '<unk>', 'de', 'ce', 'problème', 'en', 'particulier', 'parce', 'que', 'ça', 'ne', 'montre', 'pas', 'la', '<unk>', 'de', 'la', 'glace', '.', '</s>']
2026-05-16 12:44:39,266 - INFO - joeynmt.training - 	Source:     But this understates the seriousness of this particular problem because it doesn &apos;t show the thickness of the ice .
2026-05-16 12:44:39,266 - INFO - joeynmt.training - 	Reference:  Mais ceci tend à amoindrir le problème parce qu&apos; on ne voit pas l&apos; épaisseur de la glace .
2026-05-16 12:44:39,266 - INFO - joeynmt.training - 	Hypothesis: Mais cela <unk> la <unk> de ce problème en particulier parce que ça ne montre pas la <unk> de la glace .
2026-05-16 12:44:39,266 - INFO - joeynmt.training - Example #2
2026-05-16 12:44:39,266 - DEBUG - joeynmt.training - 	Tokenized source:     ['The', 'arctic', 'ice', 'cap', 'is', ',', 'in', 'a', 'sense', ',', 'the', 'beating', 'heart', 'of', 'the', 'global', 'climate', 'system', '.']
2026-05-16 12:44:39,266 - DEBUG - joeynmt.training - 	Tokenized reference:  ['On', 'peut', 'voir', 'la', 'calotte', 'glacière', 'arctique', 'comme', 'le', 'coeur', 'du', 'système', 'climatique', 'global', '.', 'On', 'peut', 'voir', 'la', 'calotte', 'glacière', 'arctique', 'comme', 'le', 'coeur', 'du', 'système', 'climatique', 'global', '.']
2026-05-16 12:44:39,266 - DEBUG - joeynmt.training - 	Tokenized hypothesis: ['La', 'glace', '<unk>', 'est', ',', 'en', 'un', 'sens', ',', 'le', 'cœur', 'du', 'système', 'climatique', '.', '</s>']
2026-05-16 12:44:39,266 - INFO - joeynmt.training - 	Source:     The arctic ice cap is , in a sense , the beating heart of the global climate system .
2026-05-16 12:44:39,266 - INFO - joeynmt.training - 	Reference:  On peut voir la calotte glacière arctique comme le coeur du système climatique global . On peut voir la calotte glacière arctique comme le coeur du système climatique global .
2026-05-16 12:44:39,266 - INFO - joeynmt.training - 	Hypothesis: La glace <unk> est , en un sens , le cœur du système climatique .
2026-05-16 12:44:39,266 - INFO - joeynmt.training - Example #3
2026-05-16 12:44:39,266 - DEBUG - joeynmt.training - 	Tokenized source:     ['It', 'expands', 'in', 'winter', 'and', 'contracts', 'in', 'summer', '.']
2026-05-16 12:44:39,266 - DEBUG - joeynmt.training - 	Tokenized reference:  ['Elle', 's&apos;', 'étend', 'en', 'hiver', 'et', 'se', 'contracte', 'en', 'été', '.']
2026-05-16 12:44:39,266 - DEBUG - joeynmt.training - 	Tokenized hypothesis: ['Il', '<unk>', 'en', 'été', '.', 'Il', 'se', '<unk>', 'en', 'été', '.', '</s>']
2026-05-16 12:44:39,266 - INFO - joeynmt.training - 	Source:     It expands in winter and contracts in summer .
2026-05-16 12:44:39,266 - INFO - joeynmt.training - 	Reference:  Elle s&apos; étend en hiver et se contracte en été .
2026-05-16 12:44:39,266 - INFO - joeynmt.training - 	Hypothesis: Il <unk> en été . Il se <unk> en été .
2026-05-16 12:44:39,266 - INFO - joeynmt.training - Example #4
2026-05-16 12:44:39,266 - DEBUG - joeynmt.training - 	Tokenized source:     ['The', 'next', 'slide', 'I', 'show', 'you', 'will', 'be', 'a', 'rapid', 'fast-forward', 'of', 'what', '&apos;s', 'happened', 'over', 'the', 'last', '25', 'years', '.']
2026-05-16 12:44:39,266 - DEBUG - joeynmt.training - 	Tokenized reference:  ['La', 'prochaine', 'diapositive', 'que', 'je', 'vais', 'vous', 'montrer', 'est', 'une', 'vue', 'en', 'accéléré', 'de', 'ce', 'qui', 's&apos;', 'est', 'passé', 'ces', '25', 'dernières', 'années', '.']
2026-05-16 12:44:39,266 - DEBUG - joeynmt.training - 	Tokenized hypothesis: ['La', 'prochaine', '<unk>', 'que', 'je', 'vous', 'montre', '<unk>', 'sera', 'une', '<unk>', '<unk>', 'de', 'ce', 'qui', 's&apos;', 'est', 'passé', 'pendant', 'ces', '25', 'dernières', 'années', '.', '</s>']
2026-05-16 12:44:39,266 - INFO - joeynmt.training - 	Source:     The next slide I show you will be a rapid fast-forward of what &apos;s happened over the last 25 years .
2026-05-16 12:44:39,266 - INFO - joeynmt.training - 	Reference:  La prochaine diapositive que je vais vous montrer est une vue en accéléré de ce qui s&apos; est passé ces 25 dernières années .
2026-05-16 12:44:39,266 - INFO - joeynmt.training - 	Hypothesis: La prochaine <unk> que je vous montre <unk> sera une <unk> <unk> de ce qui s&apos; est passé pendant ces 25 dernières années .
2026-05-16 12:44:49,695 - INFO - joeynmt.training - Epoch   9, Step:    25100, Batch Loss:     1.015444, Batch Acc: 0.664717, Tokens per Sec:     6963, Lr: 0.000300
2026-05-16 12:44:59,961 - INFO - joeynmt.training - Epoch   9, Step:    25200, Batch Loss:     0.984361, Batch Acc: 0.662142, Tokens per Sec:     7018, Lr: 0.000300
2026-05-16 12:45:10,278 - INFO - joeynmt.training - Epoch   9, Step:    25300, Batch Loss:     1.031911, Batch Acc: 0.663865, Tokens per Sec:     7253, Lr: 0.000300
2026-05-16 12:45:20,758 - INFO - joeynmt.training - Epoch   9, Step:    25400, Batch Loss:     1.025694, Batch Acc: 0.661798, Tokens per Sec:     6971, Lr: 0.000300
2026-05-16 12:45:31,289 - INFO - joeynmt.training - Epoch   9, Step:    25500, Batch Loss:     1.024694, Batch Acc: 0.656565, Tokens per Sec:     6916, Lr: 0.000300
2026-05-16 12:45:31,289 - WARNING - joeynmt.helpers - `alpha` option is obsolete. Please use `beam_alpha`, instead.
2026-05-16 12:45:31,289 - INFO - joeynmt.prediction - Predicting 890 example(s)... (Greedy decoding with min_output_length=1, max_output_length=-1, return_prob='none', generate_unk=True, repetition_penalty=-1, no_repeat_ngram_size=-1)
2026-05-16 12:45:47,265 - INFO - joeynmt.prediction - Evaluation result (greedy) loss:   1.38, ppl:   3.99, acc:   0.56, generation: 15.9730[sec], evaluation: 0.0000[sec]
2026-05-16 12:45:47,266 - INFO - joeynmt.training - Example #0
2026-05-16 12:45:47,266 - DEBUG - joeynmt.training - 	Tokenized source:     ['Last', 'year', 'I', 'showed', 'these', 'two', 'slides', 'so', 'that', 'demonstrate', 'that', 'the', 'arctic', 'ice', 'cap', ',', 'which', 'for', 'most', 'of', 'the', 'last', 'three', 'million', 'years', 'has', 'been', 'the', 'size', 'of', 'the', 'lower', '48', 'states', ',', 'has', 'shrunk', 'by', '40', 'percent', '.']
2026-05-16 12:45:47,266 - DEBUG - joeynmt.training - 	Tokenized reference:  ['L&apos;', 'année', 'dernière', ',', 'je', 'vous', 'ai', 'présenté', 'ces', 'deux', 'diapositives', 'qui', 'montraient', 'que', 'la', 'calotte', 'glacière', 'arctique', ',', 'qui', 'pendant', 'ces', '3', 'derniers', 'millions', 'd&apos;', 'année', 'avait', 'la', 'taille', 'des', 'Etats-Unis', 'sans', 'l&apos;', 'Alaska', ',', 'qui', 'pendant', 'ces', '3', 'derniers', 'millions', 'd&apos;', 'année', 'avait', 'la', 'taille', 'des', 'Etats-Unis', 'sans', 'l&apos;', 'Alaska', ',', 'avait', 'diminué', 'de', '40', '%', '.']
2026-05-16 12:45:47,266 - DEBUG - joeynmt.training - 	Tokenized hypothesis: ['L&apos;', 'année', 'dernière', ',', 'je', '<unk>', 'ces', 'deux', '<unk>', 'pour', 'que', 'les', '<unk>', '<unk>', 'de', 'glace', ',', 'qui', ',', 'pour', 'la', 'plupart', 'des', 'trois', 'derniers', 'millions', 'd&apos;', 'années', 'a', 'été', 'la', 'taille', 'des', '<unk>', '<unk>', '<unk>', ',', 'a', '<unk>', 'de', '40', '%', '.', '</s>']
2026-05-16 12:45:47,266 - INFO - joeynmt.training - 	Source:     Last year I showed these two slides so that demonstrate that the arctic ice cap , which for most of the last three million years has been the size of the lower 48 states , has shrunk by 40 percent .
2026-05-16 12:45:47,266 - INFO - joeynmt.training - 	Reference:  L&apos; année dernière , je vous ai présenté ces deux diapositives qui montraient que la calotte glacière arctique , qui pendant ces 3 derniers millions d&apos; année avait la taille des Etats-Unis sans l&apos; Alaska , qui pendant ces 3 derniers millions d&apos; année avait la taille des Etats-Unis sans l&apos; Alaska , avait diminué de 40 % .
2026-05-16 12:45:47,266 - INFO - joeynmt.training - 	Hypothesis: L&apos; année dernière , je <unk> ces deux <unk> pour que les <unk> <unk> de glace , qui , pour la plupart des trois derniers millions d&apos; années a été la taille des <unk> <unk> <unk> , a <unk> de 40 % .
2026-05-16 12:45:47,266 - INFO - joeynmt.training - Example #1
2026-05-16 12:45:47,266 - DEBUG - joeynmt.training - 	Tokenized source:     ['But', 'this', 'understates', 'the', 'seriousness', 'of', 'this', 'particular', 'problem', 'because', 'it', 'doesn', '&apos;t', 'show', 'the', 'thickness', 'of', 'the', 'ice', '.']
2026-05-16 12:45:47,266 - DEBUG - joeynmt.training - 	Tokenized reference:  ['Mais', 'ceci', 'tend', 'à', 'amoindrir', 'le', 'problème', 'parce', 'qu&apos;', 'on', 'ne', 'voit', 'pas', 'l&apos;', 'épaisseur', 'de', 'la', 'glace', '.']
2026-05-16 12:45:47,266 - DEBUG - joeynmt.training - 	Tokenized hypothesis: ['Mais', 'cette', '<unk>', 'la', '<unk>', 'de', 'ce', 'problème', 'en', 'particulier', 'parce', 'que', 'ça', 'ne', 'montre', 'pas', 'la', '<unk>', 'de', 'la', 'glace', '.', '</s>']
2026-05-16 12:45:47,266 - INFO - joeynmt.training - 	Source:     But this understates the seriousness of this particular problem because it doesn &apos;t show the thickness of the ice .
2026-05-16 12:45:47,266 - INFO - joeynmt.training - 	Reference:  Mais ceci tend à amoindrir le problème parce qu&apos; on ne voit pas l&apos; épaisseur de la glace .
2026-05-16 12:45:47,266 - INFO - joeynmt.training - 	Hypothesis: Mais cette <unk> la <unk> de ce problème en particulier parce que ça ne montre pas la <unk> de la glace .
2026-05-16 12:45:47,266 - INFO - joeynmt.training - Example #2
2026-05-16 12:45:47,266 - DEBUG - joeynmt.training - 	Tokenized source:     ['The', 'arctic', 'ice', 'cap', 'is', ',', 'in', 'a', 'sense', ',', 'the', 'beating', 'heart', 'of', 'the', 'global', 'climate', 'system', '.']
2026-05-16 12:45:47,266 - DEBUG - joeynmt.training - 	Tokenized reference:  ['On', 'peut', 'voir', 'la', 'calotte', 'glacière', 'arctique', 'comme', 'le', 'coeur', 'du', 'système', 'climatique', 'global', '.', 'On', 'peut', 'voir', 'la', 'calotte', 'glacière', 'arctique', 'comme', 'le', 'coeur', 'du', 'système', 'climatique', 'global', '.']
2026-05-16 12:45:47,266 - DEBUG - joeynmt.training - 	Tokenized hypothesis: ['La', 'glace', '<unk>', 'est', ',', 'dans', 'un', 'sens', ',', 'le', 'coeur', '<unk>', 'du', 'système', '<unk>', '.', '</s>']
2026-05-16 12:45:47,266 - INFO - joeynmt.training - 	Source:     The arctic ice cap is , in a sense , the beating heart of the global climate system .
2026-05-16 12:45:47,266 - INFO - joeynmt.training - 	Reference:  On peut voir la calotte glacière arctique comme le coeur du système climatique global . On peut voir la calotte glacière arctique comme le coeur du système climatique global .
2026-05-16 12:45:47,266 - INFO - joeynmt.training - 	Hypothesis: La glace <unk> est , dans un sens , le coeur <unk> du système <unk> .
2026-05-16 12:45:47,266 - INFO - joeynmt.training - Example #3
2026-05-16 12:45:47,266 - DEBUG - joeynmt.training - 	Tokenized source:     ['It', 'expands', 'in', 'winter', 'and', 'contracts', 'in', 'summer', '.']
2026-05-16 12:45:47,267 - DEBUG - joeynmt.training - 	Tokenized reference:  ['Elle', 's&apos;', 'étend', 'en', 'hiver', 'et', 'se', 'contracte', 'en', 'été', '.']
2026-05-16 12:45:47,267 - DEBUG - joeynmt.training - 	Tokenized hypothesis: ['Il', '<unk>', 'en', '<unk>', 'et', '<unk>', 'en', 'été', '.', '</s>']
2026-05-16 12:45:47,267 - INFO - joeynmt.training - 	Source:     It expands in winter and contracts in summer .
2026-05-16 12:45:47,267 - INFO - joeynmt.training - 	Reference:  Elle s&apos; étend en hiver et se contracte en été .
2026-05-16 12:45:47,267 - INFO - joeynmt.training - 	Hypothesis: Il <unk> en <unk> et <unk> en été .
2026-05-16 12:45:47,267 - INFO - joeynmt.training - Example #4
2026-05-16 12:45:47,267 - DEBUG - joeynmt.training - 	Tokenized source:     ['The', 'next', 'slide', 'I', 'show', 'you', 'will', 'be', 'a', 'rapid', 'fast-forward', 'of', 'what', '&apos;s', 'happened', 'over', 'the', 'last', '25', 'years', '.']
2026-05-16 12:45:47,267 - DEBUG - joeynmt.training - 	Tokenized reference:  ['La', 'prochaine', 'diapositive', 'que', 'je', 'vais', 'vous', 'montrer', 'est', 'une', 'vue', 'en', 'accéléré', 'de', 'ce', 'qui', 's&apos;', 'est', 'passé', 'ces', '25', 'dernières', 'années', '.']
2026-05-16 12:45:47,267 - DEBUG - joeynmt.training - 	Tokenized hypothesis: ['La', 'prochaine', '<unk>', 'que', 'vous', '<unk>', 'sera', 'une', '<unk>', 'de', 'ce', 'qui', 's&apos;', 'est', 'passé', 'depuis', '25', 'dernières', 'années', '.', '</s>']
2026-05-16 12:45:47,267 - INFO - joeynmt.training - 	Source:     The next slide I show you will be a rapid fast-forward of what &apos;s happened over the last 25 years .
2026-05-16 12:45:47,267 - INFO - joeynmt.training - 	Reference:  La prochaine diapositive que je vais vous montrer est une vue en accéléré de ce qui s&apos; est passé ces 25 dernières années .
2026-05-16 12:45:47,267 - INFO - joeynmt.training - 	Hypothesis: La prochaine <unk> que vous <unk> sera une <unk> de ce qui s&apos; est passé depuis 25 dernières années .
2026-05-16 12:45:57,646 - INFO - joeynmt.training - Epoch   9, Step:    25600, Batch Loss:     1.054808, Batch Acc: 0.663851, Tokens per Sec:     6922, Lr: 0.000300
2026-05-16 12:46:08,042 - INFO - joeynmt.training - Epoch   9, Step:    25700, Batch Loss:     1.032314, Batch Acc: 0.656683, Tokens per Sec:     6964, Lr: 0.000300
2026-05-16 12:46:18,608 - INFO - joeynmt.training - Epoch   9, Step:    25800, Batch Loss:     1.011075, Batch Acc: 0.661812, Tokens per Sec:     6914, Lr: 0.000300
2026-05-16 12:46:29,059 - INFO - joeynmt.training - Epoch   9, Step:    25900, Batch Loss:     1.030816, Batch Acc: 0.659668, Tokens per Sec:     7069, Lr: 0.000300
2026-05-16 12:46:39,259 - INFO - joeynmt.training - Epoch   9, Step:    26000, Batch Loss:     1.240436, Batch Acc: 0.654102, Tokens per Sec:     7062, Lr: 0.000300
2026-05-16 12:46:39,259 - WARNING - joeynmt.helpers - `alpha` option is obsolete. Please use `beam_alpha`, instead.
2026-05-16 12:46:39,259 - INFO - joeynmt.prediction - Predicting 890 example(s)... (Greedy decoding with min_output_length=1, max_output_length=-1, return_prob='none', generate_unk=True, repetition_penalty=-1, no_repeat_ngram_size=-1)
2026-05-16 12:46:54,808 - INFO - joeynmt.prediction - Evaluation result (greedy) loss:   1.38, ppl:   3.99, acc:   0.56, generation: 15.5453[sec], evaluation: 0.0000[sec]
2026-05-16 12:46:54,808 - INFO - joeynmt.training - Example #0
2026-05-16 12:46:54,808 - DEBUG - joeynmt.training - 	Tokenized source:     ['Last', 'year', 'I', 'showed', 'these', 'two', 'slides', 'so', 'that', 'demonstrate', 'that', 'the', 'arctic', 'ice', 'cap', ',', 'which', 'for', 'most', 'of', 'the', 'last', 'three', 'million', 'years', 'has', 'been', 'the', 'size', 'of', 'the', 'lower', '48', 'states', ',', 'has', 'shrunk', 'by', '40', 'percent', '.']
2026-05-16 12:46:54,808 - DEBUG - joeynmt.training - 	Tokenized reference:  ['L&apos;', 'année', 'dernière', ',', 'je', 'vous', 'ai', 'présenté', 'ces', 'deux', 'diapositives', 'qui', 'montraient', 'que', 'la', 'calotte', 'glacière', 'arctique', ',', 'qui', 'pendant', 'ces', '3', 'derniers', 'millions', 'd&apos;', 'année', 'avait', 'la', 'taille', 'des', 'Etats-Unis', 'sans', 'l&apos;', 'Alaska', ',', 'qui', 'pendant', 'ces', '3', 'derniers', 'millions', 'd&apos;', 'année', 'avait', 'la', 'taille', 'des', 'Etats-Unis', 'sans', 'l&apos;', 'Alaska', ',', 'avait', 'diminué', 'de', '40', '%', '.']
2026-05-16 12:46:54,808 - DEBUG - joeynmt.training - 	Tokenized hypothesis: ['L&apos;', 'année', 'dernière', ',', 'j&apos;', 'ai', 'montré', 'ces', 'deux', '<unk>', 'pour', 'que', 'les', '<unk>', '<unk>', 'de', 'glace', ',', 'qui', ',', 'pour', 'la', 'plupart', 'des', 'trois', 'dernières', 'années', 'a', 'été', 'la', 'taille', 'des', '<unk>', '<unk>', '<unk>', ',', 'a', '<unk>', 'de', '40', '%', '.', '</s>']
2026-05-16 12:46:54,809 - INFO - joeynmt.training - 	Source:     Last year I showed these two slides so that demonstrate that the arctic ice cap , which for most of the last three million years has been the size of the lower 48 states , has shrunk by 40 percent .
2026-05-16 12:46:54,809 - INFO - joeynmt.training - 	Reference:  L&apos; année dernière , je vous ai présenté ces deux diapositives qui montraient que la calotte glacière arctique , qui pendant ces 3 derniers millions d&apos; année avait la taille des Etats-Unis sans l&apos; Alaska , qui pendant ces 3 derniers millions d&apos; année avait la taille des Etats-Unis sans l&apos; Alaska , avait diminué de 40 % .
2026-05-16 12:46:54,809 - INFO - joeynmt.training - 	Hypothesis: L&apos; année dernière , j&apos; ai montré ces deux <unk> pour que les <unk> <unk> de glace , qui , pour la plupart des trois dernières années a été la taille des <unk> <unk> <unk> , a <unk> de 40 % .
2026-05-16 12:46:54,809 - INFO - joeynmt.training - Example #1
2026-05-16 12:46:54,809 - DEBUG - joeynmt.training - 	Tokenized source:     ['But', 'this', 'understates', 'the', 'seriousness', 'of', 'this', 'particular', 'problem', 'because', 'it', 'doesn', '&apos;t', 'show', 'the', 'thickness', 'of', 'the', 'ice', '.']
2026-05-16 12:46:54,809 - DEBUG - joeynmt.training - 	Tokenized reference:  ['Mais', 'ceci', 'tend', 'à', 'amoindrir', 'le', 'problème', 'parce', 'qu&apos;', 'on', 'ne', 'voit', 'pas', 'l&apos;', 'épaisseur', 'de', 'la', 'glace', '.']
2026-05-16 12:46:54,809 - DEBUG - joeynmt.training - 	Tokenized hypothesis: ['Mais', 'cette', '<unk>', 'la', '<unk>', 'de', 'ce', 'problème', 'en', 'particulier', 'parce', 'que', 'cela', 'ne', 'montre', 'pas', 'les', '<unk>', 'de', 'la', 'glace', '.', '</s>']
2026-05-16 12:46:54,809 - INFO - joeynmt.training - 	Source:     But this understates the seriousness of this particular problem because it doesn &apos;t show the thickness of the ice .
2026-05-16 12:46:54,809 - INFO - joeynmt.training - 	Reference:  Mais ceci tend à amoindrir le problème parce qu&apos; on ne voit pas l&apos; épaisseur de la glace .
2026-05-16 12:46:54,809 - INFO - joeynmt.training - 	Hypothesis: Mais cette <unk> la <unk> de ce problème en particulier parce que cela ne montre pas les <unk> de la glace .
2026-05-16 12:46:54,809 - INFO - joeynmt.training - Example #2
2026-05-16 12:46:54,809 - DEBUG - joeynmt.training - 	Tokenized source:     ['The', 'arctic', 'ice', 'cap', 'is', ',', 'in', 'a', 'sense', ',', 'the', 'beating', 'heart', 'of', 'the', 'global', 'climate', 'system', '.']
2026-05-16 12:46:54,809 - DEBUG - joeynmt.training - 	Tokenized reference:  ['On', 'peut', 'voir', 'la', 'calotte', 'glacière', 'arctique', 'comme', 'le', 'coeur', 'du', 'système', 'climatique', 'global', '.', 'On', 'peut', 'voir', 'la', 'calotte', 'glacière', 'arctique', 'comme', 'le', 'coeur', 'du', 'système', 'climatique', 'global', '.']
2026-05-16 12:46:54,809 - DEBUG - joeynmt.training - 	Tokenized hypothesis: ['La', 'glace', '<unk>', '<unk>', 'est', ',', 'dans', 'un', 'sens', ',', 'le', 'coeur', '<unk>', 'du', 'système', 'climatique', '.', '</s>']
2026-05-16 12:46:54,809 - INFO - joeynmt.training - 	Source:     The arctic ice cap is , in a sense , the beating heart of the global climate system .
2026-05-16 12:46:54,809 - INFO - joeynmt.training - 	Reference:  On peut voir la calotte glacière arctique comme le coeur du système climatique global . On peut voir la calotte glacière arctique comme le coeur du système climatique global .
2026-05-16 12:46:54,809 - INFO - joeynmt.training - 	Hypothesis: La glace <unk> <unk> est , dans un sens , le coeur <unk> du système climatique .
2026-05-16 12:46:54,809 - INFO - joeynmt.training - Example #3
2026-05-16 12:46:54,809 - DEBUG - joeynmt.training - 	Tokenized source:     ['It', 'expands', 'in', 'winter', 'and', 'contracts', 'in', 'summer', '.']
2026-05-16 12:46:54,809 - DEBUG - joeynmt.training - 	Tokenized reference:  ['Elle', 's&apos;', 'étend', 'en', 'hiver', 'et', 'se', 'contracte', 'en', 'été', '.']
2026-05-16 12:46:54,809 - DEBUG - joeynmt.training - 	Tokenized hypothesis: ['Il', '<unk>', 'en', '<unk>', 'et', '<unk>', 'en', 'été', '.', '</s>']
2026-05-16 12:46:54,809 - INFO - joeynmt.training - 	Source:     It expands in winter and contracts in summer .
2026-05-16 12:46:54,809 - INFO - joeynmt.training - 	Reference:  Elle s&apos; étend en hiver et se contracte en été .
2026-05-16 12:46:54,809 - INFO - joeynmt.training - 	Hypothesis: Il <unk> en <unk> et <unk> en été .
2026-05-16 12:46:54,809 - INFO - joeynmt.training - Example #4
2026-05-16 12:46:54,809 - DEBUG - joeynmt.training - 	Tokenized source:     ['The', 'next', 'slide', 'I', 'show', 'you', 'will', 'be', 'a', 'rapid', 'fast-forward', 'of', 'what', '&apos;s', 'happened', 'over', 'the', 'last', '25', 'years', '.']
2026-05-16 12:46:54,810 - DEBUG - joeynmt.training - 	Tokenized reference:  ['La', 'prochaine', 'diapositive', 'que', 'je', 'vais', 'vous', 'montrer', 'est', 'une', 'vue', 'en', 'accéléré', 'de', 'ce', 'qui', 's&apos;', 'est', 'passé', 'ces', '25', 'dernières', 'années', '.']
2026-05-16 12:46:54,810 - DEBUG - joeynmt.training - 	Tokenized hypothesis: ['La', 'prochaine', '<unk>', 'que', 'je', 'vous', 'montre', 'sera', 'une', '<unk>', 'de', 'ce', 'qui', 'est', 'arrivé', 'au', 'cours', 'des', '25', 'dernières', 'années', '.', '</s>']
2026-05-16 12:46:54,810 - INFO - joeynmt.training - 	Source:     The next slide I show you will be a rapid fast-forward of what &apos;s happened over the last 25 years .
2026-05-16 12:46:54,810 - INFO - joeynmt.training - 	Reference:  La prochaine diapositive que je vais vous montrer est une vue en accéléré de ce qui s&apos; est passé ces 25 dernières années .
2026-05-16 12:46:54,810 - INFO - joeynmt.training - 	Hypothesis: La prochaine <unk> que je vous montre sera une <unk> de ce qui est arrivé au cours des 25 dernières années .
2026-05-16 12:47:05,316 - INFO - joeynmt.training - Epoch   9, Step:    26100, Batch Loss:     0.961833, Batch Acc: 0.660487, Tokens per Sec:     6750, Lr: 0.000300
2026-05-16 12:47:15,559 - INFO - joeynmt.training - Epoch   9, Step:    26200, Batch Loss:     0.913934, Batch Acc: 0.659291, Tokens per Sec:     7138, Lr: 0.000300
2026-05-16 12:47:25,921 - INFO - joeynmt.training - Epoch   9, Step:    26300, Batch Loss:     0.990630, Batch Acc: 0.654162, Tokens per Sec:     6910, Lr: 0.000300
2026-05-16 12:47:36,298 - INFO - joeynmt.training - Epoch   9, Step:    26400, Batch Loss:     1.032371, Batch Acc: 0.655378, Tokens per Sec:     7299, Lr: 0.000300
2026-05-16 12:47:46,661 - INFO - joeynmt.training - Epoch   9, Step:    26500, Batch Loss:     1.017630, Batch Acc: 0.655615, Tokens per Sec:     7137, Lr: 0.000300
2026-05-16 12:47:46,661 - WARNING - joeynmt.helpers - `alpha` option is obsolete. Please use `beam_alpha`, instead.
2026-05-16 12:47:46,661 - INFO - joeynmt.prediction - Predicting 890 example(s)... (Greedy decoding with min_output_length=1, max_output_length=-1, return_prob='none', generate_unk=True, repetition_penalty=-1, no_repeat_ngram_size=-1)
2026-05-16 12:48:02,320 - INFO - joeynmt.prediction - Evaluation result (greedy) loss:   1.38, ppl:   3.98, acc:   0.56, generation: 15.6557[sec], evaluation: 0.0000[sec]
2026-05-16 12:48:02,374 - INFO - joeynmt.helpers - delete models/word_2k/23500.ckpt
2026-05-16 12:48:02,374 - INFO - joeynmt.training - Example #0
2026-05-16 12:48:02,374 - DEBUG - joeynmt.training - 	Tokenized source:     ['Last', 'year', 'I', 'showed', 'these', 'two', 'slides', 'so', 'that', 'demonstrate', 'that', 'the', 'arctic', 'ice', 'cap', ',', 'which', 'for', 'most', 'of', 'the', 'last', 'three', 'million', 'years', 'has', 'been', 'the', 'size', 'of', 'the', 'lower', '48', 'states', ',', 'has', 'shrunk', 'by', '40', 'percent', '.']
2026-05-16 12:48:02,374 - DEBUG - joeynmt.training - 	Tokenized reference:  ['L&apos;', 'année', 'dernière', ',', 'je', 'vous', 'ai', 'présenté', 'ces', 'deux', 'diapositives', 'qui', 'montraient', 'que', 'la', 'calotte', 'glacière', 'arctique', ',', 'qui', 'pendant', 'ces', '3', 'derniers', 'millions', 'd&apos;', 'année', 'avait', 'la', 'taille', 'des', 'Etats-Unis', 'sans', 'l&apos;', 'Alaska', ',', 'qui', 'pendant', 'ces', '3', 'derniers', 'millions', 'd&apos;', 'année', 'avait', 'la', 'taille', 'des', 'Etats-Unis', 'sans', 'l&apos;', 'Alaska', ',', 'avait', 'diminué', 'de', '40', '%', '.']
2026-05-16 12:48:02,374 - DEBUG - joeynmt.training - 	Tokenized hypothesis: ['L&apos;', 'année', 'dernière', ',', 'j&apos;', 'ai', 'montré', 'ces', 'deux', '<unk>', 'pour', 'que', 'les', '<unk>', 'de', 'glace', '<unk>', ',', 'ce', 'qui', 'est', 'pour', 'la', 'plupart', 'des', 'trois', 'dernières', 'années', 'a', 'été', 'la', 'taille', 'des', '<unk>', '<unk>', '<unk>', ',', 'ont', '<unk>', 'de', '40', '%', '.', '</s>']
2026-05-16 12:48:02,374 - INFO - joeynmt.training - 	Source:     Last year I showed these two slides so that demonstrate that the arctic ice cap , which for most of the last three million years has been the size of the lower 48 states , has shrunk by 40 percent .
2026-05-16 12:48:02,374 - INFO - joeynmt.training - 	Reference:  L&apos; année dernière , je vous ai présenté ces deux diapositives qui montraient que la calotte glacière arctique , qui pendant ces 3 derniers millions d&apos; année avait la taille des Etats-Unis sans l&apos; Alaska , qui pendant ces 3 derniers millions d&apos; année avait la taille des Etats-Unis sans l&apos; Alaska , avait diminué de 40 % .
2026-05-16 12:48:02,374 - INFO - joeynmt.training - 	Hypothesis: L&apos; année dernière , j&apos; ai montré ces deux <unk> pour que les <unk> de glace <unk> , ce qui est pour la plupart des trois dernières années a été la taille des <unk> <unk> <unk> , ont <unk> de 40 % .
2026-05-16 12:48:02,374 - INFO - joeynmt.training - Example #1
2026-05-16 12:48:02,374 - DEBUG - joeynmt.training - 	Tokenized source:     ['But', 'this', 'understates', 'the', 'seriousness', 'of', 'this', 'particular', 'problem', 'because', 'it', 'doesn', '&apos;t', 'show', 'the', 'thickness', 'of', 'the', 'ice', '.']
2026-05-16 12:48:02,374 - DEBUG - joeynmt.training - 	Tokenized reference:  ['Mais', 'ceci', 'tend', 'à', 'amoindrir', 'le', 'problème', 'parce', 'qu&apos;', 'on', 'ne', 'voit', 'pas', 'l&apos;', 'épaisseur', 'de', 'la', 'glace', '.']
2026-05-16 12:48:02,374 - DEBUG - joeynmt.training - 	Tokenized hypothesis: ['Mais', 'cela', '<unk>', 'le', '<unk>', 'de', 'ce', 'problème', 'parce', 'qu&apos;', 'elle', 'ne', 'montre', 'pas', 'l&apos;', '<unk>', 'de', 'la', 'glace', '.', '</s>']
2026-05-16 12:48:02,374 - INFO - joeynmt.training - 	Source:     But this understates the seriousness of this particular problem because it doesn &apos;t show the thickness of the ice .
2026-05-16 12:48:02,374 - INFO - joeynmt.training - 	Reference:  Mais ceci tend à amoindrir le problème parce qu&apos; on ne voit pas l&apos; épaisseur de la glace .
2026-05-16 12:48:02,374 - INFO - joeynmt.training - 	Hypothesis: Mais cela <unk> le <unk> de ce problème parce qu&apos; elle ne montre pas l&apos; <unk> de la glace .
2026-05-16 12:48:02,374 - INFO - joeynmt.training - Example #2
2026-05-16 12:48:02,374 - DEBUG - joeynmt.training - 	Tokenized source:     ['The', 'arctic', 'ice', 'cap', 'is', ',', 'in', 'a', 'sense', ',', 'the', 'beating', 'heart', 'of', 'the', 'global', 'climate', 'system', '.']
2026-05-16 12:48:02,374 - DEBUG - joeynmt.training - 	Tokenized reference:  ['On', 'peut', 'voir', 'la', 'calotte', 'glacière', 'arctique', 'comme', 'le', 'coeur', 'du', 'système', 'climatique', 'global', '.', 'On', 'peut', 'voir', 'la', 'calotte', 'glacière', 'arctique', 'comme', 'le', 'coeur', 'du', 'système', 'climatique', 'global', '.']
2026-05-16 12:48:02,374 - DEBUG - joeynmt.training - 	Tokenized hypothesis: ['La', 'glace', '<unk>', 'est', ',', 'dans', 'un', 'sens', ',', 'le', 'cœur', '<unk>', 'du', 'système', 'climatique', '.', '</s>']
2026-05-16 12:48:02,374 - INFO - joeynmt.training - 	Source:     The arctic ice cap is , in a sense , the beating heart of the global climate system .
2026-05-16 12:48:02,374 - INFO - joeynmt.training - 	Reference:  On peut voir la calotte glacière arctique comme le coeur du système climatique global . On peut voir la calotte glacière arctique comme le coeur du système climatique global .
2026-05-16 12:48:02,374 - INFO - joeynmt.training - 	Hypothesis: La glace <unk> est , dans un sens , le cœur <unk> du système climatique .
2026-05-16 12:48:02,374 - INFO - joeynmt.training - Example #3
2026-05-16 12:48:02,375 - DEBUG - joeynmt.training - 	Tokenized source:     ['It', 'expands', 'in', 'winter', 'and', 'contracts', 'in', 'summer', '.']
2026-05-16 12:48:02,375 - DEBUG - joeynmt.training - 	Tokenized reference:  ['Elle', 's&apos;', 'étend', 'en', 'hiver', 'et', 'se', 'contracte', 'en', 'été', '.']
2026-05-16 12:48:02,375 - DEBUG - joeynmt.training - 	Tokenized hypothesis: ['Elle', '<unk>', 'en', 'été', '.', '</s>']
2026-05-16 12:48:02,375 - INFO - joeynmt.training - 	Source:     It expands in winter and contracts in summer .
2026-05-16 12:48:02,375 - INFO - joeynmt.training - 	Reference:  Elle s&apos; étend en hiver et se contracte en été .
2026-05-16 12:48:02,375 - INFO - joeynmt.training - 	Hypothesis: Elle <unk> en été .
2026-05-16 12:48:02,375 - INFO - joeynmt.training - Example #4
2026-05-16 12:48:02,375 - DEBUG - joeynmt.training - 	Tokenized source:     ['The', 'next', 'slide', 'I', 'show', 'you', 'will', 'be', 'a', 'rapid', 'fast-forward', 'of', 'what', '&apos;s', 'happened', 'over', 'the', 'last', '25', 'years', '.']
2026-05-16 12:48:02,375 - DEBUG - joeynmt.training - 	Tokenized reference:  ['La', 'prochaine', 'diapositive', 'que', 'je', 'vais', 'vous', 'montrer', 'est', 'une', 'vue', 'en', 'accéléré', 'de', 'ce', 'qui', 's&apos;', 'est', 'passé', 'ces', '25', 'dernières', 'années', '.']
2026-05-16 12:48:02,375 - DEBUG - joeynmt.training - 	Tokenized hypothesis: ['La', 'prochaine', '<unk>', 'que', 'je', 'vous', 'montre', 'sera', 'un', '<unk>', '<unk>', 'de', 'ce', 'qui', 's&apos;', 'est', 'passé', 'depuis', '25', 'dernières', 'années', '.', '</s>']
2026-05-16 12:48:02,375 - INFO - joeynmt.training - 	Source:     The next slide I show you will be a rapid fast-forward of what &apos;s happened over the last 25 years .
2026-05-16 12:48:02,375 - INFO - joeynmt.training - 	Reference:  La prochaine diapositive que je vais vous montrer est une vue en accéléré de ce qui s&apos; est passé ces 25 dernières années .
2026-05-16 12:48:02,375 - INFO - joeynmt.training - 	Hypothesis: La prochaine <unk> que je vous montre sera un <unk> <unk> de ce qui s&apos; est passé depuis 25 dernières années .
2026-05-16 12:48:12,896 - INFO - joeynmt.training - Epoch   9, Step:    26600, Batch Loss:     1.106566, Batch Acc: 0.651798, Tokens per Sec:     6782, Lr: 0.000300
2026-05-16 12:48:23,096 - INFO - joeynmt.training - Epoch   9, Step:    26700, Batch Loss:     1.070632, Batch Acc: 0.654589, Tokens per Sec:     7104, Lr: 0.000300
2026-05-16 12:48:33,403 - INFO - joeynmt.training - Epoch   9, Step:    26800, Batch Loss:     1.098002, Batch Acc: 0.651365, Tokens per Sec:     7264, Lr: 0.000300
2026-05-16 12:48:43,267 - INFO - joeynmt.training - Epoch   9, Step:    26900, Batch Loss:     1.135699, Batch Acc: 0.659011, Tokens per Sec:     7204, Lr: 0.000300
2026-05-16 12:48:53,480 - INFO - joeynmt.training - Epoch   9, Step:    27000, Batch Loss:     1.134841, Batch Acc: 0.652460, Tokens per Sec:     7255, Lr: 0.000300
2026-05-16 12:48:53,481 - WARNING - joeynmt.helpers - `alpha` option is obsolete. Please use `beam_alpha`, instead.
2026-05-16 12:48:53,481 - INFO - joeynmt.prediction - Predicting 890 example(s)... (Greedy decoding with min_output_length=1, max_output_length=-1, return_prob='none', generate_unk=True, repetition_penalty=-1, no_repeat_ngram_size=-1)
2026-05-16 12:49:08,961 - INFO - joeynmt.prediction - Evaluation result (greedy) loss:   1.38, ppl:   3.97, acc:   0.56, generation: 15.4771[sec], evaluation: 0.0000[sec]
2026-05-16 12:49:09,017 - INFO - joeynmt.helpers - delete models/word_2k/26500.ckpt
2026-05-16 12:49:09,017 - INFO - joeynmt.helpers - delete /Users/leonieadm/Desktop/mt-exercise-04/models/word_2k/26500.ckpt
2026-05-16 12:49:09,017 - WARNING - joeynmt.helpers - Wanted to delete old checkpoint /Users/leonieadm/Desktop/mt-exercise-04/models/word_2k/26500.ckpt but file does not exist. ([Errno 2] No such file or directory: '/Users/leonieadm/Desktop/mt-exercise-04/models/word_2k/26500.ckpt')
2026-05-16 12:49:09,017 - INFO - joeynmt.training - Example #0
2026-05-16 12:49:09,017 - DEBUG - joeynmt.training - 	Tokenized source:     ['Last', 'year', 'I', 'showed', 'these', 'two', 'slides', 'so', 'that', 'demonstrate', 'that', 'the', 'arctic', 'ice', 'cap', ',', 'which', 'for', 'most', 'of', 'the', 'last', 'three', 'million', 'years', 'has', 'been', 'the', 'size', 'of', 'the', 'lower', '48', 'states', ',', 'has', 'shrunk', 'by', '40', 'percent', '.']
2026-05-16 12:49:09,017 - DEBUG - joeynmt.training - 	Tokenized reference:  ['L&apos;', 'année', 'dernière', ',', 'je', 'vous', 'ai', 'présenté', 'ces', 'deux', 'diapositives', 'qui', 'montraient', 'que', 'la', 'calotte', 'glacière', 'arctique', ',', 'qui', 'pendant', 'ces', '3', 'derniers', 'millions', 'd&apos;', 'année', 'avait', 'la', 'taille', 'des', 'Etats-Unis', 'sans', 'l&apos;', 'Alaska', ',', 'qui', 'pendant', 'ces', '3', 'derniers', 'millions', 'd&apos;', 'année', 'avait', 'la', 'taille', 'des', 'Etats-Unis', 'sans', 'l&apos;', 'Alaska', ',', 'avait', 'diminué', 'de', '40', '%', '.']
2026-05-16 12:49:09,017 - DEBUG - joeynmt.training - 	Tokenized hypothesis: ['L&apos;', 'année', 'dernière', ',', 'j&apos;', 'ai', 'montré', 'ces', 'deux', '<unk>', 'pour', 'que', 'les', '<unk>', 'de', 'glace', '<unk>', ',', 'qui', ',', 'pour', 'la', 'plupart', 'des', 'trois', 'dernières', 'années', ',', 'a', 'été', 'la', 'taille', 'des', '<unk>', '<unk>', ',', 'a', '<unk>', 'de', '40', '%', '.', '</s>']
2026-05-16 12:49:09,018 - INFO - joeynmt.training - 	Source:     Last year I showed these two slides so that demonstrate that the arctic ice cap , which for most of the last three million years has been the size of the lower 48 states , has shrunk by 40 percent .
2026-05-16 12:49:09,018 - INFO - joeynmt.training - 	Reference:  L&apos; année dernière , je vous ai présenté ces deux diapositives qui montraient que la calotte glacière arctique , qui pendant ces 3 derniers millions d&apos; année avait la taille des Etats-Unis sans l&apos; Alaska , qui pendant ces 3 derniers millions d&apos; année avait la taille des Etats-Unis sans l&apos; Alaska , avait diminué de 40 % .
2026-05-16 12:49:09,018 - INFO - joeynmt.training - 	Hypothesis: L&apos; année dernière , j&apos; ai montré ces deux <unk> pour que les <unk> de glace <unk> , qui , pour la plupart des trois dernières années , a été la taille des <unk> <unk> , a <unk> de 40 % .
2026-05-16 12:49:09,018 - INFO - joeynmt.training - Example #1
2026-05-16 12:49:09,018 - DEBUG - joeynmt.training - 	Tokenized source:     ['But', 'this', 'understates', 'the', 'seriousness', 'of', 'this', 'particular', 'problem', 'because', 'it', 'doesn', '&apos;t', 'show', 'the', 'thickness', 'of', 'the', 'ice', '.']
2026-05-16 12:49:09,018 - DEBUG - joeynmt.training - 	Tokenized reference:  ['Mais', 'ceci', 'tend', 'à', 'amoindrir', 'le', 'problème', 'parce', 'qu&apos;', 'on', 'ne', 'voit', 'pas', 'l&apos;', 'épaisseur', 'de', 'la', 'glace', '.']
2026-05-16 12:49:09,018 - DEBUG - joeynmt.training - 	Tokenized hypothesis: ['Mais', 'cela', '<unk>', 'la', '<unk>', 'de', 'ce', 'problème', 'en', 'particulier', 'parce', 'que', 'ça', 'ne', 'montre', 'pas', 'l&apos;', '<unk>', 'de', 'la', 'glace', '.', '</s>']
2026-05-16 12:49:09,018 - INFO - joeynmt.training - 	Source:     But this understates the seriousness of this particular problem because it doesn &apos;t show the thickness of the ice .
2026-05-16 12:49:09,018 - INFO - joeynmt.training - 	Reference:  Mais ceci tend à amoindrir le problème parce qu&apos; on ne voit pas l&apos; épaisseur de la glace .
2026-05-16 12:49:09,018 - INFO - joeynmt.training - 	Hypothesis: Mais cela <unk> la <unk> de ce problème en particulier parce que ça ne montre pas l&apos; <unk> de la glace .
2026-05-16 12:49:09,018 - INFO - joeynmt.training - Example #2
2026-05-16 12:49:09,018 - DEBUG - joeynmt.training - 	Tokenized source:     ['The', 'arctic', 'ice', 'cap', 'is', ',', 'in', 'a', 'sense', ',', 'the', 'beating', 'heart', 'of', 'the', 'global', 'climate', 'system', '.']
2026-05-16 12:49:09,018 - DEBUG - joeynmt.training - 	Tokenized reference:  ['On', 'peut', 'voir', 'la', 'calotte', 'glacière', 'arctique', 'comme', 'le', 'coeur', 'du', 'système', 'climatique', 'global', '.', 'On', 'peut', 'voir', 'la', 'calotte', 'glacière', 'arctique', 'comme', 'le', 'coeur', 'du', 'système', 'climatique', 'global', '.']
2026-05-16 12:49:09,018 - DEBUG - joeynmt.training - 	Tokenized hypothesis: ['La', 'glace', '<unk>', 'est', ',', 'dans', 'un', 'sens', ',', 'le', 'cœur', '<unk>', 'du', 'système', 'climatique', '.', '</s>']
2026-05-16 12:49:09,018 - INFO - joeynmt.training - 	Source:     The arctic ice cap is , in a sense , the beating heart of the global climate system .
2026-05-16 12:49:09,018 - INFO - joeynmt.training - 	Reference:  On peut voir la calotte glacière arctique comme le coeur du système climatique global . On peut voir la calotte glacière arctique comme le coeur du système climatique global .
2026-05-16 12:49:09,018 - INFO - joeynmt.training - 	Hypothesis: La glace <unk> est , dans un sens , le cœur <unk> du système climatique .
2026-05-16 12:49:09,018 - INFO - joeynmt.training - Example #3
2026-05-16 12:49:09,018 - DEBUG - joeynmt.training - 	Tokenized source:     ['It', 'expands', 'in', 'winter', 'and', 'contracts', 'in', 'summer', '.']
2026-05-16 12:49:09,018 - DEBUG - joeynmt.training - 	Tokenized reference:  ['Elle', 's&apos;', 'étend', 'en', 'hiver', 'et', 'se', 'contracte', 'en', 'été', '.']
2026-05-16 12:49:09,018 - DEBUG - joeynmt.training - 	Tokenized hypothesis: ['Il', '<unk>', 'en', '<unk>', 'et', '<unk>', 'en', 'été', '.', '</s>']
2026-05-16 12:49:09,018 - INFO - joeynmt.training - 	Source:     It expands in winter and contracts in summer .
2026-05-16 12:49:09,018 - INFO - joeynmt.training - 	Reference:  Elle s&apos; étend en hiver et se contracte en été .
2026-05-16 12:49:09,018 - INFO - joeynmt.training - 	Hypothesis: Il <unk> en <unk> et <unk> en été .
2026-05-16 12:49:09,018 - INFO - joeynmt.training - Example #4
2026-05-16 12:49:09,018 - DEBUG - joeynmt.training - 	Tokenized source:     ['The', 'next', 'slide', 'I', 'show', 'you', 'will', 'be', 'a', 'rapid', 'fast-forward', 'of', 'what', '&apos;s', 'happened', 'over', 'the', 'last', '25', 'years', '.']
2026-05-16 12:49:09,018 - DEBUG - joeynmt.training - 	Tokenized reference:  ['La', 'prochaine', 'diapositive', 'que', 'je', 'vais', 'vous', 'montrer', 'est', 'une', 'vue', 'en', 'accéléré', 'de', 'ce', 'qui', 's&apos;', 'est', 'passé', 'ces', '25', 'dernières', 'années', '.']
2026-05-16 12:49:09,018 - DEBUG - joeynmt.training - 	Tokenized hypothesis: ['La', 'prochaine', '<unk>', 'que', 'je', 'vous', 'montre', 'que', 'vous', '<unk>', 'un', '<unk>', 'de', 'ce', 'qui', 's&apos;', 'est', 'passé', 'pendant', 'les', '25', 'dernières', 'années', '.', '</s>']
2026-05-16 12:49:09,018 - INFO - joeynmt.training - 	Source:     The next slide I show you will be a rapid fast-forward of what &apos;s happened over the last 25 years .
2026-05-16 12:49:09,018 - INFO - joeynmt.training - 	Reference:  La prochaine diapositive que je vais vous montrer est une vue en accéléré de ce qui s&apos; est passé ces 25 dernières années .
2026-05-16 12:49:09,018 - INFO - joeynmt.training - 	Hypothesis: La prochaine <unk> que je vous montre que vous <unk> un <unk> de ce qui s&apos; est passé pendant les 25 dernières années .
2026-05-16 12:49:19,153 - INFO - joeynmt.training - Epoch   9, Step:    27100, Batch Loss:     1.145770, Batch Acc: 0.652382, Tokens per Sec:     7123, Lr: 0.000300
2026-05-16 12:49:29,568 - INFO - joeynmt.training - Epoch   9, Step:    27200, Batch Loss:     0.996726, Batch Acc: 0.649518, Tokens per Sec:     7027, Lr: 0.000300
2026-05-16 12:49:39,937 - INFO - joeynmt.training - Epoch   9, Step:    27300, Batch Loss:     1.100830, Batch Acc: 0.654272, Tokens per Sec:     7034, Lr: 0.000300
2026-05-16 12:49:50,210 - INFO - joeynmt.training - Epoch   9, Step:    27400, Batch Loss:     1.181126, Batch Acc: 0.650466, Tokens per Sec:     6942, Lr: 0.000300
2026-05-16 12:50:00,394 - INFO - joeynmt.training - Epoch   9, Step:    27500, Batch Loss:     1.069516, Batch Acc: 0.650445, Tokens per Sec:     7207, Lr: 0.000300
2026-05-16 12:50:00,394 - WARNING - joeynmt.helpers - `alpha` option is obsolete. Please use `beam_alpha`, instead.
2026-05-16 12:50:00,394 - INFO - joeynmt.prediction - Predicting 890 example(s)... (Greedy decoding with min_output_length=1, max_output_length=-1, return_prob='none', generate_unk=True, repetition_penalty=-1, no_repeat_ngram_size=-1)
2026-05-16 12:50:15,993 - INFO - joeynmt.prediction - Evaluation result (greedy) loss:   1.38, ppl:   3.96, acc:   0.56, generation: 15.5953[sec], evaluation: 0.0000[sec]
2026-05-16 12:50:16,048 - INFO - joeynmt.helpers - delete models/word_2k/21000.ckpt
2026-05-16 12:50:16,048 - INFO - joeynmt.training - Example #0
2026-05-16 12:50:16,048 - DEBUG - joeynmt.training - 	Tokenized source:     ['Last', 'year', 'I', 'showed', 'these', 'two', 'slides', 'so', 'that', 'demonstrate', 'that', 'the', 'arctic', 'ice', 'cap', ',', 'which', 'for', 'most', 'of', 'the', 'last', 'three', 'million', 'years', 'has', 'been', 'the', 'size', 'of', 'the', 'lower', '48', 'states', ',', 'has', 'shrunk', 'by', '40', 'percent', '.']
2026-05-16 12:50:16,048 - DEBUG - joeynmt.training - 	Tokenized reference:  ['L&apos;', 'année', 'dernière', ',', 'je', 'vous', 'ai', 'présenté', 'ces', 'deux', 'diapositives', 'qui', 'montraient', 'que', 'la', 'calotte', 'glacière', 'arctique', ',', 'qui', 'pendant', 'ces', '3', 'derniers', 'millions', 'd&apos;', 'année', 'avait', 'la', 'taille', 'des', 'Etats-Unis', 'sans', 'l&apos;', 'Alaska', ',', 'qui', 'pendant', 'ces', '3', 'derniers', 'millions', 'd&apos;', 'année', 'avait', 'la', 'taille', 'des', 'Etats-Unis', 'sans', 'l&apos;', 'Alaska', ',', 'avait', 'diminué', 'de', '40', '%', '.']
2026-05-16 12:50:16,048 - DEBUG - joeynmt.training - 	Tokenized hypothesis: ['L&apos;', 'année', 'dernière', ',', 'j&apos;', 'ai', 'montré', 'ces', 'deux', '<unk>', 'pour', 'que', 'les', '<unk>', '<unk>', 'de', 'glace', ',', 'qui', 'pour', 'la', 'plupart', 'des', 'trois', 'dernières', 'millions', 'd&apos;', 'années', 'a', 'été', 'la', 'taille', 'des', '<unk>', '<unk>', ',', 'a', '<unk>', 'de', '40', '%', '.', '</s>']
2026-05-16 12:50:16,048 - INFO - joeynmt.training - 	Source:     Last year I showed these two slides so that demonstrate that the arctic ice cap , which for most of the last three million years has been the size of the lower 48 states , has shrunk by 40 percent .
2026-05-16 12:50:16,049 - INFO - joeynmt.training - 	Reference:  L&apos; année dernière , je vous ai présenté ces deux diapositives qui montraient que la calotte glacière arctique , qui pendant ces 3 derniers millions d&apos; année avait la taille des Etats-Unis sans l&apos; Alaska , qui pendant ces 3 derniers millions d&apos; année avait la taille des Etats-Unis sans l&apos; Alaska , avait diminué de 40 % .
2026-05-16 12:50:16,049 - INFO - joeynmt.training - 	Hypothesis: L&apos; année dernière , j&apos; ai montré ces deux <unk> pour que les <unk> <unk> de glace , qui pour la plupart des trois dernières millions d&apos; années a été la taille des <unk> <unk> , a <unk> de 40 % .
2026-05-16 12:50:16,049 - INFO - joeynmt.training - Example #1
2026-05-16 12:50:16,049 - DEBUG - joeynmt.training - 	Tokenized source:     ['But', 'this', 'understates', 'the', 'seriousness', 'of', 'this', 'particular', 'problem', 'because', 'it', 'doesn', '&apos;t', 'show', 'the', 'thickness', 'of', 'the', 'ice', '.']
2026-05-16 12:50:16,049 - DEBUG - joeynmt.training - 	Tokenized reference:  ['Mais', 'ceci', 'tend', 'à', 'amoindrir', 'le', 'problème', 'parce', 'qu&apos;', 'on', 'ne', 'voit', 'pas', 'l&apos;', 'épaisseur', 'de', 'la', 'glace', '.']
2026-05-16 12:50:16,049 - DEBUG - joeynmt.training - 	Tokenized hypothesis: ['Mais', 'cette', '<unk>', 'la', '<unk>', 'de', 'ce', 'problème', 'en', 'particulier', 'parce', 'que', 'ça', 'ne', 'montre', 'pas', 'l&apos;', '<unk>', 'de', 'glace', '.', '</s>']
2026-05-16 12:50:16,049 - INFO - joeynmt.training - 	Source:     But this understates the seriousness of this particular problem because it doesn &apos;t show the thickness of the ice .
2026-05-16 12:50:16,049 - INFO - joeynmt.training - 	Reference:  Mais ceci tend à amoindrir le problème parce qu&apos; on ne voit pas l&apos; épaisseur de la glace .
2026-05-16 12:50:16,049 - INFO - joeynmt.training - 	Hypothesis: Mais cette <unk> la <unk> de ce problème en particulier parce que ça ne montre pas l&apos; <unk> de glace .
2026-05-16 12:50:16,049 - INFO - joeynmt.training - Example #2
2026-05-16 12:50:16,049 - DEBUG - joeynmt.training - 	Tokenized source:     ['The', 'arctic', 'ice', 'cap', 'is', ',', 'in', 'a', 'sense', ',', 'the', 'beating', 'heart', 'of', 'the', 'global', 'climate', 'system', '.']
2026-05-16 12:50:16,049 - DEBUG - joeynmt.training - 	Tokenized reference:  ['On', 'peut', 'voir', 'la', 'calotte', 'glacière', 'arctique', 'comme', 'le', 'coeur', 'du', 'système', 'climatique', 'global', '.', 'On', 'peut', 'voir', 'la', 'calotte', 'glacière', 'arctique', 'comme', 'le', 'coeur', 'du', 'système', 'climatique', 'global', '.']
2026-05-16 12:50:16,049 - DEBUG - joeynmt.training - 	Tokenized hypothesis: ['La', '<unk>', '<unk>', 'est', ',', 'dans', 'un', 'sens', ',', 'le', '<unk>', 'cardiaque', 'du', 'système', 'climatique', '.', '</s>']
2026-05-16 12:50:16,049 - INFO - joeynmt.training - 	Source:     The arctic ice cap is , in a sense , the beating heart of the global climate system .
2026-05-16 12:50:16,049 - INFO - joeynmt.training - 	Reference:  On peut voir la calotte glacière arctique comme le coeur du système climatique global . On peut voir la calotte glacière arctique comme le coeur du système climatique global .
2026-05-16 12:50:16,049 - INFO - joeynmt.training - 	Hypothesis: La <unk> <unk> est , dans un sens , le <unk> cardiaque du système climatique .
2026-05-16 12:50:16,049 - INFO - joeynmt.training - Example #3
2026-05-16 12:50:16,049 - DEBUG - joeynmt.training - 	Tokenized source:     ['It', 'expands', 'in', 'winter', 'and', 'contracts', 'in', 'summer', '.']
2026-05-16 12:50:16,049 - DEBUG - joeynmt.training - 	Tokenized reference:  ['Elle', 's&apos;', 'étend', 'en', 'hiver', 'et', 'se', 'contracte', 'en', 'été', '.']
2026-05-16 12:50:16,049 - DEBUG - joeynmt.training - 	Tokenized hypothesis: ['Il', '<unk>', 'en', '<unk>', 'et', '<unk>', 'en', 'été', '.', '</s>']
2026-05-16 12:50:16,049 - INFO - joeynmt.training - 	Source:     It expands in winter and contracts in summer .
2026-05-16 12:50:16,049 - INFO - joeynmt.training - 	Reference:  Elle s&apos; étend en hiver et se contracte en été .
2026-05-16 12:50:16,049 - INFO - joeynmt.training - 	Hypothesis: Il <unk> en <unk> et <unk> en été .
2026-05-16 12:50:16,049 - INFO - joeynmt.training - Example #4
2026-05-16 12:50:16,049 - DEBUG - joeynmt.training - 	Tokenized source:     ['The', 'next', 'slide', 'I', 'show', 'you', 'will', 'be', 'a', 'rapid', 'fast-forward', 'of', 'what', '&apos;s', 'happened', 'over', 'the', 'last', '25', 'years', '.']
2026-05-16 12:50:16,049 - DEBUG - joeynmt.training - 	Tokenized reference:  ['La', 'prochaine', 'diapositive', 'que', 'je', 'vais', 'vous', 'montrer', 'est', 'une', 'vue', 'en', 'accéléré', 'de', 'ce', 'qui', 's&apos;', 'est', 'passé', 'ces', '25', 'dernières', 'années', '.']
2026-05-16 12:50:16,049 - DEBUG - joeynmt.training - 	Tokenized hypothesis: ['La', 'prochaine', '<unk>', 'que', 'je', 'vous', 'montre', 'que', 'vous', '<unk>', 'une', '<unk>', 'de', 'ce', 'qui', 's&apos;', 'est', 'passé', 'au', 'cours', 'des', '25', 'dernières', 'années', '.', '</s>']
2026-05-16 12:50:16,049 - INFO - joeynmt.training - 	Source:     The next slide I show you will be a rapid fast-forward of what &apos;s happened over the last 25 years .
2026-05-16 12:50:16,049 - INFO - joeynmt.training - 	Reference:  La prochaine diapositive que je vais vous montrer est une vue en accéléré de ce qui s&apos; est passé ces 25 dernières années .
2026-05-16 12:50:16,049 - INFO - joeynmt.training - 	Hypothesis: La prochaine <unk> que je vous montre que vous <unk> une <unk> de ce qui s&apos; est passé au cours des 25 dernières années .
2026-05-16 12:50:26,714 - INFO - joeynmt.training - Epoch   9, Step:    27600, Batch Loss:     1.091486, Batch Acc: 0.652497, Tokens per Sec:     6522, Lr: 0.000300
2026-05-16 12:50:37,339 - INFO - joeynmt.training - Epoch   9, Step:    27700, Batch Loss:     1.021343, Batch Acc: 0.649171, Tokens per Sec:     6935, Lr: 0.000300
2026-05-16 12:50:48,054 - INFO - joeynmt.training - Epoch   9, Step:    27800, Batch Loss:     1.015326, Batch Acc: 0.653113, Tokens per Sec:     6833, Lr: 0.000300
2026-05-16 12:50:56,838 - INFO - joeynmt.training - Epoch   9: total training loss 3227.93
2026-05-16 12:50:56,839 - INFO - joeynmt.training - EPOCH 10
2026-05-16 12:50:58,283 - INFO - joeynmt.training - Epoch  10, Step:    27900, Batch Loss:     0.968755, Batch Acc: 0.671266, Tokens per Sec:     7076, Lr: 0.000300
2026-05-16 12:51:08,563 - INFO - joeynmt.training - Epoch  10, Step:    28000, Batch Loss:     1.043622, Batch Acc: 0.674208, Tokens per Sec:     7186, Lr: 0.000300
2026-05-16 12:51:08,563 - WARNING - joeynmt.helpers - `alpha` option is obsolete. Please use `beam_alpha`, instead.
2026-05-16 12:51:08,563 - INFO - joeynmt.prediction - Predicting 890 example(s)... (Greedy decoding with min_output_length=1, max_output_length=-1, return_prob='none', generate_unk=True, repetition_penalty=-1, no_repeat_ngram_size=-1)
2026-05-16 12:51:23,596 - INFO - joeynmt.prediction - Evaluation result (greedy) loss:   1.37, ppl:   3.95, acc:   0.56, generation: 15.0292[sec], evaluation: 0.0000[sec]
2026-05-16 12:51:23,596 - INFO - joeynmt.training - Hooray! New best validation result [ppl]!
2026-05-16 12:51:23,651 - INFO - joeynmt.helpers - delete models/word_2k/25000.ckpt
2026-05-16 12:51:23,651 - INFO - joeynmt.training - Example #0
2026-05-16 12:51:23,651 - DEBUG - joeynmt.training - 	Tokenized source:     ['Last', 'year', 'I', 'showed', 'these', 'two', 'slides', 'so', 'that', 'demonstrate', 'that', 'the', 'arctic', 'ice', 'cap', ',', 'which', 'for', 'most', 'of', 'the', 'last', 'three', 'million', 'years', 'has', 'been', 'the', 'size', 'of', 'the', 'lower', '48', 'states', ',', 'has', 'shrunk', 'by', '40', 'percent', '.']
2026-05-16 12:51:23,651 - DEBUG - joeynmt.training - 	Tokenized reference:  ['L&apos;', 'année', 'dernière', ',', 'je', 'vous', 'ai', 'présenté', 'ces', 'deux', 'diapositives', 'qui', 'montraient', 'que', 'la', 'calotte', 'glacière', 'arctique', ',', 'qui', 'pendant', 'ces', '3', 'derniers', 'millions', 'd&apos;', 'année', 'avait', 'la', 'taille', 'des', 'Etats-Unis', 'sans', 'l&apos;', 'Alaska', ',', 'qui', 'pendant', 'ces', '3', 'derniers', 'millions', 'd&apos;', 'année', 'avait', 'la', 'taille', 'des', 'Etats-Unis', 'sans', 'l&apos;', 'Alaska', ',', 'avait', 'diminué', 'de', '40', '%', '.']
2026-05-16 12:51:23,651 - DEBUG - joeynmt.training - 	Tokenized hypothesis: ['L&apos;', 'année', 'dernière', ',', 'j&apos;', 'ai', 'montré', 'ces', 'deux', '<unk>', 'pour', 'que', 'les', '<unk>', 'de', 'glace', '<unk>', ',', 'qui', 'pour', 'la', 'plupart', 'des', 'trois', 'dernières', 'années', 'a', 'été', 'la', 'taille', 'des', '<unk>', '<unk>', '<unk>', ',', 'a', '<unk>', 'de', '40', '%', '.', '</s>']
2026-05-16 12:51:23,651 - INFO - joeynmt.training - 	Source:     Last year I showed these two slides so that demonstrate that the arctic ice cap , which for most of the last three million years has been the size of the lower 48 states , has shrunk by 40 percent .
2026-05-16 12:51:23,651 - INFO - joeynmt.training - 	Reference:  L&apos; année dernière , je vous ai présenté ces deux diapositives qui montraient que la calotte glacière arctique , qui pendant ces 3 derniers millions d&apos; année avait la taille des Etats-Unis sans l&apos; Alaska , qui pendant ces 3 derniers millions d&apos; année avait la taille des Etats-Unis sans l&apos; Alaska , avait diminué de 40 % .
2026-05-16 12:51:23,651 - INFO - joeynmt.training - 	Hypothesis: L&apos; année dernière , j&apos; ai montré ces deux <unk> pour que les <unk> de glace <unk> , qui pour la plupart des trois dernières années a été la taille des <unk> <unk> <unk> , a <unk> de 40 % .
2026-05-16 12:51:23,651 - INFO - joeynmt.training - Example #1
2026-05-16 12:51:23,651 - DEBUG - joeynmt.training - 	Tokenized source:     ['But', 'this', 'understates', 'the', 'seriousness', 'of', 'this', 'particular', 'problem', 'because', 'it', 'doesn', '&apos;t', 'show', 'the', 'thickness', 'of', 'the', 'ice', '.']
2026-05-16 12:51:23,651 - DEBUG - joeynmt.training - 	Tokenized reference:  ['Mais', 'ceci', 'tend', 'à', 'amoindrir', 'le', 'problème', 'parce', 'qu&apos;', 'on', 'ne', 'voit', 'pas', 'l&apos;', 'épaisseur', 'de', 'la', 'glace', '.']
2026-05-16 12:51:23,651 - DEBUG - joeynmt.training - 	Tokenized hypothesis: ['Mais', 'cela', '<unk>', 'l&apos;', '<unk>', 'de', 'ce', 'problème', 'en', 'particulier', 'parce', 'que', 'ça', 'ne', 'montre', 'pas', 'l&apos;', '<unk>', 'de', 'la', 'glace', '.', '</s>']
2026-05-16 12:51:23,652 - INFO - joeynmt.training - 	Source:     But this understates the seriousness of this particular problem because it doesn &apos;t show the thickness of the ice .
2026-05-16 12:51:23,652 - INFO - joeynmt.training - 	Reference:  Mais ceci tend à amoindrir le problème parce qu&apos; on ne voit pas l&apos; épaisseur de la glace .
2026-05-16 12:51:23,652 - INFO - joeynmt.training - 	Hypothesis: Mais cela <unk> l&apos; <unk> de ce problème en particulier parce que ça ne montre pas l&apos; <unk> de la glace .
2026-05-16 12:51:23,652 - INFO - joeynmt.training - Example #2
2026-05-16 12:51:23,652 - DEBUG - joeynmt.training - 	Tokenized source:     ['The', 'arctic', 'ice', 'cap', 'is', ',', 'in', 'a', 'sense', ',', 'the', 'beating', 'heart', 'of', 'the', 'global', 'climate', 'system', '.']
2026-05-16 12:51:23,652 - DEBUG - joeynmt.training - 	Tokenized reference:  ['On', 'peut', 'voir', 'la', 'calotte', 'glacière', 'arctique', 'comme', 'le', 'coeur', 'du', 'système', 'climatique', 'global', '.', 'On', 'peut', 'voir', 'la', 'calotte', 'glacière', 'arctique', 'comme', 'le', 'coeur', 'du', 'système', 'climatique', 'global', '.']
2026-05-16 12:51:23,652 - DEBUG - joeynmt.training - 	Tokenized hypothesis: ['La', '<unk>', 'de', 'glace', 'est', ',', 'dans', 'un', 'sens', ',', 'le', 'cœur', '<unk>', 'du', 'système', 'climatique', '.', '</s>']
2026-05-16 12:51:23,652 - INFO - joeynmt.training - 	Source:     The arctic ice cap is , in a sense , the beating heart of the global climate system .
2026-05-16 12:51:23,652 - INFO - joeynmt.training - 	Reference:  On peut voir la calotte glacière arctique comme le coeur du système climatique global . On peut voir la calotte glacière arctique comme le coeur du système climatique global .
2026-05-16 12:51:23,652 - INFO - joeynmt.training - 	Hypothesis: La <unk> de glace est , dans un sens , le cœur <unk> du système climatique .
2026-05-16 12:51:23,652 - INFO - joeynmt.training - Example #3
2026-05-16 12:51:23,652 - DEBUG - joeynmt.training - 	Tokenized source:     ['It', 'expands', 'in', 'winter', 'and', 'contracts', 'in', 'summer', '.']
2026-05-16 12:51:23,652 - DEBUG - joeynmt.training - 	Tokenized reference:  ['Elle', 's&apos;', 'étend', 'en', 'hiver', 'et', 'se', 'contracte', 'en', 'été', '.']
2026-05-16 12:51:23,652 - DEBUG - joeynmt.training - 	Tokenized hypothesis: ['Il', '<unk>', 'en', '<unk>', 'et', '<unk>', 'en', 'été', '.', '</s>']
2026-05-16 12:51:23,652 - INFO - joeynmt.training - 	Source:     It expands in winter and contracts in summer .
2026-05-16 12:51:23,652 - INFO - joeynmt.training - 	Reference:  Elle s&apos; étend en hiver et se contracte en été .
2026-05-16 12:51:23,652 - INFO - joeynmt.training - 	Hypothesis: Il <unk> en <unk> et <unk> en été .
2026-05-16 12:51:23,652 - INFO - joeynmt.training - Example #4
2026-05-16 12:51:23,652 - DEBUG - joeynmt.training - 	Tokenized source:     ['The', 'next', 'slide', 'I', 'show', 'you', 'will', 'be', 'a', 'rapid', 'fast-forward', 'of', 'what', '&apos;s', 'happened', 'over', 'the', 'last', '25', 'years', '.']
2026-05-16 12:51:23,652 - DEBUG - joeynmt.training - 	Tokenized reference:  ['La', 'prochaine', 'diapositive', 'que', 'je', 'vais', 'vous', 'montrer', 'est', 'une', 'vue', 'en', 'accéléré', 'de', 'ce', 'qui', 's&apos;', 'est', 'passé', 'ces', '25', 'dernières', 'années', '.']
2026-05-16 12:51:23,652 - DEBUG - joeynmt.training - 	Tokenized hypothesis: ['La', 'suivante', 'que', 'je', 'vous', 'montre', 'sera', 'un', '<unk>', '<unk>', 'de', 'ce', 'qui', 's&apos;', 'est', 'passé', 'pendant', 'les', '25', 'dernières', 'années', '.', '</s>']
2026-05-16 12:51:23,652 - INFO - joeynmt.training - 	Source:     The next slide I show you will be a rapid fast-forward of what &apos;s happened over the last 25 years .
2026-05-16 12:51:23,652 - INFO - joeynmt.training - 	Reference:  La prochaine diapositive que je vais vous montrer est une vue en accéléré de ce qui s&apos; est passé ces 25 dernières années .
2026-05-16 12:51:23,652 - INFO - joeynmt.training - 	Hypothesis: La suivante que je vous montre sera un <unk> <unk> de ce qui s&apos; est passé pendant les 25 dernières années .
2026-05-16 12:51:33,934 - INFO - joeynmt.training - Epoch  10, Step:    28100, Batch Loss:     0.927817, Batch Acc: 0.675174, Tokens per Sec:     7012, Lr: 0.000300
2026-05-16 12:51:44,264 - INFO - joeynmt.training - Epoch  10, Step:    28200, Batch Loss:     0.961362, Batch Acc: 0.672490, Tokens per Sec:     7032, Lr: 0.000300
2026-05-16 12:51:54,312 - INFO - joeynmt.training - Epoch  10, Step:    28300, Batch Loss:     1.032906, Batch Acc: 0.669440, Tokens per Sec:     6925, Lr: 0.000300
2026-05-16 12:52:04,474 - INFO - joeynmt.training - Epoch  10, Step:    28400, Batch Loss:     1.031431, Batch Acc: 0.668324, Tokens per Sec:     6867, Lr: 0.000300
2026-05-16 12:52:14,680 - INFO - joeynmt.training - Epoch  10, Step:    28500, Batch Loss:     0.969954, Batch Acc: 0.667369, Tokens per Sec:     7020, Lr: 0.000300
2026-05-16 12:52:14,680 - WARNING - joeynmt.helpers - `alpha` option is obsolete. Please use `beam_alpha`, instead.
2026-05-16 12:52:14,680 - INFO - joeynmt.prediction - Predicting 890 example(s)... (Greedy decoding with min_output_length=1, max_output_length=-1, return_prob='none', generate_unk=True, repetition_penalty=-1, no_repeat_ngram_size=-1)
2026-05-16 12:52:31,163 - INFO - joeynmt.prediction - Evaluation result (greedy) loss:   1.39, ppl:   4.00, acc:   0.56, generation: 16.4799[sec], evaluation: 0.0000[sec]
2026-05-16 12:52:31,164 - INFO - joeynmt.training - Example #0
2026-05-16 12:52:31,164 - DEBUG - joeynmt.training - 	Tokenized source:     ['Last', 'year', 'I', 'showed', 'these', 'two', 'slides', 'so', 'that', 'demonstrate', 'that', 'the', 'arctic', 'ice', 'cap', ',', 'which', 'for', 'most', 'of', 'the', 'last', 'three', 'million', 'years', 'has', 'been', 'the', 'size', 'of', 'the', 'lower', '48', 'states', ',', 'has', 'shrunk', 'by', '40', 'percent', '.']
2026-05-16 12:52:31,164 - DEBUG - joeynmt.training - 	Tokenized reference:  ['L&apos;', 'année', 'dernière', ',', 'je', 'vous', 'ai', 'présenté', 'ces', 'deux', 'diapositives', 'qui', 'montraient', 'que', 'la', 'calotte', 'glacière', 'arctique', ',', 'qui', 'pendant', 'ces', '3', 'derniers', 'millions', 'd&apos;', 'année', 'avait', 'la', 'taille', 'des', 'Etats-Unis', 'sans', 'l&apos;', 'Alaska', ',', 'qui', 'pendant', 'ces', '3', 'derniers', 'millions', 'd&apos;', 'année', 'avait', 'la', 'taille', 'des', 'Etats-Unis', 'sans', 'l&apos;', 'Alaska', ',', 'avait', 'diminué', 'de', '40', '%', '.']
2026-05-16 12:52:31,164 - DEBUG - joeynmt.training - 	Tokenized hypothesis: ['L&apos;', 'année', 'dernière', ',', 'j&apos;', 'ai', 'montré', 'ces', 'deux', '<unk>', 'pour', 'que', 'les', '<unk>', '<unk>', '<unk>', ',', 'qui', ',', 'pour', 'la', 'plupart', 'des', 'trois', 'derniers', 'millions', 'd&apos;', 'années', 'ont', 'été', 'la', 'taille', 'des', '<unk>', '<unk>', '<unk>', ',', 'a', '<unk>', 'de', '40', '%', '.', '</s>']
2026-05-16 12:52:31,164 - INFO - joeynmt.training - 	Source:     Last year I showed these two slides so that demonstrate that the arctic ice cap , which for most of the last three million years has been the size of the lower 48 states , has shrunk by 40 percent .
2026-05-16 12:52:31,164 - INFO - joeynmt.training - 	Reference:  L&apos; année dernière , je vous ai présenté ces deux diapositives qui montraient que la calotte glacière arctique , qui pendant ces 3 derniers millions d&apos; année avait la taille des Etats-Unis sans l&apos; Alaska , qui pendant ces 3 derniers millions d&apos; année avait la taille des Etats-Unis sans l&apos; Alaska , avait diminué de 40 % .
2026-05-16 12:52:31,164 - INFO - joeynmt.training - 	Hypothesis: L&apos; année dernière , j&apos; ai montré ces deux <unk> pour que les <unk> <unk> <unk> , qui , pour la plupart des trois derniers millions d&apos; années ont été la taille des <unk> <unk> <unk> , a <unk> de 40 % .
2026-05-16 12:52:31,164 - INFO - joeynmt.training - Example #1
2026-05-16 12:52:31,164 - DEBUG - joeynmt.training - 	Tokenized source:     ['But', 'this', 'understates', 'the', 'seriousness', 'of', 'this', 'particular', 'problem', 'because', 'it', 'doesn', '&apos;t', 'show', 'the', 'thickness', 'of', 'the', 'ice', '.']
2026-05-16 12:52:31,164 - DEBUG - joeynmt.training - 	Tokenized reference:  ['Mais', 'ceci', 'tend', 'à', 'amoindrir', 'le', 'problème', 'parce', 'qu&apos;', 'on', 'ne', 'voit', 'pas', 'l&apos;', 'épaisseur', 'de', 'la', 'glace', '.']
2026-05-16 12:52:31,164 - DEBUG - joeynmt.training - 	Tokenized hypothesis: ['Mais', 'ce', 'problème', '<unk>', 'le', '<unk>', 'de', 'ce', 'problème', 'parce', 'que', 'ça', 'ne', '<unk>', 'pas', 'la', '<unk>', 'de', 'la', 'glace', '.', '</s>']
2026-05-16 12:52:31,164 - INFO - joeynmt.training - 	Source:     But this understates the seriousness of this particular problem because it doesn &apos;t show the thickness of the ice .
2026-05-16 12:52:31,164 - INFO - joeynmt.training - 	Reference:  Mais ceci tend à amoindrir le problème parce qu&apos; on ne voit pas l&apos; épaisseur de la glace .
2026-05-16 12:52:31,164 - INFO - joeynmt.training - 	Hypothesis: Mais ce problème <unk> le <unk> de ce problème parce que ça ne <unk> pas la <unk> de la glace .
2026-05-16 12:52:31,164 - INFO - joeynmt.training - Example #2
2026-05-16 12:52:31,164 - DEBUG - joeynmt.training - 	Tokenized source:     ['The', 'arctic', 'ice', 'cap', 'is', ',', 'in', 'a', 'sense', ',', 'the', 'beating', 'heart', 'of', 'the', 'global', 'climate', 'system', '.']
2026-05-16 12:52:31,164 - DEBUG - joeynmt.training - 	Tokenized reference:  ['On', 'peut', 'voir', 'la', 'calotte', 'glacière', 'arctique', 'comme', 'le', 'coeur', 'du', 'système', 'climatique', 'global', '.', 'On', 'peut', 'voir', 'la', 'calotte', 'glacière', 'arctique', 'comme', 'le', 'coeur', 'du', 'système', 'climatique', 'global', '.']
2026-05-16 12:52:31,164 - DEBUG - joeynmt.training - 	Tokenized hypothesis: ['La', 'glace', '<unk>', 'est', ',', 'dans', 'un', 'sens', ',', 'le', 'cœur', '<unk>', 'du', 'système', 'climatique', '.', '</s>']
2026-05-16 12:52:31,164 - INFO - joeynmt.training - 	Source:     The arctic ice cap is , in a sense , the beating heart of the global climate system .
2026-05-16 12:52:31,165 - INFO - joeynmt.training - 	Reference:  On peut voir la calotte glacière arctique comme le coeur du système climatique global . On peut voir la calotte glacière arctique comme le coeur du système climatique global .
2026-05-16 12:52:31,165 - INFO - joeynmt.training - 	Hypothesis: La glace <unk> est , dans un sens , le cœur <unk> du système climatique .
2026-05-16 12:52:31,165 - INFO - joeynmt.training - Example #3
2026-05-16 12:52:31,165 - DEBUG - joeynmt.training - 	Tokenized source:     ['It', 'expands', 'in', 'winter', 'and', 'contracts', 'in', 'summer', '.']
2026-05-16 12:52:31,165 - DEBUG - joeynmt.training - 	Tokenized reference:  ['Elle', 's&apos;', 'étend', 'en', 'hiver', 'et', 'se', 'contracte', 'en', 'été', '.']
2026-05-16 12:52:31,165 - DEBUG - joeynmt.training - 	Tokenized hypothesis: ['Il', '<unk>', 'en', '<unk>', 'et', 'en', 'été', '.', '</s>']
2026-05-16 12:52:31,165 - INFO - joeynmt.training - 	Source:     It expands in winter and contracts in summer .
2026-05-16 12:52:31,165 - INFO - joeynmt.training - 	Reference:  Elle s&apos; étend en hiver et se contracte en été .
2026-05-16 12:52:31,165 - INFO - joeynmt.training - 	Hypothesis: Il <unk> en <unk> et en été .
2026-05-16 12:52:31,165 - INFO - joeynmt.training - Example #4
2026-05-16 12:52:31,165 - DEBUG - joeynmt.training - 	Tokenized source:     ['The', 'next', 'slide', 'I', 'show', 'you', 'will', 'be', 'a', 'rapid', 'fast-forward', 'of', 'what', '&apos;s', 'happened', 'over', 'the', 'last', '25', 'years', '.']
2026-05-16 12:52:31,165 - DEBUG - joeynmt.training - 	Tokenized reference:  ['La', 'prochaine', 'diapositive', 'que', 'je', 'vais', 'vous', 'montrer', 'est', 'une', 'vue', 'en', 'accéléré', 'de', 'ce', 'qui', 's&apos;', 'est', 'passé', 'ces', '25', 'dernières', 'années', '.']
2026-05-16 12:52:31,165 - DEBUG - joeynmt.training - 	Tokenized hypothesis: ['La', 'prochaine', '<unk>', 'que', 'je', 'vous', 'montre', 'sera', 'une', '<unk>', 'de', 'ce', 'qui', 'est', 'arrivé', 'au', 'cours', 'des', '25', 'dernières', 'années', '.', '</s>']
2026-05-16 12:52:31,165 - INFO - joeynmt.training - 	Source:     The next slide I show you will be a rapid fast-forward of what &apos;s happened over the last 25 years .
2026-05-16 12:52:31,165 - INFO - joeynmt.training - 	Reference:  La prochaine diapositive que je vais vous montrer est une vue en accéléré de ce qui s&apos; est passé ces 25 dernières années .
2026-05-16 12:52:31,165 - INFO - joeynmt.training - 	Hypothesis: La prochaine <unk> que je vous montre sera une <unk> de ce qui est arrivé au cours des 25 dernières années .
2026-05-16 12:52:41,510 - INFO - joeynmt.training - Epoch  10, Step:    28600, Batch Loss:     1.022540, Batch Acc: 0.668423, Tokens per Sec:     6859, Lr: 0.000300
2026-05-16 12:52:51,986 - INFO - joeynmt.training - Epoch  10, Step:    28700, Batch Loss:     1.006665, Batch Acc: 0.663583, Tokens per Sec:     7005, Lr: 0.000300
2026-05-16 12:53:02,350 - INFO - joeynmt.training - Epoch  10, Step:    28800, Batch Loss:     0.906474, Batch Acc: 0.663147, Tokens per Sec:     6954, Lr: 0.000300
2026-05-16 12:53:12,607 - INFO - joeynmt.training - Epoch  10, Step:    28900, Batch Loss:     1.032331, Batch Acc: 0.666634, Tokens per Sec:     6944, Lr: 0.000300
2026-05-16 12:53:23,174 - INFO - joeynmt.training - Epoch  10, Step:    29000, Batch Loss:     1.047165, Batch Acc: 0.663322, Tokens per Sec:     6837, Lr: 0.000300
2026-05-16 12:53:23,174 - WARNING - joeynmt.helpers - `alpha` option is obsolete. Please use `beam_alpha`, instead.
2026-05-16 12:53:23,174 - INFO - joeynmt.prediction - Predicting 890 example(s)... (Greedy decoding with min_output_length=1, max_output_length=-1, return_prob='none', generate_unk=True, repetition_penalty=-1, no_repeat_ngram_size=-1)
2026-05-16 12:53:39,280 - INFO - joeynmt.prediction - Evaluation result (greedy) loss:   1.39, ppl:   4.03, acc:   0.56, generation: 16.1021[sec], evaluation: 0.0000[sec]
2026-05-16 12:53:39,280 - INFO - joeynmt.training - Example #0
2026-05-16 12:53:39,280 - DEBUG - joeynmt.training - 	Tokenized source:     ['Last', 'year', 'I', 'showed', 'these', 'two', 'slides', 'so', 'that', 'demonstrate', 'that', 'the', 'arctic', 'ice', 'cap', ',', 'which', 'for', 'most', 'of', 'the', 'last', 'three', 'million', 'years', 'has', 'been', 'the', 'size', 'of', 'the', 'lower', '48', 'states', ',', 'has', 'shrunk', 'by', '40', 'percent', '.']
2026-05-16 12:53:39,281 - DEBUG - joeynmt.training - 	Tokenized reference:  ['L&apos;', 'année', 'dernière', ',', 'je', 'vous', 'ai', 'présenté', 'ces', 'deux', 'diapositives', 'qui', 'montraient', 'que', 'la', 'calotte', 'glacière', 'arctique', ',', 'qui', 'pendant', 'ces', '3', 'derniers', 'millions', 'd&apos;', 'année', 'avait', 'la', 'taille', 'des', 'Etats-Unis', 'sans', 'l&apos;', 'Alaska', ',', 'qui', 'pendant', 'ces', '3', 'derniers', 'millions', 'd&apos;', 'année', 'avait', 'la', 'taille', 'des', 'Etats-Unis', 'sans', 'l&apos;', 'Alaska', ',', 'avait', 'diminué', 'de', '40', '%', '.']
2026-05-16 12:53:39,281 - DEBUG - joeynmt.training - 	Tokenized hypothesis: ['L&apos;', 'année', 'dernière', ',', 'j&apos;', 'ai', 'montré', 'ces', 'deux', '<unk>', 'pour', 'que', 'les', '<unk>', '<unk>', 'de', 'glace', ',', 'qui', 'pour', 'la', 'plupart', 'des', 'trois', 'derniers', 'millions', 'd&apos;', 'années', 'ont', 'été', 'la', 'taille', 'des', '<unk>', '<unk>', '<unk>', ',', 'a', '<unk>', 'de', '40', 'pour', 'cent', '.', '</s>']
2026-05-16 12:53:39,281 - INFO - joeynmt.training - 	Source:     Last year I showed these two slides so that demonstrate that the arctic ice cap , which for most of the last three million years has been the size of the lower 48 states , has shrunk by 40 percent .
2026-05-16 12:53:39,281 - INFO - joeynmt.training - 	Reference:  L&apos; année dernière , je vous ai présenté ces deux diapositives qui montraient que la calotte glacière arctique , qui pendant ces 3 derniers millions d&apos; année avait la taille des Etats-Unis sans l&apos; Alaska , qui pendant ces 3 derniers millions d&apos; année avait la taille des Etats-Unis sans l&apos; Alaska , avait diminué de 40 % .
2026-05-16 12:53:39,281 - INFO - joeynmt.training - 	Hypothesis: L&apos; année dernière , j&apos; ai montré ces deux <unk> pour que les <unk> <unk> de glace , qui pour la plupart des trois derniers millions d&apos; années ont été la taille des <unk> <unk> <unk> , a <unk> de 40 pour cent .
2026-05-16 12:53:39,281 - INFO - joeynmt.training - Example #1
2026-05-16 12:53:39,281 - DEBUG - joeynmt.training - 	Tokenized source:     ['But', 'this', 'understates', 'the', 'seriousness', 'of', 'this', 'particular', 'problem', 'because', 'it', 'doesn', '&apos;t', 'show', 'the', 'thickness', 'of', 'the', 'ice', '.']
2026-05-16 12:53:39,281 - DEBUG - joeynmt.training - 	Tokenized reference:  ['Mais', 'ceci', 'tend', 'à', 'amoindrir', 'le', 'problème', 'parce', 'qu&apos;', 'on', 'ne', 'voit', 'pas', 'l&apos;', 'épaisseur', 'de', 'la', 'glace', '.']
2026-05-16 12:53:39,281 - DEBUG - joeynmt.training - 	Tokenized hypothesis: ['Mais', 'cela', '<unk>', 'la', '<unk>', 'de', 'ce', 'problème', 'en', 'particulier', 'parce', 'que', 'ça', 'ne', 'montre', 'pas', 'la', '<unk>', 'de', 'la', 'glace', '.', '</s>']
2026-05-16 12:53:39,281 - INFO - joeynmt.training - 	Source:     But this understates the seriousness of this particular problem because it doesn &apos;t show the thickness of the ice .
2026-05-16 12:53:39,281 - INFO - joeynmt.training - 	Reference:  Mais ceci tend à amoindrir le problème parce qu&apos; on ne voit pas l&apos; épaisseur de la glace .
2026-05-16 12:53:39,281 - INFO - joeynmt.training - 	Hypothesis: Mais cela <unk> la <unk> de ce problème en particulier parce que ça ne montre pas la <unk> de la glace .
2026-05-16 12:53:39,281 - INFO - joeynmt.training - Example #2
2026-05-16 12:53:39,281 - DEBUG - joeynmt.training - 	Tokenized source:     ['The', 'arctic', 'ice', 'cap', 'is', ',', 'in', 'a', 'sense', ',', 'the', 'beating', 'heart', 'of', 'the', 'global', 'climate', 'system', '.']
2026-05-16 12:53:39,281 - DEBUG - joeynmt.training - 	Tokenized reference:  ['On', 'peut', 'voir', 'la', 'calotte', 'glacière', 'arctique', 'comme', 'le', 'coeur', 'du', 'système', 'climatique', 'global', '.', 'On', 'peut', 'voir', 'la', 'calotte', 'glacière', 'arctique', 'comme', 'le', 'coeur', 'du', 'système', 'climatique', 'global', '.']
2026-05-16 12:53:39,281 - DEBUG - joeynmt.training - 	Tokenized hypothesis: ['La', '<unk>', '<unk>', 'est', ',', 'dans', 'un', 'sens', ',', 'le', 'coeur', '<unk>', 'du', 'système', 'climatique', '.', '</s>']
2026-05-16 12:53:39,281 - INFO - joeynmt.training - 	Source:     The arctic ice cap is , in a sense , the beating heart of the global climate system .
2026-05-16 12:53:39,281 - INFO - joeynmt.training - 	Reference:  On peut voir la calotte glacière arctique comme le coeur du système climatique global . On peut voir la calotte glacière arctique comme le coeur du système climatique global .
2026-05-16 12:53:39,281 - INFO - joeynmt.training - 	Hypothesis: La <unk> <unk> est , dans un sens , le coeur <unk> du système climatique .
2026-05-16 12:53:39,281 - INFO - joeynmt.training - Example #3
2026-05-16 12:53:39,281 - DEBUG - joeynmt.training - 	Tokenized source:     ['It', 'expands', 'in', 'winter', 'and', 'contracts', 'in', 'summer', '.']
2026-05-16 12:53:39,281 - DEBUG - joeynmt.training - 	Tokenized reference:  ['Elle', 's&apos;', 'étend', 'en', 'hiver', 'et', 'se', 'contracte', 'en', 'été', '.']
2026-05-16 12:53:39,281 - DEBUG - joeynmt.training - 	Tokenized hypothesis: ['Il', '<unk>', 'en', '<unk>', 'et', 'en', 'été', '.', '</s>']
2026-05-16 12:53:39,281 - INFO - joeynmt.training - 	Source:     It expands in winter and contracts in summer .
2026-05-16 12:53:39,281 - INFO - joeynmt.training - 	Reference:  Elle s&apos; étend en hiver et se contracte en été .
2026-05-16 12:53:39,281 - INFO - joeynmt.training - 	Hypothesis: Il <unk> en <unk> et en été .
2026-05-16 12:53:39,281 - INFO - joeynmt.training - Example #4
2026-05-16 12:53:39,281 - DEBUG - joeynmt.training - 	Tokenized source:     ['The', 'next', 'slide', 'I', 'show', 'you', 'will', 'be', 'a', 'rapid', 'fast-forward', 'of', 'what', '&apos;s', 'happened', 'over', 'the', 'last', '25', 'years', '.']
2026-05-16 12:53:39,281 - DEBUG - joeynmt.training - 	Tokenized reference:  ['La', 'prochaine', 'diapositive', 'que', 'je', 'vais', 'vous', 'montrer', 'est', 'une', 'vue', 'en', 'accéléré', 'de', 'ce', 'qui', 's&apos;', 'est', 'passé', 'ces', '25', 'dernières', 'années', '.']
2026-05-16 12:53:39,281 - DEBUG - joeynmt.training - 	Tokenized hypothesis: ['La', 'prochaine', '<unk>', 'que', 'je', 'vous', 'montre', 'que', 'vous', '<unk>', 'sera', 'une', '<unk>', '<unk>', 'de', 'ce', 'qui', 'est', 'arrivé', 'pendant', 'les', '25', 'dernières', 'années', '.', '</s>']
2026-05-16 12:53:39,282 - INFO - joeynmt.training - 	Source:     The next slide I show you will be a rapid fast-forward of what &apos;s happened over the last 25 years .
2026-05-16 12:53:39,282 - INFO - joeynmt.training - 	Reference:  La prochaine diapositive que je vais vous montrer est une vue en accéléré de ce qui s&apos; est passé ces 25 dernières années .
2026-05-16 12:53:39,282 - INFO - joeynmt.training - 	Hypothesis: La prochaine <unk> que je vous montre que vous <unk> sera une <unk> <unk> de ce qui est arrivé pendant les 25 dernières années .
2026-05-16 12:53:50,112 - INFO - joeynmt.training - Epoch  10, Step:    29100, Batch Loss:     0.946705, Batch Acc: 0.661970, Tokens per Sec:     6788, Lr: 0.000300
2026-05-16 12:54:00,896 - INFO - joeynmt.training - Epoch  10, Step:    29200, Batch Loss:     1.001561, Batch Acc: 0.663026, Tokens per Sec:     6826, Lr: 0.000300
2026-05-16 12:54:11,700 - INFO - joeynmt.training - Epoch  10, Step:    29300, Batch Loss:     1.073529, Batch Acc: 0.663851, Tokens per Sec:     6902, Lr: 0.000300
2026-05-16 12:54:22,388 - INFO - joeynmt.training - Epoch  10, Step:    29400, Batch Loss:     1.002013, Batch Acc: 0.662644, Tokens per Sec:     6823, Lr: 0.000300
2026-05-16 12:54:33,182 - INFO - joeynmt.training - Epoch  10, Step:    29500, Batch Loss:     1.034092, Batch Acc: 0.662557, Tokens per Sec:     6800, Lr: 0.000300
2026-05-16 12:54:33,182 - WARNING - joeynmt.helpers - `alpha` option is obsolete. Please use `beam_alpha`, instead.
2026-05-16 12:54:33,182 - INFO - joeynmt.prediction - Predicting 890 example(s)... (Greedy decoding with min_output_length=1, max_output_length=-1, return_prob='none', generate_unk=True, repetition_penalty=-1, no_repeat_ngram_size=-1)
2026-05-16 12:54:49,951 - INFO - joeynmt.prediction - Evaluation result (greedy) loss:   1.38, ppl:   3.96, acc:   0.56, generation: 16.7651[sec], evaluation: 0.0000[sec]
2026-05-16 12:54:50,009 - INFO - joeynmt.helpers - delete models/word_2k/27000.ckpt
2026-05-16 12:54:50,009 - INFO - joeynmt.training - Example #0
2026-05-16 12:54:50,009 - DEBUG - joeynmt.training - 	Tokenized source:     ['Last', 'year', 'I', 'showed', 'these', 'two', 'slides', 'so', 'that', 'demonstrate', 'that', 'the', 'arctic', 'ice', 'cap', ',', 'which', 'for', 'most', 'of', 'the', 'last', 'three', 'million', 'years', 'has', 'been', 'the', 'size', 'of', 'the', 'lower', '48', 'states', ',', 'has', 'shrunk', 'by', '40', 'percent', '.']
2026-05-16 12:54:50,009 - DEBUG - joeynmt.training - 	Tokenized reference:  ['L&apos;', 'année', 'dernière', ',', 'je', 'vous', 'ai', 'présenté', 'ces', 'deux', 'diapositives', 'qui', 'montraient', 'que', 'la', 'calotte', 'glacière', 'arctique', ',', 'qui', 'pendant', 'ces', '3', 'derniers', 'millions', 'd&apos;', 'année', 'avait', 'la', 'taille', 'des', 'Etats-Unis', 'sans', 'l&apos;', 'Alaska', ',', 'qui', 'pendant', 'ces', '3', 'derniers', 'millions', 'd&apos;', 'année', 'avait', 'la', 'taille', 'des', 'Etats-Unis', 'sans', 'l&apos;', 'Alaska', ',', 'avait', 'diminué', 'de', '40', '%', '.']
2026-05-16 12:54:50,009 - DEBUG - joeynmt.training - 	Tokenized hypothesis: ['L&apos;', 'année', 'dernière', ',', 'j&apos;', 'ai', 'montré', 'ces', 'deux', '<unk>', 'pour', 'que', 'les', '<unk>', 'de', 'glace', '<unk>', ',', 'qui', ',', 'pour', 'la', 'plupart', 'des', 'trois', 'derniers', 'millions', 'd&apos;', 'années', 'a', 'été', 'la', 'taille', 'du', 'bas', '<unk>', '<unk>', ',', 'a', '<unk>', 'de', '40', '%', '.', '</s>']
2026-05-16 12:54:50,009 - INFO - joeynmt.training - 	Source:     Last year I showed these two slides so that demonstrate that the arctic ice cap , which for most of the last three million years has been the size of the lower 48 states , has shrunk by 40 percent .
2026-05-16 12:54:50,009 - INFO - joeynmt.training - 	Reference:  L&apos; année dernière , je vous ai présenté ces deux diapositives qui montraient que la calotte glacière arctique , qui pendant ces 3 derniers millions d&apos; année avait la taille des Etats-Unis sans l&apos; Alaska , qui pendant ces 3 derniers millions d&apos; année avait la taille des Etats-Unis sans l&apos; Alaska , avait diminué de 40 % .
2026-05-16 12:54:50,009 - INFO - joeynmt.training - 	Hypothesis: L&apos; année dernière , j&apos; ai montré ces deux <unk> pour que les <unk> de glace <unk> , qui , pour la plupart des trois derniers millions d&apos; années a été la taille du bas <unk> <unk> , a <unk> de 40 % .
2026-05-16 12:54:50,009 - INFO - joeynmt.training - Example #1
2026-05-16 12:54:50,009 - DEBUG - joeynmt.training - 	Tokenized source:     ['But', 'this', 'understates', 'the', 'seriousness', 'of', 'this', 'particular', 'problem', 'because', 'it', 'doesn', '&apos;t', 'show', 'the', 'thickness', 'of', 'the', 'ice', '.']
2026-05-16 12:54:50,009 - DEBUG - joeynmt.training - 	Tokenized reference:  ['Mais', 'ceci', 'tend', 'à', 'amoindrir', 'le', 'problème', 'parce', 'qu&apos;', 'on', 'ne', 'voit', 'pas', 'l&apos;', 'épaisseur', 'de', 'la', 'glace', '.']
2026-05-16 12:54:50,009 - DEBUG - joeynmt.training - 	Tokenized hypothesis: ['Mais', 'cela', '<unk>', 'le', '<unk>', 'de', 'ce', 'problème', 'parce', 'que', 'ça', 'ne', 'montre', 'pas', 'les', '<unk>', 'de', 'la', 'glace', '.', '</s>']
2026-05-16 12:54:50,010 - INFO - joeynmt.training - 	Source:     But this understates the seriousness of this particular problem because it doesn &apos;t show the thickness of the ice .
2026-05-16 12:54:50,010 - INFO - joeynmt.training - 	Reference:  Mais ceci tend à amoindrir le problème parce qu&apos; on ne voit pas l&apos; épaisseur de la glace .
2026-05-16 12:54:50,010 - INFO - joeynmt.training - 	Hypothesis: Mais cela <unk> le <unk> de ce problème parce que ça ne montre pas les <unk> de la glace .
2026-05-16 12:54:50,010 - INFO - joeynmt.training - Example #2
2026-05-16 12:54:50,010 - DEBUG - joeynmt.training - 	Tokenized source:     ['The', 'arctic', 'ice', 'cap', 'is', ',', 'in', 'a', 'sense', ',', 'the', 'beating', 'heart', 'of', 'the', 'global', 'climate', 'system', '.']
2026-05-16 12:54:50,010 - DEBUG - joeynmt.training - 	Tokenized reference:  ['On', 'peut', 'voir', 'la', 'calotte', 'glacière', 'arctique', 'comme', 'le', 'coeur', 'du', 'système', 'climatique', 'global', '.', 'On', 'peut', 'voir', 'la', 'calotte', 'glacière', 'arctique', 'comme', 'le', 'coeur', 'du', 'système', 'climatique', 'global', '.']
2026-05-16 12:54:50,010 - DEBUG - joeynmt.training - 	Tokenized hypothesis: ['La', '<unk>', '<unk>', 'est', ',', 'dans', 'un', 'sens', 'sens', ',', 'le', '<unk>', 'cardiaque', 'du', 'système', 'climatique', '.', '</s>']
2026-05-16 12:54:50,010 - INFO - joeynmt.training - 	Source:     The arctic ice cap is , in a sense , the beating heart of the global climate system .
2026-05-16 12:54:50,010 - INFO - joeynmt.training - 	Reference:  On peut voir la calotte glacière arctique comme le coeur du système climatique global . On peut voir la calotte glacière arctique comme le coeur du système climatique global .
2026-05-16 12:54:50,010 - INFO - joeynmt.training - 	Hypothesis: La <unk> <unk> est , dans un sens sens , le <unk> cardiaque du système climatique .
2026-05-16 12:54:50,010 - INFO - joeynmt.training - Example #3
2026-05-16 12:54:50,010 - DEBUG - joeynmt.training - 	Tokenized source:     ['It', 'expands', 'in', 'winter', 'and', 'contracts', 'in', 'summer', '.']
2026-05-16 12:54:50,010 - DEBUG - joeynmt.training - 	Tokenized reference:  ['Elle', 's&apos;', 'étend', 'en', 'hiver', 'et', 'se', 'contracte', 'en', 'été', '.']
2026-05-16 12:54:50,010 - DEBUG - joeynmt.training - 	Tokenized hypothesis: ['Il', '<unk>', 'en', 'été', '<unk>', 'et', '<unk>', 'en', 'été', '.', '</s>']
2026-05-16 12:54:50,010 - INFO - joeynmt.training - 	Source:     It expands in winter and contracts in summer .
2026-05-16 12:54:50,010 - INFO - joeynmt.training - 	Reference:  Elle s&apos; étend en hiver et se contracte en été .
2026-05-16 12:54:50,010 - INFO - joeynmt.training - 	Hypothesis: Il <unk> en été <unk> et <unk> en été .
2026-05-16 12:54:50,010 - INFO - joeynmt.training - Example #4
2026-05-16 12:54:50,010 - DEBUG - joeynmt.training - 	Tokenized source:     ['The', 'next', 'slide', 'I', 'show', 'you', 'will', 'be', 'a', 'rapid', 'fast-forward', 'of', 'what', '&apos;s', 'happened', 'over', 'the', 'last', '25', 'years', '.']
2026-05-16 12:54:50,010 - DEBUG - joeynmt.training - 	Tokenized reference:  ['La', 'prochaine', 'diapositive', 'que', 'je', 'vais', 'vous', 'montrer', 'est', 'une', 'vue', 'en', 'accéléré', 'de', 'ce', 'qui', 's&apos;', 'est', 'passé', 'ces', '25', 'dernières', 'années', '.']
2026-05-16 12:54:50,010 - DEBUG - joeynmt.training - 	Tokenized hypothesis: ['La', 'prochaine', '<unk>', 'que', 'vous', '<unk>', 'sera', 'une', '<unk>', '<unk>', 'de', 'ce', 'qui', 'est', 'arrivé', 'pendant', 'les', '25', 'dernières', 'années', '.', '</s>']
2026-05-16 12:54:50,010 - INFO - joeynmt.training - 	Source:     The next slide I show you will be a rapid fast-forward of what &apos;s happened over the last 25 years .
2026-05-16 12:54:50,010 - INFO - joeynmt.training - 	Reference:  La prochaine diapositive que je vais vous montrer est une vue en accéléré de ce qui s&apos; est passé ces 25 dernières années .
2026-05-16 12:54:50,010 - INFO - joeynmt.training - 	Hypothesis: La prochaine <unk> que vous <unk> sera une <unk> <unk> de ce qui est arrivé pendant les 25 dernières années .
2026-05-16 12:55:00,630 - INFO - joeynmt.training - Epoch  10, Step:    29600, Batch Loss:     1.098005, Batch Acc: 0.664705, Tokens per Sec:     7016, Lr: 0.000300
2026-05-16 12:55:11,177 - INFO - joeynmt.training - Epoch  10, Step:    29700, Batch Loss:     1.047267, Batch Acc: 0.659195, Tokens per Sec:     7087, Lr: 0.000300
2026-05-16 12:55:22,083 - INFO - joeynmt.training - Epoch  10, Step:    29800, Batch Loss:     1.000221, Batch Acc: 0.657831, Tokens per Sec:     6731, Lr: 0.000300
2026-05-16 12:55:32,857 - INFO - joeynmt.training - Epoch  10, Step:    29900, Batch Loss:     1.006444, Batch Acc: 0.658628, Tokens per Sec:     6585, Lr: 0.000300
2026-05-16 12:55:43,630 - INFO - joeynmt.training - Epoch  10, Step:    30000, Batch Loss:     1.181808, Batch Acc: 0.660946, Tokens per Sec:     6566, Lr: 0.000300
2026-05-16 12:55:43,630 - WARNING - joeynmt.helpers - `alpha` option is obsolete. Please use `beam_alpha`, instead.
2026-05-16 12:55:43,630 - INFO - joeynmt.prediction - Predicting 890 example(s)... (Greedy decoding with min_output_length=1, max_output_length=-1, return_prob='none', generate_unk=True, repetition_penalty=-1, no_repeat_ngram_size=-1)
2026-05-16 12:55:59,614 - INFO - joeynmt.prediction - Evaluation result (greedy) loss:   1.38, ppl:   3.96, acc:   0.56, generation: 15.9803[sec], evaluation: 0.0000[sec]
2026-05-16 12:55:59,672 - INFO - joeynmt.helpers - delete models/word_2k/29500.ckpt
2026-05-16 12:55:59,672 - INFO - joeynmt.helpers - delete /Users/leonieadm/Desktop/mt-exercise-04/models/word_2k/29500.ckpt
2026-05-16 12:55:59,672 - WARNING - joeynmt.helpers - Wanted to delete old checkpoint /Users/leonieadm/Desktop/mt-exercise-04/models/word_2k/29500.ckpt but file does not exist. ([Errno 2] No such file or directory: '/Users/leonieadm/Desktop/mt-exercise-04/models/word_2k/29500.ckpt')
2026-05-16 12:55:59,673 - INFO - joeynmt.training - Example #0
2026-05-16 12:55:59,673 - DEBUG - joeynmt.training - 	Tokenized source:     ['Last', 'year', 'I', 'showed', 'these', 'two', 'slides', 'so', 'that', 'demonstrate', 'that', 'the', 'arctic', 'ice', 'cap', ',', 'which', 'for', 'most', 'of', 'the', 'last', 'three', 'million', 'years', 'has', 'been', 'the', 'size', 'of', 'the', 'lower', '48', 'states', ',', 'has', 'shrunk', 'by', '40', 'percent', '.']
2026-05-16 12:55:59,673 - DEBUG - joeynmt.training - 	Tokenized reference:  ['L&apos;', 'année', 'dernière', ',', 'je', 'vous', 'ai', 'présenté', 'ces', 'deux', 'diapositives', 'qui', 'montraient', 'que', 'la', 'calotte', 'glacière', 'arctique', ',', 'qui', 'pendant', 'ces', '3', 'derniers', 'millions', 'd&apos;', 'année', 'avait', 'la', 'taille', 'des', 'Etats-Unis', 'sans', 'l&apos;', 'Alaska', ',', 'qui', 'pendant', 'ces', '3', 'derniers', 'millions', 'd&apos;', 'année', 'avait', 'la', 'taille', 'des', 'Etats-Unis', 'sans', 'l&apos;', 'Alaska', ',', 'avait', 'diminué', 'de', '40', '%', '.']
2026-05-16 12:55:59,673 - DEBUG - joeynmt.training - 	Tokenized hypothesis: ['L&apos;', 'année', 'dernière', ',', 'j&apos;', 'ai', 'montré', 'ces', 'deux', '<unk>', 'pour', 'que', 'les', '<unk>', '<unk>', 'de', 'glace', ',', 'qui', ',', 'pour', 'la', 'plupart', 'des', 'trois', 'derniers', 'millions', 'd&apos;', 'années', 'a', 'été', 'la', 'taille', 'des', '<unk>', '<unk>', ',', 'a', '<unk>', 'de', '40', '%', '.', '</s>']
2026-05-16 12:55:59,673 - INFO - joeynmt.training - 	Source:     Last year I showed these two slides so that demonstrate that the arctic ice cap , which for most of the last three million years has been the size of the lower 48 states , has shrunk by 40 percent .
2026-05-16 12:55:59,673 - INFO - joeynmt.training - 	Reference:  L&apos; année dernière , je vous ai présenté ces deux diapositives qui montraient que la calotte glacière arctique , qui pendant ces 3 derniers millions d&apos; année avait la taille des Etats-Unis sans l&apos; Alaska , qui pendant ces 3 derniers millions d&apos; année avait la taille des Etats-Unis sans l&apos; Alaska , avait diminué de 40 % .
2026-05-16 12:55:59,673 - INFO - joeynmt.training - 	Hypothesis: L&apos; année dernière , j&apos; ai montré ces deux <unk> pour que les <unk> <unk> de glace , qui , pour la plupart des trois derniers millions d&apos; années a été la taille des <unk> <unk> , a <unk> de 40 % .
2026-05-16 12:55:59,673 - INFO - joeynmt.training - Example #1
2026-05-16 12:55:59,673 - DEBUG - joeynmt.training - 	Tokenized source:     ['But', 'this', 'understates', 'the', 'seriousness', 'of', 'this', 'particular', 'problem', 'because', 'it', 'doesn', '&apos;t', 'show', 'the', 'thickness', 'of', 'the', 'ice', '.']
2026-05-16 12:55:59,673 - DEBUG - joeynmt.training - 	Tokenized reference:  ['Mais', 'ceci', 'tend', 'à', 'amoindrir', 'le', 'problème', 'parce', 'qu&apos;', 'on', 'ne', 'voit', 'pas', 'l&apos;', 'épaisseur', 'de', 'la', 'glace', '.']
2026-05-16 12:55:59,673 - DEBUG - joeynmt.training - 	Tokenized hypothesis: ['Mais', 'cela', '<unk>', 'la', '<unk>', 'de', 'ce', 'problème', 'parce', 'qu&apos;', 'elle', 'ne', 'montre', 'pas', 'la', '<unk>', 'de', 'la', 'glace', '.', '</s>']
2026-05-16 12:55:59,673 - INFO - joeynmt.training - 	Source:     But this understates the seriousness of this particular problem because it doesn &apos;t show the thickness of the ice .
2026-05-16 12:55:59,673 - INFO - joeynmt.training - 	Reference:  Mais ceci tend à amoindrir le problème parce qu&apos; on ne voit pas l&apos; épaisseur de la glace .
2026-05-16 12:55:59,673 - INFO - joeynmt.training - 	Hypothesis: Mais cela <unk> la <unk> de ce problème parce qu&apos; elle ne montre pas la <unk> de la glace .
2026-05-16 12:55:59,673 - INFO - joeynmt.training - Example #2
2026-05-16 12:55:59,673 - DEBUG - joeynmt.training - 	Tokenized source:     ['The', 'arctic', 'ice', 'cap', 'is', ',', 'in', 'a', 'sense', ',', 'the', 'beating', 'heart', 'of', 'the', 'global', 'climate', 'system', '.']
2026-05-16 12:55:59,673 - DEBUG - joeynmt.training - 	Tokenized reference:  ['On', 'peut', 'voir', 'la', 'calotte', 'glacière', 'arctique', 'comme', 'le', 'coeur', 'du', 'système', 'climatique', 'global', '.', 'On', 'peut', 'voir', 'la', 'calotte', 'glacière', 'arctique', 'comme', 'le', 'coeur', 'du', 'système', 'climatique', 'global', '.']
2026-05-16 12:55:59,673 - DEBUG - joeynmt.training - 	Tokenized hypothesis: ['La', '<unk>', '<unk>', 'est', ',', 'dans', 'un', 'sens', ',', 'le', 'cœur', '<unk>', 'du', 'système', 'mondial', 'du', 'climat', '<unk>', '.', '</s>']
2026-05-16 12:55:59,673 - INFO - joeynmt.training - 	Source:     The arctic ice cap is , in a sense , the beating heart of the global climate system .
2026-05-16 12:55:59,673 - INFO - joeynmt.training - 	Reference:  On peut voir la calotte glacière arctique comme le coeur du système climatique global . On peut voir la calotte glacière arctique comme le coeur du système climatique global .
2026-05-16 12:55:59,673 - INFO - joeynmt.training - 	Hypothesis: La <unk> <unk> est , dans un sens , le cœur <unk> du système mondial du climat <unk> .
2026-05-16 12:55:59,673 - INFO - joeynmt.training - Example #3
2026-05-16 12:55:59,673 - DEBUG - joeynmt.training - 	Tokenized source:     ['It', 'expands', 'in', 'winter', 'and', 'contracts', 'in', 'summer', '.']
2026-05-16 12:55:59,673 - DEBUG - joeynmt.training - 	Tokenized reference:  ['Elle', 's&apos;', 'étend', 'en', 'hiver', 'et', 'se', 'contracte', 'en', 'été', '.']
2026-05-16 12:55:59,673 - DEBUG - joeynmt.training - 	Tokenized hypothesis: ['Il', '<unk>', 'en', 'été', '.', '</s>']
2026-05-16 12:55:59,673 - INFO - joeynmt.training - 	Source:     It expands in winter and contracts in summer .
2026-05-16 12:55:59,673 - INFO - joeynmt.training - 	Reference:  Elle s&apos; étend en hiver et se contracte en été .
2026-05-16 12:55:59,673 - INFO - joeynmt.training - 	Hypothesis: Il <unk> en été .
2026-05-16 12:55:59,673 - INFO - joeynmt.training - Example #4
2026-05-16 12:55:59,673 - DEBUG - joeynmt.training - 	Tokenized source:     ['The', 'next', 'slide', 'I', 'show', 'you', 'will', 'be', 'a', 'rapid', 'fast-forward', 'of', 'what', '&apos;s', 'happened', 'over', 'the', 'last', '25', 'years', '.']
2026-05-16 12:55:59,673 - DEBUG - joeynmt.training - 	Tokenized reference:  ['La', 'prochaine', 'diapositive', 'que', 'je', 'vais', 'vous', 'montrer', 'est', 'une', 'vue', 'en', 'accéléré', 'de', 'ce', 'qui', 's&apos;', 'est', 'passé', 'ces', '25', 'dernières', 'années', '.']
2026-05-16 12:55:59,673 - DEBUG - joeynmt.training - 	Tokenized hypothesis: ['La', 'prochaine', '<unk>', 'que', 'vous', '<unk>', 'sera', 'une', '<unk>', 'de', 'ce', 'qui', 's&apos;', 'est', 'passé', 'pendant', 'les', '25', 'dernières', 'années', '.', '</s>']
2026-05-16 12:55:59,673 - INFO - joeynmt.training - 	Source:     The next slide I show you will be a rapid fast-forward of what &apos;s happened over the last 25 years .
2026-05-16 12:55:59,674 - INFO - joeynmt.training - 	Reference:  La prochaine diapositive que je vais vous montrer est une vue en accéléré de ce qui s&apos; est passé ces 25 dernières années .
2026-05-16 12:55:59,674 - INFO - joeynmt.training - 	Hypothesis: La prochaine <unk> que vous <unk> sera une <unk> de ce qui s&apos; est passé pendant les 25 dernières années .
2026-05-16 12:56:10,633 - INFO - joeynmt.training - Epoch  10, Step:    30100, Batch Loss:     1.005645, Batch Acc: 0.656308, Tokens per Sec:     6605, Lr: 0.000300
2026-05-16 12:56:21,654 - INFO - joeynmt.training - Epoch  10, Step:    30200, Batch Loss:     0.972371, Batch Acc: 0.661647, Tokens per Sec:     6833, Lr: 0.000300
2026-05-16 12:56:32,420 - INFO - joeynmt.training - Epoch  10, Step:    30300, Batch Loss:     0.965490, Batch Acc: 0.663053, Tokens per Sec:     6684, Lr: 0.000300
2026-05-16 12:56:43,091 - INFO - joeynmt.training - Epoch  10, Step:    30400, Batch Loss:     1.087683, Batch Acc: 0.660261, Tokens per Sec:     6949, Lr: 0.000300
2026-05-16 12:56:53,792 - INFO - joeynmt.training - Epoch  10, Step:    30500, Batch Loss:     1.061668, Batch Acc: 0.649507, Tokens per Sec:     6617, Lr: 0.000300
2026-05-16 12:56:53,793 - WARNING - joeynmt.helpers - `alpha` option is obsolete. Please use `beam_alpha`, instead.
2026-05-16 12:56:53,793 - INFO - joeynmt.prediction - Predicting 890 example(s)... (Greedy decoding with min_output_length=1, max_output_length=-1, return_prob='none', generate_unk=True, repetition_penalty=-1, no_repeat_ngram_size=-1)
2026-05-16 12:57:10,422 - INFO - joeynmt.prediction - Evaluation result (greedy) loss:   1.37, ppl:   3.94, acc:   0.56, generation: 16.6264[sec], evaluation: 0.0000[sec]
2026-05-16 12:57:10,423 - INFO - joeynmt.training - Hooray! New best validation result [ppl]!
2026-05-16 12:57:10,480 - INFO - joeynmt.helpers - delete models/word_2k/27500.ckpt
2026-05-16 12:57:10,481 - INFO - joeynmt.training - Example #0
2026-05-16 12:57:10,481 - DEBUG - joeynmt.training - 	Tokenized source:     ['Last', 'year', 'I', 'showed', 'these', 'two', 'slides', 'so', 'that', 'demonstrate', 'that', 'the', 'arctic', 'ice', 'cap', ',', 'which', 'for', 'most', 'of', 'the', 'last', 'three', 'million', 'years', 'has', 'been', 'the', 'size', 'of', 'the', 'lower', '48', 'states', ',', 'has', 'shrunk', 'by', '40', 'percent', '.']
2026-05-16 12:57:10,481 - DEBUG - joeynmt.training - 	Tokenized reference:  ['L&apos;', 'année', 'dernière', ',', 'je', 'vous', 'ai', 'présenté', 'ces', 'deux', 'diapositives', 'qui', 'montraient', 'que', 'la', 'calotte', 'glacière', 'arctique', ',', 'qui', 'pendant', 'ces', '3', 'derniers', 'millions', 'd&apos;', 'année', 'avait', 'la', 'taille', 'des', 'Etats-Unis', 'sans', 'l&apos;', 'Alaska', ',', 'qui', 'pendant', 'ces', '3', 'derniers', 'millions', 'd&apos;', 'année', 'avait', 'la', 'taille', 'des', 'Etats-Unis', 'sans', 'l&apos;', 'Alaska', ',', 'avait', 'diminué', 'de', '40', '%', '.']
2026-05-16 12:57:10,481 - DEBUG - joeynmt.training - 	Tokenized hypothesis: ['L&apos;', 'année', 'dernière', ',', 'j&apos;', 'ai', 'montré', 'ces', 'deux', '<unk>', '<unk>', 'pour', 'que', 'les', '<unk>', '<unk>', '<unk>', ',', 'qui', ',', 'pour', 'la', 'plupart', 'des', 'trois', 'derniers', 'millions', 'd&apos;', 'années', 'a', 'été', 'la', 'taille', 'des', '<unk>', '<unk>', '<unk>', ',', 'a', '<unk>', 'de', '40', '%', '.', '</s>']
2026-05-16 12:57:10,481 - INFO - joeynmt.training - 	Source:     Last year I showed these two slides so that demonstrate that the arctic ice cap , which for most of the last three million years has been the size of the lower 48 states , has shrunk by 40 percent .
2026-05-16 12:57:10,481 - INFO - joeynmt.training - 	Reference:  L&apos; année dernière , je vous ai présenté ces deux diapositives qui montraient que la calotte glacière arctique , qui pendant ces 3 derniers millions d&apos; année avait la taille des Etats-Unis sans l&apos; Alaska , qui pendant ces 3 derniers millions d&apos; année avait la taille des Etats-Unis sans l&apos; Alaska , avait diminué de 40 % .
2026-05-16 12:57:10,481 - INFO - joeynmt.training - 	Hypothesis: L&apos; année dernière , j&apos; ai montré ces deux <unk> <unk> pour que les <unk> <unk> <unk> , qui , pour la plupart des trois derniers millions d&apos; années a été la taille des <unk> <unk> <unk> , a <unk> de 40 % .
2026-05-16 12:57:10,481 - INFO - joeynmt.training - Example #1
2026-05-16 12:57:10,481 - DEBUG - joeynmt.training - 	Tokenized source:     ['But', 'this', 'understates', 'the', 'seriousness', 'of', 'this', 'particular', 'problem', 'because', 'it', 'doesn', '&apos;t', 'show', 'the', 'thickness', 'of', 'the', 'ice', '.']
2026-05-16 12:57:10,481 - DEBUG - joeynmt.training - 	Tokenized reference:  ['Mais', 'ceci', 'tend', 'à', 'amoindrir', 'le', 'problème', 'parce', 'qu&apos;', 'on', 'ne', 'voit', 'pas', 'l&apos;', 'épaisseur', 'de', 'la', 'glace', '.']
2026-05-16 12:57:10,481 - DEBUG - joeynmt.training - 	Tokenized hypothesis: ['Mais', 'cela', '<unk>', 'le', '<unk>', 'de', 'ce', 'problème', 'particulier', 'parce', 'qu&apos;', 'elle', 'ne', 'montre', 'pas', 'les', '<unk>', 'de', 'la', 'glace', '.', '</s>']
2026-05-16 12:57:10,481 - INFO - joeynmt.training - 	Source:     But this understates the seriousness of this particular problem because it doesn &apos;t show the thickness of the ice .
2026-05-16 12:57:10,481 - INFO - joeynmt.training - 	Reference:  Mais ceci tend à amoindrir le problème parce qu&apos; on ne voit pas l&apos; épaisseur de la glace .
2026-05-16 12:57:10,481 - INFO - joeynmt.training - 	Hypothesis: Mais cela <unk> le <unk> de ce problème particulier parce qu&apos; elle ne montre pas les <unk> de la glace .
2026-05-16 12:57:10,481 - INFO - joeynmt.training - Example #2
2026-05-16 12:57:10,481 - DEBUG - joeynmt.training - 	Tokenized source:     ['The', 'arctic', 'ice', 'cap', 'is', ',', 'in', 'a', 'sense', ',', 'the', 'beating', 'heart', 'of', 'the', 'global', 'climate', 'system', '.']
2026-05-16 12:57:10,481 - DEBUG - joeynmt.training - 	Tokenized reference:  ['On', 'peut', 'voir', 'la', 'calotte', 'glacière', 'arctique', 'comme', 'le', 'coeur', 'du', 'système', 'climatique', 'global', '.', 'On', 'peut', 'voir', 'la', 'calotte', 'glacière', 'arctique', 'comme', 'le', 'coeur', 'du', 'système', 'climatique', 'global', '.']
2026-05-16 12:57:10,481 - DEBUG - joeynmt.training - 	Tokenized hypothesis: ['La', '<unk>', '<unk>', 'est', ',', 'dans', 'un', 'sens', ',', 'le', 'coeur', '<unk>', 'du', 'système', 'mondial', '.', '</s>']
2026-05-16 12:57:10,481 - INFO - joeynmt.training - 	Source:     The arctic ice cap is , in a sense , the beating heart of the global climate system .
2026-05-16 12:57:10,481 - INFO - joeynmt.training - 	Reference:  On peut voir la calotte glacière arctique comme le coeur du système climatique global . On peut voir la calotte glacière arctique comme le coeur du système climatique global .
2026-05-16 12:57:10,481 - INFO - joeynmt.training - 	Hypothesis: La <unk> <unk> est , dans un sens , le coeur <unk> du système mondial .
2026-05-16 12:57:10,481 - INFO - joeynmt.training - Example #3
2026-05-16 12:57:10,481 - DEBUG - joeynmt.training - 	Tokenized source:     ['It', 'expands', 'in', 'winter', 'and', 'contracts', 'in', 'summer', '.']
2026-05-16 12:57:10,481 - DEBUG - joeynmt.training - 	Tokenized reference:  ['Elle', 's&apos;', 'étend', 'en', 'hiver', 'et', 'se', 'contracte', 'en', 'été', '.']
2026-05-16 12:57:10,481 - DEBUG - joeynmt.training - 	Tokenized hypothesis: ['Il', '<unk>', 'en', '<unk>', 'et', '<unk>', 'en', 'été', '.', '</s>']
2026-05-16 12:57:10,481 - INFO - joeynmt.training - 	Source:     It expands in winter and contracts in summer .
2026-05-16 12:57:10,481 - INFO - joeynmt.training - 	Reference:  Elle s&apos; étend en hiver et se contracte en été .
2026-05-16 12:57:10,481 - INFO - joeynmt.training - 	Hypothesis: Il <unk> en <unk> et <unk> en été .
2026-05-16 12:57:10,481 - INFO - joeynmt.training - Example #4
2026-05-16 12:57:10,481 - DEBUG - joeynmt.training - 	Tokenized source:     ['The', 'next', 'slide', 'I', 'show', 'you', 'will', 'be', 'a', 'rapid', 'fast-forward', 'of', 'what', '&apos;s', 'happened', 'over', 'the', 'last', '25', 'years', '.']
2026-05-16 12:57:10,481 - DEBUG - joeynmt.training - 	Tokenized reference:  ['La', 'prochaine', 'diapositive', 'que', 'je', 'vais', 'vous', 'montrer', 'est', 'une', 'vue', 'en', 'accéléré', 'de', 'ce', 'qui', 's&apos;', 'est', 'passé', 'ces', '25', 'dernières', 'années', '.']
2026-05-16 12:57:10,481 - DEBUG - joeynmt.training - 	Tokenized hypothesis: ['La', 'prochaine', '<unk>', 'que', 'vous', '<unk>', 'sera', 'une', '<unk>', 'de', 'ce', 'qui', 's&apos;', 'est', 'passé', 'depuis', 'les', '25', 'dernières', 'années', '.', '</s>']
2026-05-16 12:57:10,482 - INFO - joeynmt.training - 	Source:     The next slide I show you will be a rapid fast-forward of what &apos;s happened over the last 25 years .
2026-05-16 12:57:10,482 - INFO - joeynmt.training - 	Reference:  La prochaine diapositive que je vais vous montrer est une vue en accéléré de ce qui s&apos; est passé ces 25 dernières années .
2026-05-16 12:57:10,482 - INFO - joeynmt.training - 	Hypothesis: La prochaine <unk> que vous <unk> sera une <unk> de ce qui s&apos; est passé depuis les 25 dernières années .
2026-05-16 12:57:21,213 - INFO - joeynmt.training - Epoch  10, Step:    30600, Batch Loss:     1.022908, Batch Acc: 0.658542, Tokens per Sec:     6802, Lr: 0.000300
2026-05-16 12:57:32,107 - INFO - joeynmt.training - Epoch  10, Step:    30700, Batch Loss:     1.116636, Batch Acc: 0.659516, Tokens per Sec:     6603, Lr: 0.000300
2026-05-16 12:57:43,664 - INFO - joeynmt.training - Epoch  10, Step:    30800, Batch Loss:     1.009042, Batch Acc: 0.659092, Tokens per Sec:     6382, Lr: 0.000300
2026-05-16 12:57:54,376 - INFO - joeynmt.training - Epoch  10, Step:    30900, Batch Loss:     0.965252, Batch Acc: 0.659871, Tokens per Sec:     6851, Lr: 0.000300
2026-05-16 12:58:03,680 - INFO - joeynmt.training - Epoch  10: total training loss 3165.71
2026-05-16 12:58:03,680 - INFO - joeynmt.training - Training ended after  10 epochs.
2026-05-16 12:58:03,680 - INFO - joeynmt.training - Best validation result (greedy) at step    30500:   3.94 ppl.
2026-05-16 12:58:03,688 - INFO - joeynmt.model - Building an encoder-decoder model...
2026-05-16 12:58:03,709 - INFO - joeynmt.model - Enc-dec model built.
2026-05-16 12:58:03,744 - INFO - joeynmt.helpers - Load model from /Users/leonieadm/Desktop/mt-exercise-04/models/word_2k/30500.ckpt.
2026-05-16 12:58:03,746 - INFO - joeynmt.prediction - Model(
	encoder=TransformerEncoder(num_layers=4, num_heads=2, alpha=1.0, layer_norm="pre", activation=ReLU()),
	decoder=TransformerDecoder(num_layers=1, num_heads=2, alpha=1.0, layer_norm="post", activation=ReLU()),
	src_embed=Embeddings(embedding_dim=256, vocab_size=2004),
	trg_embed=Embeddings(embedding_dim=256, vocab_size=2004),
	loss_function=None)
2026-05-16 12:58:03,746 - INFO - joeynmt.prediction - Decoding on dev set...
2026-05-16 12:58:03,747 - WARNING - joeynmt.helpers - `alpha` option is obsolete. Please use `beam_alpha`, instead.
2026-05-16 12:58:03,747 - INFO - joeynmt.prediction - Predicting 890 example(s)... (Beam search with beam_size=5, beam_alpha=1.0, n_best=1, min_output_length=1, max_output_length=-1, return_prob='none', generate_unk=True, repetition_penalty=-1, no_repeat_ngram_size=-1)
2026-05-16 12:58:27,470 - INFO - joeynmt.prediction - Evaluation result (beam search) , generation: 23.7198[sec], evaluation: 0.0000[sec]
2026-05-16 12:58:27,470 - INFO - joeynmt.prediction - Translations saved to: /Users/leonieadm/Desktop/mt-exercise-04/models/word_2k/00030500.hyps.dev.
2026-05-16 12:58:27,470 - INFO - joeynmt.prediction - Decoding on test set...
2026-05-16 12:58:27,470 - WARNING - joeynmt.helpers - `alpha` option is obsolete. Please use `beam_alpha`, instead.
2026-05-16 12:58:27,470 - INFO - joeynmt.prediction - Predicting 8597 example(s)... (Beam search with beam_size=5, beam_alpha=1.0, n_best=1, min_output_length=1, max_output_length=-1, return_prob='none', generate_unk=True, repetition_penalty=-1, no_repeat_ngram_size=-1)
2026-05-16 13:01:15,328 - INFO - joeynmt.prediction - Evaluation result (beam search) , generation: 167.8311[sec], evaluation: 0.0000[sec]
2026-05-16 13:01:15,330 - INFO - joeynmt.prediction - Translations saved to: /Users/leonieadm/Desktop/mt-exercise-04/models/word_2k/00030500.hyps.test.
